id,patient_id,date,state_json,suggestion,probs_json,final_choice,override_reason,outcome_at_next_contact,model_version,config_version
1,3,2026-07-05,"{""text"": ""Flags: none. Latest BP 135/82 on 2026-07-05, +4 from baseline 131. Medicine taken: yes. Last SMS: \""Bonsoir. Tension 141/84, j'ai pris seulement la moitié du comprimé.\"". Days since last contact: 0."", ""flags"": [], ""latest_bp"": {""date"": ""2026-07-05"", ""sbp"": 135, ""dbp"": 82}, ""baseline_sbp"": 130.7, ""change_sbp"": 4.3, ""meds_taken"": ""yes"", ""symptoms"": [], ""last_sms"": ""Bonsoir. Tension 141/84, j'ai pris seulement la moitié du comprimé."", ""days_since_contact"": 0, ""missed_appointments"": 0, ""overdue_followups"": 0, ""understanding"": {""medication"": null, ""salt_and_diet"": null, ""danger_signs"": null, ""when_to_seek_care"": null, ""what_bp_means"": null}, ""trajectory"": null, ""n_readings"": 13}",routine,"{""routine"": 1.0}",routine,,,synthetic-history,2026-10-03d
2,54,2026-07-05,"{""text"": ""Flags: trend +12. Latest BP 151/96 on 2026-07-05, +21 from baseline 130. Medicine taken: partial. Last SMS: \""Bonjour, ma tension aujourd'hui est 144/89. J'ai pris mes médicaments.\"". Days since last contact: 0."", ""flags"": [{""type"": ""trend"", ""value"": ""+12"", ""emergency"": ""no""}], ""latest_bp"": {""date"": ""2026-07-05"", ""sbp"": 151, ""dbp"": 96}, ""baseline_sbp"": 129.7, ""change_sbp"": 21.3, ""meds_taken"": ""partial"", ""symptoms"": [], ""last_sms"": ""Bonjour, ma tension aujourd'hui est 144/89. J'ai pris mes médicaments."", ""days_since_contact"": 0, ""missed_appointments"": 0, ""overdue_followups"": 0, ""understanding"": {""medication"": null, ""salt_and_diet"": null, ""danger_signs"": null, ""when_to_seek_care"": null, ""what_bp_means"": null}, ""trajectory"": null, ""n_readings"": 11}",recheck_7_days,"{""recheck_7_days"": 1.0}",recheck_7_days,,,synthetic-history,2026-10-03d
3,39,2026-07-06,"{""text"": ""Flags: none. Latest BP 143/89 on 2026-07-06, +6 from baseline 137. Medicine taken: yes. Last SMS: \""Shikamoo. Nimepima leo 140/89, dawa nimekunywa asubuhi.\"". Days since last contact: 0."", ""flags"": [], ""latest_bp"": {""date"": ""2026-07-06"", ""sbp"": 143, ""dbp"": 89}, ""baseline_sbp"": 137.0, ""change_sbp"": 6.0, ""meds_taken"": ""yes"", ""symptoms"": [], ""last_sms"": ""Shikamoo. Nimepima leo 140/89, dawa nimekunywa asubuhi."", ""days_since_contact"": 0, ""missed_appointments"": 0, ""overdue_followups"": 0, ""understanding"": {""medication"": null, ""salt_and_diet"": null, ""danger_signs"": null, ""when_to_seek_care"": null, ""what_bp_means"": null}, ""trajectory"": null, ""n_readings"": 13}",routine,"{""routine"": 1.0}",routine,,,synthetic-history,2026-10-03d
4,47,2026-07-06,"{""text"": ""Flags: none. Latest BP 134/83 on 2026-07-06, +1 from baseline 133. Medicine taken: yes. Last SMS: \""Asante sana kwa ujumbe.\"". Days since last contact: 0."", ""flags"": [], ""latest_bp"": {""date"": ""2026-07-06"", ""sbp"": 134, ""dbp"": 83}, ""baseline_sbp"": 133.0, ""change_sbp"": 1.0, ""meds_taken"": ""yes"", ""symptoms"": [], ""last_sms"": ""Asante sana kwa ujumbe."", ""days_since_contact"": 0, ""missed_appointments"": 0, ""overdue_followups"": 0, ""understanding"": {""medication"": null, ""salt_and_diet"": null, ""danger_signs"": null, ""when_to_seek_care"": null, ""what_bp_means"": null}, ""trajectory"": null, ""n_readings"": 14}",routine,"{""routine"": 1.0}",routine,,,synthetic-history,2026-10-03d
5,10,2026-07-07,"{""text"": ""Flags: none. Latest BP 147/89 on 2026-07-07, +7 from baseline 140. Medicine taken: partial. Last SMS: \""Bonjour, ma tension aujourd'hui est 131/79. J'ai pris mes médicaments.\"". Days since last contact: 0."", ""flags"": [], ""latest_bp"": {""date"": ""2026-07-07"", ""sbp"": 147, ""dbp"": 89}, ""baseline_sbp"": 139.7, ""change_sbp"": 7.3, ""meds_taken"": ""partial"", ""symptoms"": [], ""last_sms"": ""Bonjour, ma tension aujourd'hui est 131/79. J'ai pris mes médicaments."", ""days_since_contact"": 0, ""missed_appointments"": 0, ""overdue_followups"": 0, ""understanding"": {""medication"": null, ""salt_and_diet"": null, ""danger_signs"": null, ""when_to_seek_care"": null, ""what_bp_means"": null}, ""trajectory"": null, ""n_readings"": 13}",routine,"{""routine"": 1.0}",routine,,,synthetic-history,2026-10-03d
6,16,2026-07-07,"{""text"": ""Flags: none. Latest BP 139/88 on 2026-07-07, +11 from baseline 128. Medicine taken: partial. Last SMS: \""God bless you.\"". Days since last contact: 0."", ""flags"": [], ""latest_bp"": {""date"": ""2026-07-07"", ""sbp"": 139, ""dbp"": 88}, ""baseline_sbp"": 128.3, ""change_sbp"": 10.7, ""meds_taken"": ""partial"", ""symptoms"": [], ""last_sms"": ""God bless you."", ""days_since_contact"": 0, ""missed_appointments"": 0, ""overdue_followups"": 0, ""understanding"": {""medication"": null, ""salt_and_diet"": null, ""danger_signs"": null, ""when_to_seek_care"": null, ""what_bp_means"": null}, ""trajectory"": null, ""n_readings"": 14}",routine,"{""routine"": 1.0}",routine,,,synthetic-history,2026-10-03d
7,18,2026-07-07,"{""text"": ""Flags: who_risk 21%. Latest BP 139/87 on 2026-07-07, +2 from baseline 137. Medicine taken: yes. Last SMS: \""Shikamoo. Nimepima leo 148/89, dawa nimekunywa asubuhi.\"". Days since last contact: 0."", ""flags"": [{""type"": ""who_risk"", ""value"": ""21%"", ""emergency"": ""no""}], ""latest_bp"": {""date"": ""2026-07-07"", ""sbp"": 139, ""dbp"": 87}, ""baseline_sbp"": 137.3, ""change_sbp"": 1.7, ""meds_taken"": ""yes"", ""symptoms"": [], ""last_sms"": ""Shikamoo. Nimepima leo 148/89, dawa nimekunywa asubuhi."", ""days_since_contact"": 0, ""missed_appointments"": 0, ""overdue_followups"": 0, ""understanding"": {""medication"": null, ""salt_and_diet"": null, ""danger_signs"": null, ""when_to_seek_care"": null, ""what_bp_means"": null}, ""trajectory"": null, ""n_readings"": 13}",visit_this_week,"{""visit_this_week"": 1.0}",visit_this_week,,,synthetic-history,2026-10-03d
8,20,2026-07-07,"{""text"": ""Flags: none. Latest BP 155/91 on 2026-07-07, +4 from baseline 151. Medicine taken: no. Last SMS: \""Bonjour agent, 147 sur 89, j'ai oublié mes comprimés aujourd'hui.\"". Days since last contact: 0."", ""flags"": [], ""latest_bp"": {""date"": ""2026-07-07"", ""sbp"": 155, ""dbp"": 91}, ""baseline_sbp"": 151.0, ""change_sbp"": 4.0, ""meds_taken"": ""no"", ""symptoms"": [], ""last_sms"": ""Bonjour agent, 147 sur 89, j'ai oublié mes comprimés aujourd'hui."", ""days_since_contact"": 0, ""missed_appointments"": 0, ""overdue_followups"": 0, ""understanding"": {""medication"": null, ""salt_and_diet"": null, ""danger_signs"": null, ""when_to_seek_care"": null, ""what_bp_means"": null}, ""trajectory"": null, ""n_readings"": 15}",routine,"{""routine"": 1.0}",routine,,,synthetic-history,2026-10-03d
9,37,2026-07-07,"{""text"": ""Flags: none. Latest BP 130/78 on 2026-07-07, -0 from baseline 130. Medicine taken: yes. Last SMS: \""Habari daktari, presha yangu ni 128 kwa 77. Nimekunywa dawa zangu.\"". Days since last contact: 0."", ""flags"": [], ""latest_bp"": {""date"": ""2026-07-07"", ""sbp"": 130, ""dbp"": 78}, ""baseline_sbp"": 130.3, ""change_sbp"": -0.3, ""meds_taken"": ""yes"", ""symptoms"": [], ""last_sms"": ""Habari daktari, presha yangu ni 128 kwa 77. Nimekunywa dawa zangu."", ""days_since_contact"": 0, ""missed_appointments"": 0, ""overdue_followups"": 0, ""understanding"": {""medication"": null, ""salt_and_diet"": null, ""danger_signs"": null, ""when_to_seek_care"": null, ""what_bp_means"": null}, ""trajectory"": null, ""n_readings"": 12}",routine,"{""routine"": 1.0}",routine,,,synthetic-history,2026-10-03d
10,31,2026-07-08,"{""text"": ""Flags: none. Latest BP 138/83 on 2026-07-08, -7 from baseline 145. Medicine taken: yes. Last SMS: \""139/85 leo. Asante\"". Days since last contact: 0."", ""flags"": [], ""latest_bp"": {""date"": ""2026-07-08"", ""sbp"": 138, ""dbp"": 83}, ""baseline_sbp"": 144.7, ""change_sbp"": -6.7, ""meds_taken"": ""yes"", ""symptoms"": [], ""last_sms"": ""139/85 leo. Asante"", ""days_since_contact"": 0, ""missed_appointments"": 0, ""overdue_followups"": 0, ""understanding"": {""medication"": null, ""salt_and_diet"": null, ""danger_signs"": null, ""when_to_seek_care"": null, ""what_bp_means"": null}, ""trajectory"": null, ""n_readings"": 14}",routine,"{""routine"": 1.0}",routine,,,synthetic-history,2026-10-03d
11,44,2026-07-08,"{""text"": ""Flags: trend +14. Latest BP 152/98 on 2026-07-08, +16 from baseline 136. Medicine taken: yes. Last SMS: \""Shikamoo. Nimepima leo 152/101, dawa nimekunywa asubuhi.\"". Days since last contact: 0."", ""flags"": [{""type"": ""trend"", ""value"": ""+14"", ""emergency"": ""no""}], ""latest_bp"": {""date"": ""2026-07-08"", ""sbp"": 152, ""dbp"": 98}, ""baseline_sbp"": 136.0, ""change_sbp"": 16.0, ""meds_taken"": ""yes"", ""symptoms"": [], ""last_sms"": ""Shikamoo. Nimepima leo 152/101, dawa nimekunywa asubuhi."", ""days_since_contact"": 0, ""missed_appointments"": 0, ""overdue_followups"": 0, ""understanding"": {""medication"": null, ""salt_and_diet"": null, ""danger_signs"": null, ""when_to_seek_care"": null, ""what_bp_means"": null}, ""trajectory"": null, ""n_readings"": 12}",recheck_7_days,"{""recheck_7_days"": 1.0}",recheck_7_days,,,synthetic-history,2026-10-03d
12,26,2026-07-09,"{""text"": ""Flags: none. Latest BP 136/87 on 2026-07-09, -5 from baseline 141. Medicine taken: partial. Last SMS: \""138/96 leo. Asante\"". Days since last contact: 0."", ""flags"": [], ""latest_bp"": {""date"": ""2026-07-09"", ""sbp"": 136, ""dbp"": 87}, ""baseline_sbp"": 140.7, ""change_sbp"": -4.7, ""meds_taken"": ""partial"", ""symptoms"": [], ""last_sms"": ""138/96 leo. Asante"", ""days_since_contact"": 0, ""missed_appointments"": 0, ""overdue_followups"": 0, ""understanding"": {""medication"": null, ""salt_and_diet"": null, ""danger_signs"": null, ""when_to_seek_care"": null, ""what_bp_means"": null}, ""trajectory"": null, ""n_readings"": 12}",routine,"{""routine"": 1.0}",routine,,,synthetic-history,2026-10-03d
13,7,2026-07-11,"{""text"": ""Flags: none. Latest BP 137/86 on 2026-07-11, -1 from baseline 138. Medicine taken: yes. Last SMS: \""Habari za asubuhi, niko safarini wiki hii.\"". Days since last contact: 0."", ""flags"": [], ""latest_bp"": {""date"": ""2026-07-11"", ""sbp"": 137, ""dbp"": 86}, ""baseline_sbp"": 137.7, ""change_sbp"": -0.7, ""meds_taken"": ""yes"", ""symptoms"": [], ""last_sms"": ""Habari za asubuhi, niko safarini wiki hii."", ""days_since_contact"": 0, ""missed_appointments"": 0, ""overdue_followups"": 0, ""understanding"": {""medication"": null, ""salt_and_diet"": null, ""danger_signs"": null, ""when_to_seek_care"": null, ""what_bp_means"": null}, ""trajectory"": null, ""n_readings"": 13}",routine,"{""routine"": 1.0}",routine,,,synthetic-history,2026-10-03d
14,32,2026-07-11,"{""text"": ""Flags: none. Latest BP 140/92 on 2026-07-11, +1 from baseline 139. Medicine taken: yes. Last SMS: \""144/89 leo. Asante\"". Days since last contact: 0."", ""flags"": [], ""latest_bp"": {""date"": ""2026-07-11"", ""sbp"": 140, ""dbp"": 92}, ""baseline_sbp"": 139.0, ""change_sbp"": 1.0, ""meds_taken"": ""yes"", ""symptoms"": [], ""last_sms"": ""144/89 leo. Asante"", ""days_since_contact"": 0, ""missed_appointments"": 0, ""overdue_followups"": 0, ""understanding"": {""medication"": null, ""salt_and_diet"": null, ""danger_signs"": null, ""when_to_seek_care"": null, ""what_bp_means"": null}, ""trajectory"": null, ""n_readings"": 14}",routine,"{""routine"": 1.0}",routine,,,synthetic-history,2026-10-03d
15,52,2026-07-11,"{""text"": ""Flags: none. Latest BP 126/80 on 2026-07-11, +3 from baseline 123. Medicine taken: yes. Last SMS: \""Shikamoo. Nimepima leo 124/76, dawa nimekunywa asubuhi.\"". Days since last contact: 0."", ""flags"": [], ""latest_bp"": {""date"": ""2026-07-11"", ""sbp"": 126, ""dbp"": 80}, ""baseline_sbp"": 122.7, ""change_sbp"": 3.3, ""meds_taken"": ""yes"", ""symptoms"": [], ""last_sms"": ""Shikamoo. Nimepima leo 124/76, dawa nimekunywa asubuhi."", ""days_since_contact"": 0, ""missed_appointments"": 0, ""overdue_followups"": 0, ""understanding"": {""medication"": null, ""salt_and_diet"": null, ""danger_signs"": null, ""when_to_seek_care"": null, ""what_bp_means"": null}, ""trajectory"": null, ""n_readings"": 13}",routine,"{""routine"": 1.0}",routine,,,synthetic-history,2026-10-03d
16,56,2026-07-11,"{""text"": ""Flags: none. Latest BP 137/77 on 2026-07-11, +2 from baseline 135. Medicine taken: partial. Days since last contact: 0."", ""flags"": [], ""latest_bp"": {""date"": ""2026-07-11"", ""sbp"": 137, ""dbp"": 77}, ""baseline_sbp"": 135.3, ""change_sbp"": 1.7, ""meds_taken"": ""partial"", ""symptoms"": [], ""last_sms"": null, ""days_since_contact"": 0, ""missed_appointments"": 0, ""overdue_followups"": 0, ""understanding"": {""medication"": null, ""salt_and_diet"": null, ""danger_signs"": null, ""when_to_seek_care"": null, ""what_bp_means"": null}, ""trajectory"": null, ""n_readings"": 5}",routine,"{""routine"": 1.0}",routine,,,synthetic-history,2026-10-03d
17,2,2026-07-12,"{""text"": ""Flags: none. Latest BP 138/77 on 2026-07-12, +3 from baseline 135. Medicine taken: yes. Last SMS: \""124/75 leo. Asante\"". Days since last contact: 0."", ""flags"": [], ""latest_bp"": {""date"": ""2026-07-12"", ""sbp"": 138, ""dbp"": 77}, ""baseline_sbp"": 135.3, ""change_sbp"": 2.7, ""meds_taken"": ""yes"", ""symptoms"": [], ""last_sms"": ""124/75 leo. Asante"", ""days_since_contact"": 0, ""missed_appointments"": 0, ""overdue_followups"": 0, ""understanding"": {""medication"": null, ""salt_and_diet"": null, ""danger_signs"": null, ""when_to_seek_care"": null, ""what_bp_means"": null}, ""trajectory"": null, ""n_readings"": 15}",routine,"{""routine"": 1.0}",routine,,,synthetic-history,2026-10-03d
18,13,2026-07-12,"{""text"": ""Flags: none. Latest BP 129/77 on 2026-07-12, -11 from baseline 140. Medicine taken: yes. Last SMS: \""tension 137/84\"". Days since last contact: 0."", ""flags"": [], ""latest_bp"": {""date"": ""2026-07-12"", ""sbp"": 129, ""dbp"": 77}, ""baseline_sbp"": 140.3, ""change_sbp"": -11.3, ""meds_taken"": ""yes"", ""symptoms"": [], ""last_sms"": ""tension 137/84"", ""days_since_contact"": 0, ""missed_appointments"": 0, ""overdue_followups"": 0, ""understanding"": {""medication"": null, ""salt_and_diet"": null, ""danger_signs"": null, ""when_to_seek_care"": null, ""what_bp_means"": null}, ""trajectory"": null, ""n_readings"": 16}",routine,"{""routine"": 1.0}",routine,,,synthetic-history,2026-10-03d
19,30,2026-07-12,"{""text"": ""Flags: none. Latest BP 147/95 on 2026-07-12, +3 from baseline 144. Medicine taken: yes. Last SMS: \""bp 140/94\"". Days since last contact: 0."", ""flags"": [], ""latest_bp"": {""date"": ""2026-07-12"", ""sbp"": 147, ""dbp"": 95}, ""baseline_sbp"": 144.3, ""change_sbp"": 2.7, ""meds_taken"": ""yes"", ""symptoms"": [], ""last_sms"": ""bp 140/94"", ""days_since_contact"": 0, ""missed_appointments"": 0, ""overdue_followups"": 0, ""understanding"": {""medication"": null, ""salt_and_diet"": null, ""danger_signs"": null, ""when_to_seek_care"": null, ""what_bp_means"": null}, ""trajectory"": null, ""n_readings"": 13}",routine,"{""routine"": 1.0}",routine,,,synthetic-history,2026-10-03d
20,12,2026-07-13,"{""text"": ""Flags: none. Latest BP 139/90 on 2026-07-13, +2 from baseline 137. Medicine taken: yes. Days since last contact: 0."", ""flags"": [], ""latest_bp"": {""date"": ""2026-07-13"", ""sbp"": 139, ""dbp"": 90}, ""baseline_sbp"": 137.3, ""change_sbp"": 1.7, ""meds_taken"": ""yes"", ""symptoms"": [], ""last_sms"": null, ""days_since_contact"": 0, ""missed_appointments"": 0, ""overdue_followups"": 0, ""understanding"": {""medication"": null, ""salt_and_diet"": null, ""danger_signs"": null, ""when_to_seek_care"": null, ""what_bp_means"": null}, ""trajectory"": null, ""n_readings"": 4}",routine,"{""routine"": 1.0}",routine,,,synthetic-history,2026-10-03d
21,14,2026-07-13,"{""text"": ""Flags: threshold 156/100; trend +19. Latest BP 156/100 on 2026-07-13, +25 from baseline 131. Medicine taken: yes. Last SMS: \""Hi, my BP today is 156/100. I took my medicine.\"". Days since last contact: 0."", ""flags"": [{""type"": ""threshold"", ""value"": ""156/100"", ""emergency"": ""no""}, {""type"": ""trend"", ""value"": ""+19"", ""emergency"": ""no""}], ""latest_bp"": {""date"": ""2026-07-13"", ""sbp"": 156, ""dbp"": 100}, ""baseline_sbp"": 131.0, ""change_sbp"": 25.0, ""meds_taken"": ""yes"", ""symptoms"": [], ""last_sms"": ""Hi, my BP today is 156/100. I took my medicine."", ""days_since_contact"": 0, ""missed_appointments"": 0, ""overdue_followups"": 0, ""understanding"": {""medication"": null, ""salt_and_diet"": null, ""danger_signs"": null, ""when_to_seek_care"": null, ""what_bp_means"": null}, ""trajectory"": null, ""n_readings"": 15}",visit_this_week,"{""visit_this_week"": 1.0}",visit_this_week,,,synthetic-history,2026-10-03d
22,29,2026-07-13,"{""text"": ""Flags: none. Latest BP 139/91 on 2026-07-13, +1 from baseline 138. Medicine taken: no. Last SMS: \""presha leo 143/91\"". Days since last contact: 0."", ""flags"": [], ""latest_bp"": {""date"": ""2026-07-13"", ""sbp"": 139, ""dbp"": 91}, ""baseline_sbp"": 137.7, ""change_sbp"": 1.3, ""meds_taken"": ""no"", ""symptoms"": [], ""last_sms"": ""presha leo 143/91"", ""days_since_contact"": 0, ""missed_appointments"": 0, ""overdue_followups"": 0, ""understanding"": {""medication"": null, ""salt_and_diet"": null, ""danger_signs"": null, ""when_to_seek_care"": null, ""what_bp_means"": null}, ""trajectory"": null, ""n_readings"": 13}",routine,"{""routine"": 1.0}",routine,,,synthetic-history,2026-10-03d
23,23,2026-07-14,"{""text"": ""Flags: none. Latest BP 152/92 on 2026-07-14, +8 from baseline 144. Medicine taken: yes. Last SMS: \""Dawa zangu zimeisha, nitapata wapi zingine?\"". Days since last contact: 0."", ""flags"": [], ""latest_bp"": {""date"": ""2026-07-14"", ""sbp"": 152, ""dbp"": 92}, ""baseline_sbp"": 144.3, ""change_sbp"": 7.7, ""meds_taken"": ""yes"", ""symptoms"": [], ""last_sms"": ""Dawa zangu zimeisha, nitapata wapi zingine?"", ""days_since_contact"": 0, ""missed_appointments"": 0, ""overdue_followups"": 0, ""understanding"": {""medication"": null, ""salt_and_diet"": null, ""danger_signs"": null, ""when_to_seek_care"": null, ""what_bp_means"": null}, ""trajectory"": null, ""n_readings"": 13}",routine,"{""routine"": 1.0}",routine,,,synthetic-history,2026-10-03d
24,27,2026-07-14,"{""text"": ""Flags: none. Latest BP 140/85 on 2026-07-14, +10 from baseline 130. Medicine taken: yes. Last SMS: \""Shikamoo. Nimepima leo 128/85, dawa nimekunywa asubuhi.\"". Days since last contact: 0."", ""flags"": [], ""latest_bp"": {""date"": ""2026-07-14"", ""sbp"": 140, ""dbp"": 85}, ""baseline_sbp"": 130.0, ""change_sbp"": 10.0, ""meds_taken"": ""yes"", ""symptoms"": [], ""last_sms"": ""Shikamoo. Nimepima leo 128/85, dawa nimekunywa asubuhi."", ""days_since_contact"": 0, ""missed_appointments"": 0, ""overdue_followups"": 0, ""understanding"": {""medication"": null, ""salt_and_diet"": null, ""danger_signs"": null, ""when_to_seek_care"": null, ""what_bp_means"": null}, ""trajectory"": null, ""n_readings"": 15}",routine,"{""routine"": 1.0}",routine,,,synthetic-history,2026-10-03d
25,43,2026-07-14,"{""text"": ""Flags: none. Latest BP 136/91 on 2026-07-14, +4 from baseline 132. Medicine taken: yes. Last SMS: \""Habari daktari, presha yangu ni 136 kwa 91. Nimekunywa dawa zangu.\"". Days since last contact: 0."", ""flags"": [], ""latest_bp"": {""date"": ""2026-07-14"", ""sbp"": 136, ""dbp"": 91}, ""baseline_sbp"": 132.3, ""change_sbp"": 3.7, ""meds_taken"": ""yes"", ""symptoms"": [], ""last_sms"": ""Habari daktari, presha yangu ni 136 kwa 91. Nimekunywa dawa zangu."", ""days_since_contact"": 0, ""missed_appointments"": 0, ""overdue_followups"": 0, ""understanding"": {""medication"": null, ""salt_and_diet"": null, ""danger_signs"": null, ""when_to_seek_care"": null, ""what_bp_means"": null}, ""trajectory"": null, ""n_readings"": 17}",routine,"{""routine"": 1.0}",routine,,,synthetic-history,2026-10-03d
26,9,2026-07-15,"{""text"": ""Flags: none. Latest BP 135/84 on 2026-07-15, -6 from baseline 141. Medicine taken: yes. Last SMS: \""My pressure is 148 over 88 this morning\"". Days since last contact: 0."", ""flags"": [], ""latest_bp"": {""date"": ""2026-07-15"", ""sbp"": 135, ""dbp"": 84}, ""baseline_sbp"": 141.3, ""change_sbp"": -6.3, ""meds_taken"": ""yes"", ""symptoms"": [], ""last_sms"": ""My pressure is 148 over 88 this morning"", ""days_since_contact"": 0, ""missed_appointments"": 0, ""overdue_followups"": 0, ""understanding"": {""medication"": null, ""salt_and_diet"": null, ""danger_signs"": null, ""when_to_seek_care"": null, ""what_bp_means"": null}, ""trajectory"": null, ""n_readings"": 15}",routine,"{""routine"": 1.0}",routine,,,synthetic-history,2026-10-03d
27,50,2026-07-15,"{""text"": ""Flags: none. Latest BP 138/81 on 2026-07-15, +7 from baseline 131. Medicine taken: yes. Last SMS: \""presha leo 142/82\"". Days since last contact: 0."", ""flags"": [], ""latest_bp"": {""date"": ""2026-07-15"", ""sbp"": 138, ""dbp"": 81}, ""baseline_sbp"": 131.3, ""change_sbp"": 6.7, ""meds_taken"": ""yes"", ""symptoms"": [], ""last_sms"": ""presha leo 142/82"", ""days_since_contact"": 0, ""missed_appointments"": 0, ""overdue_followups"": 0, ""understanding"": {""medication"": null, ""salt_and_diet"": null, ""danger_signs"": null, ""when_to_seek_care"": null, ""what_bp_means"": null}, ""trajectory"": null, ""n_readings"": 14}",routine,"{""routine"": 1.0}",routine,,,synthetic-history,2026-10-03d
28,58,2026-07-15,"{""text"": ""Flags: none. Latest BP 135/84 on 2026-07-15, +0 from baseline 135. Medicine taken: yes. Days since last contact: 0."", ""flags"": [], ""latest_bp"": {""date"": ""2026-07-15"", ""sbp"": 135, ""dbp"": 84}, ""baseline_sbp"": 134.7, ""change_sbp"": 0.3, ""meds_taken"": ""yes"", ""symptoms"": [], ""last_sms"": null, ""days_since_contact"": 0, ""missed_appointments"": 0, ""overdue_followups"": 0, ""understanding"": {""medication"": null, ""salt_and_diet"": null, ""danger_signs"": null, ""when_to_seek_care"": null, ""what_bp_means"": null}, ""trajectory"": null, ""n_readings"": 5}",routine,"{""routine"": 1.0}",routine,,,synthetic-history,2026-10-03d
29,6,2026-07-16,"{""text"": ""Flags: none. Latest BP 153/91 on 2026-07-16, +9 from baseline 144. Medicine taken: partial. Last SMS: \""152/92 leo. Asante\"". Days since last contact: 0."", ""flags"": [], ""latest_bp"": {""date"": ""2026-07-16"", ""sbp"": 153, ""dbp"": 91}, ""baseline_sbp"": 143.7, ""change_sbp"": 9.3, ""meds_taken"": ""partial"", ""symptoms"": [], ""last_sms"": ""152/92 leo. Asante"", ""days_since_contact"": 0, ""missed_appointments"": 0, ""overdue_followups"": 0, ""understanding"": {""medication"": null, ""salt_and_diet"": null, ""danger_signs"": null, ""when_to_seek_care"": null, ""what_bp_means"": null}, ""trajectory"": null, ""n_readings"": 14}",routine,"{""routine"": 1.0}",routine,,,synthetic-history,2026-10-03d
30,34,2026-07-16,"{""text"": ""Flags: none. Latest BP 143/94 on 2026-07-16, +8 from baseline 135. Medicine taken: yes. Days since last contact: 0."", ""flags"": [], ""latest_bp"": {""date"": ""2026-07-16"", ""sbp"": 143, ""dbp"": 94}, ""baseline_sbp"": 135.3, ""change_sbp"": 7.7, ""meds_taken"": ""yes"", ""symptoms"": [], ""last_sms"": null, ""days_since_contact"": 0, ""missed_appointments"": 0, ""overdue_followups"": 0, ""understanding"": {""medication"": null, ""salt_and_diet"": null, ""danger_signs"": null, ""when_to_seek_care"": null, ""what_bp_means"": null}, ""trajectory"": null, ""n_readings"": 5}",routine,"{""routine"": 1.0}",routine,,,synthetic-history,2026-10-03d
31,35,2026-07-16,"{""text"": ""Flags: none. Latest BP 144/88 on 2026-07-16, +3 from baseline 141. Medicine taken: yes. Last SMS: \""Ma tension est 136 sur 87, je prends bien mes médicaments chaque jour.\"". Days since last contact: 0."", ""flags"": [], ""latest_bp"": {""date"": ""2026-07-16"", ""sbp"": 144, ""dbp"": 88}, ""baseline_sbp"": 141.3, ""change_sbp"": 2.7, ""meds_taken"": ""yes"", ""symptoms"": [], ""last_sms"": ""Ma tension est 136 sur 87, je prends bien mes médicaments chaque jour."", ""days_since_contact"": 0, ""missed_appointments"": 0, ""overdue_followups"": 0, ""understanding"": {""medication"": null, ""salt_and_diet"": null, ""danger_signs"": null, ""when_to_seek_care"": null, ""what_bp_means"": null}, ""trajectory"": null, ""n_readings"": 14}",routine,"{""routine"": 1.0}",routine,,,synthetic-history,2026-10-03d
32,46,2026-07-16,"{""text"": ""Flags: none. Latest BP 139/88 on 2026-07-16, +7 from baseline 132. Medicine taken: yes. Last SMS: \""132/87 leo. Asante\"". Days since last contact: 0."", ""flags"": [], ""latest_bp"": {""date"": ""2026-07-16"", ""sbp"": 139, ""dbp"": 88}, ""baseline_sbp"": 132.0, ""change_sbp"": 7.0, ""meds_taken"": ""yes"", ""symptoms"": [], ""last_sms"": ""132/87 leo. Asante"", ""days_since_contact"": 0, ""missed_appointments"": 0, ""overdue_followups"": 0, ""understanding"": {""medication"": null, ""salt_and_diet"": null, ""danger_signs"": null, ""when_to_seek_care"": null, ""what_bp_means"": null}, ""trajectory"": null, ""n_readings"": 17}",routine,"{""routine"": 1.0}",routine,,,synthetic-history,2026-10-03d
33,33,2026-07-17,"{""text"": ""Flags: none. Latest BP 146/88 on 2026-07-17, +3 from baseline 143. Medicine taken: yes. Last SMS: \""Shikamoo. Nimepima leo 145/89, dawa nimekunywa asubuhi.\"". Days since last contact: 0."", ""flags"": [], ""latest_bp"": {""date"": ""2026-07-17"", ""sbp"": 146, ""dbp"": 88}, ""baseline_sbp"": 143.0, ""change_sbp"": 3.0, ""meds_taken"": ""yes"", ""symptoms"": [], ""last_sms"": ""Shikamoo. Nimepima leo 145/89, dawa nimekunywa asubuhi."", ""days_since_contact"": 0, ""missed_appointments"": 0, ""overdue_followups"": 0, ""understanding"": {""medication"": null, ""salt_and_diet"": null, ""danger_signs"": null, ""when_to_seek_care"": null, ""what_bp_means"": null}, ""trajectory"": null, ""n_readings"": 14}",routine,"{""routine"": 1.0}",routine,,,synthetic-history,2026-10-03d
34,40,2026-07-18,"{""text"": ""Flags: none. Latest BP 141/88 on 2026-07-18, +5 from baseline 136. Medicine taken: yes. Last SMS: \""146/80 leo. Asante\"". Days since last contact: 0."", ""flags"": [], ""latest_bp"": {""date"": ""2026-07-18"", ""sbp"": 141, ""dbp"": 88}, ""baseline_sbp"": 135.7, ""change_sbp"": 5.3, ""meds_taken"": ""yes"", ""symptoms"": [], ""last_sms"": ""146/80 leo. Asante"", ""days_since_contact"": 0, ""missed_appointments"": 0, ""overdue_followups"": 0, ""understanding"": {""medication"": null, ""salt_and_diet"": null, ""danger_signs"": null, ""when_to_seek_care"": null, ""what_bp_means"": null}, ""trajectory"": null, ""n_readings"": 14}",routine,"{""routine"": 1.0}",routine,,,synthetic-history,2026-10-03d
35,42,2026-07-18,"{""text"": ""Flags: none. Latest BP 155/95 on 2026-07-18, +9 from baseline 146. Medicine taken: yes. Days since last contact: 0."", ""flags"": [], ""latest_bp"": {""date"": ""2026-07-18"", ""sbp"": 155, ""dbp"": 95}, ""baseline_sbp"": 145.7, ""change_sbp"": 9.3, ""meds_taken"": ""yes"", ""symptoms"": [], ""last_sms"": null, ""days_since_contact"": 0, ""missed_appointments"": 0, ""overdue_followups"": 0, ""understanding"": {""medication"": null, ""salt_and_diet"": null, ""danger_signs"": null, ""when_to_seek_care"": null, ""what_bp_means"": null}, ""trajectory"": null, ""n_readings"": 4}",routine,"{""routine"": 1.0}",routine,,,synthetic-history,2026-10-03d
36,48,2026-07-18,"{""text"": ""Flags: none. Latest BP 148/92 on 2026-07-18, +12 from baseline 136. Medicine taken: yes. Days since last contact: 0."", ""flags"": [], ""latest_bp"": {""date"": ""2026-07-18"", ""sbp"": 148, ""dbp"": 92}, ""baseline_sbp"": 135.7, ""change_sbp"": 12.3, ""meds_taken"": ""yes"", ""symptoms"": [], ""last_sms"": null, ""days_since_contact"": 0, ""missed_appointments"": 0, ""overdue_followups"": 0, ""understanding"": {""medication"": null, ""salt_and_diet"": null, ""danger_signs"": null, ""when_to_seek_care"": null, ""what_bp_means"": null}, ""trajectory"": null, ""n_readings"": 5}",routine,"{""routine"": 1.0}",routine,,,synthetic-history,2026-10-03d
37,49,2026-07-18,"{""text"": ""Flags: none. Latest BP 137/91 on 2026-07-18, +10 from baseline 127. Medicine taken: yes. Last SMS: \""Shikamoo. Nimepima leo 133/87, dawa nimekunywa asubuhi.\"". Days since last contact: 0."", ""flags"": [], ""latest_bp"": {""date"": ""2026-07-18"", ""sbp"": 137, ""dbp"": 91}, ""baseline_sbp"": 127.0, ""change_sbp"": 10.0, ""meds_taken"": ""yes"", ""symptoms"": [], ""last_sms"": ""Shikamoo. Nimepima leo 133/87, dawa nimekunywa asubuhi."", ""days_since_contact"": 0, ""missed_appointments"": 0, ""overdue_followups"": 0, ""understanding"": {""medication"": null, ""salt_and_diet"": null, ""danger_signs"": null, ""when_to_seek_care"": null, ""what_bp_means"": null}, ""trajectory"": null, ""n_readings"": 14}",routine,"{""routine"": 1.0}",routine,,,synthetic-history,2026-10-03d
38,28,2026-07-19,"{""text"": ""Flags: none. Latest BP 135/77 on 2026-07-19, +0 from baseline 135. Medicine taken: no. Days since last contact: 0."", ""flags"": [], ""latest_bp"": {""date"": ""2026-07-19"", ""sbp"": 135, ""dbp"": 77}, ""baseline_sbp"": 134.7, ""change_sbp"": 0.3, ""meds_taken"": ""no"", ""symptoms"": [], ""last_sms"": null, ""days_since_contact"": 0, ""missed_appointments"": 0, ""overdue_followups"": 0, ""understanding"": {""medication"": null, ""salt_and_diet"": null, ""danger_signs"": null, ""when_to_seek_care"": null, ""what_bp_means"": null}, ""trajectory"": null, ""n_readings"": 5}",routine,"{""routine"": 1.0}",routine,,,synthetic-history,2026-10-03d
39,11,2026-07-20,"{""text"": ""Flags: threshold 152/103. Latest BP 152/103 on 2026-07-20, +9 from baseline 143. Medicine taken: partial. Last SMS: \""Nimepima dispensari 153/101. Nimekunywa dawa moja tu kati ya mbili.\"". Days since last contact: 0."", ""flags"": [{""type"": ""threshold"", ""value"": ""152/103"", ""emergency"": ""no""}], ""latest_bp"": {""date"": ""2026-07-20"", ""sbp"": 152, ""dbp"": 103}, ""baseline_sbp"": 143.3, ""change_sbp"": 8.7, ""meds_taken"": ""partial"", ""symptoms"": [], ""last_sms"": ""Nimepima dispensari 153/101. Nimekunywa dawa moja tu kati ya mbili."", ""days_since_contact"": 0, ""missed_appointments"": 0, ""overdue_followups"": 0, ""understanding"": {""medication"": null, ""salt_and_diet"": null, ""danger_signs"": null, ""when_to_seek_care"": null, ""what_bp_means"": null}, ""trajectory"": null, ""n_readings"": 15}",visit_this_week,"{""visit_this_week"": 1.0}",visit_this_week,,,synthetic-history,2026-10-03d
40,19,2026-07-20,"{""text"": ""Flags: none. Latest BP 148/94 on 2026-07-20, +10 from baseline 138. Last SMS: \""148/94 leo. Asante\"". Days since last contact: 0."", ""flags"": [], ""latest_bp"": {""date"": ""2026-07-20"", ""sbp"": 148, ""dbp"": 94}, ""baseline_sbp"": 138.0, ""change_sbp"": 10.0, ""meds_taken"": null, ""symptoms"": [], ""last_sms"": ""148/94 leo. Asante"", ""days_since_contact"": 0, ""missed_appointments"": 0, ""overdue_followups"": 0, ""understanding"": {""medication"": null, ""salt_and_diet"": null, ""danger_signs"": null, ""when_to_seek_care"": null, ""what_bp_means"": null}, ""trajectory"": null, ""n_readings"": 14}",routine,"{""routine"": 1.0}",routine,,,synthetic-history,2026-10-03d
41,45,2026-07-20,"{""text"": ""Flags: none. Latest BP 133/88 on 2026-07-20, +5 from baseline 128. Medicine taken: yes. Last SMS: \""Bonsoir. Tension 129/78, j'ai pris seulement la moitié du comprimé.\"". Days since last contact: 0."", ""flags"": [], ""latest_bp"": {""date"": ""2026-07-20"", ""sbp"": 133, ""dbp"": 88}, ""baseline_sbp"": 127.7, ""change_sbp"": 5.3, ""meds_taken"": ""yes"", ""symptoms"": [], ""last_sms"": ""Bonsoir. Tension 129/78, j'ai pris seulement la moitié du comprimé."", ""days_since_contact"": 0, ""missed_appointments"": 0, ""overdue_followups"": 0, ""understanding"": {""medication"": null, ""salt_and_diet"": null, ""danger_signs"": null, ""when_to_seek_care"": null, ""what_bp_means"": null}, ""trajectory"": null, ""n_readings"": 15}",routine,"{""routine"": 1.0}",routine,,,synthetic-history,2026-10-03d
42,53,2026-07-20,"{""text"": ""Flags: none. Latest BP 131/84 on 2026-07-20, -3 from baseline 134. Medicine taken: yes. Last SMS: \""Bonjour, ma tension aujourd'hui est 135/85. J'ai pris mes médicaments.\"". Days since last contact: 0."", ""flags"": [], ""latest_bp"": {""date"": ""2026-07-20"", ""sbp"": 131, ""dbp"": 84}, ""baseline_sbp"": 133.7, ""change_sbp"": -2.7, ""meds_taken"": ""yes"", ""symptoms"": [], ""last_sms"": ""Bonjour, ma tension aujourd'hui est 135/85. J'ai pris mes médicaments."", ""days_since_contact"": 0, ""missed_appointments"": 0, ""overdue_followups"": 0, ""understanding"": {""medication"": null, ""salt_and_diet"": null, ""danger_signs"": null, ""when_to_seek_care"": null, ""what_bp_means"": null}, ""trajectory"": null, ""n_readings"": 16}",routine,"{""routine"": 1.0}",routine,,,synthetic-history,2026-10-03d
43,54,2026-07-20,"{""text"": ""Flags: trend +15. Latest BP 143/92 on 2026-07-20, +13 from baseline 130. Medicine taken: yes. Last SMS: \""Ma tension est 143 sur 93, je prends bien mes médicaments chaque jour.\"". Days since last contact: 0."", ""flags"": [{""type"": ""trend"", ""value"": ""+15"", ""emergency"": ""no""}], ""latest_bp"": {""date"": ""2026-07-20"", ""sbp"": 143, ""dbp"": 92}, ""baseline_sbp"": 129.7, ""change_sbp"": 13.3, ""meds_taken"": ""yes"", ""symptoms"": [], ""last_sms"": ""Ma tension est 143 sur 93, je prends bien mes médicaments chaque jour."", ""days_since_contact"": 0, ""missed_appointments"": 0, ""overdue_followups"": 0, ""understanding"": {""medication"": null, ""salt_and_diet"": null, ""danger_signs"": null, ""when_to_seek_care"": null, ""what_bp_means"": null}, ""trajectory"": null, ""n_readings"": 14}",recheck_7_days,"{""recheck_7_days"": 1.0}",recheck_7_days,,,synthetic-history,2026-10-03d
44,57,2026-07-20,"{""text"": ""Flags: none. Latest BP 124/74 on 2026-07-20, -8 from baseline 132. Medicine taken: yes. Last SMS: \""Habari daktari, presha yangu ni 131 kwa 83. Nimekunywa dawa zangu.\"". Days since last contact: 0."", ""flags"": [], ""latest_bp"": {""date"": ""2026-07-20"", ""sbp"": 124, ""dbp"": 74}, ""baseline_sbp"": 131.7, ""change_sbp"": -7.7, ""meds_taken"": ""yes"", ""symptoms"": [], ""last_sms"": ""Habari daktari, presha yangu ni 131 kwa 83. Nimekunywa dawa zangu."", ""days_since_contact"": 0, ""missed_appointments"": 0, ""overdue_followups"": 0, ""understanding"": {""medication"": null, ""salt_and_diet"": 1.0, ""danger_signs"": null, ""when_to_seek_care"": null, ""what_bp_means"": null}, ""trajectory"": null, ""n_readings"": 15}",routine,"{""routine"": 1.0}",routine,,,synthetic-history,2026-10-03d
45,3,2026-07-21,"{""text"": ""Flags: none. Latest BP 137/85 on 2026-07-21, +6 from baseline 131. Last SMS: \""Bjr, tension 137 sur 85 ce matin\"". Days since last contact: 0."", ""flags"": [], ""latest_bp"": {""date"": ""2026-07-21"", ""sbp"": 137, ""dbp"": 85}, ""baseline_sbp"": 130.7, ""change_sbp"": 6.3, ""meds_taken"": null, ""symptoms"": [], ""last_sms"": ""Bjr, tension 137 sur 85 ce matin"", ""days_since_contact"": 0, ""missed_appointments"": 0, ""overdue_followups"": 0, ""understanding"": {""medication"": null, ""salt_and_diet"": null, ""danger_signs"": null, ""when_to_seek_care"": null, ""what_bp_means"": null}, ""trajectory"": null, ""n_readings"": 16}",routine,"{""routine"": 1.0}",visit_this_week,patient travelling,,synthetic-history,2026-10-03d
46,5,2026-07-21,"{""text"": ""Flags: trend +11. Latest BP 153/93 on 2026-07-21, +14 from baseline 139. Medicine taken: yes. Last SMS: \""presha leo 154/94\"". Days since last contact: 0."", ""flags"": [{""type"": ""trend"", ""value"": ""+11"", ""emergency"": ""no""}], ""latest_bp"": {""date"": ""2026-07-21"", ""sbp"": 153, ""dbp"": 93}, ""baseline_sbp"": 138.7, ""change_sbp"": 14.3, ""meds_taken"": ""yes"", ""symptoms"": [], ""last_sms"": ""presha leo 154/94"", ""days_since_contact"": 0, ""missed_appointments"": 0, ""overdue_followups"": 0, ""understanding"": {""medication"": null, ""salt_and_diet"": null, ""danger_signs"": null, ""when_to_seek_care"": null, ""what_bp_means"": null}, ""trajectory"": null, ""n_readings"": 15}",recheck_7_days,"{""recheck_7_days"": 1.0}",recheck_7_days,,,synthetic-history,2026-10-03d
47,21,2026-07-21,"{""text"": ""Flags: none. Latest BP 139/86 on 2026-07-21, +0 from baseline 139. Medicine taken: yes. Last SMS: \""Mimi ni mzima. Presha ni 147/92, nakunywa dawa kila siku.\"". Days since last contact: 0."", ""flags"": [], ""latest_bp"": {""date"": ""2026-07-21"", ""sbp"": 139, ""dbp"": 86}, ""baseline_sbp"": 138.7, ""change_sbp"": 0.3, ""meds_taken"": ""yes"", ""symptoms"": [], ""last_sms"": ""Mimi ni mzima. Presha ni 147/92, nakunywa dawa kila siku."", ""days_since_contact"": 0, ""missed_appointments"": 0, ""overdue_followups"": 0, ""understanding"": {""medication"": null, ""salt_and_diet"": null, ""danger_signs"": null, ""when_to_seek_care"": null, ""what_bp_means"": null}, ""trajectory"": null, ""n_readings"": 16}",routine,"{""routine"": 1.0}",routine,,,synthetic-history,2026-10-03d
48,60,2026-07-21,"{""text"": ""Flags: none. Latest BP 125/77 on 2026-07-21, +1 from baseline 124. Medicine taken: yes. Last SMS: \""Mimi ni mzima. Presha ni 131/85, nakunywa dawa kila siku.\"". Days since last contact: 0."", ""flags"": [], ""latest_bp"": {""date"": ""2026-07-21"", ""sbp"": 125, ""dbp"": 77}, ""baseline_sbp"": 123.7, ""change_sbp"": 1.3, ""meds_taken"": ""yes"", ""symptoms"": [], ""last_sms"": ""Mimi ni mzima. Presha ni 131/85, nakunywa dawa kila siku."", ""days_since_contact"": 0, ""missed_appointments"": 0, ""overdue_followups"": 0, ""understanding"": {""medication"": null, ""salt_and_diet"": null, ""danger_signs"": null, ""when_to_seek_care"": null, ""what_bp_means"": null}, ""trajectory"": null, ""n_readings"": 15}",routine,"{""routine"": 1.0}",routine,,,synthetic-history,2026-10-03d
49,4,2026-07-22,"{""text"": ""Flags: threshold 169/98; trend +28. Latest BP 169/98 on 2026-07-22, +35 from baseline 134. Medicine taken: yes. Last SMS: \""Mimi ni mzima. Presha ni 169/98, nakunywa dawa kila siku.\"". Days since last contact: 0."", ""flags"": [{""type"": ""threshold"", ""value"": ""169/98"", ""emergency"": ""no""}, {""type"": ""trend"", ""value"": ""+28"", ""emergency"": ""no""}], ""latest_bp"": {""date"": ""2026-07-22"", ""sbp"": 169, ""dbp"": 98}, ""baseline_sbp"": 133.7, ""change_sbp"": 35.3, ""meds_taken"": ""yes"", ""symptoms"": [], ""last_sms"": ""Mimi ni mzima. Presha ni 169/98, nakunywa dawa kila siku."", ""days_since_contact"": 0, ""missed_appointments"": 0, ""overdue_followups"": 0, ""understanding"": {""medication"": null, ""salt_and_diet"": null, ""danger_signs"": null, ""when_to_seek_care"": null, ""what_bp_means"": null}, ""trajectory"": null, ""n_readings"": 16}",visit_this_week,"{""visit_this_week"": 1.0}",visit_this_week,,,synthetic-history,2026-10-03d
50,31,2026-07-22,"{""text"": ""Flags: none. Latest BP 136/80 on 2026-07-22, -9 from baseline 145. Medicine taken: yes. Last SMS: \""139/85 leo. Asante\"". Days since last contact: 0."", ""flags"": [], ""latest_bp"": {""date"": ""2026-07-22"", ""sbp"": 136, ""dbp"": 80}, ""baseline_sbp"": 144.7, ""change_sbp"": -8.7, ""meds_taken"": ""yes"", ""symptoms"": [], ""last_sms"": ""139/85 leo. Asante"", ""days_since_contact"": 0, ""missed_appointments"": 0, ""overdue_followups"": 0, ""understanding"": {""medication"": null, ""salt_and_diet"": null, ""danger_signs"": null, ""when_to_seek_care"": null, ""what_bp_means"": null}, ""trajectory"": null, ""n_readings"": 15}",routine,"{""routine"": 1.0}",routine,,,synthetic-history,2026-10-03d
51,4,2026-07-23,"{""text"": ""Flags: threshold 165/99; trend +32; symptom headache. Latest BP 165/99 on 2026-07-23, +31 from baseline 134. Medicine taken: yes. Symptoms: headache. Last SMS: \""Mimi ni mzima. Presha ni 169/98, nakunywa dawa kila siku.\"". Days since last contact: 0."", ""flags"": [{""type"": ""threshold"", ""value"": ""165/99"", ""emergency"": ""no""}, {""type"": ""trend"", ""value"": ""+32"", ""emergency"": ""no""}, {""type"": ""symptom"", ""value"": ""headache"", ""emergency"": ""no""}], ""latest_bp"": {""date"": ""2026-07-23"", ""sbp"": 165, ""dbp"": 99}, ""baseline_sbp"": 133.7, ""change_sbp"": 31.3, ""meds_taken"": ""yes"", ""symptoms"": [""headache""], ""last_sms"": ""Mimi ni mzima. Presha ni 169/98, nakunywa dawa kila siku."", ""days_since_contact"": 0, ""missed_appointments"": 0, ""overdue_followups"": 0, ""understanding"": {""medication"": null, ""salt_and_diet"": null, ""danger_signs"": null, ""when_to_seek_care"": null, ""what_bp_means"": null}, ""trajectory"": null, ""n_readings"": 17}",visit_this_week,"{""visit_this_week"": 1.0}",visit_this_week,,,synthetic-history,2026-10-03d
52,14,2026-07-23,"{""text"": ""Flags: threshold 167/105; who_risk 24%; trend +26; symptom headache. Latest BP 167/105 on 2026-07-23, +36 from baseline 131. Medicine taken: yes. Symptoms: headache. Last SMS: \""Hi, my BP today is 156/100. I took my medicine.\"". Days since last contact: 0."", ""flags"": [{""type"": ""threshold"", ""value"": ""167/105"", ""emergency"": ""no""}, {""type"": ""who_risk"", ""value"": ""24%"", ""emergency"": ""no""}, {""type"": ""trend"", ""value"": ""+26"", ""emergency"": ""no""}, {""type"": ""symptom"", ""value"": ""headache"", ""emergency"": ""no""}], ""latest_bp"": {""date"": ""2026-07-23"", ""sbp"": 167, ""dbp"": 105}, ""baseline_sbp"": 131.0, ""change_sbp"": 36.0, ""meds_taken"": ""yes"", ""symptoms"": [""headache""], ""last_sms"": ""Hi, my BP today is 156/100. I took my medicine."", ""days_since_contact"": 0, ""missed_appointments"": 0, ""overdue_followups"": 0, ""understanding"": {""medication"": null, ""salt_and_diet"": null, ""danger_signs"": null, ""when_to_seek_care"": null, ""what_bp_means"": null}, ""trajectory"": null, ""n_readings"": 16}",visit_this_week,"{""visit_this_week"": 1.0}",routine,family will bring patient,,synthetic-history,2026-10-03d
53,38,2026-07-23,"{""text"": ""Flags: none. Latest BP 153/96 on 2026-07-23, +16 from baseline 137. Medicine taken: yes. Last SMS: \""Mimi ni mzima. Presha ni 144/93, nakunywa dawa kila siku.\"". Days since last contact: 0."", ""flags"": [], ""latest_bp"": {""date"": ""2026-07-23"", ""sbp"": 153, ""dbp"": 96}, ""baseline_sbp"": 136.7, ""change_sbp"": 16.3, ""meds_taken"": ""yes"", ""symptoms"": [], ""last_sms"": ""Mimi ni mzima. Presha ni 144/93, nakunywa dawa kila siku."", ""days_since_contact"": 0, ""missed_appointments"": 0, ""overdue_followups"": 0, ""understanding"": {""medication"": null, ""salt_and_diet"": null, ""danger_signs"": null, ""when_to_seek_care"": null, ""what_bp_means"": null}, ""trajectory"": null, ""n_readings"": 15}",routine,"{""routine"": 1.0}",recheck_7_days,family will bring patient,,synthetic-history,2026-10-03d
54,59,2026-07-23,"{""text"": ""Flags: none. Latest BP 153/99 on 2026-07-23, +6 from baseline 147. Medicine taken: partial. Last SMS: \""presha leo 143/86\"". Days since last contact: 0. Low understanding: when_to_seek_care."", ""flags"": [], ""latest_bp"": {""date"": ""2026-07-23"", ""sbp"": 153, ""dbp"": 99}, ""baseline_sbp"": 147.3, ""change_sbp"": 5.7, ""meds_taken"": ""partial"", ""symptoms"": [], ""last_sms"": ""presha leo 143/86"", ""days_since_contact"": 0, ""missed_appointments"": 0, ""overdue_followups"": 0, ""understanding"": {""medication"": null, ""salt_and_diet"": null, ""danger_signs"": null, ""when_to_seek_care"": 0.0, ""what_bp_means"": null}, ""trajectory"": null, ""n_readings"": 15}",routine,"{""routine"": 1.0}",routine,,,synthetic-history,2026-10-03d
55,24,2026-07-24,"{""text"": ""Flags: none. Latest BP 129/74 on 2026-07-24, -10 from baseline 139. Medicine taken: yes. Last SMS: \""Bonjour, ma tension aujourd'hui est 133/78. J'ai pris mes médicaments.\"". Days since last contact: 0."", ""flags"": [], ""latest_bp"": {""date"": ""2026-07-24"", ""sbp"": 129, ""dbp"": 74}, ""baseline_sbp"": 139.3, ""change_sbp"": -10.3, ""meds_taken"": ""yes"", ""symptoms"": [], ""last_sms"": ""Bonjour, ma tension aujourd'hui est 133/78. J'ai pris mes médicaments."", ""days_since_contact"": 0, ""missed_appointments"": 0, ""overdue_followups"": 0, ""understanding"": {""medication"": null, ""salt_and_diet"": null, ""danger_signs"": null, ""when_to_seek_care"": null, ""what_bp_means"": null}, ""trajectory"": null, ""n_readings"": 17}",routine,"{""routine"": 1.0}",routine,,,synthetic-history,2026-10-03d
56,39,2026-07-24,"{""text"": ""Flags: none. Latest BP 136/85 on 2026-07-24, -1 from baseline 137. Medicine taken: yes. Last SMS: \""135/85 leo. Asante\"". Days since last contact: 0."", ""flags"": [], ""latest_bp"": {""date"": ""2026-07-24"", ""sbp"": 136, ""dbp"": 85}, ""baseline_sbp"": 137.0, ""change_sbp"": -1.0, ""meds_taken"": ""yes"", ""symptoms"": [], ""last_sms"": ""135/85 leo. Asante"", ""days_since_contact"": 0, ""missed_appointments"": 0, ""overdue_followups"": 0, ""understanding"": {""medication"": null, ""salt_and_diet"": null, ""danger_signs"": null, ""when_to_seek_care"": null, ""what_bp_means"": null}, ""trajectory"": null, ""n_readings"": 16}",routine,"{""routine"": 1.0}",routine,,,synthetic-history,2026-10-03d
57,25,2026-07-25,"{""text"": ""Flags: trend +15. Latest BP 152/96 on 2026-07-25, +18 from baseline 134. Medicine taken: yes. Last SMS: \""presha leo 145/94\"". Days since last contact: 0."", ""flags"": [{""type"": ""trend"", ""value"": ""+15"", ""emergency"": ""no""}], ""latest_bp"": {""date"": ""2026-07-25"", ""sbp"": 152, ""dbp"": 96}, ""baseline_sbp"": 134.3, ""change_sbp"": 17.7, ""meds_taken"": ""yes"", ""symptoms"": [], ""last_sms"": ""presha leo 145/94"", ""days_since_contact"": 0, ""missed_appointments"": 0, ""overdue_followups"": 0, ""understanding"": {""medication"": null, ""salt_and_diet"": null, ""danger_signs"": null, ""when_to_seek_care"": null, ""what_bp_means"": null}, ""trajectory"": null, ""n_readings"": 14}",recheck_7_days,"{""recheck_7_days"": 1.0}",recheck_7_days,,,synthetic-history,2026-10-03d
58,10,2026-07-26,"{""text"": ""Flags: none. Latest BP 135/78 on 2026-07-26, -5 from baseline 140. Medicine taken: partial. Last SMS: \""Ma tension est à 154 sur 93, je n'ai pas pris le médicament depuis hier\"". Days since last contact: 0."", ""flags"": [], ""latest_bp"": {""date"": ""2026-07-26"", ""sbp"": 135, ""dbp"": 78}, ""baseline_sbp"": 139.7, ""change_sbp"": -4.7, ""meds_taken"": ""partial"", ""symptoms"": [], ""last_sms"": ""Ma tension est à 154 sur 93, je n'ai pas pris le médicament depuis hier"", ""days_since_contact"": 0, ""missed_appointments"": 0, ""overdue_followups"": 0, ""understanding"": {""medication"": 1.0, ""salt_and_diet"": null, ""danger_signs"": null, ""when_to_seek_care"": null, ""what_bp_means"": null}, ""trajectory"": null, ""n_readings"": 15}",routine,"{""routine"": 1.0}",routine,,,synthetic-history,2026-10-03d
59,17,2026-07-26,"{""text"": ""Flags: none. Latest BP 143/96 on 2026-07-26, +2 from baseline 141. Medicine taken: yes. Last SMS: \""Habari daktari, presha yangu ni 152 kwa 98. Nimekunywa dawa zangu.\"". Days since last contact: 0. Missed clinic appointments: 1."", ""flags"": [], ""latest_bp"": {""date"": ""2026-07-26"", ""sbp"": 143, ""dbp"": 96}, ""baseline_sbp"": 141.0, ""change_sbp"": 2.0, ""meds_taken"": ""yes"", ""symptoms"": [], ""last_sms"": ""Habari daktari, presha yangu ni 152 kwa 98. Nimekunywa dawa zangu."", ""days_since_contact"": 0, ""missed_appointments"": 1, ""overdue_followups"": 0, ""understanding"": {""medication"": null, ""salt_and_diet"": 1.0, ""danger_signs"": null, ""when_to_seek_care"": null, ""what_bp_means"": null}, ""trajectory"": null, ""n_readings"": 14}",routine,"{""routine"": 1.0}",routine,,,synthetic-history,2026-10-03d
60,32,2026-07-26,"{""text"": ""Flags: none. Latest BP 142/86 on 2026-07-26, +3 from baseline 139. Medicine taken: yes. Last SMS: \""144/89 leo. Asante\"". Days since last contact: 0."", ""flags"": [], ""latest_bp"": {""date"": ""2026-07-26"", ""sbp"": 142, ""dbp"": 86}, ""baseline_sbp"": 139.0, ""change_sbp"": 3.0, ""meds_taken"": ""yes"", ""symptoms"": [], ""last_sms"": ""144/89 leo. Asante"", ""days_since_contact"": 0, ""missed_appointments"": 0, ""overdue_followups"": 0, ""understanding"": {""medication"": null, ""salt_and_diet"": null, ""danger_signs"": null, ""when_to_seek_care"": null, ""what_bp_means"": null}, ""trajectory"": null, ""n_readings"": 15}",routine,"{""routine"": 1.0}",routine,,,synthetic-history,2026-10-03d
61,36,2026-07-26,"{""text"": ""Flags: none. Latest BP 138/86 on 2026-07-26, +4 from baseline 134. Medicine taken: no. Last SMS: \""presha leo 133/85\"". Days since last contact: 0. Missed clinic appointments: 1."", ""flags"": [], ""latest_bp"": {""date"": ""2026-07-26"", ""sbp"": 138, ""dbp"": 86}, ""baseline_sbp"": 133.7, ""change_sbp"": 4.3, ""meds_taken"": ""no"", ""symptoms"": [], ""last_sms"": ""presha leo 133/85"", ""days_since_contact"": 0, ""missed_appointments"": 1, ""overdue_followups"": 0, ""understanding"": {""medication"": null, ""salt_and_diet"": null, ""danger_signs"": null, ""when_to_seek_care"": null, ""what_bp_means"": null}, ""trajectory"": null, ""n_readings"": 15}",routine,"{""routine"": 1.0}",routine,,,synthetic-history,2026-10-03d
62,41,2026-07-26,"{""text"": ""Flags: none. Latest BP 142/90 on 2026-07-26, +3 from baseline 139. Medicine taken: yes. Days since last contact: 0."", ""flags"": [], ""latest_bp"": {""date"": ""2026-07-26"", ""sbp"": 142, ""dbp"": 90}, ""baseline_sbp"": 139.0, ""change_sbp"": 3.0, ""meds_taken"": ""yes"", ""symptoms"": [], ""last_sms"": null, ""days_since_contact"": 0, ""missed_appointments"": 0, ""overdue_followups"": 0, ""understanding"": {""medication"": null, ""salt_and_diet"": null, ""danger_signs"": null, ""when_to_seek_care"": null, ""what_bp_means"": null}, ""trajectory"": null, ""n_readings"": 5}",routine,"{""routine"": 1.0}",routine,,,synthetic-history,2026-10-03d
63,8,2026-07-27,"{""text"": ""Flags: none. Latest BP 137/84 on 2026-07-27, -9 from baseline 146. Medicine taken: yes. Days since last contact: 0."", ""flags"": [], ""latest_bp"": {""date"": ""2026-07-27"", ""sbp"": 137, ""dbp"": 84}, ""baseline_sbp"": 146.3, ""change_sbp"": -9.3, ""meds_taken"": ""yes"", ""symptoms"": [], ""last_sms"": null, ""days_since_contact"": 0, ""missed_appointments"": 0, ""overdue_followups"": 0, ""understanding"": {""medication"": null, ""salt_and_diet"": null, ""danger_signs"": null, ""when_to_seek_care"": null, ""what_bp_means"": null}, ""trajectory"": null, ""n_readings"": 5}",routine,"{""routine"": 1.0}",routine,,,synthetic-history,2026-10-03d
64,18,2026-07-27,"{""text"": ""Flags: who_risk 25%. Latest BP 146/89 on 2026-07-27, +9 from baseline 137. Medicine taken: yes. Last SMS: \""136/86 leo. Asante\"". Days since last contact: 0."", ""flags"": [{""type"": ""who_risk"", ""value"": ""25%"", ""emergency"": ""no""}], ""latest_bp"": {""date"": ""2026-07-27"", ""sbp"": 146, ""dbp"": 89}, ""baseline_sbp"": 137.3, ""change_sbp"": 8.7, ""meds_taken"": ""yes"", ""symptoms"": [], ""last_sms"": ""136/86 leo. Asante"", ""days_since_contact"": 0, ""missed_appointments"": 0, ""overdue_followups"": 0, ""understanding"": {""medication"": null, ""salt_and_diet"": null, ""danger_signs"": null, ""when_to_seek_care"": null, ""what_bp_means"": null}, ""trajectory"": null, ""n_readings"": 15}",visit_this_week,"{""visit_this_week"": 1.0}",visit_this_week,,,synthetic-history,2026-10-03d
65,22,2026-07-27,"{""text"": ""Flags: none. Latest BP 139/88 on 2026-07-27, +2 from baseline 137. Medicine taken: yes. Last SMS: \""Shikamoo. Nimepima leo 142/85, dawa nimekunywa asubuhi.\"". Days since last contact: 0."", ""flags"": [], ""latest_bp"": {""date"": ""2026-07-27"", ""sbp"": 139, ""dbp"": 88}, ""baseline_sbp"": 137.3, ""change_sbp"": 1.7, ""meds_taken"": ""yes"", ""symptoms"": [], ""last_sms"": ""Shikamoo. Nimepima leo 142/85, dawa nimekunywa asubuhi."", ""days_since_contact"": 0, ""missed_appointments"": 0, ""overdue_followups"": 0, ""understanding"": {""medication"": null, ""salt_and_diet"": null, ""danger_signs"": null, ""when_to_seek_care"": null, ""what_bp_means"": null}, ""trajectory"": null, ""n_readings"": 14}",routine,"{""routine"": 1.0}",routine,,,synthetic-history,2026-10-03d
66,30,2026-07-27,"{""text"": ""Flags: none. Latest BP 145/94 on 2026-07-27, +1 from baseline 144. Medicine taken: partial. Last SMS: \""Checked at the health centre: 144/93. Meds taken.\"". Days since last contact: 0."", ""flags"": [], ""latest_bp"": {""date"": ""2026-07-27"", ""sbp"": 145, ""dbp"": 94}, ""baseline_sbp"": 144.3, ""change_sbp"": 0.7, ""meds_taken"": ""partial"", ""symptoms"": [], ""last_sms"": ""Checked at the health centre: 144/93. Meds taken."", ""days_since_contact"": 0, ""missed_appointments"": 0, ""overdue_followups"": 0, ""understanding"": {""medication"": null, ""salt_and_diet"": null, ""danger_signs"": null, ""when_to_seek_care"": null, ""what_bp_means"": null}, ""trajectory"": null, ""n_readings"": 15}",routine,"{""routine"": 1.0}",routine,,,synthetic-history,2026-10-03d
67,7,2026-07-29,"{""text"": ""Flags: none. Latest BP 146/92 on 2026-07-29, +8 from baseline 138. Medicine taken: yes. Last SMS: \""Habari daktari, presha yangu ni 138 kwa 87. Nimekunywa dawa zangu.\"". Days since last contact: 0."", ""flags"": [], ""latest_bp"": {""date"": ""2026-07-29"", ""sbp"": 146, ""dbp"": 92}, ""baseline_sbp"": 137.7, ""change_sbp"": 8.3, ""meds_taken"": ""yes"", ""symptoms"": [], ""last_sms"": ""Habari daktari, presha yangu ni 138 kwa 87. Nimekunywa dawa zangu."", ""days_since_contact"": 0, ""missed_appointments"": 0, ""overdue_followups"": 0, ""understanding"": {""medication"": null, ""salt_and_diet"": null, ""danger_signs"": null, ""when_to_seek_care"": null, ""what_bp_means"": null}, ""trajectory"": null, ""n_readings"": 16}",routine,"{""routine"": 1.0}",visit_this_week,nurse advised,,synthetic-history,2026-10-03d
68,15,2026-07-29,"{""text"": ""Flags: none. Latest BP 132/90 on 2026-07-29, +6 from baseline 126. Medicine taken: yes. Last SMS: \""D'accord, j'ai compris.\"". Days since last contact: 0."", ""flags"": [], ""latest_bp"": {""date"": ""2026-07-29"", ""sbp"": 132, ""dbp"": 90}, ""baseline_sbp"": 126.0, ""change_sbp"": 6.0, ""meds_taken"": ""yes"", ""symptoms"": [], ""last_sms"": ""D'accord, j'ai compris."", ""days_since_contact"": 0, ""missed_appointments"": 0, ""overdue_followups"": 0, ""understanding"": {""medication"": null, ""salt_and_diet"": null, ""danger_signs"": null, ""when_to_seek_care"": null, ""what_bp_means"": null}, ""trajectory"": null, ""n_readings"": 17}",routine,"{""routine"": 1.0}",routine,,,synthetic-history,2026-10-03d
69,37,2026-07-29,"{""text"": ""Flags: none. Latest BP 131/75 on 2026-07-29, +1 from baseline 130. Medicine taken: partial. Last SMS: \""Habari daktari, presha yangu ni 120 kwa 70. Nimekunywa dawa zangu.\"". Days since last contact: 0."", ""flags"": [], ""latest_bp"": {""date"": ""2026-07-29"", ""sbp"": 131, ""dbp"": 75}, ""baseline_sbp"": 130.3, ""change_sbp"": 0.7, ""meds_taken"": ""partial"", ""symptoms"": [], ""last_sms"": ""Habari daktari, presha yangu ni 120 kwa 70. Nimekunywa dawa zangu."", ""days_since_contact"": 0, ""missed_appointments"": 0, ""overdue_followups"": 0, ""understanding"": {""medication"": null, ""salt_and_diet"": null, ""danger_signs"": null, ""when_to_seek_care"": null, ""what_bp_means"": null}, ""trajectory"": null, ""n_readings"": 16}",routine,"{""routine"": 1.0}",routine,,,synthetic-history,2026-10-03d
70,51,2026-07-29,"{""text"": ""Flags: none. Latest BP 130/76 on 2026-07-29, -3 from baseline 133. Medicine taken: yes. Last SMS: \""tension 138/80\"". Days since last contact: 0."", ""flags"": [], ""latest_bp"": {""date"": ""2026-07-29"", ""sbp"": 130, ""dbp"": 76}, ""baseline_sbp"": 132.7, ""change_sbp"": -2.7, ""meds_taken"": ""yes"", ""symptoms"": [], ""last_sms"": ""tension 138/80"", ""days_since_contact"": 0, ""missed_appointments"": 0, ""overdue_followups"": 0, ""understanding"": {""medication"": null, ""salt_and_diet"": null, ""danger_signs"": null, ""when_to_seek_care"": null, ""what_bp_means"": null}, ""trajectory"": null, ""n_readings"": 18}",routine,"{""routine"": 1.0}",routine,,,synthetic-history,2026-10-03d
71,9,2026-07-30,"{""text"": ""Flags: none. Latest BP 136/89 on 2026-07-30, -5 from baseline 141. Medicine taken: yes. Last SMS: \""Hello, I am travelling this week.\"". Days since last contact: 0."", ""flags"": [], ""latest_bp"": {""date"": ""2026-07-30"", ""sbp"": 136, ""dbp"": 89}, ""baseline_sbp"": 141.3, ""change_sbp"": -5.3, ""meds_taken"": ""yes"", ""symptoms"": [], ""last_sms"": ""Hello, I am travelling this week."", ""days_since_contact"": 0, ""missed_appointments"": 0, ""overdue_followups"": 0, ""understanding"": {""medication"": null, ""salt_and_diet"": null, ""danger_signs"": 1.0, ""when_to_seek_care"": null, ""what_bp_means"": null}, ""trajectory"": null, ""n_readings"": 17}",routine,"{""routine"": 1.0}",routine,,,synthetic-history,2026-10-03d
72,35,2026-07-31,"{""text"": ""Flags: none. Latest BP 138/86 on 2026-07-31, -3 from baseline 141. Medicine taken: yes. Last SMS: \""Bjr, tension 132 sur 81 ce matin\"". Days since last contact: 0."", ""flags"": [], ""latest_bp"": {""date"": ""2026-07-31"", ""sbp"": 138, ""dbp"": 86}, ""baseline_sbp"": 141.3, ""change_sbp"": -3.3, ""meds_taken"": ""yes"", ""symptoms"": [], ""last_sms"": ""Bjr, tension 132 sur 81 ce matin"", ""days_since_contact"": 0, ""missed_appointments"": 0, ""overdue_followups"": 0, ""understanding"": {""medication"": null, ""salt_and_diet"": null, ""danger_signs"": null, ""when_to_seek_care"": null, ""what_bp_means"": null}, ""trajectory"": null, ""n_readings"": 16}",routine,"{""routine"": 1.0}",routine,,,synthetic-history,2026-10-03d
73,13,2026-08-01,"{""text"": ""Flags: none. Latest BP 137/82 on 2026-08-01, -3 from baseline 140. Medicine taken: yes. Last SMS: \""Que Dieu vous bénisse.\"". Days since last contact: 0. Low understanding: danger_signs."", ""flags"": [], ""latest_bp"": {""date"": ""2026-08-01"", ""sbp"": 137, ""dbp"": 82}, ""baseline_sbp"": 140.3, ""change_sbp"": -3.3, ""meds_taken"": ""yes"", ""symptoms"": [], ""last_sms"": ""Que Dieu vous bénisse."", ""days_since_contact"": 0, ""missed_appointments"": 0, ""overdue_followups"": 0, ""understanding"": {""medication"": null, ""salt_and_diet"": null, ""danger_signs"": 0.0, ""when_to_seek_care"": null, ""what_bp_means"": null}, ""trajectory"": null, ""n_readings"": 18}",routine,"{""routine"": 1.0}",routine,,,synthetic-history,2026-10-03d
74,23,2026-08-01,"{""text"": ""Flags: threshold 160/102; trend +13. Latest BP 160/102 on 2026-08-01, +16 from baseline 144. Medicine taken: partial. Last SMS: \""presha leo 160/100\"". Days since last contact: 0."", ""flags"": [{""type"": ""threshold"", ""value"": ""160/102"", ""emergency"": ""no""}, {""type"": ""trend"", ""value"": ""+13"", ""emergency"": ""no""}], ""latest_bp"": {""date"": ""2026-08-01"", ""sbp"": 160, ""dbp"": 102}, ""baseline_sbp"": 144.3, ""change_sbp"": 15.7, ""meds_taken"": ""partial"", ""symptoms"": [], ""last_sms"": ""presha leo 160/100"", ""days_since_contact"": 0, ""missed_appointments"": 0, ""overdue_followups"": 0, ""understanding"": {""medication"": null, ""salt_and_diet"": null, ""danger_signs"": null, ""when_to_seek_care"": null, ""what_bp_means"": null}, ""trajectory"": null, ""n_readings"": 15}",visit_this_week,"{""visit_this_week"": 1.0}",visit_this_week,,,synthetic-history,2026-10-03d
75,26,2026-08-01,"{""text"": ""Flags: none. Latest BP 143/93 on 2026-08-01, +2 from baseline 141. Medicine taken: partial. Last SMS: \""presha leo 127/84\"". Days since last contact: 0."", ""flags"": [], ""latest_bp"": {""date"": ""2026-08-01"", ""sbp"": 143, ""dbp"": 93}, ""baseline_sbp"": 140.7, ""change_sbp"": 2.3, ""meds_taken"": ""partial"", ""symptoms"": [], ""last_sms"": ""presha leo 127/84"", ""days_since_contact"": 0, ""missed_appointments"": 0, ""overdue_followups"": 0, ""understanding"": {""medication"": null, ""salt_and_diet"": null, ""danger_signs"": null, ""when_to_seek_care"": null, ""what_bp_means"": null}, ""trajectory"": null, ""n_readings"": 16}",routine,"{""routine"": 1.0}",visit_this_week,patient travelling,,synthetic-history,2026-10-03d
76,43,2026-08-01,"{""text"": ""Flags: none. Latest BP 137/91 on 2026-08-01, +5 from baseline 132. Medicine taken: yes. Last SMS: \""Mimi ni mzima. Presha ni 135/92, nakunywa dawa kila siku.\"". Days since last contact: 0."", ""flags"": [], ""latest_bp"": {""date"": ""2026-08-01"", ""sbp"": 137, ""dbp"": 91}, ""baseline_sbp"": 132.3, ""change_sbp"": 4.7, ""meds_taken"": ""yes"", ""symptoms"": [], ""last_sms"": ""Mimi ni mzima. Presha ni 135/92, nakunywa dawa kila siku."", ""days_since_contact"": 0, ""missed_appointments"": 0, ""overdue_followups"": 0, ""understanding"": {""medication"": null, ""salt_and_diet"": null, ""danger_signs"": 1.0, ""when_to_seek_care"": null, ""what_bp_means"": null}, ""trajectory"": null, ""n_readings"": 19}",routine,"{""routine"": 1.0}",refer_clinic,patient travelling,,synthetic-history,2026-10-03d
77,46,2026-08-01,"{""text"": ""Flags: none. Latest BP 132/82 on 2026-08-01, +0 from baseline 132. Last SMS: \""132/82 leo. Asante\"". Days since last contact: 0."", ""flags"": [], ""latest_bp"": {""date"": ""2026-08-01"", ""sbp"": 132, ""dbp"": 82}, ""baseline_sbp"": 132.0, ""change_sbp"": 0.0, ""meds_taken"": null, ""symptoms"": [], ""last_sms"": ""132/82 leo. Asante"", ""days_since_contact"": 0, ""missed_appointments"": 0, ""overdue_followups"": 0, ""understanding"": {""medication"": null, ""salt_and_diet"": null, ""danger_signs"": null, ""when_to_seek_care"": null, ""what_bp_means"": null}, ""trajectory"": null, ""n_readings"": 20}",routine,"{""routine"": 1.0}",routine,,,synthetic-history,2026-10-03d
78,50,2026-08-01,"{""text"": ""Flags: none. Latest BP 125/73 on 2026-08-01, -6 from baseline 131. Medicine taken: yes. Last SMS: \""131/75 leo. Asante\"". Days since last contact: 0."", ""flags"": [], ""latest_bp"": {""date"": ""2026-08-01"", ""sbp"": 125, ""dbp"": 73}, ""baseline_sbp"": 131.3, ""change_sbp"": -6.3, ""meds_taken"": ""yes"", ""symptoms"": [], ""last_sms"": ""131/75 leo. Asante"", ""days_since_contact"": 0, ""missed_appointments"": 0, ""overdue_followups"": 0, ""understanding"": {""medication"": null, ""salt_and_diet"": null, ""danger_signs"": null, ""when_to_seek_care"": null, ""what_bp_means"": null}, ""trajectory"": null, ""n_readings"": 16}",routine,"{""routine"": 1.0}",routine,,,synthetic-history,2026-10-03d
79,52,2026-08-01,"{""text"": ""Flags: none. Latest BP 119/73 on 2026-08-01, -4 from baseline 123. Medicine taken: yes. Last SMS: \""132/82 leo. Asante\"". Days since last contact: 0."", ""flags"": [], ""latest_bp"": {""date"": ""2026-08-01"", ""sbp"": 119, ""dbp"": 73}, ""baseline_sbp"": 122.7, ""change_sbp"": -3.7, ""meds_taken"": ""yes"", ""symptoms"": [], ""last_sms"": ""132/82 leo. Asante"", ""days_since_contact"": 0, ""missed_appointments"": 0, ""overdue_followups"": 0, ""understanding"": {""medication"": null, ""salt_and_diet"": null, ""danger_signs"": null, ""when_to_seek_care"": null, ""what_bp_means"": null}, ""trajectory"": null, ""n_readings"": 16}",routine,"{""routine"": 1.0}",recheck_7_days,"patient feels well, recheck first",,synthetic-history,2026-10-03d
80,2,2026-08-02,"{""text"": ""Flags: none. Latest BP 124/81 on 2026-08-02, -11 from baseline 135. Medicine taken: yes. Last SMS: \""Shikamoo. Nimepima leo 141/83, dawa nimekunywa asubuhi.\"". Days since last contact: 0."", ""flags"": [], ""latest_bp"": {""date"": ""2026-08-02"", ""sbp"": 124, ""dbp"": 81}, ""baseline_sbp"": 135.3, ""change_sbp"": -11.3, ""meds_taken"": ""yes"", ""symptoms"": [], ""last_sms"": ""Shikamoo. Nimepima leo 141/83, dawa nimekunywa asubuhi."", ""days_since_contact"": 0, ""missed_appointments"": 0, ""overdue_followups"": 0, ""understanding"": {""medication"": null, ""salt_and_diet"": null, ""danger_signs"": null, ""when_to_seek_care"": null, ""what_bp_means"": 1.0}, ""trajectory"": null, ""n_readings"": 17}",routine,"{""routine"": 1.0}",recheck_7_days,already seen at clinic,,synthetic-history,2026-10-03d
81,20,2026-08-02,"{""text"": ""Flags: none. Latest BP 154/96 on 2026-08-02, +3 from baseline 151. Medicine taken: partial. Last SMS: \""tension 157/97\"". Days since last contact: 0."", ""flags"": [], ""latest_bp"": {""date"": ""2026-08-02"", ""sbp"": 154, ""dbp"": 96}, ""baseline_sbp"": 151.0, ""change_sbp"": 3.0, ""meds_taken"": ""partial"", ""symptoms"": [], ""last_sms"": ""tension 157/97"", ""days_since_contact"": 0, ""missed_appointments"": 0, ""overdue_followups"": 0, ""understanding"": {""medication"": null, ""salt_and_diet"": null, ""danger_signs"": null, ""when_to_seek_care"": null, ""what_bp_means"": null}, ""trajectory"": null, ""n_readings"": 19}",routine,"{""routine"": 1.0}",routine,,,synthetic-history,2026-10-03d
82,29,2026-08-02,"{""text"": ""Flags: none. Latest BP 140/89 on 2026-08-02, +2 from baseline 138. Medicine taken: partial. Last SMS: \""141/90 leo. Asante\"". Days since last contact: 0."", ""flags"": [], ""latest_bp"": {""date"": ""2026-08-02"", ""sbp"": 140, ""dbp"": 89}, ""baseline_sbp"": 137.7, ""change_sbp"": 2.3, ""meds_taken"": ""partial"", ""symptoms"": [], ""last_sms"": ""141/90 leo. Asante"", ""days_since_contact"": 0, ""missed_appointments"": 0, ""overdue_followups"": 0, ""understanding"": {""medication"": null, ""salt_and_diet"": null, ""danger_signs"": null, ""when_to_seek_care"": null, ""what_bp_means"": null}, ""trajectory"": null, ""n_readings"": 16}",routine,"{""routine"": 1.0}",recheck_7_days,nurse advised,,synthetic-history,2026-10-03d
83,47,2026-08-02,"{""text"": ""Flags: none. Latest BP 125/84 on 2026-08-02, -8 from baseline 133. Medicine taken: yes. Last SMS: \""Habari daktari, presha yangu ni 135 kwa 89. Nimekunywa dawa zangu.\"". Days since last contact: 0."", ""flags"": [], ""latest_bp"": {""date"": ""2026-08-02"", ""sbp"": 125, ""dbp"": 84}, ""baseline_sbp"": 133.0, ""change_sbp"": -8.0, ""meds_taken"": ""yes"", ""symptoms"": [], ""last_sms"": ""Habari daktari, presha yangu ni 135 kwa 89. Nimekunywa dawa zangu."", ""days_since_contact"": 0, ""missed_appointments"": 0, ""overdue_followups"": 0, ""understanding"": {""medication"": null, ""salt_and_diet"": null, ""danger_signs"": null, ""when_to_seek_care"": null, ""what_bp_means"": null}, ""trajectory"": null, ""n_readings"": 18}",routine,"{""routine"": 1.0}",visit_this_week,family will bring patient,,synthetic-history,2026-10-03d
84,16,2026-08-03,"{""text"": ""Flags: none. Latest BP 130/89 on 2026-08-03, +2 from baseline 128. Medicine taken: yes. Last SMS: \""BP 132/95. My tablets are finished so I took nothing.\"". Days since last contact: 0."", ""flags"": [], ""latest_bp"": {""date"": ""2026-08-03"", ""sbp"": 130, ""dbp"": 89}, ""baseline_sbp"": 128.3, ""change_sbp"": 1.7, ""meds_taken"": ""yes"", ""symptoms"": [], ""last_sms"": ""BP 132/95. My tablets are finished so I took nothing."", ""days_since_contact"": 0, ""missed_appointments"": 0, ""overdue_followups"": 0, ""understanding"": {""medication"": null, ""salt_and_diet"": null, ""danger_signs"": null, ""when_to_seek_care"": null, ""what_bp_means"": null}, ""trajectory"": null, ""n_readings"": 16}",routine,"{""routine"": 1.0}",refer_clinic,already seen at clinic,,synthetic-history,2026-10-03d
85,54,2026-08-04,"{""text"": ""Flags: trend +18. Latest BP 144/87 on 2026-08-04, +14 from baseline 130. Medicine taken: yes. Last SMS: \""Ma tension est 148 sur 98, je prends bien mes médicaments chaque jour.\"". Days since last contact: 0."", ""flags"": [{""type"": ""trend"", ""value"": ""+18"", ""emergency"": ""no""}], ""latest_bp"": {""date"": ""2026-08-04"", ""sbp"": 144, ""dbp"": 87}, ""baseline_sbp"": 129.7, ""change_sbp"": 14.3, ""meds_taken"": ""yes"", ""symptoms"": [], ""last_sms"": ""Ma tension est 148 sur 98, je prends bien mes médicaments chaque jour."", ""days_since_contact"": 0, ""missed_appointments"": 0, ""overdue_followups"": 0, ""understanding"": {""medication"": null, ""salt_and_diet"": null, ""danger_signs"": null, ""when_to_seek_care"": null, ""what_bp_means"": null}, ""trajectory"": null, ""n_readings"": 17}",recheck_7_days,"{""recheck_7_days"": 1.0}",recheck_7_days,,,synthetic-history,2026-10-03d
86,19,2026-08-05,"{""text"": ""Flags: none. Latest BP 136/80 on 2026-08-05, -2 from baseline 138. Medicine taken: yes. Last SMS: \""presha leo 148/102\"". Days since last contact: 0."", ""flags"": [], ""latest_bp"": {""date"": ""2026-08-05"", ""sbp"": 136, ""dbp"": 80}, ""baseline_sbp"": 138.0, ""change_sbp"": -2.0, ""meds_taken"": ""yes"", ""symptoms"": [], ""last_sms"": ""presha leo 148/102"", ""days_since_contact"": 0, ""missed_appointments"": 0, ""overdue_followups"": 0, ""understanding"": {""medication"": null, ""salt_and_diet"": null, ""danger_signs"": null, ""when_to_seek_care"": null, ""what_bp_means"": null}, ""trajectory"": null, ""n_readings"": 16}",routine,"{""routine"": 1.0}",routine,,,synthetic-history,2026-10-03d
87,44,2026-08-05,"{""text"": ""Flags: threshold 155/103; trend +20. Latest BP 155/103 on 2026-08-05, +19 from baseline 136. Medicine taken: yes. Last SMS: \""presha leo 162/104\"". Days since last contact: 0."", ""flags"": [{""type"": ""threshold"", ""value"": ""155/103"", ""emergency"": ""no""}, {""type"": ""trend"", ""value"": ""+20"", ""emergency"": ""no""}], ""latest_bp"": {""date"": ""2026-08-05"", ""sbp"": 155, ""dbp"": 103}, ""baseline_sbp"": 136.0, ""change_sbp"": 19.0, ""meds_taken"": ""yes"", ""symptoms"": [], ""last_sms"": ""presha leo 162/104"", ""days_since_contact"": 0, ""missed_appointments"": 0, ""overdue_followups"": 0, ""understanding"": {""medication"": null, ""salt_and_diet"": null, ""danger_signs"": null, ""when_to_seek_care"": null, ""what_bp_means"": null}, ""trajectory"": null, ""n_readings"": 15}",visit_this_week,"{""visit_this_week"": 1.0}",visit_this_week,,,synthetic-history,2026-10-03d
88,6,2026-08-07,"{""text"": ""Flags: threshold 168/103; trend +17; symptom headache. Latest BP 168/103 on 2026-08-07, +24 from baseline 144. Medicine taken: yes. Symptoms: headache. Last SMS: \""Mimi ni mzima. Presha ni 155/100, nakunywa dawa kila siku.\"". Days since last contact: 0."", ""flags"": [{""type"": ""threshold"", ""value"": ""168/103"", ""emergency"": ""no""}, {""type"": ""trend"", ""value"": ""+17"", ""emergency"": ""no""}, {""type"": ""symptom"", ""value"": ""headache"", ""emergency"": ""no""}], ""latest_bp"": {""date"": ""2026-08-07"", ""sbp"": 168, ""dbp"": 103}, ""baseline_sbp"": 143.7, ""change_sbp"": 24.3, ""meds_taken"": ""yes"", ""symptoms"": [""headache""], ""last_sms"": ""Mimi ni mzima. Presha ni 155/100, nakunywa dawa kila siku."", ""days_since_contact"": 0, ""missed_appointments"": 0, ""overdue_followups"": 0, ""understanding"": {""medication"": null, ""salt_and_diet"": null, ""danger_signs"": null, ""when_to_seek_care"": null, ""what_bp_means"": null}, ""trajectory"": null, ""n_readings"": 18}",visit_this_week,"{""visit_this_week"": 1.0}",visit_this_week,,,synthetic-history,2026-10-03d
89,6,2026-08-07,"{""text"": ""Flags: threshold 168/103; trend +17; symptom headache. Latest BP 168/103 on 2026-08-07, +24 from baseline 144. Medicine taken: yes. Symptoms: headache. Last SMS: \""Mimi ni mzima. Presha ni 155/100, nakunywa dawa kila siku.\"". Days since last contact: 0."", ""flags"": [{""type"": ""threshold"", ""value"": ""168/103"", ""emergency"": ""no""}, {""type"": ""trend"", ""value"": ""+17"", ""emergency"": ""no""}, {""type"": ""symptom"", ""value"": ""headache"", ""emergency"": ""no""}], ""latest_bp"": {""date"": ""2026-08-07"", ""sbp"": 168, ""dbp"": 103}, ""baseline_sbp"": 143.7, ""change_sbp"": 24.3, ""meds_taken"": ""yes"", ""symptoms"": [""headache""], ""last_sms"": ""Mimi ni mzima. Presha ni 155/100, nakunywa dawa kila siku."", ""days_since_contact"": 0, ""missed_appointments"": 0, ""overdue_followups"": 0, ""understanding"": {""medication"": null, ""salt_and_diet"": null, ""danger_signs"": null, ""when_to_seek_care"": null, ""what_bp_means"": null}, ""trajectory"": null, ""n_readings"": 18}",visit_this_week,"{""visit_this_week"": 1.0}",visit_this_week,,,synthetic-history,2026-10-03d
90,11,2026-08-07,"{""text"": ""Flags: threshold 154/107; trend +11. Latest BP 154/107 on 2026-08-07, +11 from baseline 143. Medicine taken: partial. Last SMS: \""Nimepima dispensari 154/107. Nimekunywa dawa moja tu kati ya mbili.\"". Days since last contact: 0."", ""flags"": [{""type"": ""threshold"", ""value"": ""154/107"", ""emergency"": ""no""}, {""type"": ""trend"", ""value"": ""+11"", ""emergency"": ""no""}], ""latest_bp"": {""date"": ""2026-08-07"", ""sbp"": 154, ""dbp"": 107}, ""baseline_sbp"": 143.3, ""change_sbp"": 10.7, ""meds_taken"": ""partial"", ""symptoms"": [], ""last_sms"": ""Nimepima dispensari 154/107. Nimekunywa dawa moja tu kati ya mbili."", ""days_since_contact"": 0, ""missed_appointments"": 0, ""overdue_followups"": 0, ""understanding"": {""medication"": null, ""salt_and_diet"": 1.0, ""danger_signs"": null, ""when_to_seek_care"": null, ""what_bp_means"": null}, ""trajectory"": null, ""n_readings"": 17}",visit_this_week,"{""visit_this_week"": 1.0}",visit_this_week,,,synthetic-history,2026-10-03d
91,38,2026-08-07,"{""text"": ""Flags: threshold 164/105; trend +18. Latest BP 164/105 on 2026-08-07, +27 from baseline 137. Medicine taken: yes. Last SMS: \""Habari daktari, presha yangu ni 158 kwa 97. Nimekunywa dawa zangu.\"". Days since last contact: 0."", ""flags"": [{""type"": ""threshold"", ""value"": ""164/105"", ""emergency"": ""no""}, {""type"": ""trend"", ""value"": ""+18"", ""emergency"": ""no""}], ""latest_bp"": {""date"": ""2026-08-07"", ""sbp"": 164, ""dbp"": 105}, ""baseline_sbp"": 136.7, ""change_sbp"": 27.3, ""meds_taken"": ""yes"", ""symptoms"": [], ""last_sms"": ""Habari daktari, presha yangu ni 158 kwa 97. Nimekunywa dawa zangu."", ""days_since_contact"": 0, ""missed_appointments"": 0, ""overdue_followups"": 0, ""understanding"": {""medication"": null, ""salt_and_diet"": null, ""danger_signs"": null, ""when_to_seek_care"": null, ""what_bp_means"": null}, ""trajectory"": null, ""n_readings"": 17}",visit_this_week,"{""visit_this_week"": 1.0}",visit_this_week,,,synthetic-history,2026-10-03d
92,14,2026-08-09,"{""text"": ""Flags: none. Latest BP 132/85 on 2026-08-09, +1 from baseline 131. Medicine taken: yes. Last SMS: \""Hi, my BP today is 127/86. I took my medicine.\"". Days since last contact: 0."", ""flags"": [], ""latest_bp"": {""date"": ""2026-08-09"", ""sbp"": 132, ""dbp"": 85}, ""baseline_sbp"": 131.0, ""change_sbp"": 1.0, ""meds_taken"": ""yes"", ""symptoms"": [], ""last_sms"": ""Hi, my BP today is 127/86. I took my medicine."", ""days_since_contact"": 0, ""missed_appointments"": 0, ""overdue_followups"": 0, ""understanding"": {""medication"": null, ""salt_and_diet"": null, ""danger_signs"": null, ""when_to_seek_care"": null, ""what_bp_means"": null}, ""trajectory"": null, ""n_readings"": 19}",routine,"{""routine"": 1.0}",routine,,,synthetic-history,2026-10-03d
93,1,2026-08-10,"{""text"": ""Flags: none. Latest BP 141/89 on 2026-08-10, +7 from baseline 134. Medicine taken: yes. Last SMS: \""Habari daktari, presha yangu ni 139 kwa 88. Nimekunywa dawa zangu.\"". Days since last contact: 0."", ""flags"": [], ""latest_bp"": {""date"": ""2026-08-10"", ""sbp"": 141, ""dbp"": 89}, ""baseline_sbp"": 134.0, ""change_sbp"": 7.0, ""meds_taken"": ""yes"", ""symptoms"": [], ""last_sms"": ""Habari daktari, presha yangu ni 139 kwa 88. Nimekunywa dawa zangu."", ""days_since_contact"": 0, ""missed_appointments"": 0, ""overdue_followups"": 0, ""understanding"": {""medication"": null, ""salt_and_diet"": null, ""danger_signs"": null, ""when_to_seek_care"": null, ""what_bp_means"": null}, ""trajectory"": null, ""n_readings"": 7}",routine,"{""routine"": 1.0}",routine,,,synthetic-history,2026-10-03d
94,5,2026-08-10,"{""text"": ""Flags: trend +17. Latest BP 151/96 on 2026-08-10, +12 from baseline 139. Medicine taken: yes. Last SMS: \""Habari daktari, presha yangu ni 157 kwa 96. Nimekunywa dawa zangu.\"". Days since last contact: 0."", ""flags"": [{""type"": ""trend"", ""value"": ""+17"", ""emergency"": ""no""}], ""latest_bp"": {""date"": ""2026-08-10"", ""sbp"": 151, ""dbp"": 96}, ""baseline_sbp"": 138.7, ""change_sbp"": 12.3, ""meds_taken"": ""yes"", ""symptoms"": [], ""last_sms"": ""Habari daktari, presha yangu ni 157 kwa 96. Nimekunywa dawa zangu."", ""days_since_contact"": 0, ""missed_appointments"": 0, ""overdue_followups"": 0, ""understanding"": {""medication"": null, ""salt_and_diet"": null, ""danger_signs"": null, ""when_to_seek_care"": null, ""what_bp_means"": null}, ""trajectory"": null, ""n_readings"": 18}",recheck_7_days,"{""recheck_7_days"": 1.0}",recheck_7_days,,,synthetic-history,2026-10-03d
95,27,2026-08-10,"{""text"": ""Flags: none. Latest BP 128/82 on 2026-08-10, -2 from baseline 130. Medicine taken: yes. Last SMS: \""presha leo 143/92\"". Days since last contact: 0."", ""flags"": [], ""latest_bp"": {""date"": ""2026-08-10"", ""sbp"": 128, ""dbp"": 82}, ""baseline_sbp"": 130.0, ""change_sbp"": -2.0, ""meds_taken"": ""yes"", ""symptoms"": [], ""last_sms"": ""presha leo 143/92"", ""days_since_contact"": 0, ""missed_appointments"": 0, ""overdue_followups"": 0, ""understanding"": {""medication"": null, ""salt_and_diet"": null, ""danger_signs"": null, ""when_to_seek_care"": null, ""what_bp_means"": null}, ""trajectory"": null, ""n_readings"": 18}",routine,"{""routine"": 1.0}",routine,,,synthetic-history,2026-10-03d
96,31,2026-08-10,"{""text"": ""Flags: none. Latest BP 137/89 on 2026-08-10, -8 from baseline 145. Medicine taken: yes. Last SMS: \""Habari daktari, presha yangu ni 137 kwa 89. Nimekunywa dawa zangu.\"". Days since last contact: 0."", ""flags"": [], ""latest_bp"": {""date"": ""2026-08-10"", ""sbp"": 137, ""dbp"": 89}, ""baseline_sbp"": 144.7, ""change_sbp"": -7.7, ""meds_taken"": ""yes"", ""symptoms"": [], ""last_sms"": ""Habari daktari, presha yangu ni 137 kwa 89. Nimekunywa dawa zangu."", ""days_since_contact"": 0, ""missed_appointments"": 0, ""overdue_followups"": 0, ""understanding"": {""medication"": null, ""salt_and_diet"": 1.0, ""danger_signs"": null, ""when_to_seek_care"": null, ""what_bp_means"": null}, ""trajectory"": null, ""n_readings"": 18}",routine,"{""routine"": 1.0}",routine,,,synthetic-history,2026-10-03d
97,21,2026-08-11,"{""text"": ""Flags: none. Latest BP 139/88 on 2026-08-11, +0 from baseline 139. Medicine taken: yes. Last SMS: \""Habari daktari, presha yangu ni 145 kwa 95. Nimekunywa dawa zangu.\"". Days since last contact: 0."", ""flags"": [], ""latest_bp"": {""date"": ""2026-08-11"", ""sbp"": 139, ""dbp"": 88}, ""baseline_sbp"": 138.7, ""change_sbp"": 0.3, ""meds_taken"": ""yes"", ""symptoms"": [], ""last_sms"": ""Habari daktari, presha yangu ni 145 kwa 95. Nimekunywa dawa zangu."", ""days_since_contact"": 0, ""missed_appointments"": 0, ""overdue_followups"": 0, ""understanding"": {""medication"": null, ""salt_and_diet"": null, ""danger_signs"": null, ""when_to_seek_care"": null, ""what_bp_means"": null}, ""trajectory"": null, ""n_readings"": 18}",routine,"{""routine"": 1.0}",routine,,,synthetic-history,2026-10-03d
98,22,2026-08-11,"{""text"": ""Flags: none. Latest BP 143/89 on 2026-08-11, +6 from baseline 137. Medicine taken: partial. Last SMS: \""Pressure yangu ni 142/87, nimekunywa nusu dozi kwa sababu dawa zinakaribia kuisha.\"". Days since last contact: 0."", ""flags"": [], ""latest_bp"": {""date"": ""2026-08-11"", ""sbp"": 143, ""dbp"": 89}, ""baseline_sbp"": 137.3, ""change_sbp"": 5.7, ""meds_taken"": ""partial"", ""symptoms"": [], ""last_sms"": ""Pressure yangu ni 142/87, nimekunywa nusu dozi kwa sababu dawa zinakaribia kuisha."", ""days_since_contact"": 0, ""missed_appointments"": 0, ""overdue_followups"": 0, ""understanding"": {""medication"": null, ""salt_and_diet"": null, ""danger_signs"": null, ""when_to_seek_care"": null, ""what_bp_means"": null}, ""trajectory"": null, ""n_readings"": 16}",routine,"{""routine"": 1.0}",routine,,,synthetic-history,2026-10-03d
99,25,2026-08-11,"{""text"": ""Flags: none. Latest BP 145/93 on 2026-08-11, +11 from baseline 134. Medicine taken: yes. Last SMS: \""Sawa, nimeelewa.\"". Days since last contact: 0."", ""flags"": [], ""latest_bp"": {""date"": ""2026-08-11"", ""sbp"": 145, ""dbp"": 93}, ""baseline_sbp"": 134.3, ""change_sbp"": 10.7, ""meds_taken"": ""yes"", ""symptoms"": [], ""last_sms"": ""Sawa, nimeelewa."", ""days_since_contact"": 0, ""missed_appointments"": 0, ""overdue_followups"": 0, ""understanding"": {""medication"": null, ""salt_and_diet"": null, ""danger_signs"": null, ""when_to_seek_care"": null, ""what_bp_means"": null}, ""trajectory"": null, ""n_readings"": 17}",routine,"{""routine"": 1.0}",routine,,,synthetic-history,2026-10-03d
100,53,2026-08-11,"{""text"": ""Flags: none. Latest BP 128/78 on 2026-08-11, -6 from baseline 134. Medicine taken: yes. Last SMS: \""Ma tension est 130 sur 90, je prends bien mes médicaments chaque jour.\"". Days since last contact: 0."", ""flags"": [], ""latest_bp"": {""date"": ""2026-08-11"", ""sbp"": 128, ""dbp"": 78}, ""baseline_sbp"": 133.7, ""change_sbp"": -5.7, ""meds_taken"": ""yes"", ""symptoms"": [], ""last_sms"": ""Ma tension est 130 sur 90, je prends bien mes médicaments chaque jour."", ""days_since_contact"": 0, ""missed_appointments"": 0, ""overdue_followups"": 0, ""understanding"": {""medication"": null, ""salt_and_diet"": null, ""danger_signs"": null, ""when_to_seek_care"": null, ""what_bp_means"": null}, ""trajectory"": null, ""n_readings"": 19}",routine,"{""routine"": 1.0}",routine,,,synthetic-history,2026-10-03d
101,7,2026-08-12,"{""text"": ""Flags: none. Latest BP 135/88 on 2026-08-12, -3 from baseline 138. Medicine taken: yes. Last SMS: \""Habari daktari, presha yangu ni 146 kwa 91. Nimekunywa dawa zangu.\"". Days since last contact: 0."", ""flags"": [], ""latest_bp"": {""date"": ""2026-08-12"", ""sbp"": 135, ""dbp"": 88}, ""baseline_sbp"": 137.7, ""change_sbp"": -2.7, ""meds_taken"": ""yes"", ""symptoms"": [], ""last_sms"": ""Habari daktari, presha yangu ni 146 kwa 91. Nimekunywa dawa zangu."", ""days_since_contact"": 0, ""missed_appointments"": 0, ""overdue_followups"": 0, ""understanding"": {""medication"": null, ""salt_and_diet"": null, ""danger_signs"": null, ""when_to_seek_care"": null, ""what_bp_means"": null}, ""trajectory"": null, ""n_readings"": 18}",routine,"{""routine"": 1.0}",recheck_7_days,family will bring patient,,synthetic-history,2026-10-03d
102,39,2026-08-12,"{""text"": ""Flags: none. Latest BP 137/85 on 2026-08-12, +0 from baseline 137. Medicine taken: partial. Last SMS: \""Shikamoo. Nimepima leo 144/93, dawa nimekunywa asubuhi.\"". Days since last contact: 0."", ""flags"": [], ""latest_bp"": {""date"": ""2026-08-12"", ""sbp"": 137, ""dbp"": 85}, ""baseline_sbp"": 137.0, ""change_sbp"": 0.0, ""meds_taken"": ""partial"", ""symptoms"": [], ""last_sms"": ""Shikamoo. Nimepima leo 144/93, dawa nimekunywa asubuhi."", ""days_since_contact"": 0, ""missed_appointments"": 0, ""overdue_followups"": 0, ""understanding"": {""medication"": 1.0, ""salt_and_diet"": null, ""danger_signs"": null, ""when_to_seek_care"": null, ""what_bp_means"": null}, ""trajectory"": null, ""n_readings"": 18}",routine,"{""routine"": 1.0}",routine,,,synthetic-history,2026-10-03d
103,40,2026-08-12,"{""text"": ""Flags: trend +11. Latest BP 147/90 on 2026-08-12, +11 from baseline 136. Medicine taken: yes. Last SMS: \""Habari daktari, presha yangu ni 153 kwa 93. Nimekunywa dawa zangu.\"". Days since last contact: 0."", ""flags"": [{""type"": ""trend"", ""value"": ""+11"", ""emergency"": ""no""}], ""latest_bp"": {""date"": ""2026-08-12"", ""sbp"": 147, ""dbp"": 90}, ""baseline_sbp"": 135.7, ""change_sbp"": 11.3, ""meds_taken"": ""yes"", ""symptoms"": [], ""last_sms"": ""Habari daktari, presha yangu ni 153 kwa 93. Nimekunywa dawa zangu."", ""days_since_contact"": 0, ""missed_appointments"": 0, ""overdue_followups"": 0, ""understanding"": {""medication"": null, ""salt_and_diet"": null, ""danger_signs"": null, ""when_to_seek_care"": 1.0, ""what_bp_means"": null}, ""trajectory"": null, ""n_readings"": 17}",recheck_7_days,"{""recheck_7_days"": 1.0}",recheck_7_days,,,synthetic-history,2026-10-03d
104,49,2026-08-12,"{""text"": ""Flags: trend +13. Latest BP 134/84 on 2026-08-12, +7 from baseline 127. Medicine taken: yes. Last SMS: \""Shikamoo. Nimepima leo 142/92, dawa nimekunywa asubuhi.\"". Days since last contact: 0."", ""flags"": [{""type"": ""trend"", ""value"": ""+13"", ""emergency"": ""no""}], ""latest_bp"": {""date"": ""2026-08-12"", ""sbp"": 134, ""dbp"": 84}, ""baseline_sbp"": 127.0, ""change_sbp"": 7.0, ""meds_taken"": ""yes"", ""symptoms"": [], ""last_sms"": ""Shikamoo. Nimepima leo 142/92, dawa nimekunywa asubuhi."", ""days_since_contact"": 0, ""missed_appointments"": 0, ""overdue_followups"": 0, ""understanding"": {""medication"": null, ""salt_and_diet"": null, ""danger_signs"": null, ""when_to_seek_care"": null, ""what_bp_means"": null}, ""trajectory"": null, ""n_readings"": 17}",recheck_7_days,"{""recheck_7_days"": 1.0}",recheck_7_days,,,synthetic-history,2026-10-03d
105,4,2026-08-13,"{""text"": ""Flags: none. Latest BP 138/86 on 2026-08-13, +4 from baseline 134. Medicine taken: yes. Last SMS: \""Habari daktari, presha yangu ni 134 kwa 83. Nimekunywa dawa zangu.\"". Days since last contact: 0. Low understanding: danger_signs."", ""flags"": [], ""latest_bp"": {""date"": ""2026-08-13"", ""sbp"": 138, ""dbp"": 86}, ""baseline_sbp"": 133.7, ""change_sbp"": 4.3, ""meds_taken"": ""yes"", ""symptoms"": [], ""last_sms"": ""Habari daktari, presha yangu ni 134 kwa 83. Nimekunywa dawa zangu."", ""days_since_contact"": 0, ""missed_appointments"": 0, ""overdue_followups"": 0, ""understanding"": {""medication"": null, ""salt_and_diet"": null, ""danger_signs"": 0.0, ""when_to_seek_care"": null, ""what_bp_means"": null}, ""trajectory"": null, ""n_readings"": 19}",routine,"{""routine"": 1.0}",refer_clinic,family will bring patient,,synthetic-history,2026-10-03d
106,17,2026-08-13,"{""text"": ""Flags: none. Latest BP 146/91 on 2026-08-13, +5 from baseline 141. Medicine taken: yes. Last SMS: \""Habari daktari, presha yangu ni 153 kwa 97. Nimekunywa dawa zangu.\"". Days since last contact: 0. Missed clinic appointments: 1."", ""flags"": [], ""latest_bp"": {""date"": ""2026-08-13"", ""sbp"": 146, ""dbp"": 91}, ""baseline_sbp"": 141.0, ""change_sbp"": 5.0, ""meds_taken"": ""yes"", ""symptoms"": [], ""last_sms"": ""Habari daktari, presha yangu ni 153 kwa 97. Nimekunywa dawa zangu."", ""days_since_contact"": 0, ""missed_appointments"": 1, ""overdue_followups"": 0, ""understanding"": {""medication"": null, ""salt_and_diet"": 1.0, ""danger_signs"": null, ""when_to_seek_care"": null, ""what_bp_means"": null}, ""trajectory"": null, ""n_readings"": 16}",routine,"{""routine"": 1.0}",routine,,,synthetic-history,2026-10-03d
107,33,2026-08-13,"{""text"": ""Flags: none. Latest BP 140/95 on 2026-08-13, -3 from baseline 143. Medicine taken: yes. Last SMS: \""145/91 leo. Asante\"". Days since last contact: 0."", ""flags"": [], ""latest_bp"": {""date"": ""2026-08-13"", ""sbp"": 140, ""dbp"": 95}, ""baseline_sbp"": 143.0, ""change_sbp"": -3.0, ""meds_taken"": ""yes"", ""symptoms"": [], ""last_sms"": ""145/91 leo. Asante"", ""days_since_contact"": 0, ""missed_appointments"": 0, ""overdue_followups"": 0, ""understanding"": {""medication"": null, ""salt_and_diet"": null, ""danger_signs"": null, ""when_to_seek_care"": null, ""what_bp_means"": null}, ""trajectory"": null, ""n_readings"": 17}",routine,"{""routine"": 1.0}",routine,,,synthetic-history,2026-10-03d
108,60,2026-08-13,"{""text"": ""Flags: none. Latest BP 129/81 on 2026-08-13, +5 from baseline 124. Medicine taken: yes. Last SMS: \""presha leo 129/82\"". Days since last contact: 0."", ""flags"": [], ""latest_bp"": {""date"": ""2026-08-13"", ""sbp"": 129, ""dbp"": 81}, ""baseline_sbp"": 123.7, ""change_sbp"": 5.3, ""meds_taken"": ""yes"", ""symptoms"": [], ""last_sms"": ""presha leo 129/82"", ""days_since_contact"": 0, ""missed_appointments"": 0, ""overdue_followups"": 0, ""understanding"": {""medication"": null, ""salt_and_diet"": null, ""danger_signs"": null, ""when_to_seek_care"": null, ""what_bp_means"": null}, ""trajectory"": null, ""n_readings"": 18}",routine,"{""routine"": 1.0}",recheck_7_days,already seen at clinic,,synthetic-history,2026-10-03d
109,3,2026-08-15,"{""text"": ""Flags: none. Latest BP 135/79 on 2026-08-15, +4 from baseline 131. Medicine taken: yes. Last SMS: \""Ma tension est 138 sur 83, je prends bien mes médicaments chaque jour.\"". Days since last contact: 0."", ""flags"": [], ""latest_bp"": {""date"": ""2026-08-15"", ""sbp"": 135, ""dbp"": 79}, ""baseline_sbp"": 130.7, ""change_sbp"": 4.3, ""meds_taken"": ""yes"", ""symptoms"": [], ""last_sms"": ""Ma tension est 138 sur 83, je prends bien mes médicaments chaque jour."", ""days_since_contact"": 0, ""missed_appointments"": 0, ""overdue_followups"": 0, ""understanding"": {""medication"": null, ""salt_and_diet"": null, ""danger_signs"": null, ""when_to_seek_care"": null, ""what_bp_means"": null}, ""trajectory"": null, ""n_readings"": 18}",routine,"{""routine"": 1.0}",routine,,,synthetic-history,2026-10-03d
110,51,2026-08-15,"{""text"": ""Flags: none. Latest BP 125/80 on 2026-08-15, -8 from baseline 133. Medicine taken: yes. Last SMS: \""Bonjour, ma tension aujourd'hui est 125/80. J'ai pris mes médicaments.\"". Days since last contact: 0. Low understanding: danger_signs."", ""flags"": [], ""latest_bp"": {""date"": ""2026-08-15"", ""sbp"": 125, ""dbp"": 80}, ""baseline_sbp"": 132.7, ""change_sbp"": -7.7, ""meds_taken"": ""yes"", ""symptoms"": [], ""last_sms"": ""Bonjour, ma tension aujourd'hui est 125/80. J'ai pris mes médicaments."", ""days_since_contact"": 0, ""missed_appointments"": 0, ""overdue_followups"": 0, ""understanding"": {""medication"": null, ""salt_and_diet"": null, ""danger_signs"": 0.0, ""when_to_seek_care"": null, ""what_bp_means"": null}, ""trajectory"": null, ""n_readings"": 21}",routine,"{""routine"": 1.0}",routine,,,synthetic-history,2026-10-03d
111,55,2026-08-15,"{""text"": ""Flags: none. Latest BP 137/85 on 2026-08-15, -1 from baseline 138. Medicine taken: yes. Days since last contact: 0."", ""flags"": [], ""latest_bp"": {""date"": ""2026-08-15"", ""sbp"": 137, ""dbp"": 85}, ""baseline_sbp"": 138.0, ""change_sbp"": -1.0, ""meds_taken"": ""yes"", ""symptoms"": [], ""last_sms"": null, ""days_since_contact"": 0, ""missed_appointments"": 0, ""overdue_followups"": 0, ""understanding"": {""medication"": null, ""salt_and_diet"": null, ""danger_signs"": null, ""when_to_seek_care"": null, ""what_bp_means"": null}, ""trajectory"": null, ""n_readings"": 6}",routine,"{""routine"": 1.0}",routine,,,synthetic-history,2026-10-03d
112,59,2026-08-15,"{""text"": ""Flags: none. Latest BP 147/95 on 2026-08-15, -0 from baseline 147. Medicine taken: partial. Last SMS: \""142/85 leo. Asante\"". Days since last contact: 0. Low understanding: when_to_seek_care."", ""flags"": [], ""latest_bp"": {""date"": ""2026-08-15"", ""sbp"": 147, ""dbp"": 95}, ""baseline_sbp"": 147.3, ""change_sbp"": -0.3, ""meds_taken"": ""partial"", ""symptoms"": [], ""last_sms"": ""142/85 leo. Asante"", ""days_since_contact"": 0, ""missed_appointments"": 0, ""overdue_followups"": 0, ""understanding"": {""medication"": null, ""salt_and_diet"": null, ""danger_signs"": null, ""when_to_seek_care"": 0.0, ""what_bp_means"": null}, ""trajectory"": null, ""n_readings"": 18}",routine,"{""routine"": 1.0}",routine,,,synthetic-history,2026-10-03d
113,45,2026-08-17,"{""text"": ""Flags: none. Latest BP 135/86 on 2026-08-17, +7 from baseline 128. Medicine taken: yes. Last SMS: \""Que Dieu vous bénisse.\"". Days since last contact: 0."", ""flags"": [], ""latest_bp"": {""date"": ""2026-08-17"", ""sbp"": 135, ""dbp"": 86}, ""baseline_sbp"": 127.7, ""change_sbp"": 7.3, ""meds_taken"": ""yes"", ""symptoms"": [], ""last_sms"": ""Que Dieu vous bénisse."", ""days_since_contact"": 0, ""missed_appointments"": 0, ""overdue_followups"": 0, ""understanding"": {""medication"": null, ""salt_and_diet"": null, ""danger_signs"": null, ""when_to_seek_care"": null, ""what_bp_means"": null}, ""trajectory"": null, ""n_readings"": 17}",routine,"{""routine"": 1.0}",routine,,,synthetic-history,2026-10-03d
114,57,2026-08-17,"{""text"": ""Flags: none. Latest BP 134/77 on 2026-08-17, +2 from baseline 132. Medicine taken: yes. Last SMS: \""Shikamoo. Nimepima leo 134/77, dawa nimekunywa asubuhi.\"". Days since last contact: 0."", ""flags"": [], ""latest_bp"": {""date"": ""2026-08-17"", ""sbp"": 134, ""dbp"": 77}, ""baseline_sbp"": 131.7, ""change_sbp"": 2.3, ""meds_taken"": ""yes"", ""symptoms"": [], ""last_sms"": ""Shikamoo. Nimepima leo 134/77, dawa nimekunywa asubuhi."", ""days_since_contact"": 0, ""missed_appointments"": 0, ""overdue_followups"": 0, ""understanding"": {""medication"": null, ""salt_and_diet"": 1.0, ""danger_signs"": null, ""when_to_seek_care"": null, ""what_bp_means"": 1.0}, ""trajectory"": null, ""n_readings"": 18}",routine,"{""routine"": 1.0}",routine,,,synthetic-history,2026-10-03d
115,2,2026-08-18,"{""text"": ""Flags: none. Latest BP 133/73 on 2026-08-18, -2 from baseline 135. Medicine taken: yes. Last SMS: \""Habari daktari, presha yangu ni 134 kwa 73. Nimekunywa dawa zangu.\"". Days since last contact: 0."", ""flags"": [], ""latest_bp"": {""date"": ""2026-08-18"", ""sbp"": 133, ""dbp"": 73}, ""baseline_sbp"": 135.3, ""change_sbp"": -2.3, ""meds_taken"": ""yes"", ""symptoms"": [], ""last_sms"": ""Habari daktari, presha yangu ni 134 kwa 73. Nimekunywa dawa zangu."", ""days_since_contact"": 0, ""missed_appointments"": 0, ""overdue_followups"": 0, ""understanding"": {""medication"": null, ""salt_and_diet"": null, ""danger_signs"": 1.0, ""when_to_seek_care"": null, ""what_bp_means"": 1.0}, ""trajectory"": null, ""n_readings"": 20}",routine,"{""routine"": 1.0}",routine,,,synthetic-history,2026-10-03d
116,9,2026-08-18,"{""text"": ""Flags: none. Latest BP 150/91 on 2026-08-18, +9 from baseline 141. Medicine taken: yes. Last SMS: \""My pressure is 143 over 90 this morning\"". Days since last contact: 0."", ""flags"": [], ""latest_bp"": {""date"": ""2026-08-18"", ""sbp"": 150, ""dbp"": 91}, ""baseline_sbp"": 141.3, ""change_sbp"": 8.7, ""meds_taken"": ""yes"", ""symptoms"": [], ""last_sms"": ""My pressure is 143 over 90 this morning"", ""days_since_contact"": 0, ""missed_appointments"": 0, ""overdue_followups"": 0, ""understanding"": {""medication"": null, ""salt_and_diet"": null, ""danger_signs"": 1.0, ""when_to_seek_care"": null, ""what_bp_means"": null}, ""trajectory"": null, ""n_readings"": 20}",routine,"{""routine"": 1.0}",routine,,,synthetic-history,2026-10-03d
117,18,2026-08-18,"{""text"": ""Flags: who_risk 25%. Latest BP 151/95 on 2026-08-18, +14 from baseline 137. Medicine taken: yes. Last SMS: \""Sawa, nimeelewa.\"". Days since last contact: 0."", ""flags"": [{""type"": ""who_risk"", ""value"": ""25%"", ""emergency"": ""no""}], ""latest_bp"": {""date"": ""2026-08-18"", ""sbp"": 151, ""dbp"": 95}, ""baseline_sbp"": 137.3, ""change_sbp"": 13.7, ""meds_taken"": ""yes"", ""symptoms"": [], ""last_sms"": ""Sawa, nimeelewa."", ""days_since_contact"": 0, ""missed_appointments"": 0, ""overdue_followups"": 0, ""understanding"": {""medication"": null, ""salt_and_diet"": null, ""danger_signs"": null, ""when_to_seek_care"": null, ""what_bp_means"": null}, ""trajectory"": null, ""n_readings"": 17}",visit_this_week,"{""visit_this_week"": 1.0}",visit_this_week,,,synthetic-history,2026-10-03d
118,29,2026-08-18,"{""text"": ""Flags: none. Latest BP 144/91 on 2026-08-18, +6 from baseline 138. Medicine taken: no. Last SMS: \""139/86 leo. Asante\"". Days since last contact: 0."", ""flags"": [], ""latest_bp"": {""date"": ""2026-08-18"", ""sbp"": 144, ""dbp"": 91}, ""baseline_sbp"": 137.7, ""change_sbp"": 6.3, ""meds_taken"": ""no"", ""symptoms"": [], ""last_sms"": ""139/86 leo. Asante"", ""days_since_contact"": 0, ""missed_appointments"": 0, ""overdue_followups"": 0, ""understanding"": {""medication"": null, ""salt_and_diet"": null, ""danger_signs"": null, ""when_to_seek_care"": null, ""what_bp_means"": null}, ""trajectory"": null, ""n_readings"": 18}",routine,"{""routine"": 1.0}",routine,,,synthetic-history,2026-10-03d
119,30,2026-08-18,"{""text"": ""Flags: threshold 153/104. Latest BP 153/104 on 2026-08-18, +9 from baseline 144. Medicine taken: yes. Last SMS: \""Can I stop the tablets if I feel fine?\"". Days since last contact: 0."", ""flags"": [{""type"": ""threshold"", ""value"": ""153/104"", ""emergency"": ""no""}], ""latest_bp"": {""date"": ""2026-08-18"", ""sbp"": 153, ""dbp"": 104}, ""baseline_sbp"": 144.3, ""change_sbp"": 8.7, ""meds_taken"": ""yes"", ""symptoms"": [], ""last_sms"": ""Can I stop the tablets if I feel fine?"", ""days_since_contact"": 0, ""missed_appointments"": 0, ""overdue_followups"": 0, ""understanding"": {""medication"": null, ""salt_and_diet"": null, ""danger_signs"": null, ""when_to_seek_care"": null, ""what_bp_means"": null}, ""trajectory"": null, ""n_readings"": 18}",visit_this_week,"{""visit_this_week"": 1.0}",visit_this_week,,,synthetic-history,2026-10-03d
120,32,2026-08-18,"{""text"": ""Flags: none. Latest BP 134/84 on 2026-08-18, -5 from baseline 139. Medicine taken: yes. Last SMS: \""presha leo 136/86\"". Days since last contact: 0."", ""flags"": [], ""latest_bp"": {""date"": ""2026-08-18"", ""sbp"": 134, ""dbp"": 84}, ""baseline_sbp"": 139.0, ""change_sbp"": -5.0, ""meds_taken"": ""yes"", ""symptoms"": [], ""last_sms"": ""presha leo 136/86"", ""days_since_contact"": 0, ""missed_appointments"": 0, ""overdue_followups"": 0, ""understanding"": {""medication"": 1.0, ""salt_and_diet"": null, ""danger_signs"": null, ""when_to_seek_care"": null, ""what_bp_means"": null}, ""trajectory"": null, ""n_readings"": 18}",routine,"{""routine"": 1.0}",routine,,,synthetic-history,2026-10-03d
121,13,2026-08-19,"{""text"": ""Flags: none. Latest BP 139/81 on 2026-08-19, -1 from baseline 140. Medicine taken: yes. Last SMS: \""tension 139/87\"". Days since last contact: 0. Low understanding: danger_signs."", ""flags"": [], ""latest_bp"": {""date"": ""2026-08-19"", ""sbp"": 139, ""dbp"": 81}, ""baseline_sbp"": 140.3, ""change_sbp"": -1.3, ""meds_taken"": ""yes"", ""symptoms"": [], ""last_sms"": ""tension 139/87"", ""days_since_contact"": 0, ""missed_appointments"": 0, ""overdue_followups"": 0, ""understanding"": {""medication"": null, ""salt_and_diet"": null, ""danger_signs"": 0.0, ""when_to_seek_care"": null, ""what_bp_means"": null}, ""trajectory"": null, ""n_readings"": 20}",routine,"{""routine"": 1.0}",routine,,,synthetic-history,2026-10-03d
122,24,2026-08-20,"{""text"": ""Flags: none. Latest BP 131/79 on 2026-08-20, -8 from baseline 139. Medicine taken: yes. Last SMS: \""tension 126/76\"". Days since last contact: 0."", ""flags"": [], ""latest_bp"": {""date"": ""2026-08-20"", ""sbp"": 131, ""dbp"": 79}, ""baseline_sbp"": 139.3, ""change_sbp"": -8.3, ""meds_taken"": ""yes"", ""symptoms"": [], ""last_sms"": ""tension 126/76"", ""days_since_contact"": 0, ""missed_appointments"": 0, ""overdue_followups"": 0, ""understanding"": {""medication"": null, ""salt_and_diet"": null, ""danger_signs"": null, ""when_to_seek_care"": null, ""what_bp_means"": null}, ""trajectory"": null, ""n_readings"": 19}",routine,"{""routine"": 1.0}",routine,,,synthetic-history,2026-10-03d
123,26,2026-08-20,"{""text"": ""Flags: none. Latest BP 137/88 on 2026-08-20, -4 from baseline 141. Medicine taken: partial. Last SMS: \""presha leo 135/88\"". Days since last contact: 0."", ""flags"": [], ""latest_bp"": {""date"": ""2026-08-20"", ""sbp"": 137, ""dbp"": 88}, ""baseline_sbp"": 140.7, ""change_sbp"": -3.7, ""meds_taken"": ""partial"", ""symptoms"": [], ""last_sms"": ""presha leo 135/88"", ""days_since_contact"": 0, ""missed_appointments"": 0, ""overdue_followups"": 0, ""understanding"": {""medication"": null, ""salt_and_diet"": null, ""danger_signs"": null, ""when_to_seek_care"": null, ""what_bp_means"": null}, ""trajectory"": null, ""n_readings"": 18}",routine,"{""routine"": 1.0}",routine,,,synthetic-history,2026-10-03d
124,36,2026-08-20,"{""text"": ""Flags: none. Latest BP 133/87 on 2026-08-20, -1 from baseline 134. Medicine taken: partial. Last SMS: \""Nimepima dispensari 138/89. Nimekunywa dawa moja tu kati ya mbili.\"". Days since last contact: 0. Missed clinic appointments: 2."", ""flags"": [], ""latest_bp"": {""date"": ""2026-08-20"", ""sbp"": 133, ""dbp"": 87}, ""baseline_sbp"": 133.7, ""change_sbp"": -0.7, ""meds_taken"": ""partial"", ""symptoms"": [], ""last_sms"": ""Nimepima dispensari 138/89. Nimekunywa dawa moja tu kati ya mbili."", ""days_since_contact"": 0, ""missed_appointments"": 2, ""overdue_followups"": 0, ""understanding"": {""medication"": null, ""salt_and_diet"": null, ""danger_signs"": null, ""when_to_seek_care"": null, ""what_bp_means"": null}, ""trajectory"": null, ""n_readings"": 18}",routine,"{""routine"": 1.0}",routine,,,synthetic-history,2026-10-03d
125,38,2026-08-20,"{""text"": ""Flags: threshold 179/110; trend +31. Latest BP 179/110 on 2026-08-20, +42 from baseline 137. Medicine taken: yes. Last SMS: \""Shikamoo. Nimepima leo 168/102, dawa nimekunywa asubuhi.\"". Days since last contact: 0."", ""flags"": [{""type"": ""threshold"", ""value"": ""179/110"", ""emergency"": ""yes""}, {""type"": ""trend"", ""value"": ""+31"", ""emergency"": ""no""}], ""latest_bp"": {""date"": ""2026-08-20"", ""sbp"": 179, ""dbp"": 110}, ""baseline_sbp"": 136.7, ""change_sbp"": 42.3, ""meds_taken"": ""yes"", ""symptoms"": [], ""last_sms"": ""Shikamoo. Nimepima leo 168/102, dawa nimekunywa asubuhi."", ""days_since_contact"": 0, ""missed_appointments"": 0, ""overdue_followups"": 0, ""understanding"": {""medication"": null, ""salt_and_diet"": null, ""danger_signs"": null, ""when_to_seek_care"": null, ""what_bp_means"": null}, ""trajectory"": null, ""n_readings"": 19}",emergency_now,"{""emergency_now"": 1.0}",emergency_now,,,synthetic-history,2026-10-03d
126,15,2026-08-22,"{""text"": ""Flags: none. Latest BP 127/79 on 2026-08-22, +1 from baseline 126. Medicine taken: yes. Last SMS: \""J'ai mesuré au centre de santé : 120/82. Médicaments pris.\"". Days since last contact: 0."", ""flags"": [], ""latest_bp"": {""date"": ""2026-08-22"", ""sbp"": 127, ""dbp"": 79}, ""baseline_sbp"": 126.0, ""change_sbp"": 1.0, ""meds_taken"": ""yes"", ""symptoms"": [], ""last_sms"": ""J'ai mesuré au centre de santé : 120/82. Médicaments pris."", ""days_since_contact"": 0, ""missed_appointments"": 0, ""overdue_followups"": 0, ""understanding"": {""medication"": null, ""salt_and_diet"": null, ""danger_signs"": null, ""when_to_seek_care"": null, ""what_bp_means"": null}, ""trajectory"": null, ""n_readings"": 19}",routine,"{""routine"": 1.0}",routine,,,synthetic-history,2026-10-03d
127,10,2026-08-23,"{""text"": ""Flags: none. Latest BP 143/88 on 2026-08-23, +3 from baseline 140. Last SMS: \""Bjr, tension 143 sur 88 ce matin\"". Days since last contact: 0."", ""flags"": [], ""latest_bp"": {""date"": ""2026-08-23"", ""sbp"": 143, ""dbp"": 88}, ""baseline_sbp"": 139.7, ""change_sbp"": 3.3, ""meds_taken"": null, ""symptoms"": [], ""last_sms"": ""Bjr, tension 143 sur 88 ce matin"", ""days_since_contact"": 0, ""missed_appointments"": 0, ""overdue_followups"": 0, ""understanding"": {""medication"": 1.0, ""salt_and_diet"": null, ""danger_signs"": null, ""when_to_seek_care"": null, ""what_bp_means"": null}, ""trajectory"": null, ""n_readings"": 18}",routine,"{""routine"": 1.0}",routine,,,synthetic-history,2026-10-03d
128,19,2026-08-23,"{""text"": ""Flags: none. Latest BP 147/95 on 2026-08-23, +9 from baseline 138. Medicine taken: yes. Last SMS: \""Mimi ni mzima. Presha ni 156/99, nakunywa dawa kila siku.\"". Days since last contact: 0."", ""flags"": [], ""latest_bp"": {""date"": ""2026-08-23"", ""sbp"": 147, ""dbp"": 95}, ""baseline_sbp"": 138.0, ""change_sbp"": 9.0, ""meds_taken"": ""yes"", ""symptoms"": [], ""last_sms"": ""Mimi ni mzima. Presha ni 156/99, nakunywa dawa kila siku."", ""days_since_contact"": 0, ""missed_appointments"": 0, ""overdue_followups"": 0, ""understanding"": {""medication"": null, ""salt_and_diet"": 1.0, ""danger_signs"": null, ""when_to_seek_care"": null, ""what_bp_means"": null}, ""trajectory"": null, ""n_readings"": 18}",routine,"{""routine"": 1.0}",routine,,,synthetic-history,2026-10-03d
129,38,2026-08-23,"{""text"": ""Flags: none. Latest BP 139/94 on 2026-08-23, +2 from baseline 137. Medicine taken: yes. Last SMS: \""Shikamoo. Nimepima leo 168/102, dawa nimekunywa asubuhi.\"". Days since last contact: 0."", ""flags"": [], ""latest_bp"": {""date"": ""2026-08-23"", ""sbp"": 139, ""dbp"": 94}, ""baseline_sbp"": 136.7, ""change_sbp"": 2.3, ""meds_taken"": ""yes"", ""symptoms"": [], ""last_sms"": ""Shikamoo. Nimepima leo 168/102, dawa nimekunywa asubuhi."", ""days_since_contact"": 0, ""missed_appointments"": 0, ""overdue_followups"": 0, ""understanding"": {""medication"": null, ""salt_and_diet"": null, ""danger_signs"": null, ""when_to_seek_care"": null, ""what_bp_means"": null}, ""trajectory"": null, ""n_readings"": 20}",routine,"{""routine"": 1.0}",routine,,,synthetic-history,2026-10-03d
130,35,2026-08-24,"{""text"": ""Flags: none. Latest BP 135/84 on 2026-08-24, -6 from baseline 141. Last SMS: \""Bjr, tension 135 sur 84 ce matin\"". Days since last contact: 0."", ""flags"": [], ""latest_bp"": {""date"": ""2026-08-24"", ""sbp"": 135, ""dbp"": 84}, ""baseline_sbp"": 141.3, ""change_sbp"": -6.3, ""meds_taken"": null, ""symptoms"": [], ""last_sms"": ""Bjr, tension 135 sur 84 ce matin"", ""days_since_contact"": 0, ""missed_appointments"": 0, ""overdue_followups"": 0, ""understanding"": {""medication"": null, ""salt_and_diet"": null, ""danger_signs"": null, ""when_to_seek_care"": null, ""what_bp_means"": null}, ""trajectory"": null, ""n_readings"": 19}",routine,"{""routine"": 1.0}",routine,,,synthetic-history,2026-10-03d
131,37,2026-08-24,"{""text"": ""Flags: none. Latest BP 124/77 on 2026-08-24, -6 from baseline 130. Medicine taken: yes. Last SMS: \""Habari za asubuhi, niko safarini wiki hii.\"". Days since last contact: 0. Low understanding: salt_and_diet."", ""flags"": [], ""latest_bp"": {""date"": ""2026-08-24"", ""sbp"": 124, ""dbp"": 77}, ""baseline_sbp"": 130.3, ""change_sbp"": -6.3, ""meds_taken"": ""yes"", ""symptoms"": [], ""last_sms"": ""Habari za asubuhi, niko safarini wiki hii."", ""days_since_contact"": 0, ""missed_appointments"": 0, ""overdue_followups"": 0, ""understanding"": {""medication"": null, ""salt_and_diet"": 0.0, ""danger_signs"": null, ""when_to_seek_care"": null, ""what_bp_means"": null}, ""trajectory"": null, ""n_readings"": 19}",routine,"{""routine"": 1.0}",routine,,,synthetic-history,2026-10-03d
132,54,2026-08-25,"{""text"": ""Flags: none. Latest BP 145/92 on 2026-08-25, +15 from baseline 130. Medicine taken: yes. Last SMS: \""Ma tension est 143 sur 92, je prends bien mes médicaments chaque jour.\"". Days since last contact: 0."", ""flags"": [], ""latest_bp"": {""date"": ""2026-08-25"", ""sbp"": 145, ""dbp"": 92}, ""baseline_sbp"": 129.7, ""change_sbp"": 15.3, ""meds_taken"": ""yes"", ""symptoms"": [], ""last_sms"": ""Ma tension est 143 sur 92, je prends bien mes médicaments chaque jour."", ""days_since_contact"": 0, ""missed_appointments"": 0, ""overdue_followups"": 0, ""understanding"": {""medication"": null, ""salt_and_diet"": null, ""danger_signs"": null, ""when_to_seek_care"": null, ""what_bp_means"": null}, ""trajectory"": null, ""n_readings"": 20}",routine,"{""routine"": 1.0}",visit_this_week,patient travelling,,synthetic-history,2026-10-03d
133,6,2026-08-26,"{""text"": ""Flags: none. Latest BP 139/83 on 2026-08-26, -5 from baseline 144. Medicine taken: yes. Last SMS: \""presha leo 135/83\"". Days since last contact: 0."", ""flags"": [], ""latest_bp"": {""date"": ""2026-08-26"", ""sbp"": 139, ""dbp"": 83}, ""baseline_sbp"": 143.7, ""change_sbp"": -4.7, ""meds_taken"": ""yes"", ""symptoms"": [], ""last_sms"": ""presha leo 135/83"", ""days_since_contact"": 0, ""missed_appointments"": 0, ""overdue_followups"": 0, ""understanding"": {""medication"": null, ""salt_and_diet"": null, ""danger_signs"": null, ""when_to_seek_care"": null, ""what_bp_means"": null}, ""trajectory"": null, ""n_readings"": 20}",routine,"{""routine"": 1.0}",routine,,,synthetic-history,2026-10-03d
134,16,2026-08-26,"{""text"": ""Flags: none. Latest BP 139/94 on 2026-08-26, +11 from baseline 128. Medicine taken: no. Last SMS: \""God bless you.\"". Days since last contact: 0."", ""flags"": [], ""latest_bp"": {""date"": ""2026-08-26"", ""sbp"": 139, ""dbp"": 94}, ""baseline_sbp"": 128.3, ""change_sbp"": 10.7, ""meds_taken"": ""no"", ""symptoms"": [], ""last_sms"": ""God bless you."", ""days_since_contact"": 0, ""missed_appointments"": 0, ""overdue_followups"": 0, ""understanding"": {""medication"": null, ""salt_and_diet"": null, ""danger_signs"": null, ""when_to_seek_care"": null, ""what_bp_means"": null}, ""trajectory"": null, ""n_readings"": 19}",routine,"{""routine"": 1.0}",routine,,,synthetic-history,2026-10-03d
135,47,2026-08-26,"{""text"": ""Flags: none. Latest BP 137/84 on 2026-08-26, +4 from baseline 133. Last SMS: \""presha leo 137/84\"". Days since last contact: 0."", ""flags"": [], ""latest_bp"": {""date"": ""2026-08-26"", ""sbp"": 137, ""dbp"": 84}, ""baseline_sbp"": 133.0, ""change_sbp"": 4.0, ""meds_taken"": null, ""symptoms"": [], ""last_sms"": ""presha leo 137/84"", ""days_since_contact"": 0, ""missed_appointments"": 0, ""overdue_followups"": 0, ""understanding"": {""medication"": null, ""salt_and_diet"": 1.0, ""danger_signs"": null, ""when_to_seek_care"": null, ""what_bp_means"": null}, ""trajectory"": null, ""n_readings"": 22}",routine,"{""routine"": 1.0}",routine,,,synthetic-history,2026-10-03d
136,50,2026-08-26,"{""text"": ""Flags: none. Latest BP 128/75 on 2026-08-26, -3 from baseline 131. Medicine taken: partial. Last SMS: \""Habari daktari, presha yangu ni 137 kwa 79. Nimekunywa dawa zangu.\"". Days since last contact: 0."", ""flags"": [], ""latest_bp"": {""date"": ""2026-08-26"", ""sbp"": 128, ""dbp"": 75}, ""baseline_sbp"": 131.3, ""change_sbp"": -3.3, ""meds_taken"": ""partial"", ""symptoms"": [], ""last_sms"": ""Habari daktari, presha yangu ni 137 kwa 79. Nimekunywa dawa zangu."", ""days_since_contact"": 0, ""missed_appointments"": 0, ""overdue_followups"": 0, ""understanding"": {""medication"": 1.0, ""salt_and_diet"": 1.0, ""danger_signs"": 1.0, ""when_to_seek_care"": null, ""what_bp_means"": null}, ""trajectory"": null, ""n_readings"": 19}",routine,"{""routine"": 1.0}",routine,,,synthetic-history,2026-10-03d
137,23,2026-08-27,"{""text"": ""Flags: trend +16. Latest BP 159/94 on 2026-08-27, +15 from baseline 144. Medicine taken: partial. Last SMS: \""Naweza kunywa dawa ya presha pamoja na chakula?\"". Days since last contact: 0."", ""flags"": [{""type"": ""trend"", ""value"": ""+16"", ""emergency"": ""no""}], ""latest_bp"": {""date"": ""2026-08-27"", ""sbp"": 159, ""dbp"": 94}, ""baseline_sbp"": 144.3, ""change_sbp"": 14.7, ""meds_taken"": ""partial"", ""symptoms"": [], ""last_sms"": ""Naweza kunywa dawa ya presha pamoja na chakula?"", ""days_since_contact"": 0, ""missed_appointments"": 0, ""overdue_followups"": 0, ""understanding"": {""medication"": null, ""salt_and_diet"": null, ""danger_signs"": null, ""when_to_seek_care"": null, ""what_bp_means"": null}, ""trajectory"": null, ""n_readings"": 18}",recheck_7_days,"{""recheck_7_days"": 1.0}",recheck_7_days,,,synthetic-history,2026-10-03d
138,25,2026-08-27,"{""text"": ""Flags: threshold 160/103; trend +15. Latest BP 160/103 on 2026-08-27, +26 from baseline 134. Medicine taken: yes. Last SMS: \""Mimi ni mzima. Presha ni 152/102, nakunywa dawa kila siku.\"". Days since last contact: 0."", ""flags"": [{""type"": ""threshold"", ""value"": ""160/103"", ""emergency"": ""no""}, {""type"": ""trend"", ""value"": ""+15"", ""emergency"": ""no""}], ""latest_bp"": {""date"": ""2026-08-27"", ""sbp"": 160, ""dbp"": 103}, ""baseline_sbp"": 134.3, ""change_sbp"": 25.7, ""meds_taken"": ""yes"", ""symptoms"": [], ""last_sms"": ""Mimi ni mzima. Presha ni 152/102, nakunywa dawa kila siku."", ""days_since_contact"": 0, ""missed_appointments"": 0, ""overdue_followups"": 0, ""understanding"": {""medication"": null, ""salt_and_diet"": null, ""danger_signs"": null, ""when_to_seek_care"": 1.0, ""what_bp_means"": null}, ""trajectory"": null, ""n_readings"": 19}",visit_this_week,"{""visit_this_week"": 1.0}",visit_this_week,,,synthetic-history,2026-10-03d
139,43,2026-08-27,"{""text"": ""Flags: none. Latest BP 131/92 on 2026-08-27, -1 from baseline 132. Medicine taken: partial. Last SMS: \""134/86 leo. Asante\"". Days since last contact: 0."", ""flags"": [], ""latest_bp"": {""date"": ""2026-08-27"", ""sbp"": 131, ""dbp"": 92}, ""baseline_sbp"": 132.3, ""change_sbp"": -1.3, ""meds_taken"": ""partial"", ""symptoms"": [], ""last_sms"": ""134/86 leo. Asante"", ""days_since_contact"": 0, ""missed_appointments"": 0, ""overdue_followups"": 0, ""understanding"": {""medication"": null, ""salt_and_diet"": null, ""danger_signs"": 1.0, ""when_to_seek_care"": null, ""what_bp_means"": null}, ""trajectory"": null, ""n_readings"": 22}",routine,"{""routine"": 1.0}",routine,,,synthetic-history,2026-10-03d
140,52,2026-08-27,"{""text"": ""Flags: none. Latest BP 134/81 on 2026-08-27, +11 from baseline 123. Medicine taken: yes. Last SMS: \""Mimi ni mzima. Presha ni 125/76, nakunywa dawa kila siku.\"". Days since last contact: 0."", ""flags"": [], ""latest_bp"": {""date"": ""2026-08-27"", ""sbp"": 134, ""dbp"": 81}, ""baseline_sbp"": 122.7, ""change_sbp"": 11.3, ""meds_taken"": ""yes"", ""symptoms"": [], ""last_sms"": ""Mimi ni mzima. Presha ni 125/76, nakunywa dawa kila siku."", ""days_since_contact"": 0, ""missed_appointments"": 0, ""overdue_followups"": 0, ""understanding"": {""medication"": null, ""salt_and_diet"": null, ""danger_signs"": null, ""when_to_seek_care"": null, ""what_bp_means"": null}, ""trajectory"": null, ""n_readings"": 19}",routine,"{""routine"": 1.0}",routine,,,synthetic-history,2026-10-03d
141,17,2026-08-28,"{""text"": ""Flags: threshold 156/105. Latest BP 156/105 on 2026-08-28, +15 from baseline 141. Medicine taken: yes. Last SMS: \""Naweza kunywa dawa ya presha pamoja na chakula?\"". Days since last contact: 0. Missed clinic appointments: 1."", ""flags"": [{""type"": ""threshold"", ""value"": ""156/105"", ""emergency"": ""no""}], ""latest_bp"": {""date"": ""2026-08-28"", ""sbp"": 156, ""dbp"": 105}, ""baseline_sbp"": 141.0, ""change_sbp"": 15.0, ""meds_taken"": ""yes"", ""symptoms"": [], ""last_sms"": ""Naweza kunywa dawa ya presha pamoja na chakula?"", ""days_since_contact"": 0, ""missed_appointments"": 1, ""overdue_followups"": 0, ""understanding"": {""medication"": null, ""salt_and_diet"": 1.0, ""danger_signs"": null, ""when_to_seek_care"": null, ""what_bp_means"": null}, ""trajectory"": null, ""n_readings"": 18}",visit_this_week,"{""visit_this_week"": 1.0}",visit_this_week,,,synthetic-history,2026-10-03d
142,31,2026-08-28,"{""text"": ""Flags: none. Latest BP 143/87 on 2026-08-28, -2 from baseline 145. Medicine taken: yes. Last SMS: \""Habari daktari, presha yangu ni 137 kwa 89. Nimekunywa dawa zangu.\"". Days since last contact: 0."", ""flags"": [], ""latest_bp"": {""date"": ""2026-08-28"", ""sbp"": 143, ""dbp"": 87}, ""baseline_sbp"": 144.7, ""change_sbp"": -1.7, ""meds_taken"": ""yes"", ""symptoms"": [], ""last_sms"": ""Habari daktari, presha yangu ni 137 kwa 89. Nimekunywa dawa zangu."", ""days_since_contact"": 0, ""missed_appointments"": 0, ""overdue_followups"": 0, ""understanding"": {""medication"": null, ""salt_and_diet"": 1.0, ""danger_signs"": 1.0, ""when_to_seek_care"": null, ""what_bp_means"": null}, ""trajectory"": null, ""n_readings"": 19}",routine,"{""routine"": 1.0}",routine,,,synthetic-history,2026-10-03d
143,14,2026-08-29,"{""text"": ""Flags: none. Latest BP 126/81 on 2026-08-29, -5 from baseline 131. Medicine taken: yes. Last SMS: \""My BP is 126 over 83, taking my medicine every day.\"". Days since last contact: 0."", ""flags"": [], ""latest_bp"": {""date"": ""2026-08-29"", ""sbp"": 126, ""dbp"": 81}, ""baseline_sbp"": 131.0, ""change_sbp"": -5.0, ""meds_taken"": ""yes"", ""symptoms"": [], ""last_sms"": ""My BP is 126 over 83, taking my medicine every day."", ""days_since_contact"": 0, ""missed_appointments"": 0, ""overdue_followups"": 0, ""understanding"": {""medication"": null, ""salt_and_diet"": null, ""danger_signs"": null, ""when_to_seek_care"": null, ""what_bp_means"": null}, ""trajectory"": null, ""n_readings"": 21}",routine,"{""routine"": 1.0}",routine,,,synthetic-history,2026-10-03d
144,20,2026-08-29,"{""text"": ""Flags: threshold 160/99. Latest BP 160/99 on 2026-08-29, +9 from baseline 151. Medicine taken: yes. Last SMS: \""Bjr, tension 157 sur 96 ce matin\"". Days since last contact: 0."", ""flags"": [{""type"": ""threshold"", ""value"": ""160/99"", ""emergency"": ""no""}], ""latest_bp"": {""date"": ""2026-08-29"", ""sbp"": 160, ""dbp"": 99}, ""baseline_sbp"": 151.0, ""change_sbp"": 9.0, ""meds_taken"": ""yes"", ""symptoms"": [], ""last_sms"": ""Bjr, tension 157 sur 96 ce matin"", ""days_since_contact"": 0, ""missed_appointments"": 0, ""overdue_followups"": 0, ""understanding"": {""medication"": null, ""salt_and_diet"": null, ""danger_signs"": null, ""when_to_seek_care"": null, ""what_bp_means"": null}, ""trajectory"": null, ""n_readings"": 22}",visit_this_week,"{""visit_this_week"": 1.0}",visit_this_week,,,synthetic-history,2026-10-03d
145,22,2026-08-29,"{""text"": ""Flags: none. Latest BP 145/85 on 2026-08-29, +8 from baseline 137. Medicine taken: partial. Last SMS: \""Mimi ni mzima. Presha ni 143/86, nakunywa dawa kila siku.\"". Days since last contact: 0."", ""flags"": [], ""latest_bp"": {""date"": ""2026-08-29"", ""sbp"": 145, ""dbp"": 85}, ""baseline_sbp"": 137.3, ""change_sbp"": 7.7, ""meds_taken"": ""partial"", ""symptoms"": [], ""last_sms"": ""Mimi ni mzima. Presha ni 143/86, nakunywa dawa kila siku."", ""days_since_contact"": 0, ""missed_appointments"": 0, ""overdue_followups"": 0, ""understanding"": {""medication"": null, ""salt_and_diet"": 1.0, ""danger_signs"": null, ""when_to_seek_care"": 1.0, ""what_bp_means"": null}, ""trajectory"": null, ""n_readings"": 18}",routine,"{""routine"": 1.0}",routine,,,synthetic-history,2026-10-03d
146,46,2026-08-29,"{""text"": ""Flags: trend +16. Latest BP 151/95 on 2026-08-29, +19 from baseline 132. Medicine taken: yes. Last SMS: \""Je, niendelee kunywa dawa hata kama najisikia vizuri?\"". Days since last contact: 0. Low understanding: danger_signs."", ""flags"": [{""type"": ""trend"", ""value"": ""+16"", ""emergency"": ""no""}], ""latest_bp"": {""date"": ""2026-08-29"", ""sbp"": 151, ""dbp"": 95}, ""baseline_sbp"": 132.0, ""change_sbp"": 19.0, ""meds_taken"": ""yes"", ""symptoms"": [], ""last_sms"": ""Je, niendelee kunywa dawa hata kama najisikia vizuri?"", ""days_since_contact"": 0, ""missed_appointments"": 0, ""overdue_followups"": 0, ""understanding"": {""medication"": null, ""salt_and_diet"": null, ""danger_signs"": 0.0, ""when_to_seek_care"": null, ""what_bp_means"": null}, ""trajectory"": null, ""n_readings"": 23}",recheck_7_days,"{""recheck_7_days"": 1.0}",recheck_7_days,,,synthetic-history,2026-10-03d
147,11,2026-08-30,"{""text"": ""Flags: threshold 154/102. Latest BP 154/102 on 2026-08-30, +11 from baseline 143. Medicine taken: partial. Last SMS: \""Asubuhi presha ilikuwa 156 kwa 109. Nimesahau kunywa dawa leo.\"". Days since last contact: 0."", ""flags"": [{""type"": ""threshold"", ""value"": ""154/102"", ""emergency"": ""no""}], ""latest_bp"": {""date"": ""2026-08-30"", ""sbp"": 154, ""dbp"": 102}, ""baseline_sbp"": 143.3, ""change_sbp"": 10.7, ""meds_taken"": ""partial"", ""symptoms"": [], ""last_sms"": ""Asubuhi presha ilikuwa 156 kwa 109. Nimesahau kunywa dawa leo."", ""days_since_contact"": 0, ""missed_appointments"": 0, ""overdue_followups"": 0, ""understanding"": {""medication"": null, ""salt_and_diet"": 1.0, ""danger_signs"": null, ""when_to_seek_care"": null, ""what_bp_means"": null}, ""trajectory"": null, ""n_readings"": 20}",visit_this_week,"{""visit_this_week"": 1.0}",visit_this_week,,,synthetic-history,2026-10-03d
148,40,2026-08-31,"{""text"": ""Flags: trend +16. Latest BP 152/90 on 2026-08-31, +16 from baseline 136. Medicine taken: yes. Last SMS: \""Habari daktari, presha yangu ni 154 kwa 88. Nimekunywa dawa zangu.\"". Days since last contact: 0."", ""flags"": [{""type"": ""trend"", ""value"": ""+16"", ""emergency"": ""no""}], ""latest_bp"": {""date"": ""2026-08-31"", ""sbp"": 152, ""dbp"": 90}, ""baseline_sbp"": 135.7, ""change_sbp"": 16.3, ""meds_taken"": ""yes"", ""symptoms"": [], ""last_sms"": ""Habari daktari, presha yangu ni 154 kwa 88. Nimekunywa dawa zangu."", ""days_since_contact"": 0, ""missed_appointments"": 0, ""overdue_followups"": 0, ""understanding"": {""medication"": null, ""salt_and_diet"": null, ""danger_signs"": null, ""when_to_seek_care"": 1.0, ""what_bp_means"": null}, ""trajectory"": null, ""n_readings"": 19}",recheck_7_days,"{""recheck_7_days"": 1.0}",recheck_7_days,,,synthetic-history,2026-10-03d
149,27,2026-09-01,"{""text"": ""Flags: none. Latest BP 136/86 on 2026-09-01, +6 from baseline 130. Medicine taken: yes. Last SMS: \""Mimi ni mzima. Presha ni 136/86, nakunywa dawa kila siku.\"". Days since last contact: 0."", ""flags"": [], ""latest_bp"": {""date"": ""2026-09-01"", ""sbp"": 136, ""dbp"": 86}, ""baseline_sbp"": 130.0, ""change_sbp"": 6.0, ""meds_taken"": ""yes"", ""symptoms"": [], ""last_sms"": ""Mimi ni mzima. Presha ni 136/86, nakunywa dawa kila siku."", ""days_since_contact"": 0, ""missed_appointments"": 0, ""overdue_followups"": 0, ""understanding"": {""medication"": null, ""salt_and_diet"": null, ""danger_signs"": null, ""when_to_seek_care"": null, ""what_bp_means"": null}, ""trajectory"": null, ""n_readings"": 21}",routine,"{""routine"": 1.0}",routine,,,synthetic-history,2026-10-03d
150,44,2026-09-01,"{""text"": ""Flags: none. Latest BP 153/99 on 2026-09-01, +17 from baseline 136. Medicine taken: yes. Last SMS: \""Shikamoo. Nimepima leo 156/101, dawa nimekunywa asubuhi.\"". Days since last contact: 0."", ""flags"": [], ""latest_bp"": {""date"": ""2026-09-01"", ""sbp"": 153, ""dbp"": 99}, ""baseline_sbp"": 136.0, ""change_sbp"": 17.0, ""meds_taken"": ""yes"", ""symptoms"": [], ""last_sms"": ""Shikamoo. Nimepima leo 156/101, dawa nimekunywa asubuhi."", ""days_since_contact"": 0, ""missed_appointments"": 0, ""overdue_followups"": 0, ""understanding"": {""medication"": null, ""salt_and_diet"": null, ""danger_signs"": null, ""when_to_seek_care"": null, ""what_bp_means"": null}, ""trajectory"": null, ""n_readings"": 19}",routine,"{""routine"": 1.0}",routine,,,synthetic-history,2026-10-03d
151,39,2026-09-03,"{""text"": ""Flags: none. Latest BP 137/85 on 2026-09-03, +0 from baseline 137. Medicine taken: yes. Last SMS: \""128/81 leo. Asante\"". Days since last contact: 0."", ""flags"": [], ""latest_bp"": {""date"": ""2026-09-03"", ""sbp"": 137, ""dbp"": 85}, ""baseline_sbp"": 137.0, ""change_sbp"": 0.0, ""meds_taken"": ""yes"", ""symptoms"": [], ""last_sms"": ""128/81 leo. Asante"", ""days_since_contact"": 0, ""missed_appointments"": 0, ""overdue_followups"": 0, ""understanding"": {""medication"": 1.0, ""salt_and_diet"": null, ""danger_signs"": null, ""when_to_seek_care"": null, ""what_bp_means"": null}, ""trajectory"": null, ""n_readings"": 21}",routine,"{""routine"": 1.0}",routine,,,synthetic-history,2026-10-03d
152,51,2026-09-03,"{""text"": ""Flags: none. Latest BP 128/80 on 2026-09-03, -5 from baseline 133. Medicine taken: yes. Last SMS: \""J'ai mesuré au centre de santé : 136/85. Médicaments pris.\"". Days since last contact: 0. Low understanding: danger_signs."", ""flags"": [], ""latest_bp"": {""date"": ""2026-09-03"", ""sbp"": 128, ""dbp"": 80}, ""baseline_sbp"": 132.7, ""change_sbp"": -4.7, ""meds_taken"": ""yes"", ""symptoms"": [], ""last_sms"": ""J'ai mesuré au centre de santé : 136/85. Médicaments pris."", ""days_since_contact"": 0, ""missed_appointments"": 0, ""overdue_followups"": 0, ""understanding"": {""medication"": null, ""salt_and_diet"": null, ""danger_signs"": 0.0, ""when_to_seek_care"": null, ""what_bp_means"": null}, ""trajectory"": null, ""n_readings"": 23}",routine,"{""routine"": 1.0}",visit_this_week,patient travelling,,synthetic-history,2026-10-03d
153,3,2026-09-04,"{""text"": ""Flags: none. Latest BP 139/85 on 2026-09-04, +8 from baseline 131. Medicine taken: yes. Last SMS: \""tension 134/85\"". Days since last contact: 0. Low understanding: what_bp_means."", ""flags"": [], ""latest_bp"": {""date"": ""2026-09-04"", ""sbp"": 139, ""dbp"": 85}, ""baseline_sbp"": 130.7, ""change_sbp"": 8.3, ""meds_taken"": ""yes"", ""symptoms"": [], ""last_sms"": ""tension 134/85"", ""days_since_contact"": 0, ""missed_appointments"": 0, ""overdue_followups"": 0, ""understanding"": {""medication"": null, ""salt_and_diet"": null, ""danger_signs"": null, ""when_to_seek_care"": null, ""what_bp_means"": 0.0}, ""trajectory"": null, ""n_readings"": 21}",routine,"{""routine"": 1.0}",routine,,,synthetic-history,2026-10-03d
154,4,2026-09-04,"{""text"": ""Flags: none. Latest BP 134/80 on 2026-09-04, +0 from baseline 134. Medicine taken: yes. Last SMS: \""Mimi ni mzima. Presha ni 134/80, nakunywa dawa kila siku.\"". Days since last contact: 0. Low understanding: danger_signs."", ""flags"": [], ""latest_bp"": {""date"": ""2026-09-04"", ""sbp"": 134, ""dbp"": 80}, ""baseline_sbp"": 133.7, ""change_sbp"": 0.3, ""meds_taken"": ""yes"", ""symptoms"": [], ""last_sms"": ""Mimi ni mzima. Presha ni 134/80, nakunywa dawa kila siku."", ""days_since_contact"": 0, ""missed_appointments"": 0, ""overdue_followups"": 0, ""understanding"": {""medication"": null, ""salt_and_diet"": null, ""danger_signs"": 0.0, ""when_to_seek_care"": null, ""what_bp_means"": null}, ""trajectory"": null, ""n_readings"": 22}",routine,"{""routine"": 1.0}",routine,,,synthetic-history,2026-10-03d
155,30,2026-09-04,"{""text"": ""Flags: none. Latest BP 148/99 on 2026-09-04, +4 from baseline 144. Medicine taken: yes. Last SMS: \""BP 152/97. Took one of my two medicines.\"". Days since last contact: 0."", ""flags"": [], ""latest_bp"": {""date"": ""2026-09-04"", ""sbp"": 148, ""dbp"": 99}, ""baseline_sbp"": 144.3, ""change_sbp"": 3.7, ""meds_taken"": ""yes"", ""symptoms"": [], ""last_sms"": ""BP 152/97. Took one of my two medicines."", ""days_since_contact"": 0, ""missed_appointments"": 0, ""overdue_followups"": 0, ""understanding"": {""medication"": null, ""salt_and_diet"": null, ""danger_signs"": null, ""when_to_seek_care"": null, ""what_bp_means"": null}, ""trajectory"": null, ""n_readings"": 20}",routine,"{""routine"": 1.0}",routine,,,synthetic-history,2026-10-03d
156,33,2026-09-04,"{""text"": ""Flags: none. Latest BP 151/95 on 2026-09-04, +8 from baseline 143. Medicine taken: yes. Last SMS: \""Shikamoo. Nimepima leo 151/95, dawa nimekunywa asubuhi.\"". Days since last contact: 0."", ""flags"": [], ""latest_bp"": {""date"": ""2026-09-04"", ""sbp"": 151, ""dbp"": 95}, ""baseline_sbp"": 143.0, ""change_sbp"": 8.0, ""meds_taken"": ""yes"", ""symptoms"": [], ""last_sms"": ""Shikamoo. Nimepima leo 151/95, dawa nimekunywa asubuhi."", ""days_since_contact"": 0, ""missed_appointments"": 0, ""overdue_followups"": 0, ""understanding"": {""medication"": null, ""salt_and_diet"": null, ""danger_signs"": null, ""when_to_seek_care"": null, ""what_bp_means"": null}, ""trajectory"": null, ""n_readings"": 21}",routine,"{""routine"": 1.0}",routine,,,synthetic-history,2026-10-03d
157,46,2026-09-04,"{""text"": ""Flags: threshold 161/91; trend +24. Latest BP 161/91 on 2026-09-04, +29 from baseline 132. Medicine taken: yes. Last SMS: \""Je, niendelee kunywa dawa hata kama najisikia vizuri?\"". Days since last contact: 0. Low understanding: danger_signs."", ""flags"": [{""type"": ""threshold"", ""value"": ""161/91"", ""emergency"": ""no""}, {""type"": ""trend"", ""value"": ""+24"", ""emergency"": ""no""}], ""latest_bp"": {""date"": ""2026-09-04"", ""sbp"": 161, ""dbp"": 91}, ""baseline_sbp"": 132.0, ""change_sbp"": 29.0, ""meds_taken"": ""yes"", ""symptoms"": [], ""last_sms"": ""Je, niendelee kunywa dawa hata kama najisikia vizuri?"", ""days_since_contact"": 0, ""missed_appointments"": 0, ""overdue_followups"": 0, ""understanding"": {""medication"": null, ""salt_and_diet"": null, ""danger_signs"": 0.0, ""when_to_seek_care"": null, ""what_bp_means"": null}, ""trajectory"": null, ""n_readings"": 24}",visit_this_week,"{""visit_this_week"": 1.0}",visit_this_week,,,synthetic-history,2026-10-03d
158,2,2026-09-05,"{""text"": ""Flags: none. Latest BP 134/80 on 2026-09-05, -1 from baseline 135. Medicine taken: yes. Last SMS: \""presha leo 133/80\"". Days since last contact: 0."", ""flags"": [], ""latest_bp"": {""date"": ""2026-09-05"", ""sbp"": 134, ""dbp"": 80}, ""baseline_sbp"": 135.3, ""change_sbp"": -1.3, ""meds_taken"": ""yes"", ""symptoms"": [], ""last_sms"": ""presha leo 133/80"", ""days_since_contact"": 0, ""missed_appointments"": 0, ""overdue_followups"": 0, ""understanding"": {""medication"": null, ""salt_and_diet"": null, ""danger_signs"": 1.0, ""when_to_seek_care"": null, ""what_bp_means"": 1.0}, ""trajectory"": null, ""n_readings"": 22}",routine,"{""routine"": 1.0}",routine,,,synthetic-history,2026-10-03d
159,5,2026-09-05,"{""text"": ""Flags: threshold 164/104; trend +20. Latest BP 164/104 on 2026-09-05, +25 from baseline 139. Medicine taken: partial. Last SMS: \""153/100 leo. Asante\"". Days since last contact: 0."", ""flags"": [{""type"": ""threshold"", ""value"": ""164/104"", ""emergency"": ""no""}, {""type"": ""trend"", ""value"": ""+20"", ""emergency"": ""no""}], ""latest_bp"": {""date"": ""2026-09-05"", ""sbp"": 164, ""dbp"": 104}, ""baseline_sbp"": 138.7, ""change_sbp"": 25.3, ""meds_taken"": ""partial"", ""symptoms"": [], ""last_sms"": ""153/100 leo. Asante"", ""days_since_contact"": 0, ""missed_appointments"": 0, ""overdue_followups"": 0, ""understanding"": {""medication"": null, ""salt_and_diet"": null, ""danger_signs"": null, ""when_to_seek_care"": null, ""what_bp_means"": null}, ""trajectory"": null, ""n_readings"": 21}",visit_this_week,"{""visit_this_week"": 1.0}",visit_this_week,,,synthetic-history,2026-10-03d
160,7,2026-09-05,"{""text"": ""Flags: none. Latest BP 141/86 on 2026-09-05, +3 from baseline 138. Medicine taken: yes. Last SMS: \""Shikamoo. Nimepima leo 139/86, dawa nimekunywa asubuhi.\"". Days since last contact: 0."", ""flags"": [], ""latest_bp"": {""date"": ""2026-09-05"", ""sbp"": 141, ""dbp"": 86}, ""baseline_sbp"": 137.7, ""change_sbp"": 3.3, ""meds_taken"": ""yes"", ""symptoms"": [], ""last_sms"": ""Shikamoo. Nimepima leo 139/86, dawa nimekunywa asubuhi."", ""days_since_contact"": 0, ""missed_appointments"": 0, ""overdue_followups"": 0, ""understanding"": {""medication"": null, ""salt_and_diet"": null, ""danger_signs"": null, ""when_to_seek_care"": null, ""what_bp_means"": null}, ""trajectory"": null, ""n_readings"": 20}",routine,"{""routine"": 1.0}",routine,,,synthetic-history,2026-10-03d
161,49,2026-09-05,"{""text"": ""Flags: none. Latest BP 142/91 on 2026-09-05, +15 from baseline 127. Medicine taken: yes. Last SMS: \""Habari daktari, presha yangu ni 140 kwa 91. Nimekunywa dawa zangu.\"". Days since last contact: 0."", ""flags"": [], ""latest_bp"": {""date"": ""2026-09-05"", ""sbp"": 142, ""dbp"": 91}, ""baseline_sbp"": 127.0, ""change_sbp"": 15.0, ""meds_taken"": ""yes"", ""symptoms"": [], ""last_sms"": ""Habari daktari, presha yangu ni 140 kwa 91. Nimekunywa dawa zangu."", ""days_since_contact"": 0, ""missed_appointments"": 0, ""overdue_followups"": 0, ""understanding"": {""medication"": null, ""salt_and_diet"": null, ""danger_signs"": null, ""when_to_seek_care"": null, ""what_bp_means"": null}, ""trajectory"": null, ""n_readings"": 20}",routine,"{""routine"": 1.0}",routine,,,synthetic-history,2026-10-03d
162,29,2026-09-06,"{""text"": ""Flags: none. Latest BP 140/86 on 2026-09-06, +2 from baseline 138. Medicine taken: partial. Last SMS: \""Leo 142/92. Dawa zimeisha sijanywa.\"". Days since last contact: 0."", ""flags"": [], ""latest_bp"": {""date"": ""2026-09-06"", ""sbp"": 140, ""dbp"": 86}, ""baseline_sbp"": 137.7, ""change_sbp"": 2.3, ""meds_taken"": ""partial"", ""symptoms"": [], ""last_sms"": ""Leo 142/92. Dawa zimeisha sijanywa."", ""days_since_contact"": 0, ""missed_appointments"": 0, ""overdue_followups"": 0, ""understanding"": {""medication"": null, ""salt_and_diet"": null, ""danger_signs"": null, ""when_to_seek_care"": null, ""what_bp_means"": null}, ""trajectory"": null, ""n_readings"": 20}",routine,"{""routine"": 1.0}",routine,,,synthetic-history,2026-10-03d
163,53,2026-09-06,"{""text"": ""Flags: none. Latest BP 142/92 on 2026-09-06, +8 from baseline 134. Medicine taken: yes. Last SMS: \""Je dois prendre le comprimé le matin ou le soir ?\"". Days since last contact: 0."", ""flags"": [], ""latest_bp"": {""date"": ""2026-09-06"", ""sbp"": 142, ""dbp"": 92}, ""baseline_sbp"": 133.7, ""change_sbp"": 8.3, ""meds_taken"": ""yes"", ""symptoms"": [], ""last_sms"": ""Je dois prendre le comprimé le matin ou le soir ?"", ""days_since_contact"": 0, ""missed_appointments"": 0, ""overdue_followups"": 0, ""understanding"": {""medication"": null, ""salt_and_diet"": null, ""danger_signs"": null, ""when_to_seek_care"": null, ""what_bp_means"": null}, ""trajectory"": null, ""n_readings"": 22}",routine,"{""routine"": 1.0}",routine,,,synthetic-history,2026-10-03d
164,19,2026-09-07,"{""text"": ""Flags: trend +15. Latest BP 156/96 on 2026-09-07, +18 from baseline 138. Medicine taken: yes. Last SMS: \""Shikamoo. Nimepima leo 154/93, dawa nimekunywa asubuhi.\"". Days since last contact: 0."", ""flags"": [{""type"": ""trend"", ""value"": ""+15"", ""emergency"": ""no""}], ""latest_bp"": {""date"": ""2026-09-07"", ""sbp"": 156, ""dbp"": 96}, ""baseline_sbp"": 138.0, ""change_sbp"": 18.0, ""meds_taken"": ""yes"", ""symptoms"": [], ""last_sms"": ""Shikamoo. Nimepima leo 154/93, dawa nimekunywa asubuhi."", ""days_since_contact"": 0, ""missed_appointments"": 0, ""overdue_followups"": 0, ""understanding"": {""medication"": null, ""salt_and_diet"": 1.0, ""danger_signs"": null, ""when_to_seek_care"": null, ""what_bp_means"": null}, ""trajectory"": null, ""n_readings"": 20}",recheck_7_days,"{""recheck_7_days"": 1.0}",recheck_7_days,,,synthetic-history,2026-10-03d
165,26,2026-09-07,"{""text"": ""Flags: none. Latest BP 140/90 on 2026-09-07, -1 from baseline 141. Medicine taken: partial. Last SMS: \""Shikamoo. Nimepima leo 133/87, dawa nimekunywa asubuhi.\"". Days since last contact: 0."", ""flags"": [], ""latest_bp"": {""date"": ""2026-09-07"", ""sbp"": 140, ""dbp"": 90}, ""baseline_sbp"": 140.7, ""change_sbp"": -0.7, ""meds_taken"": ""partial"", ""symptoms"": [], ""last_sms"": ""Shikamoo. Nimepima leo 133/87, dawa nimekunywa asubuhi."", ""days_since_contact"": 0, ""missed_appointments"": 0, ""overdue_followups"": 0, ""understanding"": {""medication"": null, ""salt_and_diet"": null, ""danger_signs"": null, ""when_to_seek_care"": null, ""what_bp_means"": null}, ""trajectory"": null, ""n_readings"": 21}",routine,"{""routine"": 1.0}",routine,,,synthetic-history,2026-10-03d
166,45,2026-09-07,"{""text"": ""Flags: none. Latest BP 134/83 on 2026-09-07, +6 from baseline 128. Medicine taken: yes. Last SMS: \""Est-ce que je peux prendre mes comprimés avec les médicaments traditionnels ?\"". Days since last contact: 0."", ""flags"": [], ""latest_bp"": {""date"": ""2026-09-07"", ""sbp"": 134, ""dbp"": 83}, ""baseline_sbp"": 127.7, ""change_sbp"": 6.3, ""meds_taken"": ""yes"", ""symptoms"": [], ""last_sms"": ""Est-ce que je peux prendre mes comprimés avec les médicaments traditionnels ?"", ""days_since_contact"": 0, ""missed_appointments"": 0, ""overdue_followups"": 0, ""understanding"": {""medication"": null, ""salt_and_diet"": null, ""danger_signs"": null, ""when_to_seek_care"": null, ""what_bp_means"": null}, ""trajectory"": null, ""n_readings"": 19}",routine,"{""routine"": 1.0}",routine,,,synthetic-history,2026-10-03d
167,59,2026-09-07,"{""text"": ""Flags: none. Latest BP 151/95 on 2026-09-07, +4 from baseline 147. Medicine taken: no. Last SMS: \""Nimepima dispensari 143/89. Nimekunywa dawa moja tu kati ya mbili.\"". Days since last contact: 0. Low understanding: when_to_seek_care."", ""flags"": [], ""latest_bp"": {""date"": ""2026-09-07"", ""sbp"": 151, ""dbp"": 95}, ""baseline_sbp"": 147.3, ""change_sbp"": 3.7, ""meds_taken"": ""no"", ""symptoms"": [], ""last_sms"": ""Nimepima dispensari 143/89. Nimekunywa dawa moja tu kati ya mbili."", ""days_since_contact"": 0, ""missed_appointments"": 0, ""overdue_followups"": 0, ""understanding"": {""medication"": null, ""salt_and_diet"": 1.0, ""danger_signs"": null, ""when_to_seek_care"": 0.0, ""what_bp_means"": null}, ""trajectory"": null, ""n_readings"": 22}",routine,"{""routine"": 1.0}",visit_this_week,"patient feels well, recheck first",,synthetic-history,2026-10-03d
168,60,2026-09-07,"{""text"": ""Flags: none. Latest BP 130/81 on 2026-09-07, +6 from baseline 124. Medicine taken: yes. Last SMS: \""Mimi ni mzima. Presha ni 125/79, nakunywa dawa kila siku.\"". Days since last contact: 0."", ""flags"": [], ""latest_bp"": {""date"": ""2026-09-07"", ""sbp"": 130, ""dbp"": 81}, ""baseline_sbp"": 123.7, ""change_sbp"": 6.3, ""meds_taken"": ""yes"", ""symptoms"": [], ""last_sms"": ""Mimi ni mzima. Presha ni 125/79, nakunywa dawa kila siku."", ""days_since_contact"": 0, ""missed_appointments"": 0, ""overdue_followups"": 0, ""understanding"": {""medication"": null, ""salt_and_diet"": null, ""danger_signs"": null, ""when_to_seek_care"": null, ""what_bp_means"": null}, ""trajectory"": null, ""n_readings"": 21}",routine,"{""routine"": 1.0}",routine,,,synthetic-history,2026-10-03d
169,21,2026-09-08,"{""text"": ""Flags: none. Latest BP 151/92 on 2026-09-08, +12 from baseline 139. Medicine taken: partial. Last SMS: \""Pressure yangu ni 149/95, nimekunywa nusu dozi kwa sababu dawa zinakaribia kuisha.\"". Days since last contact: 0."", ""flags"": [], ""latest_bp"": {""date"": ""2026-09-08"", ""sbp"": 151, ""dbp"": 92}, ""baseline_sbp"": 138.7, ""change_sbp"": 12.3, ""meds_taken"": ""partial"", ""symptoms"": [], ""last_sms"": ""Pressure yangu ni 149/95, nimekunywa nusu dozi kwa sababu dawa zinakaribia kuisha."", ""days_since_contact"": 0, ""missed_appointments"": 0, ""overdue_followups"": 0, ""understanding"": {""medication"": null, ""salt_and_diet"": null, ""danger_signs"": null, ""when_to_seek_care"": null, ""what_bp_means"": null}, ""trajectory"": null, ""n_readings"": 22}",routine,"{""routine"": 1.0}",routine,,,synthetic-history,2026-10-03d
170,24,2026-09-08,"{""text"": ""Flags: none. Latest BP 133/82 on 2026-09-08, -6 from baseline 139. Medicine taken: yes. Last SMS: \""Bonjour, ma tension aujourd'hui est 129/82. J'ai pris mes médicaments.\"". Days since last contact: 0."", ""flags"": [], ""latest_bp"": {""date"": ""2026-09-08"", ""sbp"": 133, ""dbp"": 82}, ""baseline_sbp"": 139.3, ""change_sbp"": -6.3, ""meds_taken"": ""yes"", ""symptoms"": [], ""last_sms"": ""Bonjour, ma tension aujourd'hui est 129/82. J'ai pris mes médicaments."", ""days_since_contact"": 0, ""missed_appointments"": 0, ""overdue_followups"": 0, ""understanding"": {""medication"": null, ""salt_and_diet"": null, ""danger_signs"": null, ""when_to_seek_care"": null, ""what_bp_means"": 1.0}, ""trajectory"": null, ""n_readings"": 22}",routine,"{""routine"": 1.0}",routine,,,synthetic-history,2026-10-03d
171,37,2026-09-08,"{""text"": ""Flags: none. Latest BP 124/74 on 2026-09-08, -6 from baseline 130. Medicine taken: yes. Last SMS: \""Habari za asubuhi, niko safarini wiki hii.\"". Days since last contact: 0. Low understanding: salt_and_diet."", ""flags"": [], ""latest_bp"": {""date"": ""2026-09-08"", ""sbp"": 124, ""dbp"": 74}, ""baseline_sbp"": 130.3, ""change_sbp"": -6.3, ""meds_taken"": ""yes"", ""symptoms"": [], ""last_sms"": ""Habari za asubuhi, niko safarini wiki hii."", ""days_since_contact"": 0, ""missed_appointments"": 0, ""overdue_followups"": 0, ""understanding"": {""medication"": null, ""salt_and_diet"": 0.0, ""danger_signs"": null, ""when_to_seek_care"": null, ""what_bp_means"": null}, ""trajectory"": null, ""n_readings"": 20}",routine,"{""routine"": 1.0}",routine,,,synthetic-history,2026-10-03d
172,38,2026-09-08,"{""text"": ""Flags: none. Latest BP 135/87 on 2026-09-08, -2 from baseline 137. Medicine taken: yes. Last SMS: \""Habari za asubuhi, niko safarini wiki hii.\"". Days since last contact: 0."", ""flags"": [], ""latest_bp"": {""date"": ""2026-09-08"", ""sbp"": 135, ""dbp"": 87}, ""baseline_sbp"": 136.7, ""change_sbp"": -1.7, ""meds_taken"": ""yes"", ""symptoms"": [], ""last_sms"": ""Habari za asubuhi, niko safarini wiki hii."", ""days_since_contact"": 0, ""missed_appointments"": 0, ""overdue_followups"": 0, ""understanding"": {""medication"": null, ""salt_and_diet"": null, ""danger_signs"": null, ""when_to_seek_care"": null, ""what_bp_means"": null}, ""trajectory"": null, ""n_readings"": 23}",routine,"{""routine"": 1.0}",routine,,,synthetic-history,2026-10-03d
173,16,2026-09-09,"{""text"": ""Flags: none. Latest BP 129/88 on 2026-09-09, +1 from baseline 128. Medicine taken: no. Last SMS: \""143 over 93, did not take meds yesterday or today\"". Days since last contact: 0."", ""flags"": [], ""latest_bp"": {""date"": ""2026-09-09"", ""sbp"": 129, ""dbp"": 88}, ""baseline_sbp"": 128.3, ""change_sbp"": 0.7, ""meds_taken"": ""no"", ""symptoms"": [], ""last_sms"": ""143 over 93, did not take meds yesterday or today"", ""days_since_contact"": 0, ""missed_appointments"": 0, ""overdue_followups"": 0, ""understanding"": {""medication"": null, ""salt_and_diet"": null, ""danger_signs"": null, ""when_to_seek_care"": 1.0, ""what_bp_means"": null}, ""trajectory"": null, ""n_readings"": 22}",routine,"{""routine"": 1.0}",routine,,,synthetic-history,2026-10-03d
174,32,2026-09-10,"{""text"": ""Flags: none. Latest BP 138/84 on 2026-09-10, -1 from baseline 139. Medicine taken: yes. Last SMS: \""presha leo 140/86\"". Days since last contact: 0. Low understanding: when_to_seek_care."", ""flags"": [], ""latest_bp"": {""date"": ""2026-09-10"", ""sbp"": 138, ""dbp"": 84}, ""baseline_sbp"": 139.0, ""change_sbp"": -1.0, ""meds_taken"": ""yes"", ""symptoms"": [], ""last_sms"": ""presha leo 140/86"", ""days_since_contact"": 0, ""missed_appointments"": 0, ""overdue_followups"": 0, ""understanding"": {""medication"": 1.0, ""salt_and_diet"": null, ""danger_signs"": null, ""when_to_seek_care"": 0.0, ""what_bp_means"": null}, ""trajectory"": null, ""n_readings"": 21}",routine,"{""routine"": 1.0}",routine,,,synthetic-history,2026-10-03d
175,50,2026-09-10,"{""text"": ""Flags: none. Latest BP 134/82 on 2026-09-10, +3 from baseline 131. Last SMS: \""presha leo 134/82\"". Days since last contact: 0."", ""flags"": [], ""latest_bp"": {""date"": ""2026-09-10"", ""sbp"": 134, ""dbp"": 82}, ""baseline_sbp"": 131.3, ""change_sbp"": 2.7, ""meds_taken"": null, ""symptoms"": [], ""last_sms"": ""presha leo 134/82"", ""days_since_contact"": 0, ""missed_appointments"": 0, ""overdue_followups"": 0, ""understanding"": {""medication"": 1.0, ""salt_and_diet"": 1.0, ""danger_signs"": 1.0, ""when_to_seek_care"": null, ""what_bp_means"": null}, ""trajectory"": null, ""n_readings"": 21}",routine,"{""routine"": 1.0}",routine,,,synthetic-history,2026-10-03d
176,57,2026-09-10,"{""text"": ""Flags: none. Latest BP 130/81 on 2026-09-10, -2 from baseline 132. Medicine taken: yes. Last SMS: \""Dawa zangu zimeisha, nitapata wapi zingine?\"". Days since last contact: 0."", ""flags"": [], ""latest_bp"": {""date"": ""2026-09-10"", ""sbp"": 130, ""dbp"": 81}, ""baseline_sbp"": 131.7, ""change_sbp"": -1.7, ""meds_taken"": ""yes"", ""symptoms"": [], ""last_sms"": ""Dawa zangu zimeisha, nitapata wapi zingine?"", ""days_since_contact"": 0, ""missed_appointments"": 0, ""overdue_followups"": 0, ""understanding"": {""medication"": null, ""salt_and_diet"": 1.0, ""danger_signs"": 1.0, ""when_to_seek_care"": null, ""what_bp_means"": 1.0}, ""trajectory"": null, ""n_readings"": 20}",routine,"{""routine"": 1.0}",routine,,,synthetic-history,2026-10-03d
177,10,2026-09-11,"{""text"": ""Flags: trend +12. Latest BP 156/98 on 2026-09-11, +16 from baseline 140. Medicine taken: partial. Last SMS: \""Mes médicaments sont finis, où je peux en avoir ?\"". Days since last contact: 0."", ""flags"": [{""type"": ""trend"", ""value"": ""+12"", ""emergency"": ""no""}], ""latest_bp"": {""date"": ""2026-09-11"", ""sbp"": 156, ""dbp"": 98}, ""baseline_sbp"": 139.7, ""change_sbp"": 16.3, ""meds_taken"": ""partial"", ""symptoms"": [], ""last_sms"": ""Mes médicaments sont finis, où je peux en avoir ?"", ""days_since_contact"": 0, ""missed_appointments"": 0, ""overdue_followups"": 0, ""understanding"": {""medication"": 1.0, ""salt_and_diet"": null, ""danger_signs"": null, ""when_to_seek_care"": null, ""what_bp_means"": null}, ""trajectory"": null, ""n_readings"": 21}",recheck_7_days,"{""recheck_7_days"": 1.0}",recheck_7_days,,,synthetic-history,2026-10-03d
178,18,2026-09-11,"{""text"": ""Flags: who_risk 25%; trend +14. Latest BP 151/90 on 2026-09-11, +14 from baseline 137. Medicine taken: yes. Last SMS: \""Pressure yangu ni 155/93, nimekunywa nusu dozi kwa sababu dawa zinakaribia kuisha.\"". Days since last contact: 0."", ""flags"": [{""type"": ""who_risk"", ""value"": ""25%"", ""emergency"": ""no""}, {""type"": ""trend"", ""value"": ""+14"", ""emergency"": ""no""}], ""latest_bp"": {""date"": ""2026-09-11"", ""sbp"": 151, ""dbp"": 90}, ""baseline_sbp"": 137.3, ""change_sbp"": 13.7, ""meds_taken"": ""yes"", ""symptoms"": [], ""last_sms"": ""Pressure yangu ni 155/93, nimekunywa nusu dozi kwa sababu dawa zinakaribia kuisha."", ""days_since_contact"": 0, ""missed_appointments"": 0, ""overdue_followups"": 0, ""understanding"": {""medication"": null, ""salt_and_diet"": null, ""danger_signs"": null, ""when_to_seek_care"": null, ""what_bp_means"": null}, ""trajectory"": null, ""n_readings"": 20}",visit_this_week,"{""visit_this_week"": 1.0}",visit_this_week,,,synthetic-history,2026-10-03d
179,22,2026-09-12,"{""text"": ""Flags: none. Latest BP 131/80 on 2026-09-12, -6 from baseline 137. Medicine taken: yes. Last SMS: \""Mimi ni mzima. Presha ni 140/86, nakunywa dawa kila siku.\"". Days since last contact: 0. Missed clinic appointments: 1."", ""flags"": [], ""latest_bp"": {""date"": ""2026-09-12"", ""sbp"": 131, ""dbp"": 80}, ""baseline_sbp"": 137.3, ""change_sbp"": -6.3, ""meds_taken"": ""yes"", ""symptoms"": [], ""last_sms"": ""Mimi ni mzima. Presha ni 140/86, nakunywa dawa kila siku."", ""days_since_contact"": 0, ""missed_appointments"": 1, ""overdue_followups"": 0, ""understanding"": {""medication"": null, ""salt_and_diet"": 1.0, ""danger_signs"": null, ""when_to_seek_care"": 1.0, ""what_bp_means"": 1.0}, ""trajectory"": null, ""n_readings"": 20}",routine,"{""routine"": 1.0}",visit_this_week,family will bring patient,,synthetic-history,2026-10-03d
180,46,2026-09-13,"{""text"": ""Flags: none. Latest BP 130/84 on 2026-09-13, -2 from baseline 132. Medicine taken: partial. Last SMS: \""Habari za asubuhi, niko safarini wiki hii.\"". Days since last contact: 0. Low understanding: danger_signs."", ""flags"": [], ""latest_bp"": {""date"": ""2026-09-13"", ""sbp"": 130, ""dbp"": 84}, ""baseline_sbp"": 132.0, ""change_sbp"": -2.0, ""meds_taken"": ""partial"", ""symptoms"": [], ""last_sms"": ""Habari za asubuhi, niko safarini wiki hii."", ""days_since_contact"": 0, ""missed_appointments"": 0, ""overdue_followups"": 0, ""understanding"": {""medication"": null, ""salt_and_diet"": null, ""danger_signs"": 0.0, ""when_to_seek_care"": null, ""what_bp_means"": null}, ""trajectory"": null, ""n_readings"": 26}",routine,"{""routine"": 1.0}",recheck_7_days,already seen at clinic,,synthetic-history,2026-10-03d
181,54,2026-09-13,"{""text"": ""Flags: trend +21. Latest BP 150/95 on 2026-09-13, +20 from baseline 130. Medicine taken: yes. Last SMS: \""Ma tension est 153 sur 98, je prends bien mes médicaments chaque jour.\"". Days since last contact: 0."", ""flags"": [{""type"": ""trend"", ""value"": ""+21"", ""emergency"": ""no""}], ""latest_bp"": {""date"": ""2026-09-13"", ""sbp"": 150, ""dbp"": 95}, ""baseline_sbp"": 129.7, ""change_sbp"": 20.3, ""meds_taken"": ""yes"", ""symptoms"": [], ""last_sms"": ""Ma tension est 153 sur 98, je prends bien mes médicaments chaque jour."", ""days_since_contact"": 0, ""missed_appointments"": 0, ""overdue_followups"": 0, ""understanding"": {""medication"": null, ""salt_and_diet"": null, ""danger_signs"": null, ""when_to_seek_care"": null, ""what_bp_means"": null}, ""trajectory"": null, ""n_readings"": 23}",recheck_7_days,"{""recheck_7_days"": 1.0}",recheck_7_days,,,synthetic-history,2026-10-03d
182,9,2026-09-14,"{""text"": ""Flags: none. Latest BP 158/95 on 2026-09-14, +17 from baseline 141. Medicine taken: yes. Last SMS: \""Hello, I am travelling this week.\"". Days since last contact: 0."", ""flags"": [], ""latest_bp"": {""date"": ""2026-09-14"", ""sbp"": 158, ""dbp"": 95}, ""baseline_sbp"": 141.3, ""change_sbp"": 16.7, ""meds_taken"": ""yes"", ""symptoms"": [], ""last_sms"": ""Hello, I am travelling this week."", ""days_since_contact"": 0, ""missed_appointments"": 0, ""overdue_followups"": 0, ""understanding"": {""medication"": null, ""salt_and_diet"": null, ""danger_signs"": 1.0, ""when_to_seek_care"": null, ""what_bp_means"": null}, ""trajectory"": null, ""n_readings"": 24}",routine,"{""routine"": 1.0}",routine,,,synthetic-history,2026-10-03d
183,13,2026-09-15,"{""text"": ""Flags: none. Latest BP 138/82 on 2026-09-15, -2 from baseline 140. Medicine taken: yes. Last SMS: \""J'ai mesuré au centre de santé : 140/87. Médicaments pris.\"". Days since last contact: 0. Low understanding: danger_signs."", ""flags"": [], ""latest_bp"": {""date"": ""2026-09-15"", ""sbp"": 138, ""dbp"": 82}, ""baseline_sbp"": 140.3, ""change_sbp"": -2.3, ""meds_taken"": ""yes"", ""symptoms"": [], ""last_sms"": ""J'ai mesuré au centre de santé : 140/87. Médicaments pris."", ""days_since_contact"": 0, ""missed_appointments"": 0, ""overdue_followups"": 0, ""understanding"": {""medication"": null, ""salt_and_diet"": null, ""danger_signs"": 0.0, ""when_to_seek_care"": null, ""what_bp_means"": null}, ""trajectory"": null, ""n_readings"": 24}",routine,"{""routine"": 1.0}",routine,,,synthetic-history,2026-10-03d
184,23,2026-09-15,"{""text"": ""Flags: threshold 163/103; trend +17. Latest BP 163/103 on 2026-09-15, +19 from baseline 144. Medicine taken: no. Last SMS: \""presha leo 163/97\"". Days since last contact: 0."", ""flags"": [{""type"": ""threshold"", ""value"": ""163/103"", ""emergency"": ""no""}, {""type"": ""trend"", ""value"": ""+17"", ""emergency"": ""no""}], ""latest_bp"": {""date"": ""2026-09-15"", ""sbp"": 163, ""dbp"": 103}, ""baseline_sbp"": 144.3, ""change_sbp"": 18.7, ""meds_taken"": ""no"", ""symptoms"": [], ""last_sms"": ""presha leo 163/97"", ""days_since_contact"": 0, ""missed_appointments"": 0, ""overdue_followups"": 0, ""understanding"": {""medication"": null, ""salt_and_diet"": null, ""danger_signs"": null, ""when_to_seek_care"": null, ""what_bp_means"": null}, ""trajectory"": null, ""n_readings"": 20}",visit_this_week,"{""visit_this_week"": 1.0}",visit_this_week,,,synthetic-history,2026-10-03d
185,36,2026-09-15,"{""text"": ""Flags: none. Latest BP 136/89 on 2026-09-15, +2 from baseline 134. Medicine taken: partial. Last SMS: \""Asubuhi presha ilikuwa 131 kwa 80. Nimesahau kunywa dawa leo.\"". Days since last contact: 0. Missed clinic appointments: 2."", ""flags"": [], ""latest_bp"": {""date"": ""2026-09-15"", ""sbp"": 136, ""dbp"": 89}, ""baseline_sbp"": 133.7, ""change_sbp"": 2.3, ""meds_taken"": ""partial"", ""symptoms"": [], ""last_sms"": ""Asubuhi presha ilikuwa 131 kwa 80. Nimesahau kunywa dawa leo."", ""days_since_contact"": 0, ""missed_appointments"": 2, ""overdue_followups"": 0, ""understanding"": {""medication"": null, ""salt_and_diet"": null, ""danger_signs"": null, ""when_to_seek_care"": null, ""what_bp_means"": null}, ""trajectory"": null, ""n_readings"": 21}",routine,"{""routine"": 1.0}",routine,,,synthetic-history,2026-10-03d
186,15,2026-09-16,"{""text"": ""Flags: none. Latest BP 127/79 on 2026-09-16, +1 from baseline 126. Medicine taken: yes. Last SMS: \""J'ai mesuré au centre de santé : 127/80. Médicaments pris.\"". Days since last contact: 0."", ""flags"": [], ""latest_bp"": {""date"": ""2026-09-16"", ""sbp"": 127, ""dbp"": 79}, ""baseline_sbp"": 126.0, ""change_sbp"": 1.0, ""meds_taken"": ""yes"", ""symptoms"": [], ""last_sms"": ""J'ai mesuré au centre de santé : 127/80. Médicaments pris."", ""days_since_contact"": 0, ""missed_appointments"": 0, ""overdue_followups"": 0, ""understanding"": {""medication"": null, ""salt_and_diet"": null, ""danger_signs"": null, ""when_to_seek_care"": null, ""what_bp_means"": null}, ""trajectory"": null, ""n_readings"": 23}",routine,"{""routine"": 1.0}",routine,,,synthetic-history,2026-10-03d
187,27,2026-09-16,"{""text"": ""Flags: none. Latest BP 142/88 on 2026-09-16, +12 from baseline 130. Medicine taken: yes. Last SMS: \""Mimi ni mzima. Presha ni 144/93, nakunywa dawa kila siku.\"". Days since last contact: 0."", ""flags"": [], ""latest_bp"": {""date"": ""2026-09-16"", ""sbp"": 142, ""dbp"": 88}, ""baseline_sbp"": 130.0, ""change_sbp"": 12.0, ""meds_taken"": ""yes"", ""symptoms"": [], ""last_sms"": ""Mimi ni mzima. Presha ni 144/93, nakunywa dawa kila siku."", ""days_since_contact"": 0, ""missed_appointments"": 0, ""overdue_followups"": 0, ""understanding"": {""medication"": null, ""salt_and_diet"": null, ""danger_signs"": null, ""when_to_seek_care"": null, ""what_bp_means"": null}, ""trajectory"": null, ""n_readings"": 24}",routine,"{""routine"": 1.0}",routine,,,synthetic-history,2026-10-03d
188,52,2026-09-17,"{""text"": ""Flags: trend +12. Latest BP 137/80 on 2026-09-17, +14 from baseline 123. Medicine taken: yes. Last SMS: \""Naweza kunywa dawa ya presha pamoja na chakula?\"". Days since last contact: 0."", ""flags"": [{""type"": ""trend"", ""value"": ""+12"", ""emergency"": ""no""}], ""latest_bp"": {""date"": ""2026-09-17"", ""sbp"": 137, ""dbp"": 80}, ""baseline_sbp"": 122.7, ""change_sbp"": 14.3, ""meds_taken"": ""yes"", ""symptoms"": [], ""last_sms"": ""Naweza kunywa dawa ya presha pamoja na chakula?"", ""days_since_contact"": 0, ""missed_appointments"": 0, ""overdue_followups"": 0, ""understanding"": {""medication"": null, ""salt_and_diet"": 1.0, ""danger_signs"": null, ""when_to_seek_care"": 1.0, ""what_bp_means"": null}, ""trajectory"": null, ""n_readings"": 23}",recheck_7_days,"{""recheck_7_days"": 1.0}",recheck_7_days,,,synthetic-history,2026-10-03d
189,6,2026-09-18,"{""text"": ""Flags: none. Latest BP 130/79 on 2026-09-18, -14 from baseline 144. Medicine taken: yes. Last SMS: \""131/88 leo. Asante\"". Days since last contact: 0. Low understanding: danger_signs."", ""flags"": [], ""latest_bp"": {""date"": ""2026-09-18"", ""sbp"": 130, ""dbp"": 79}, ""baseline_sbp"": 143.7, ""change_sbp"": -13.7, ""meds_taken"": ""yes"", ""symptoms"": [], ""last_sms"": ""131/88 leo. Asante"", ""days_since_contact"": 0, ""missed_appointments"": 0, ""overdue_followups"": 0, ""understanding"": {""medication"": null, ""salt_and_diet"": null, ""danger_signs"": 0.0, ""when_to_seek_care"": null, ""what_bp_means"": null}, ""trajectory"": null, ""n_readings"": 25}",routine,"{""routine"": 1.0}",routine,,,synthetic-history,2026-10-03d
190,25,2026-09-18,"{""text"": ""Flags: threshold 150/102; trend +21. Latest BP 150/102 on 2026-09-18, +16 from baseline 134. Medicine taken: yes. Last SMS: \""Dawa hii inanifanya nikojoe sana, ni kawaida?\"". Days since last contact: 0."", ""flags"": [{""type"": ""threshold"", ""value"": ""150/102"", ""emergency"": ""no""}, {""type"": ""trend"", ""value"": ""+21"", ""emergency"": ""no""}], ""latest_bp"": {""date"": ""2026-09-18"", ""sbp"": 150, ""dbp"": 102}, ""baseline_sbp"": 134.3, ""change_sbp"": 15.7, ""meds_taken"": ""yes"", ""symptoms"": [], ""last_sms"": ""Dawa hii inanifanya nikojoe sana, ni kawaida?"", ""days_since_contact"": 0, ""missed_appointments"": 0, ""overdue_followups"": 0, ""understanding"": {""medication"": null, ""salt_and_diet"": null, ""danger_signs"": null, ""when_to_seek_care"": 1.0, ""what_bp_means"": null}, ""trajectory"": null, ""n_readings"": 21}",visit_this_week,"{""visit_this_week"": 1.0}",visit_this_week,,,synthetic-history,2026-10-03d
191,47,2026-09-18,"{""text"": ""Flags: none. Latest BP 132/84 on 2026-09-18, -1 from baseline 133. Medicine taken: yes. Last SMS: \""129/83 leo. Asante\"". Days since last contact: 0."", ""flags"": [], ""latest_bp"": {""date"": ""2026-09-18"", ""sbp"": 132, ""dbp"": 84}, ""baseline_sbp"": 133.0, ""change_sbp"": -1.0, ""meds_taken"": ""yes"", ""symptoms"": [], ""last_sms"": ""129/83 leo. Asante"", ""days_since_contact"": 0, ""missed_appointments"": 0, ""overdue_followups"": 0, ""understanding"": {""medication"": null, ""salt_and_diet"": 1.0, ""danger_signs"": null, ""when_to_seek_care"": 1.0, ""what_bp_means"": null}, ""trajectory"": null, ""n_readings"": 25}",routine,"{""routine"": 1.0}",routine,,,synthetic-history,2026-10-03d
192,3,2026-09-20,"{""text"": ""Flags: none. Latest BP 137/81 on 2026-09-20, +6 from baseline 131. Medicine taken: yes. Last SMS: \""Le médicament me fait gonfler les pieds, c'est normal ?\"". Days since last contact: 0. Low understanding: what_bp_means."", ""flags"": [], ""latest_bp"": {""date"": ""2026-09-20"", ""sbp"": 137, ""dbp"": 81}, ""baseline_sbp"": 130.7, ""change_sbp"": 6.3, ""meds_taken"": ""yes"", ""symptoms"": [], ""last_sms"": ""Le médicament me fait gonfler les pieds, c'est normal ?"", ""days_since_contact"": 0, ""missed_appointments"": 0, ""overdue_followups"": 0, ""understanding"": {""medication"": null, ""salt_and_diet"": null, ""danger_signs"": null, ""when_to_seek_care"": null, ""what_bp_means"": 0.0}, ""trajectory"": null, ""n_readings"": 23}",routine,"{""routine"": 1.0}",routine,,,synthetic-history,2026-10-03d
193,29,2026-09-20,"{""text"": ""Flags: none. Latest BP 139/85 on 2026-09-20, +1 from baseline 138. Medicine taken: partial. Last SMS: \""138/91 leo. Asante\"". Days since last contact: 0. Missed clinic appointments: 1."", ""flags"": [], ""latest_bp"": {""date"": ""2026-09-20"", ""sbp"": 139, ""dbp"": 85}, ""baseline_sbp"": 137.7, ""change_sbp"": 1.3, ""meds_taken"": ""partial"", ""symptoms"": [], ""last_sms"": ""138/91 leo. Asante"", ""days_since_contact"": 0, ""missed_appointments"": 1, ""overdue_followups"": 0, ""understanding"": {""medication"": null, ""salt_and_diet"": null, ""danger_signs"": null, ""when_to_seek_care"": 1.0, ""what_bp_means"": null}, ""trajectory"": null, ""n_readings"": 22}",routine,"{""routine"": 1.0}",routine,,,synthetic-history,2026-10-03d
194,35,2026-09-20,"{""text"": ""Flags: none. Latest BP 136/85 on 2026-09-20, -5 from baseline 141. Medicine taken: yes. Last SMS: \""tension 148/93\"". Days since last contact: 0."", ""flags"": [], ""latest_bp"": {""date"": ""2026-09-20"", ""sbp"": 136, ""dbp"": 85}, ""baseline_sbp"": 141.3, ""change_sbp"": -5.3, ""meds_taken"": ""yes"", ""symptoms"": [], ""last_sms"": ""tension 148/93"", ""days_since_contact"": 0, ""missed_appointments"": 0, ""overdue_followups"": 0, ""understanding"": {""medication"": null, ""salt_and_diet"": null, ""danger_signs"": null, ""when_to_seek_care"": null, ""what_bp_means"": null}, ""trajectory"": null, ""n_readings"": 23}",routine,"{""routine"": 1.0}",routine,,,synthetic-history,2026-10-03d
195,39,2026-09-20,"{""text"": ""Flags: none. Latest BP 142/89 on 2026-09-20, +5 from baseline 137. Medicine taken: yes. Last SMS: \""136/89 leo. Asante\"". Days since last contact: 0. Missed clinic appointments: 1."", ""flags"": [], ""latest_bp"": {""date"": ""2026-09-20"", ""sbp"": 142, ""dbp"": 89}, ""baseline_sbp"": 137.0, ""change_sbp"": 5.0, ""meds_taken"": ""yes"", ""symptoms"": [], ""last_sms"": ""136/89 leo. Asante"", ""days_since_contact"": 0, ""missed_appointments"": 1, ""overdue_followups"": 0, ""understanding"": {""medication"": 1.0, ""salt_and_diet"": null, ""danger_signs"": null, ""when_to_seek_care"": 1.0, ""what_bp_means"": null}, ""trajectory"": null, ""n_readings"": 23}",routine,"{""routine"": 1.0}",routine,,,synthetic-history,2026-10-03d
196,2,2026-09-21,"{""text"": ""Flags: none. Latest BP 135/75 on 2026-09-21, -0 from baseline 135. Medicine taken: yes. Last SMS: \""Mungu akubariki mhudumu.\"". Days since last contact: 0."", ""flags"": [], ""latest_bp"": {""date"": ""2026-09-21"", ""sbp"": 135, ""dbp"": 75}, ""baseline_sbp"": 135.3, ""change_sbp"": -0.3, ""meds_taken"": ""yes"", ""symptoms"": [], ""last_sms"": ""Mungu akubariki mhudumu."", ""days_since_contact"": 0, ""missed_appointments"": 0, ""overdue_followups"": 0, ""understanding"": {""medication"": null, ""salt_and_diet"": null, ""danger_signs"": 1.0, ""when_to_seek_care"": null, ""what_bp_means"": 1.0}, ""trajectory"": null, ""n_readings"": 25}",routine,"{""routine"": 1.0}",routine,,,synthetic-history,2026-10-03d
197,19,2026-09-21,"{""text"": ""Flags: trend +16. Latest BP 159/98 on 2026-09-21, +21 from baseline 138. Medicine taken: yes. Last SMS: \""presha leo 151/96\"". Days since last contact: 0."", ""flags"": [{""type"": ""trend"", ""value"": ""+16"", ""emergency"": ""no""}], ""latest_bp"": {""date"": ""2026-09-21"", ""sbp"": 159, ""dbp"": 98}, ""baseline_sbp"": 138.0, ""change_sbp"": 21.0, ""meds_taken"": ""yes"", ""symptoms"": [], ""last_sms"": ""presha leo 151/96"", ""days_since_contact"": 0, ""missed_appointments"": 0, ""overdue_followups"": 0, ""understanding"": {""medication"": null, ""salt_and_diet"": 1.0, ""danger_signs"": null, ""when_to_seek_care"": null, ""what_bp_means"": null}, ""trajectory"": null, ""n_readings"": 23}",recheck_7_days,"{""recheck_7_days"": 1.0}",recheck_7_days,,,synthetic-history,2026-10-03d
198,40,2026-09-21,"{""text"": ""Flags: none. Latest BP 145/90 on 2026-09-21, +9 from baseline 136. Medicine taken: yes. Last SMS: \""Dawa zangu zimeisha, nitapata wapi zingine?\"". Days since last contact: 0."", ""flags"": [], ""latest_bp"": {""date"": ""2026-09-21"", ""sbp"": 145, ""dbp"": 90}, ""baseline_sbp"": 135.7, ""change_sbp"": 9.3, ""meds_taken"": ""yes"", ""symptoms"": [], ""last_sms"": ""Dawa zangu zimeisha, nitapata wapi zingine?"", ""days_since_contact"": 0, ""missed_appointments"": 0, ""overdue_followups"": 0, ""understanding"": {""medication"": null, ""salt_and_diet"": null, ""danger_signs"": null, ""when_to_seek_care"": 1.0, ""what_bp_means"": null}, ""trajectory"": null, ""n_readings"": 21}",routine,"{""routine"": 1.0}",routine,,,synthetic-history,2026-10-03d
199,51,2026-09-21,"{""text"": ""Flags: none. Latest BP 133/80 on 2026-09-21, +0 from baseline 133. Medicine taken: yes. Last SMS: \""J'ai mesuré au centre de santé : 126/74. Médicaments pris.\"". Days since last contact: 0. Low understanding: danger_signs."", ""flags"": [], ""latest_bp"": {""date"": ""2026-09-21"", ""sbp"": 133, ""dbp"": 80}, ""baseline_sbp"": 132.7, ""change_sbp"": 0.3, ""meds_taken"": ""yes"", ""symptoms"": [], ""last_sms"": ""J'ai mesuré au centre de santé : 126/74. Médicaments pris."", ""days_since_contact"": 0, ""missed_appointments"": 0, ""overdue_followups"": 0, ""understanding"": {""medication"": null, ""salt_and_diet"": null, ""danger_signs"": 0.0, ""when_to_seek_care"": null, ""what_bp_means"": null}, ""trajectory"": null, ""n_readings"": 26}",routine,"{""routine"": 1.0}",routine,,,synthetic-history,2026-10-03d
200,17,2026-09-22,"{""text"": ""Flags: none. Latest BP 154/99 on 2026-09-22, +13 from baseline 141. Medicine taken: partial. Last SMS: \""presha leo 153/100\"". Days since last contact: 0. Missed clinic appointments: 1."", ""flags"": [], ""latest_bp"": {""date"": ""2026-09-22"", ""sbp"": 154, ""dbp"": 99}, ""baseline_sbp"": 141.0, ""change_sbp"": 13.0, ""meds_taken"": ""partial"", ""symptoms"": [], ""last_sms"": ""presha leo 153/100"", ""days_since_contact"": 0, ""missed_appointments"": 1, ""overdue_followups"": 0, ""understanding"": {""medication"": null, ""salt_and_diet"": 1.0, ""danger_signs"": 1.0, ""when_to_seek_care"": 1.0, ""what_bp_means"": null}, ""trajectory"": null, ""n_readings"": 22}",routine,"{""routine"": 1.0}",routine,,,synthetic-history,2026-10-03d
201,24,2026-09-22,"{""text"": ""Flags: none. Latest BP 139/83 on 2026-09-22, -0 from baseline 139. Medicine taken: yes. Last SMS: \""Tension 138/83. J'ai pris un seul médicament sur les deux.\"". Days since last contact: 0."", ""flags"": [], ""latest_bp"": {""date"": ""2026-09-22"", ""sbp"": 139, ""dbp"": 83}, ""baseline_sbp"": 139.3, ""change_sbp"": -0.3, ""meds_taken"": ""yes"", ""symptoms"": [], ""last_sms"": ""Tension 138/83. J'ai pris un seul médicament sur les deux."", ""days_since_contact"": 0, ""missed_appointments"": 0, ""overdue_followups"": 0, ""understanding"": {""medication"": null, ""salt_and_diet"": null, ""danger_signs"": null, ""when_to_seek_care"": null, ""what_bp_means"": 1.0}, ""trajectory"": null, ""n_readings"": 25}",routine,"{""routine"": 1.0}",routine,,,synthetic-history,2026-10-03d
202,30,2026-09-22,"{""text"": ""Flags: none. Latest BP 143/94 on 2026-09-22, -1 from baseline 144. Medicine taken: partial. Last SMS: \""Hi, my BP today is 145/94. I took my medicine.\"". Days since last contact: 0."", ""flags"": [], ""latest_bp"": {""date"": ""2026-09-22"", ""sbp"": 143, ""dbp"": 94}, ""baseline_sbp"": 144.3, ""change_sbp"": -1.3, ""meds_taken"": ""partial"", ""symptoms"": [], ""last_sms"": ""Hi, my BP today is 145/94. I took my medicine."", ""days_since_contact"": 0, ""missed_appointments"": 0, ""overdue_followups"": 0, ""understanding"": {""medication"": null, ""salt_and_diet"": null, ""danger_signs"": null, ""when_to_seek_care"": null, ""what_bp_means"": null}, ""trajectory"": null, ""n_readings"": 23}",routine,"{""routine"": 1.0}",routine,,,synthetic-history,2026-10-03d
203,45,2026-09-22,"{""text"": ""Flags: none. Latest BP 132/84 on 2026-09-22, +4 from baseline 128. Medicine taken: yes. Last SMS: \""Bonsoir. Tension 138/80, j'ai pris seulement la moitié du comprimé.\"". Days since last contact: 0."", ""flags"": [], ""latest_bp"": {""date"": ""2026-09-22"", ""sbp"": 132, ""dbp"": 84}, ""baseline_sbp"": 127.7, ""change_sbp"": 4.3, ""meds_taken"": ""yes"", ""symptoms"": [], ""last_sms"": ""Bonsoir. Tension 138/80, j'ai pris seulement la moitié du comprimé."", ""days_since_contact"": 0, ""missed_appointments"": 0, ""overdue_followups"": 0, ""understanding"": {""medication"": null, ""salt_and_diet"": null, ""danger_signs"": null, ""when_to_seek_care"": null, ""what_bp_means"": null}, ""trajectory"": null, ""n_readings"": 21}",routine,"{""routine"": 1.0}",routine,,,synthetic-history,2026-10-03d
204,49,2026-09-22,"{""text"": ""Flags: trend +18. Latest BP 138/89 on 2026-09-22, +11 from baseline 127. Medicine taken: yes. Last SMS: \""148/92 leo. Asante\"". Days since last contact: 0."", ""flags"": [{""type"": ""trend"", ""value"": ""+18"", ""emergency"": ""no""}], ""latest_bp"": {""date"": ""2026-09-22"", ""sbp"": 138, ""dbp"": 89}, ""baseline_sbp"": 127.0, ""change_sbp"": 11.0, ""meds_taken"": ""yes"", ""symptoms"": [], ""last_sms"": ""148/92 leo. Asante"", ""days_since_contact"": 0, ""missed_appointments"": 0, ""overdue_followups"": 0, ""understanding"": {""medication"": null, ""salt_and_diet"": null, ""danger_signs"": null, ""when_to_seek_care"": null, ""what_bp_means"": null}, ""trajectory"": null, ""n_readings"": 23}",recheck_7_days,"{""recheck_7_days"": 1.0}",recheck_7_days,,,synthetic-history,2026-10-03d
205,26,2026-09-23,"{""text"": ""Flags: none. Latest BP 135/91 on 2026-09-23, -6 from baseline 141. Medicine taken: partial. Last SMS: \""presha leo 139/90\"". Days since last contact: 0."", ""flags"": [], ""latest_bp"": {""date"": ""2026-09-23"", ""sbp"": 135, ""dbp"": 91}, ""baseline_sbp"": 140.7, ""change_sbp"": -5.7, ""meds_taken"": ""partial"", ""symptoms"": [], ""last_sms"": ""presha leo 139/90"", ""days_since_contact"": 0, ""missed_appointments"": 0, ""overdue_followups"": 0, ""understanding"": {""medication"": null, ""salt_and_diet"": null, ""danger_signs"": null, ""when_to_seek_care"": null, ""what_bp_means"": null}, ""trajectory"": null, ""n_readings"": 24}",routine,"{""routine"": 1.0}",routine,,,synthetic-history,2026-10-03d
206,33,2026-09-23,"{""text"": ""Flags: none. Latest BP 147/94 on 2026-09-23, +4 from baseline 143. Medicine taken: yes. Last SMS: \""Sawa, nimeelewa.\"". Days since last contact: 0. Missed clinic appointments: 1."", ""flags"": [], ""latest_bp"": {""date"": ""2026-09-23"", ""sbp"": 147, ""dbp"": 94}, ""baseline_sbp"": 143.0, ""change_sbp"": 4.0, ""meds_taken"": ""yes"", ""symptoms"": [], ""last_sms"": ""Sawa, nimeelewa."", ""days_since_contact"": 0, ""missed_appointments"": 1, ""overdue_followups"": 0, ""understanding"": {""medication"": null, ""salt_and_diet"": null, ""danger_signs"": null, ""when_to_seek_care"": null, ""what_bp_means"": null}, ""trajectory"": null, ""n_readings"": 23}",routine,"{""routine"": 1.0}",routine,,,synthetic-history,2026-10-03d
207,43,2026-09-23,"{""text"": ""Flags: none. Latest BP 135/90 on 2026-09-23, +3 from baseline 132. Medicine taken: yes. Last SMS: \""Je, niendelee kunywa dawa hata kama najisikia vizuri?\"". Days since last contact: 0."", ""flags"": [], ""latest_bp"": {""date"": ""2026-09-23"", ""sbp"": 135, ""dbp"": 90}, ""baseline_sbp"": 132.3, ""change_sbp"": 2.7, ""meds_taken"": ""yes"", ""symptoms"": [], ""last_sms"": ""Je, niendelee kunywa dawa hata kama najisikia vizuri?"", ""days_since_contact"": 0, ""missed_appointments"": 0, ""overdue_followups"": 0, ""understanding"": {""medication"": null, ""salt_and_diet"": null, ""danger_signs"": 1.0, ""when_to_seek_care"": null, ""what_bp_means"": null}, ""trajectory"": null, ""n_readings"": 26}",routine,"{""routine"": 1.0}",routine,,,synthetic-history,2026-10-03d
208,37,2026-09-24,"{""text"": ""Flags: none. Latest BP 135/82 on 2026-09-24, +5 from baseline 130. Medicine taken: yes. Last SMS: \""127/80 leo. Asante\"". Days since last contact: 0. Low understanding: salt_and_diet."", ""flags"": [], ""latest_bp"": {""date"": ""2026-09-24"", ""sbp"": 135, ""dbp"": 82}, ""baseline_sbp"": 130.3, ""change_sbp"": 4.7, ""meds_taken"": ""yes"", ""symptoms"": [], ""last_sms"": ""127/80 leo. Asante"", ""days_since_contact"": 0, ""missed_appointments"": 0, ""overdue_followups"": 0, ""understanding"": {""medication"": null, ""salt_and_diet"": 0.0, ""danger_signs"": null, ""when_to_seek_care"": null, ""what_bp_means"": null}, ""trajectory"": null, ""n_readings"": 23}",routine,"{""routine"": 1.0}",recheck_7_days,already seen at clinic,,synthetic-history,2026-10-03d
209,10,2026-09-25,"{""text"": ""Flags: threshold 172/102; trend +20. Latest BP 172/102 on 2026-09-25, +32 from baseline 140. Medicine taken: partial. Last SMS: \""Ma tension est 157 sur 94, je prends bien mes médicaments chaque jour.\"". Days since last contact: 0."", ""flags"": [{""type"": ""threshold"", ""value"": ""172/102"", ""emergency"": ""no""}, {""type"": ""trend"", ""value"": ""+20"", ""emergency"": ""no""}], ""latest_bp"": {""date"": ""2026-09-25"", ""sbp"": 172, ""dbp"": 102}, ""baseline_sbp"": 139.7, ""change_sbp"": 32.3, ""meds_taken"": ""partial"", ""symptoms"": [], ""last_sms"": ""Ma tension est 157 sur 94, je prends bien mes médicaments chaque jour."", ""days_since_contact"": 0, ""missed_appointments"": 0, ""overdue_followups"": 0, ""understanding"": {""medication"": 1.0, ""salt_and_diet"": null, ""danger_signs"": null, ""when_to_seek_care"": 1.0, ""what_bp_means"": null}, ""trajectory"": null, ""n_readings"": 23}",visit_this_week,"{""visit_this_week"": 1.0}",visit_this_week,,,synthetic-history,2026-10-03d
210,11,2026-09-25,"{""text"": ""Flags: threshold 163/111; trend +14. Latest BP 163/111 on 2026-09-25, +20 from baseline 143. Medicine taken: no. Last SMS: \""presha 163 kwa 111 sijakunywa dawa tangu juzi\"". Days since last contact: 0."", ""flags"": [{""type"": ""threshold"", ""value"": ""163/111"", ""emergency"": ""yes""}, {""type"": ""trend"", ""value"": ""+14"", ""emergency"": ""no""}], ""latest_bp"": {""date"": ""2026-09-25"", ""sbp"": 163, ""dbp"": 111}, ""baseline_sbp"": 143.3, ""change_sbp"": 19.7, ""meds_taken"": ""no"", ""symptoms"": [], ""last_sms"": ""presha 163 kwa 111 sijakunywa dawa tangu juzi"", ""days_since_contact"": 0, ""missed_appointments"": 0, ""overdue_followups"": 0, ""understanding"": {""medication"": 1.0, ""salt_and_diet"": 1.0, ""danger_signs"": null, ""when_to_seek_care"": null, ""what_bp_means"": null}, ""trajectory"": null, ""n_readings"": 23}",emergency_now,"{""emergency_now"": 1.0}",emergency_now,,,synthetic-history,2026-10-03d
211,20,2026-09-25,"{""text"": ""Flags: none. Latest BP 143/87 on 2026-09-25, -8 from baseline 151. Medicine taken: partial. Last SMS: \""tension 148/90\"". Days since last contact: 0."", ""flags"": [], ""latest_bp"": {""date"": ""2026-09-25"", ""sbp"": 143, ""dbp"": 87}, ""baseline_sbp"": 151.0, ""change_sbp"": -8.0, ""meds_taken"": ""partial"", ""symptoms"": [], ""last_sms"": ""tension 148/90"", ""days_since_contact"": 0, ""missed_appointments"": 0, ""overdue_followups"": 0, ""understanding"": {""medication"": null, ""salt_and_diet"": null, ""danger_signs"": null, ""when_to_seek_care"": null, ""what_bp_means"": null}, ""trajectory"": null, ""n_readings"": 25}",routine,"{""routine"": 1.0}",routine,,,synthetic-history,2026-10-03d
212,31,2026-09-25,"{""text"": ""Flags: none. Latest BP 144/92 on 2026-09-25, -1 from baseline 145. Medicine taken: yes. Last SMS: \""141/86 leo. Asante\"". Days since last contact: 0."", ""flags"": [], ""latest_bp"": {""date"": ""2026-09-25"", ""sbp"": 144, ""dbp"": 92}, ""baseline_sbp"": 144.7, ""change_sbp"": -0.7, ""meds_taken"": ""yes"", ""symptoms"": [], ""last_sms"": ""141/86 leo. Asante"", ""days_since_contact"": 0, ""missed_appointments"": 0, ""overdue_followups"": 0, ""understanding"": {""medication"": null, ""salt_and_diet"": 1.0, ""danger_signs"": 1.0, ""when_to_seek_care"": null, ""what_bp_means"": null}, ""trajectory"": null, ""n_readings"": 24}",routine,"{""routine"": 1.0}",routine,,,synthetic-history,2026-10-03d
213,14,2026-09-26,"{""text"": ""Flags: none. Latest BP 121/72 on 2026-09-26, -10 from baseline 131. Medicine taken: yes. Last SMS: \""My pressure is 119 over 73 this morning\"". Days since last contact: 0."", ""flags"": [], ""latest_bp"": {""date"": ""2026-09-26"", ""sbp"": 121, ""dbp"": 72}, ""baseline_sbp"": 131.0, ""change_sbp"": -10.0, ""meds_taken"": ""yes"", ""symptoms"": [], ""last_sms"": ""My pressure is 119 over 73 this morning"", ""days_since_contact"": 0, ""missed_appointments"": 0, ""overdue_followups"": 0, ""understanding"": {""medication"": null, ""salt_and_diet"": null, ""danger_signs"": null, ""when_to_seek_care"": null, ""what_bp_means"": null}, ""trajectory"": null, ""n_readings"": 25}",routine,"{""routine"": 1.0}",routine,,,synthetic-history,2026-10-03d
214,53,2026-09-26,"{""text"": ""Flags: threshold 164/97; who_risk 22%; trend +17. Latest BP 164/97 on 2026-09-26, +30 from baseline 134. Medicine taken: yes. Last SMS: \""Bjr, tension 155 sur 100 ce matin\"". Days since last contact: 0."", ""flags"": [{""type"": ""threshold"", ""value"": ""164/97"", ""emergency"": ""no""}, {""type"": ""who_risk"", ""value"": ""22%"", ""emergency"": ""no""}, {""type"": ""trend"", ""value"": ""+17"", ""emergency"": ""no""}], ""latest_bp"": {""date"": ""2026-09-26"", ""sbp"": 164, ""dbp"": 97}, ""baseline_sbp"": 133.7, ""change_sbp"": 30.3, ""meds_taken"": ""yes"", ""symptoms"": [], ""last_sms"": ""Bjr, tension 155 sur 100 ce matin"", ""days_since_contact"": 0, ""missed_appointments"": 0, ""overdue_followups"": 0, ""understanding"": {""medication"": null, ""salt_and_diet"": null, ""danger_signs"": null, ""when_to_seek_care"": null, ""what_bp_means"": null}, ""trajectory"": null, ""n_readings"": 25}",visit_this_week,"{""visit_this_week"": 1.0}",visit_this_week,,,synthetic-history,2026-10-03d
215,21,2026-09-27,"{""text"": ""Flags: threshold 166/96; trend +21. Latest BP 166/96 on 2026-09-27, +27 from baseline 139. Last SMS: \""presha leo 166/96\"". Days since last contact: 0."", ""flags"": [{""type"": ""threshold"", ""value"": ""166/96"", ""emergency"": ""no""}, {""type"": ""trend"", ""value"": ""+21"", ""emergency"": ""no""}], ""latest_bp"": {""date"": ""2026-09-27"", ""sbp"": 166, ""dbp"": 96}, ""baseline_sbp"": 138.7, ""change_sbp"": 27.3, ""meds_taken"": null, ""symptoms"": [], ""last_sms"": ""presha leo 166/96"", ""days_since_contact"": 0, ""missed_appointments"": 0, ""overdue_followups"": 0, ""understanding"": {""medication"": null, ""salt_and_diet"": null, ""danger_signs"": null, ""when_to_seek_care"": null, ""what_bp_means"": null}, ""trajectory"": null, ""n_readings"": 25}",visit_this_week,"{""visit_this_week"": 1.0}",visit_this_week,,,synthetic-history,2026-10-03d
216,5,2026-09-28,"{""text"": ""Flags: threshold 172/107; trend +25. Latest BP 172/107 on 2026-09-28, +33 from baseline 139. Medicine taken: yes. Last SMS: \""Mimi ni mzima. Presha ni 167/107, nakunywa dawa kila siku.\"". Days since last contact: 0."", ""flags"": [{""type"": ""threshold"", ""value"": ""172/107"", ""emergency"": ""no""}, {""type"": ""trend"", ""value"": ""+25"", ""emergency"": ""no""}], ""latest_bp"": {""date"": ""2026-09-28"", ""sbp"": 172, ""dbp"": 107}, ""baseline_sbp"": 138.7, ""change_sbp"": 33.3, ""meds_taken"": ""yes"", ""symptoms"": [], ""last_sms"": ""Mimi ni mzima. Presha ni 167/107, nakunywa dawa kila siku."", ""days_since_contact"": 0, ""missed_appointments"": 0, ""overdue_followups"": 0, ""understanding"": {""medication"": null, ""salt_and_diet"": null, ""danger_signs"": null, ""when_to_seek_care"": null, ""what_bp_means"": null}, ""trajectory"": null, ""n_readings"": 24}",visit_this_week,"{""visit_this_week"": 1.0}",visit_this_week,,,synthetic-history,2026-10-03d
217,44,2026-09-28,"{""text"": ""Flags: trend +22. Latest BP 157/99 on 2026-09-28, +21 from baseline 136. Medicine taken: yes. Last SMS: \""Shikamoo. Nimepima leo 157/102, dawa nimekunywa asubuhi.\"". Days since last contact: 0."", ""flags"": [{""type"": ""trend"", ""value"": ""+22"", ""emergency"": ""no""}], ""latest_bp"": {""date"": ""2026-09-28"", ""sbp"": 157, ""dbp"": 99}, ""baseline_sbp"": 136.0, ""change_sbp"": 21.0, ""meds_taken"": ""yes"", ""symptoms"": [], ""last_sms"": ""Shikamoo. Nimepima leo 157/102, dawa nimekunywa asubuhi."", ""days_since_contact"": 0, ""missed_appointments"": 0, ""overdue_followups"": 0, ""understanding"": {""medication"": null, ""salt_and_diet"": null, ""danger_signs"": null, ""when_to_seek_care"": null, ""what_bp_means"": null}, ""trajectory"": null, ""n_readings"": 22}",recheck_7_days,"{""recheck_7_days"": 1.0}",recheck_7_days,,,synthetic-history,2026-10-03d
218,1,2026-09-29,"{""text"": ""Flags: none. Latest BP 146/92 on 2026-09-29, +12 from baseline 134. Medicine taken: yes. Last SMS: \""Mimi ni mzima. Presha ni 143/90, nakunywa dawa kila siku.\"". Days since last contact: 0. Missed clinic appointments: 1."", ""flags"": [], ""latest_bp"": {""date"": ""2026-09-29"", ""sbp"": 146, ""dbp"": 92}, ""baseline_sbp"": 134.0, ""change_sbp"": 12.0, ""meds_taken"": ""yes"", ""symptoms"": [], ""last_sms"": ""Mimi ni mzima. Presha ni 143/90, nakunywa dawa kila siku."", ""days_since_contact"": 0, ""missed_appointments"": 1, ""overdue_followups"": 0, ""understanding"": {""medication"": 1.0, ""salt_and_diet"": 1.0, ""danger_signs"": null, ""when_to_seek_care"": null, ""what_bp_means"": null}, ""trajectory"": null, ""n_readings"": 9}",routine,"{""routine"": 1.0}",routine,,,synthetic-history,2026-10-03d
219,4,2026-09-29,"{""text"": ""Flags: none. Latest BP 144/91 on 2026-09-29, +10 from baseline 134. Medicine taken: yes. Last SMS: \""Habari daktari, presha yangu ni 136 kwa 85. Nimekunywa dawa zangu.\"". Days since last contact: 0. Low understanding: danger_signs."", ""flags"": [], ""latest_bp"": {""date"": ""2026-09-29"", ""sbp"": 144, ""dbp"": 91}, ""baseline_sbp"": 133.7, ""change_sbp"": 10.3, ""meds_taken"": ""yes"", ""symptoms"": [], ""last_sms"": ""Habari daktari, presha yangu ni 136 kwa 85. Nimekunywa dawa zangu."", ""days_since_contact"": 0, ""missed_appointments"": 0, ""overdue_followups"": 0, ""understanding"": {""medication"": null, ""salt_and_diet"": null, ""danger_signs"": 0.0, ""when_to_seek_care"": null, ""what_bp_means"": null}, ""trajectory"": null, ""n_readings"": 25}",routine,"{""routine"": 1.0}",routine,,,synthetic-history,2026-10-03d
220,7,2026-09-29,"{""text"": ""Flags: none. Latest BP 141/91 on 2026-09-29, +3 from baseline 138. Medicine taken: yes. Last SMS: \""Pressure yangu ni 145/90, nimekunywa nusu dozi kwa sababu dawa zinakaribia kuisha.\"". Days since last contact: 0."", ""flags"": [], ""latest_bp"": {""date"": ""2026-09-29"", ""sbp"": 141, ""dbp"": 91}, ""baseline_sbp"": 137.7, ""change_sbp"": 3.3, ""meds_taken"": ""yes"", ""symptoms"": [], ""last_sms"": ""Pressure yangu ni 145/90, nimekunywa nusu dozi kwa sababu dawa zinakaribia kuisha."", ""days_since_contact"": 0, ""missed_appointments"": 0, ""overdue_followups"": 0, ""understanding"": {""medication"": null, ""salt_and_diet"": null, ""danger_signs"": null, ""when_to_seek_care"": null, ""what_bp_means"": null}, ""trajectory"": null, ""n_readings"": 22}",routine,"{""routine"": 1.0}",routine,,,synthetic-history,2026-10-03d
221,9,2026-09-29,"{""text"": ""Flags: threshold 160/98; trend +12. Latest BP 160/98 on 2026-09-29, +19 from baseline 141. Medicine taken: yes. Last SMS: \""Checked at the health centre: 149/90. Meds taken.\"". Days since last contact: 0."", ""flags"": [{""type"": ""threshold"", ""value"": ""160/98"", ""emergency"": ""no""}, {""type"": ""trend"", ""value"": ""+12"", ""emergency"": ""no""}], ""latest_bp"": {""date"": ""2026-09-29"", ""sbp"": 160, ""dbp"": 98}, ""baseline_sbp"": 141.3, ""change_sbp"": 18.7, ""meds_taken"": ""yes"", ""symptoms"": [], ""last_sms"": ""Checked at the health centre: 149/90. Meds taken."", ""days_since_contact"": 0, ""missed_appointments"": 0, ""overdue_followups"": 0, ""understanding"": {""medication"": null, ""salt_and_diet"": null, ""danger_signs"": 1.0, ""when_to_seek_care"": null, ""what_bp_means"": null}, ""trajectory"": null, ""n_readings"": 26}",visit_this_week,"{""visit_this_week"": 1.0}",visit_this_week,,,synthetic-history,2026-10-03d
222,16,2026-09-29,"{""text"": ""Flags: none. Latest BP 137/86 on 2026-09-29, +9 from baseline 128. Medicine taken: partial. Last SMS: \""My pressure is 135 over 91 this morning\"". Days since last contact: 0."", ""flags"": [], ""latest_bp"": {""date"": ""2026-09-29"", ""sbp"": 137, ""dbp"": 86}, ""baseline_sbp"": 128.3, ""change_sbp"": 8.7, ""meds_taken"": ""partial"", ""symptoms"": [], ""last_sms"": ""My pressure is 135 over 91 this morning"", ""days_since_contact"": 0, ""missed_appointments"": 0, ""overdue_followups"": 0, ""understanding"": {""medication"": null, ""salt_and_diet"": null, ""danger_signs"": null, ""when_to_seek_care"": 1.0, ""what_bp_means"": null}, ""trajectory"": null, ""n_readings"": 24}",routine,"{""routine"": 1.0}",routine,,,synthetic-history,2026-10-03d
223,21,2026-09-30,"{""text"": ""Flags: threshold 171/113; trend +26; symptom headache. Latest BP 171/113 on 2026-09-30, +32 from baseline 139. Medicine taken: yes. Symptoms: headache. Last SMS: \""presha leo 166/96\"". Days since last contact: 0."", ""flags"": [{""type"": ""threshold"", ""value"": ""171/113"", ""emergency"": ""yes""}, {""type"": ""trend"", ""value"": ""+26"", ""emergency"": ""no""}, {""type"": ""symptom"", ""value"": ""headache"", ""emergency"": ""no""}], ""latest_bp"": {""date"": ""2026-09-30"", ""sbp"": 171, ""dbp"": 113}, ""baseline_sbp"": 138.7, ""change_sbp"": 32.3, ""meds_taken"": ""yes"", ""symptoms"": [""headache""], ""last_sms"": ""presha leo 166/96"", ""days_since_contact"": 0, ""missed_appointments"": 0, ""overdue_followups"": 0, ""understanding"": {""medication"": null, ""salt_and_diet"": null, ""danger_signs"": null, ""when_to_seek_care"": null, ""what_bp_means"": null}, ""trajectory"": null, ""n_readings"": 26}",emergency_now,"{""emergency_now"": 1.0}",emergency_now,,,synthetic-history,2026-10-03d
224,22,2026-09-30,"{""text"": ""Flags: none. Latest BP 132/82 on 2026-09-30, -5 from baseline 137. Medicine taken: yes. Last SMS: \""Mimi ni mzima. Presha ni 140/86, nakunywa dawa kila siku.\"". Days since last contact: 0. Missed clinic appointments: 1."", ""flags"": [], ""latest_bp"": {""date"": ""2026-09-30"", ""sbp"": 132, ""dbp"": 82}, ""baseline_sbp"": 137.3, ""change_sbp"": -5.3, ""meds_taken"": ""yes"", ""symptoms"": [], ""last_sms"": ""Mimi ni mzima. Presha ni 140/86, nakunywa dawa kila siku."", ""days_since_contact"": 0, ""missed_appointments"": 1, ""overdue_followups"": 0, ""understanding"": {""medication"": null, ""salt_and_diet"": 1.0, ""danger_signs"": 1.0, ""when_to_seek_care"": 1.0, ""what_bp_means"": 1.0}, ""trajectory"": null, ""n_readings"": 21}",routine,"{""routine"": 1.0}",routine,,,synthetic-history,2026-10-03d
225,38,2026-09-30,"{""text"": ""Flags: none. Latest BP 136/91 on 2026-09-30, -1 from baseline 137. Medicine taken: yes. Last SMS: \""presha leo 132/87\"". Days since last contact: 0."", ""flags"": [], ""latest_bp"": {""date"": ""2026-09-30"", ""sbp"": 136, ""dbp"": 91}, ""baseline_sbp"": 136.7, ""change_sbp"": -0.7, ""meds_taken"": ""yes"", ""symptoms"": [], ""last_sms"": ""presha leo 132/87"", ""days_since_contact"": 0, ""missed_appointments"": 0, ""overdue_followups"": 0, ""understanding"": {""medication"": null, ""salt_and_diet"": null, ""danger_signs"": null, ""when_to_seek_care"": null, ""what_bp_means"": null}, ""trajectory"": null, ""n_readings"": 26}",routine,"{""routine"": 1.0}",visit_this_week,family will bring patient,,synthetic-history,2026-10-03d
226,10,2026-10-01,"{""text"": ""Flags: threshold 167/101; trend +23; symptom headache. Latest BP 167/101 on 2026-10-01, +27 from baseline 140. Medicine taken: partial. Symptoms: headache. Last SMS: \""Ma tension est 157 sur 94, je prends bien mes médicaments chaque jour.\"". Days since last contact: 0."", ""flags"": [{""type"": ""threshold"", ""value"": ""167/101"", ""emergency"": ""no""}, {""type"": ""trend"", ""value"": ""+23"", ""emergency"": ""no""}, {""type"": ""symptom"", ""value"": ""headache"", ""emergency"": ""no""}], ""latest_bp"": {""date"": ""2026-10-01"", ""sbp"": 167, ""dbp"": 101}, ""baseline_sbp"": 139.7, ""change_sbp"": 27.3, ""meds_taken"": ""partial"", ""symptoms"": [""headache""], ""last_sms"": ""Ma tension est 157 sur 94, je prends bien mes médicaments chaque jour."", ""days_since_contact"": 0, ""missed_appointments"": 0, ""overdue_followups"": 0, ""understanding"": {""medication"": 1.0, ""salt_and_diet"": null, ""danger_signs"": null, ""when_to_seek_care"": 1.0, ""what_bp_means"": null}, ""trajectory"": null, ""n_readings"": 24}",visit_this_week,"{""visit_this_week"": 1.0}",visit_this_week,,,synthetic-history,2026-10-03d
227,17,2026-10-01,"{""text"": ""Flags: threshold 162/100; trend +13; symptom speech_difficulty. Latest BP 162/100 on 2026-10-01, +21 from baseline 141. Medicine taken: yes. Symptoms: speech_difficulty. Last SMS: \""presha leo 153/100\"". Days since last contact: 0. Missed clinic appointments: 1."", ""flags"": [{""type"": ""threshold"", ""value"": ""162/100"", ""emergency"": ""no""}, {""type"": ""trend"", ""value"": ""+13"", ""emergency"": ""no""}, {""type"": ""symptom"", ""value"": ""speech_difficulty"", ""emergency"": ""yes""}], ""latest_bp"": {""date"": ""2026-10-01"", ""sbp"": 162, ""dbp"": 100}, ""baseline_sbp"": 141.0, ""change_sbp"": 21.0, ""meds_taken"": ""yes"", ""symptoms"": [""speech_difficulty""], ""last_sms"": ""presha leo 153/100"", ""days_since_contact"": 0, ""missed_appointments"": 1, ""overdue_followups"": 0, ""understanding"": {""medication"": null, ""salt_and_diet"": 1.0, ""danger_signs"": 1.0, ""when_to_seek_care"": 1.0, ""what_bp_means"": null}, ""trajectory"": null, ""n_readings"": 23}",emergency_now,"{""emergency_now"": 1.0}",emergency_now,,,synthetic-history,2026-10-03d
228,53,2026-10-01,"{""text"": ""Flags: threshold 179/110; who_risk 22%; trend +33. Latest BP 179/110 on 2026-10-01, +45 from baseline 134. Medicine taken: yes. Last SMS: \""Bjr, tension 155 sur 100 ce matin\"". Days since last contact: 0."", ""flags"": [{""type"": ""threshold"", ""value"": ""179/110"", ""emergency"": ""yes""}, {""type"": ""who_risk"", ""value"": ""22%"", ""emergency"": ""no""}, {""type"": ""trend"", ""value"": ""+33"", ""emergency"": ""no""}], ""latest_bp"": {""date"": ""2026-10-01"", ""sbp"": 179, ""dbp"": 110}, ""baseline_sbp"": 133.7, ""change_sbp"": 45.3, ""meds_taken"": ""yes"", ""symptoms"": [], ""last_sms"": ""Bjr, tension 155 sur 100 ce matin"", ""days_since_contact"": 0, ""missed_appointments"": 0, ""overdue_followups"": 0, ""understanding"": {""medication"": null, ""salt_and_diet"": null, ""danger_signs"": null, ""when_to_seek_care"": null, ""what_bp_means"": null}, ""trajectory"": null, ""n_readings"": 27}",emergency_now,"{""emergency_now"": 1.0}",emergency_now,,,synthetic-history,2026-10-03d
229,9,2026-10-02,"{""text"": ""Flags: threshold 174/105; trend +20; symptom headache. Latest BP 174/105 on 2026-10-02, +33 from baseline 141. Medicine taken: yes. Symptoms: headache. Last SMS: \""Checked at the health centre: 161/101. Meds taken.\"". Days since last contact: 0."", ""flags"": [{""type"": ""threshold"", ""value"": ""174/105"", ""emergency"": ""no""}, {""type"": ""trend"", ""value"": ""+20"", ""emergency"": ""no""}, {""type"": ""symptom"", ""value"": ""headache"", ""emergency"": ""no""}], ""latest_bp"": {""date"": ""2026-10-02"", ""sbp"": 174, ""dbp"": 105}, ""baseline_sbp"": 141.3, ""change_sbp"": 32.7, ""meds_taken"": ""yes"", ""symptoms"": [""headache""], ""last_sms"": ""Checked at the health centre: 161/101. Meds taken."", ""days_since_contact"": 0, ""missed_appointments"": 0, ""overdue_followups"": 0, ""understanding"": {""medication"": null, ""salt_and_diet"": null, ""danger_signs"": 1.0, ""when_to_seek_care"": null, ""what_bp_means"": null}, ""trajectory"": null, ""n_readings"": 28}",visit_this_week,"{""visit_this_week"": 1.0}",visit_this_week,,,synthetic-history,2026-10-03d
230,27,2026-10-02,"{""text"": ""Flags: threshold 160/99; who_risk 22%; trend +18; symptom arm_weakness. Latest BP 160/99 on 2026-10-02, +30 from baseline 130. Medicine taken: yes. Symptoms: arm_weakness. Last SMS: \""Shikamoo. Nimepima leo 153/99, dawa nimekunywa asubuhi.\"". Days since last contact: 0."", ""flags"": [{""type"": ""threshold"", ""value"": ""160/99"", ""emergency"": ""no""}, {""type"": ""who_risk"", ""value"": ""22%"", ""emergency"": ""no""}, {""type"": ""trend"", ""value"": ""+18"", ""emergency"": ""no""}, {""type"": ""symptom"", ""value"": ""arm_weakness"", ""emergency"": ""yes""}], ""latest_bp"": {""date"": ""2026-10-02"", ""sbp"": 160, ""dbp"": 99}, ""baseline_sbp"": 130.0, ""change_sbp"": 30.0, ""meds_taken"": ""yes"", ""symptoms"": [""arm_weakness""], ""last_sms"": ""Shikamoo. Nimepima leo 153/99, dawa nimekunywa asubuhi."", ""days_since_contact"": 0, ""missed_appointments"": 0, ""overdue_followups"": 0, ""understanding"": {""medication"": null, ""salt_and_diet"": null, ""danger_signs"": null, ""when_to_seek_care"": null, ""what_bp_means"": null}, ""trajectory"": null, ""n_readings"": 26}",emergency_now,"{""emergency_now"": 1.0}",emergency_now,,,synthetic-history,2026-10-03d
231,36,2026-10-02,"{""text"": ""Flags: none. Latest BP 134/87 on 2026-10-02, +0 from baseline 134. Medicine taken: partial. Last SMS: \""Mungu akubariki mhudumu.\"". Days since last contact: 0. Missed clinic appointments: 2."", ""flags"": [], ""latest_bp"": {""date"": ""2026-10-02"", ""sbp"": 134, ""dbp"": 87}, ""baseline_sbp"": 133.7, ""change_sbp"": 0.3, ""meds_taken"": ""partial"", ""symptoms"": [], ""last_sms"": ""Mungu akubariki mhudumu."", ""days_since_contact"": 0, ""missed_appointments"": 2, ""overdue_followups"": 0, ""understanding"": {""medication"": null, ""salt_and_diet"": null, ""danger_signs"": null, ""when_to_seek_care"": null, ""what_bp_means"": null}, ""trajectory"": null, ""n_readings"": 24}",routine,"{""routine"": 1.0}",routine,,,synthetic-history,2026-10-03d
232,52,2026-10-02,"{""text"": ""Flags: trend +20; symptom headache. Latest BP 152/91 on 2026-10-02, +29 from baseline 123. Medicine taken: yes. Symptoms: headache. Last SMS: \""Naweza kunywa dawa ya presha pamoja na chakula?\"". Days since last contact: 0. Low understanding: medication."", ""flags"": [{""type"": ""trend"", ""value"": ""+20"", ""emergency"": ""no""}, {""type"": ""symptom"", ""value"": ""headache"", ""emergency"": ""no""}], ""latest_bp"": {""date"": ""2026-10-02"", ""sbp"": 152, ""dbp"": 91}, ""baseline_sbp"": 122.7, ""change_sbp"": 29.3, ""meds_taken"": ""yes"", ""symptoms"": [""headache""], ""last_sms"": ""Naweza kunywa dawa ya presha pamoja na chakula?"", ""days_since_contact"": 0, ""missed_appointments"": 0, ""overdue_followups"": 0, ""understanding"": {""medication"": 0.0, ""salt_and_diet"": 1.0, ""danger_signs"": null, ""when_to_seek_care"": 1.0, ""what_bp_means"": null}, ""trajectory"": null, ""n_readings"": 25}",visit_this_week,"{""visit_this_week"": 1.0}",routine,"patient feels well, recheck first",,synthetic-history,2026-10-03d
