id,patient_id,direction,kind,lang,text,received_at,parsed_json,encounter_id,status
1,1,in,report,sw,presha leo 135/85,2026-04-28T07:30:00,"{""intent"": ""bp_report"", ""valid"": true, ""confirmed"": true, ""fields"": {""sbp"": 135, ""dbp"": 85}, ""backend"": ""synthetic""}",2,
2,1,in,report,sw,"Mimi ni mzima. Presha ni 136/86, nakunywa dawa kila siku.",2026-06-06T07:30:00,"{""intent"": ""bp_report"", ""valid"": true, ""confirmed"": true, ""fields"": {""sbp"": 136, ""dbp"": 86}, ""backend"": ""synthetic""}",4,
3,1,in,report,sw,"Habari daktari, presha yangu ni 139 kwa 88. Nimekunywa dawa zangu.",2026-07-19T07:30:00,"{""intent"": ""bp_report"", ""valid"": true, ""confirmed"": true, ""fields"": {""sbp"": 139, ""dbp"": 88}, ""backend"": ""synthetic""}",6,
4,1,in,report,sw,"Mimi ni mzima. Presha ni 143/90, nakunywa dawa kila siku.",2026-09-03T07:30:00,"{""intent"": ""bp_report"", ""valid"": true, ""confirmed"": true, ""fields"": {""sbp"": 143, ""dbp"": 90}, ""backend"": ""synthetic""}",8,
5,2,in,report,sw,135/73 leo. Asante,2026-04-16T15:30:00,"{""intent"": ""bp_report"", ""fields"": {""sbp"": 135, ""dbp"": 73, ""meds_taken"": null, ""symptoms"": []}, ""valid"": true, ""confirmed"": true, ""backend"": ""synthetic""}",23,
6,2,in,other,sw,Asante sana kwa ujumbe.,2026-04-17T20:53:00,"{""intent"": ""other"", ""fields"": {}, ""valid"": true, ""confirmed"": true, ""backend"": ""synthetic""}",,
7,2,in,report,sw,"Habari daktari, presha yangu ni 129 kwa 80. Nimekunywa dawa zangu.",2026-04-27T07:26:00,"{""intent"": ""bp_report"", ""fields"": {""sbp"": 129, ""dbp"": 80, ""meds_taken"": ""yes"", ""symptoms"": []}, ""valid"": true, ""confirmed"": true, ""backend"": ""synthetic""}",24,
8,2,in,report,sw,presha leo 130/83,2026-05-13T14:20:00,"{""intent"": ""bp_report"", ""fields"": {""sbp"": 130, ""dbp"": 83, ""meds_taken"": null, ""symptoms"": []}, ""valid"": true, ""confirmed"": true, ""backend"": ""synthetic""}",25,
9,2,in,report,sw,"Shikamoo. Nimepima leo 129/82, dawa nimekunywa asubuhi.",2026-05-25T14:00:00,"{""intent"": ""bp_report"", ""fields"": {""sbp"": 129, ""dbp"": 82, ""meds_taken"": ""yes"", ""symptoms"": []}, ""valid"": true, ""confirmed"": true, ""backend"": ""synthetic""}",26,
10,2,in,report,sw,"Shikamoo. Nimepima leo 134/76, dawa nimekunywa asubuhi.",2026-06-03T13:17:00,"{""intent"": ""bp_report"", ""fields"": {""sbp"": 134, ""dbp"": 76, ""meds_taken"": ""yes"", ""symptoms"": []}, ""valid"": true, ""confirmed"": true, ""backend"": ""synthetic""}",27,
11,2,in,report,sw,"Mimi ni mzima. Presha ni 137/75, nakunywa dawa kila siku.",2026-06-24T20:37:00,"{""intent"": ""bp_report"", ""fields"": {""sbp"": 137, ""dbp"": 75, ""meds_taken"": ""yes"", ""symptoms"": []}, ""valid"": true, ""confirmed"": true, ""backend"": ""synthetic""}",28,
12,2,in,report,sw,124/75 leo. Asante,2026-07-03T10:50:00,"{""intent"": ""bp_report"", ""fields"": {""sbp"": 124, ""dbp"": 75, ""meds_taken"": null, ""symptoms"": []}, ""valid"": true, ""confirmed"": true, ""backend"": ""synthetic""}",29,
13,2,in,report,sw,"Shikamoo. Nimepima leo 141/83, dawa nimekunywa asubuhi.",2026-07-19T11:25:00,"{""intent"": ""bp_report"", ""fields"": {""sbp"": 141, ""dbp"": 83, ""meds_taken"": ""yes"", ""symptoms"": []}, ""valid"": true, ""confirmed"": true, ""backend"": ""synthetic""}",30,
14,2,in,report,sw,131/78 leo. Asante,2026-08-04T10:43:00,"{""intent"": ""bp_report"", ""fields"": {""sbp"": 131, ""dbp"": 78, ""meds_taken"": null, ""symptoms"": []}, ""valid"": true, ""confirmed"": true, ""backend"": ""synthetic""}",31,
15,2,in,report,sw,"Habari daktari, presha yangu ni 134 kwa 73. Nimekunywa dawa zangu.",2026-08-13T15:03:00,"{""intent"": ""bp_report"", ""fields"": {""sbp"": 134, ""dbp"": 73, ""meds_taken"": ""yes"", ""symptoms"": []}, ""valid"": true, ""confirmed"": true, ""backend"": ""synthetic""}",32,
16,2,in,report,sw,presha leo 133/80,2026-08-28T15:33:00,"{""intent"": ""bp_report"", ""fields"": {""sbp"": 133, ""dbp"": 80, ""meds_taken"": null, ""symptoms"": []}, ""valid"": true, ""confirmed"": true, ""backend"": ""synthetic""}",33,
17,2,in,report,sw,"Habari daktari, presha yangu ni 131 kwa 77. Nimekunywa dawa zangu.",2026-09-17T19:27:00,"{""intent"": ""bp_report"", ""fields"": {""sbp"": 131, ""dbp"": 77, ""meds_taken"": ""yes"", ""symptoms"": []}, ""valid"": true, ""confirmed"": true, ""backend"": ""synthetic""}",34,
18,2,in,other,sw,Mungu akubariki mhudumu.,2026-09-18T17:51:00,"{""intent"": ""other"", ""fields"": {}, ""valid"": true, ""confirmed"": true, ""backend"": ""synthetic""}",,
19,2,in,report,sw,"Habari daktari, presha yangu ni 125 kwa 72. Nimekunywa dawa zangu.",2026-09-28T20:15:00,"{""intent"": ""bp_report"", ""fields"": {""sbp"": 125, ""dbp"": 72, ""meds_taken"": ""yes"", ""symptoms"": []}, ""valid"": true, ""confirmed"": true, ""backend"": ""synthetic""}",35,
20,2,out,quiz,sw,"Je, presha inaweza kuwa juu ukijisikia vizuri?",2026-07-24T10:00:00,"{""question_id"": ""q13""}",,sent
21,2,out,quiz,sw,Ipi pia ni dalili ya kiharusi?,2026-08-16T10:00:00,"{""question_id"": ""q08""}",,sent
22,3,in,report,fr,J'ai mesuré au centre de santé : 131/86. Médicaments pris.,2026-04-14T20:06:00,"{""intent"": ""bp_report"", ""fields"": {""sbp"": 131, ""dbp"": 86, ""meds_taken"": ""yes"", ""symptoms"": []}, ""valid"": true, ""confirmed"": true, ""backend"": ""synthetic""}",48,
23,3,in,report,fr,"Bonjour, ma tension aujourd'hui est 144/86. J'ai pris mes médicaments.",2026-05-01T08:30:00,"{""intent"": ""bp_report"", ""fields"": {""sbp"": 144, ""dbp"": 86, ""meds_taken"": ""yes"", ""symptoms"": []}, ""valid"": true, ""confirmed"": true, ""backend"": ""synthetic""}",49,
24,3,in,report,fr,tension 136/81,2026-05-19T12:07:00,"{""intent"": ""bp_report"", ""fields"": {""sbp"": 136, ""dbp"": 81, ""meds_taken"": null, ""symptoms"": []}, ""valid"": true, ""confirmed"": true, ""backend"": ""synthetic""}",50,
25,3,in,report,fr,J'ai mesuré au centre de santé : 139/83. Médicaments pris.,2026-05-30T19:30:00,"{""intent"": ""bp_report"", ""fields"": {""sbp"": 139, ""dbp"": 83, ""meds_taken"": ""yes"", ""symptoms"": []}, ""valid"": true, ""confirmed"": true, ""backend"": ""synthetic""}",51,
26,3,in,other,fr,"Bonjour, je suis en voyage cette semaine.",2026-05-31T08:33:00,"{""intent"": ""other"", ""fields"": {}, ""valid"": true, ""confirmed"": true, ""backend"": ""synthetic""}",,
27,3,in,report,fr,"Ma tension est 136 sur 86, je prends bien mes médicaments chaque jour.",2026-06-10T20:51:00,"{""intent"": ""bp_report"", ""fields"": {""sbp"": 136, ""dbp"": 86, ""meds_taken"": ""yes"", ""symptoms"": []}, ""valid"": true, ""confirmed"": true, ""backend"": ""synthetic""}",52,
28,3,in,report,fr,"Bonsoir. Tension 141/84, j'ai pris seulement la moitié du comprimé.",2026-06-20T18:46:00,"{""intent"": ""bp_report"", ""fields"": {""sbp"": 141, ""dbp"": 84, ""meds_taken"": ""partial"", ""symptoms"": []}, ""valid"": true, ""confirmed"": true, ""backend"": ""synthetic""}",53,
29,3,in,report,fr,"Bonjour, ma tension aujourd'hui est 132/79. J'ai pris mes médicaments.",2026-07-11T18:57:00,"{""intent"": ""bp_report"", ""fields"": {""sbp"": 132, ""dbp"": 79, ""meds_taken"": ""yes"", ""symptoms"": []}, ""valid"": true, ""confirmed"": true, ""backend"": ""synthetic""}",54,
30,3,in,report,fr,"Bjr, tension 137 sur 85 ce matin",2026-07-21T08:08:00,"{""intent"": ""bp_report"", ""fields"": {""sbp"": 137, ""dbp"": 85, ""meds_taken"": null, ""symptoms"": []}, ""valid"": true, ""confirmed"": true, ""backend"": ""synthetic""}",55,
31,3,in,report,fr,"Ma tension est 138 sur 83, je prends bien mes médicaments chaque jour.",2026-08-03T19:38:00,"{""intent"": ""bp_report"", ""fields"": {""sbp"": 138, ""dbp"": 83, ""meds_taken"": ""yes"", ""symptoms"": []}, ""valid"": true, ""confirmed"": true, ""backend"": ""synthetic""}",56,
32,3,in,report,fr,"Bjr, tension 133 sur 81 ce matin",2026-08-16T13:13:00,"{""intent"": ""bp_report"", ""fields"": {""sbp"": 133, ""dbp"": 81, ""meds_taken"": null, ""symptoms"": []}, ""valid"": true, ""confirmed"": true, ""backend"": ""synthetic""}",57,
33,3,in,report,fr,tension 134/85,2026-09-01T08:47:00,"{""intent"": ""bp_report"", ""fields"": {""sbp"": 134, ""dbp"": 85, ""meds_taken"": null, ""symptoms"": []}, ""valid"": true, ""confirmed"": true, ""backend"": ""synthetic""}",58,
34,3,in,report,fr,"Ma tension est 140 sur 87, je prends bien mes médicaments chaque jour.",2026-09-19T14:44:00,"{""intent"": ""bp_report"", ""fields"": {""sbp"": 140, ""dbp"": 87, ""meds_taken"": ""yes"", ""symptoms"": []}, ""valid"": true, ""confirmed"": true, ""backend"": ""synthetic""}",59,
35,3,in,other,fr,"Le médicament me fait gonfler les pieds, c'est normal ?",2026-09-20T15:31:00,"{""intent"": ""meds_question"", ""fields"": {}, ""valid"": true, ""confirmed"": true, ""backend"": ""synthetic""}",,
36,3,out,quiz,fr,Comment connaître votre tension ?,2026-08-16T10:00:00,"{""question_id"": ""q15""}",,sent
37,3,out,quiz,fr,Votre médicament est presque fini. Que faire ?,2026-09-21T10:00:00,"{""question_id"": ""q03""}",,sent
38,4,in,report,sw,135/87 leo. Asante,2026-04-20T08:04:00,"{""intent"": ""bp_report"", ""fields"": {""sbp"": 135, ""dbp"": 87, ""meds_taken"": null, ""symptoms"": []}, ""valid"": true, ""confirmed"": true, ""backend"": ""synthetic""}",71,
39,4,in,report,sw,"Mimi ni mzima. Presha ni 142/82, nakunywa dawa kila siku.",2026-04-29T11:23:00,"{""intent"": ""bp_report"", ""fields"": {""sbp"": 142, ""dbp"": 82, ""meds_taken"": ""yes"", ""symptoms"": []}, ""valid"": true, ""confirmed"": true, ""backend"": ""synthetic""}",72,
40,4,in,report,sw,"Mimi ni mzima. Presha ni 139/82, nakunywa dawa kila siku.",2026-05-08T15:09:00,"{""intent"": ""bp_report"", ""fields"": {""sbp"": 139, ""dbp"": 82, ""meds_taken"": ""yes"", ""symptoms"": []}, ""valid"": true, ""confirmed"": true, ""backend"": ""synthetic""}",73,
41,4,in,report,sw,presha leo 140/85,2026-05-25T19:41:00,"{""intent"": ""bp_report"", ""fields"": {""sbp"": 140, ""dbp"": 85, ""meds_taken"": null, ""symptoms"": []}, ""valid"": true, ""confirmed"": true, ""backend"": ""synthetic""}",74,
42,4,in,other,sw,"Dawa hii inanifanya nikojoe sana, ni kawaida?",2026-05-26T06:49:00,"{""intent"": ""meds_question"", ""fields"": {}, ""valid"": true, ""confirmed"": true, ""backend"": ""synthetic""}",,
43,4,in,report,sw,"Pressure yangu ni 139/88, nimekunywa nusu dozi kwa sababu dawa zinakaribia kuisha.",2026-06-07T12:38:00,"{""intent"": ""bp_report"", ""fields"": {""sbp"": 139, ""dbp"": 88, ""meds_taken"": ""partial"", ""symptoms"": []}, ""valid"": true, ""confirmed"": true, ""backend"": ""synthetic""}",75,
44,4,in,report,sw,presha leo 135/79,2026-06-15T18:02:00,"{""intent"": ""bp_report"", ""fields"": {""sbp"": 135, ""dbp"": 79, ""meds_taken"": null, ""symptoms"": []}, ""valid"": true, ""confirmed"": true, ""backend"": ""synthetic""}",76,
45,4,in,report,sw,147/89 leo. Asante,2026-07-01T10:50:00,"{""intent"": ""bp_report"", ""fields"": {""sbp"": 147, ""dbp"": 89, ""meds_taken"": null, ""symptoms"": []}, ""valid"": true, ""confirmed"": true, ""backend"": ""synthetic""}",77,
46,4,in,report,sw,"Mimi ni mzima. Presha ni 169/98, nakunywa dawa kila siku.",2026-07-22T18:39:00,"{""intent"": ""bp_report"", ""fields"": {""sbp"": 169, ""dbp"": 98, ""meds_taken"": ""yes"", ""symptoms"": []}, ""valid"": true, ""confirmed"": true, ""backend"": ""synthetic""}",78,
47,4,in,report,sw,"Habari daktari, presha yangu ni 134 kwa 83. Nimekunywa dawa zangu.",2026-08-06T17:20:00,"{""intent"": ""bp_report"", ""fields"": {""sbp"": 134, ""dbp"": 83, ""meds_taken"": ""yes"", ""symptoms"": []}, ""valid"": true, ""confirmed"": true, ""backend"": ""synthetic""}",79,
48,4,in,report,sw,"Shikamoo. Nimepima leo 125/70, dawa nimekunywa asubuhi.",2026-08-24T18:58:00,"{""intent"": ""bp_report"", ""fields"": {""sbp"": 125, ""dbp"": 70, ""meds_taken"": ""yes"", ""symptoms"": []}, ""valid"": true, ""confirmed"": true, ""backend"": ""synthetic""}",80,
49,4,in,other,sw,Mungu akubariki mhudumu.,2026-08-25T12:22:00,"{""intent"": ""other"", ""fields"": {}, ""valid"": true, ""confirmed"": true, ""backend"": ""synthetic""}",,
50,4,in,report,sw,"Mimi ni mzima. Presha ni 134/80, nakunywa dawa kila siku.",2026-09-04T15:33:00,"{""intent"": ""bp_report"", ""fields"": {""sbp"": 134, ""dbp"": 80, ""meds_taken"": ""yes"", ""symptoms"": []}, ""valid"": true, ""confirmed"": true, ""backend"": ""synthetic""}",81,
51,4,in,other,sw,Asante sana kwa ujumbe.,2026-09-05T20:32:00,"{""intent"": ""other"", ""fields"": {}, ""valid"": true, ""confirmed"": true, ""backend"": ""synthetic""}",,
52,4,in,report,sw,"Mimi ni mzima. Presha ni 139/82, nakunywa dawa kila siku.",2026-09-13T07:37:00,"{""intent"": ""bp_report"", ""fields"": {""sbp"": 139, ""dbp"": 82, ""meds_taken"": ""yes"", ""symptoms"": []}, ""valid"": true, ""confirmed"": true, ""backend"": ""synthetic""}",82,
53,4,in,other,sw,"Dawa hii inanifanya nikojoe sana, ni kawaida?",2026-09-14T16:53:00,"{""intent"": ""meds_question"", ""fields"": {}, ""valid"": true, ""confirmed"": true, ""backend"": ""synthetic""}",,
54,4,in,report,sw,"Habari daktari, presha yangu ni 136 kwa 85. Nimekunywa dawa zangu.",2026-09-22T11:42:00,"{""intent"": ""bp_report"", ""fields"": {""sbp"": 136, ""dbp"": 85, ""meds_taken"": ""yes"", ""symptoms"": []}, ""valid"": true, ""confirmed"": true, ""backend"": ""synthetic""}",83,
55,4,out,quiz,sw,Ipi ni dalili ya hatari ya kiharusi?,2026-09-06T10:00:00,"{""question_id"": ""q07""}",,sent
56,4,out,quiz,sw,Ipi pia ni dalili ya kiharusi?,2026-07-28T10:00:00,"{""question_id"": ""q08""}",,sent
57,5,in,report,sw,"Mimi ni mzima. Presha ni 139/88, nakunywa dawa kila siku.",2026-04-14T08:35:00,"{""intent"": ""bp_report"", ""fields"": {""sbp"": 139, ""dbp"": 88, ""meds_taken"": ""yes"", ""symptoms"": []}, ""valid"": true, ""confirmed"": true, ""backend"": ""synthetic""}",96,
58,5,in,report,sw,presha leo 141/90,2026-05-02T18:42:00,"{""intent"": ""bp_report"", ""fields"": {""sbp"": 141, ""dbp"": 90, ""meds_taken"": null, ""symptoms"": []}, ""valid"": true, ""confirmed"": true, ""backend"": ""synthetic""}",97,
59,5,in,other,sw,Mungu akubariki mhudumu.,2026-05-03T12:43:00,"{""intent"": ""other"", ""fields"": {}, ""valid"": true, ""confirmed"": true, ""backend"": ""synthetic""}",,
60,5,in,report,sw,Nimepima dispensari 143/89. Nimekunywa dawa moja tu kati ya mbili.,2026-05-11T20:15:00,"{""intent"": ""bp_report"", ""fields"": {""sbp"": 143, ""dbp"": 89, ""meds_taken"": ""partial"", ""symptoms"": []}, ""valid"": true, ""confirmed"": true, ""backend"": ""synthetic""}",98,
61,5,in,report,sw,"Habari daktari, presha yangu ni 137 kwa 82. Nimekunywa dawa zangu.",2026-05-20T11:47:00,"{""intent"": ""bp_report"", ""fields"": {""sbp"": 137, ""dbp"": 82, ""meds_taken"": ""yes"", ""symptoms"": []}, ""valid"": true, ""confirmed"": true, ""backend"": ""synthetic""}",99,
62,5,in,report,sw,"Habari daktari, presha yangu ni 142 kwa 95. Nimekunywa dawa zangu.",2026-05-30T07:32:00,"{""intent"": ""bp_report"", ""fields"": {""sbp"": 142, ""dbp"": 95, ""meds_taken"": ""yes"", ""symptoms"": []}, ""valid"": true, ""confirmed"": true, ""backend"": ""synthetic""}",100,
63,5,in,report,sw,presha leo 145/99,2026-06-09T15:06:00,"{""intent"": ""bp_report"", ""fields"": {""sbp"": 145, ""dbp"": 99, ""meds_taken"": null, ""symptoms"": []}, ""valid"": true, ""confirmed"": true, ""backend"": ""synthetic""}",101,
64,5,in,report,sw,"Shikamoo. Nimepima leo 148/94, dawa nimekunywa asubuhi.",2026-06-28T18:20:00,"{""intent"": ""bp_report"", ""fields"": {""sbp"": 148, ""dbp"": 94, ""meds_taken"": ""yes"", ""symptoms"": []}, ""valid"": true, ""confirmed"": true, ""backend"": ""synthetic""}",102,
65,5,in,report,sw,presha leo 154/94,2026-07-07T09:47:00,"{""intent"": ""bp_report"", ""fields"": {""sbp"": 154, ""dbp"": 94, ""meds_taken"": null, ""symptoms"": []}, ""valid"": true, ""confirmed"": true, ""backend"": ""synthetic""}",103,
66,5,in,report,sw,presha leo 163/98,2026-07-22T09:52:00,"{""intent"": ""bp_report"", ""fields"": {""sbp"": 163, ""dbp"": 98, ""meds_taken"": null, ""symptoms"": []}, ""valid"": true, ""confirmed"": true, ""backend"": ""synthetic""}",104,
67,5,in,report,sw,"Habari daktari, presha yangu ni 157 kwa 96. Nimekunywa dawa zangu.",2026-08-08T17:00:00,"{""intent"": ""bp_report"", ""fields"": {""sbp"": 157, ""dbp"": 96, ""meds_taken"": ""yes"", ""symptoms"": []}, ""valid"": true, ""confirmed"": true, ""backend"": ""synthetic""}",105,
68,5,in,report,sw,153/100 leo. Asante,2026-08-27T15:14:00,"{""intent"": ""bp_report"", ""fields"": {""sbp"": 153, ""dbp"": 100, ""meds_taken"": null, ""symptoms"": []}, ""valid"": true, ""confirmed"": true, ""backend"": ""synthetic""}",106,
69,5,in,report,sw,150/96 leo. Asante,2026-09-13T10:49:00,"{""intent"": ""bp_report"", ""fields"": {""sbp"": 150, ""dbp"": 96, ""meds_taken"": null, ""symptoms"": []}, ""valid"": true, ""confirmed"": true, ""backend"": ""synthetic""}",107,
70,5,in,report,sw,"Mimi ni mzima. Presha ni 167/107, nakunywa dawa kila siku.",2026-09-26T08:11:00,"{""intent"": ""bp_report"", ""fields"": {""sbp"": 167, ""dbp"": 107, ""meds_taken"": ""yes"", ""symptoms"": []}, ""valid"": true, ""confirmed"": true, ""backend"": ""synthetic""}",108,
71,6,in,report,sw,presha leo 139/83,2026-04-16T18:16:00,"{""intent"": ""bp_report"", ""fields"": {""sbp"": 139, ""dbp"": 83, ""meds_taken"": null, ""symptoms"": []}, ""valid"": true, ""confirmed"": true, ""backend"": ""synthetic""}",120,
72,6,in,report,sw,"Shikamoo. Nimepima leo 133/80, dawa nimekunywa asubuhi.",2026-04-29T07:45:00,"{""intent"": ""bp_report"", ""fields"": {""sbp"": 133, ""dbp"": 80, ""meds_taken"": ""yes"", ""symptoms"": []}, ""valid"": true, ""confirmed"": true, ""backend"": ""synthetic""}",121,
73,6,in,report,sw,"Mimi ni mzima. Presha ni 141/87, nakunywa dawa kila siku.",2026-05-20T17:41:00,"{""intent"": ""bp_report"", ""fields"": {""sbp"": 141, ""dbp"": 87, ""meds_taken"": ""yes"", ""symptoms"": []}, ""valid"": true, ""confirmed"": true, ""backend"": ""synthetic""}",122,
74,6,in,report,sw,"Shikamoo. Nimepima leo 138/83, dawa nimekunywa asubuhi.",2026-05-30T14:19:00,"{""intent"": ""bp_report"", ""fields"": {""sbp"": 138, ""dbp"": 83, ""meds_taken"": ""yes"", ""symptoms"": []}, ""valid"": true, ""confirmed"": true, ""backend"": ""synthetic""}",123,
75,6,in,report,sw,142/88 leo. Asante,2026-06-18T20:18:00,"{""intent"": ""bp_report"", ""fields"": {""sbp"": 142, ""dbp"": 88, ""meds_taken"": null, ""symptoms"": []}, ""valid"": true, ""confirmed"": true, ""backend"": ""synthetic""}",124,
76,6,in,report,sw,"Mimi ni mzima. Presha ni 141/81, nakunywa dawa kila siku.",2026-06-27T06:01:00,"{""intent"": ""bp_report"", ""fields"": {""sbp"": 141, ""dbp"": 81, ""meds_taken"": ""yes"", ""symptoms"": []}, ""valid"": true, ""confirmed"": true, ""backend"": ""synthetic""}",125,
77,6,in,report,sw,152/92 leo. Asante,2026-07-10T16:40:00,"{""intent"": ""bp_report"", ""fields"": {""sbp"": 152, ""dbp"": 92, ""meds_taken"": null, ""symptoms"": []}, ""valid"": true, ""confirmed"": true, ""backend"": ""synthetic""}",126,
78,6,in,report,sw,"Habari daktari, presha yangu ni 156 kwa 97. Nimekunywa dawa zangu.",2026-07-23T15:32:00,"{""intent"": ""bp_report"", ""fields"": {""sbp"": 156, ""dbp"": 97, ""meds_taken"": ""yes"", ""symptoms"": []}, ""valid"": true, ""confirmed"": true, ""backend"": ""synthetic""}",127,
79,6,in,other,sw,Mungu akubariki mhudumu.,2026-07-24T09:50:00,"{""intent"": ""other"", ""fields"": {}, ""valid"": true, ""confirmed"": true, ""backend"": ""synthetic""}",,
80,6,in,report,sw,"Mimi ni mzima. Presha ni 155/100, nakunywa dawa kila siku.",2026-07-30T17:22:00,"{""intent"": ""bp_report"", ""fields"": {""sbp"": 155, ""dbp"": 100, ""meds_taken"": ""yes"", ""symptoms"": []}, ""valid"": true, ""confirmed"": true, ""backend"": ""synthetic""}",128,
81,6,in,report,sw,presha leo 135/83,2026-08-20T10:57:00,"{""intent"": ""bp_report"", ""fields"": {""sbp"": 135, ""dbp"": 83, ""meds_taken"": null, ""symptoms"": []}, ""valid"": true, ""confirmed"": true, ""backend"": ""synthetic""}",129,
82,6,in,report,sw,presha leo 131/81,2026-08-27T14:12:00,"{""intent"": ""bp_report"", ""fields"": {""sbp"": 131, ""dbp"": 81, ""meds_taken"": null, ""symptoms"": []}, ""valid"": true, ""confirmed"": true, ""backend"": ""synthetic""}",130,
83,6,in,report,sw,"Mimi ni mzima. Presha ni 130/80, nakunywa dawa kila siku.",2026-09-07T16:04:00,"{""intent"": ""bp_report"", ""fields"": {""sbp"": 130, ""dbp"": 80, ""meds_taken"": ""yes"", ""symptoms"": []}, ""valid"": true, ""confirmed"": true, ""backend"": ""synthetic""}",131,
84,6,in,report,sw,131/88 leo. Asante,2026-09-16T12:39:00,"{""intent"": ""bp_report"", ""fields"": {""sbp"": 131, ""dbp"": 88, ""meds_taken"": null, ""symptoms"": []}, ""valid"": true, ""confirmed"": true, ""backend"": ""synthetic""}",132,
85,6,in,report,sw,presha leo 140/83,2026-09-23T15:42:00,"{""intent"": ""bp_report"", ""fields"": {""sbp"": 140, ""dbp"": 83, ""meds_taken"": null, ""symptoms"": []}, ""valid"": true, ""confirmed"": true, ""backend"": ""synthetic""}",133,
86,6,out,quiz,rn,Ni ikihe kimenyetso c'AVC?,2026-09-10T10:00:00,"{""question_id"": ""q07""}",,sent
87,6,out,quiz,rn,Ni ikihe kandi kimenyetso c'AVC?,2026-09-30T10:00:00,"{""question_id"": ""q08""}",,sent
88,7,in,report,sw,141/92 leo. Asante,2026-04-19T06:56:00,"{""intent"": ""bp_report"", ""fields"": {""sbp"": 141, ""dbp"": 92, ""meds_taken"": null, ""symptoms"": []}, ""valid"": true, ""confirmed"": true, ""backend"": ""synthetic""}",147,
89,7,in,other,sw,"Dawa zangu zimeisha, nitapata wapi zingine?",2026-04-20T12:46:00,"{""intent"": ""meds_question"", ""fields"": {}, ""valid"": true, ""confirmed"": true, ""backend"": ""synthetic""}",,
90,7,in,report,sw,presha leo 140/90,2026-05-07T11:21:00,"{""intent"": ""bp_report"", ""fields"": {""sbp"": 140, ""dbp"": 90, ""meds_taken"": null, ""symptoms"": []}, ""valid"": true, ""confirmed"": true, ""backend"": ""synthetic""}",148,
91,7,in,report,sw,140/91 leo. Asante,2026-05-23T10:37:00,"{""intent"": ""bp_report"", ""fields"": {""sbp"": 140, ""dbp"": 91, ""meds_taken"": null, ""symptoms"": []}, ""valid"": true, ""confirmed"": true, ""backend"": ""synthetic""}",149,
92,7,in,report,sw,"Habari daktari, presha yangu ni 141 kwa 96. Nimekunywa dawa zangu.",2026-06-03T09:35:00,"{""intent"": ""bp_report"", ""fields"": {""sbp"": 141, ""dbp"": 96, ""meds_taken"": ""yes"", ""symptoms"": []}, ""valid"": true, ""confirmed"": true, ""backend"": ""synthetic""}",150,
93,7,in,report,sw,"Shikamoo. Nimepima leo 138/89, dawa nimekunywa asubuhi.",2026-06-10T08:32:00,"{""intent"": ""bp_report"", ""fields"": {""sbp"": 138, ""dbp"": 89, ""meds_taken"": ""yes"", ""symptoms"": []}, ""valid"": true, ""confirmed"": true, ""backend"": ""synthetic""}",151,
94,7,in,report,sw,"Habari daktari, presha yangu ni 140 kwa 92. Nimekunywa dawa zangu.",2026-06-29T18:06:00,"{""intent"": ""bp_report"", ""fields"": {""sbp"": 140, ""dbp"": 92, ""meds_taken"": ""yes"", ""symptoms"": []}, ""valid"": true, ""confirmed"": true, ""backend"": ""synthetic""}",152,
95,7,in,other,sw,"Habari za asubuhi, niko safarini wiki hii.",2026-06-30T07:53:00,"{""intent"": ""other"", ""fields"": {}, ""valid"": true, ""confirmed"": true, ""backend"": ""synthetic""}",,
96,7,in,report,sw,"Habari daktari, presha yangu ni 143 kwa 92. Nimekunywa dawa zangu.",2026-07-13T11:03:00,"{""intent"": ""bp_report"", ""fields"": {""sbp"": 143, ""dbp"": 92, ""meds_taken"": ""yes"", ""symptoms"": []}, ""valid"": true, ""confirmed"": true, ""backend"": ""synthetic""}",153,
97,7,in,report,sw,"Habari daktari, presha yangu ni 138 kwa 87. Nimekunywa dawa zangu.",2026-07-27T09:03:00,"{""intent"": ""bp_report"", ""fields"": {""sbp"": 138, ""dbp"": 87, ""meds_taken"": ""yes"", ""symptoms"": []}, ""valid"": true, ""confirmed"": true, ""backend"": ""synthetic""}",154,
98,7,in,report,sw,"Habari daktari, presha yangu ni 146 kwa 91. Nimekunywa dawa zangu.",2026-08-04T14:27:00,"{""intent"": ""bp_report"", ""fields"": {""sbp"": 146, ""dbp"": 91, ""meds_taken"": ""yes"", ""symptoms"": []}, ""valid"": true, ""confirmed"": true, ""backend"": ""synthetic""}",155,
99,7,in,report,sw,"Shikamoo. Nimepima leo 139/86, dawa nimekunywa asubuhi.",2026-08-22T11:29:00,"{""intent"": ""bp_report"", ""fields"": {""sbp"": 139, ""dbp"": 86, ""meds_taken"": ""yes"", ""symptoms"": []}, ""valid"": true, ""confirmed"": true, ""backend"": ""synthetic""}",156,
100,7,in,report,sw,"Pressure yangu ni 145/90, nimekunywa nusu dozi kwa sababu dawa zinakaribia kuisha.",2026-09-12T12:59:00,"{""intent"": ""bp_report"", ""fields"": {""sbp"": 145, ""dbp"": 90, ""meds_taken"": ""partial"", ""symptoms"": []}, ""valid"": true, ""confirmed"": true, ""backend"": ""synthetic""}",157,
101,7,in,report,sw,"Shikamoo. Nimepima leo 144/89, dawa nimekunywa asubuhi.",2026-10-02T07:15:00,"{""intent"": ""bp_report"", ""fields"": {""sbp"": 144, ""dbp"": 89, ""meds_taken"": ""yes"", ""symptoms"": []}, ""valid"": true, ""confirmed"": true, ""backend"": ""synthetic""}",158,
102,7,in,other,sw,"Sawa, nimeelewa.",2026-10-02T14:19:00,"{""intent"": ""other"", ""fields"": {}, ""valid"": true, ""confirmed"": true, ""backend"": ""synthetic""}",,
103,9,in,report,en,"Good evening. BP 142/85, I only took half of my tablets.",2026-04-15T11:06:00,"{""intent"": ""bp_report"", ""fields"": {""sbp"": 142, ""dbp"": 85, ""meds_taken"": ""partial"", ""symptoms"": []}, ""valid"": true, ""confirmed"": true, ""backend"": ""synthetic""}",177,
104,9,in,report,en,My pressure is 140 over 88 this morning,2026-04-30T19:30:00,"{""intent"": ""bp_report"", ""fields"": {""sbp"": 140, ""dbp"": 88, ""meds_taken"": null, ""symptoms"": []}, ""valid"": true, ""confirmed"": true, ""backend"": ""synthetic""}",178,
105,9,in,report,en,bp 142/88,2026-05-10T14:32:00,"{""intent"": ""bp_report"", ""fields"": {""sbp"": 142, ""dbp"": 88, ""meds_taken"": null, ""symptoms"": []}, ""valid"": true, ""confirmed"": true, ""backend"": ""synthetic""}",179,
106,9,in,report,en,"My BP is 142 over 84, taking my medicine every day.",2026-05-24T13:25:00,"{""intent"": ""bp_report"", ""fields"": {""sbp"": 142, ""dbp"": 84, ""meds_taken"": ""yes"", ""symptoms"": []}, ""valid"": true, ""confirmed"": true, ""backend"": ""synthetic""}",180,
107,9,in,other,en,"Hello, I am travelling this week.",2026-05-25T15:37:00,"{""intent"": ""other"", ""fields"": {}, ""valid"": true, ""confirmed"": true, ""backend"": ""synthetic""}",,
108,9,in,report,en,My pressure is 143 over 85 this morning,2026-06-05T17:41:00,"{""intent"": ""bp_report"", ""fields"": {""sbp"": 143, ""dbp"": 85, ""meds_taken"": null, ""symptoms"": []}, ""valid"": true, ""confirmed"": true, ""backend"": ""synthetic""}",181,
109,9,in,report,en,Checked at the health centre: 141/84. Meds taken.,2026-06-16T08:08:00,"{""intent"": ""bp_report"", ""fields"": {""sbp"": 141, ""dbp"": 84, ""meds_taken"": ""yes"", ""symptoms"": []}, ""valid"": true, ""confirmed"": true, ""backend"": ""synthetic""}",182,
110,9,in,report,en,My pressure is 130 over 78 this morning,2026-07-06T08:36:00,"{""intent"": ""bp_report"", ""fields"": {""sbp"": 130, ""dbp"": 78, ""meds_taken"": null, ""symptoms"": []}, ""valid"": true, ""confirmed"": true, ""backend"": ""synthetic""}",183,
111,9,in,report,en,My pressure is 148 over 88 this morning,2026-07-13T13:41:00,"{""intent"": ""bp_report"", ""fields"": {""sbp"": 148, ""dbp"": 88, ""meds_taken"": null, ""symptoms"": []}, ""valid"": true, ""confirmed"": true, ""backend"": ""synthetic""}",184,
112,9,in,report,en,Checked at the health centre: 143/90. Meds taken.,2026-07-23T08:21:00,"{""intent"": ""bp_report"", ""fields"": {""sbp"": 143, ""dbp"": 90, ""meds_taken"": ""yes"", ""symptoms"": []}, ""valid"": true, ""confirmed"": true, ""backend"": ""synthetic""}",185,
113,9,in,other,en,"Hello, I am travelling this week.",2026-07-24T14:45:00,"{""intent"": ""other"", ""fields"": {}, ""valid"": true, ""confirmed"": true, ""backend"": ""synthetic""}",,
114,9,in,report,en,Checked at the health centre: 137/85. Meds taken.,2026-08-05T14:39:00,"{""intent"": ""bp_report"", ""fields"": {""sbp"": 137, ""dbp"": 85, ""meds_taken"": ""yes"", ""symptoms"": []}, ""valid"": true, ""confirmed"": true, ""backend"": ""synthetic""}",186,
115,9,in,report,en,My pressure is 143 over 90 this morning,2026-08-16T06:52:00,"{""intent"": ""bp_report"", ""fields"": {""sbp"": 143, ""dbp"": 90, ""meds_taken"": null, ""symptoms"": []}, ""valid"": true, ""confirmed"": true, ""backend"": ""synthetic""}",187,
116,9,in,report,en,Checked at the health centre: 139/82. Meds taken.,2026-08-24T08:39:00,"{""intent"": ""bp_report"", ""fields"": {""sbp"": 139, ""dbp"": 82, ""meds_taken"": ""yes"", ""symptoms"": []}, ""valid"": true, ""confirmed"": true, ""backend"": ""synthetic""}",188,
117,9,in,report,en,Checked at the health centre: 146/91. Meds taken.,2026-09-07T07:46:00,"{""intent"": ""bp_report"", ""fields"": {""sbp"": 146, ""dbp"": 91, ""meds_taken"": ""yes"", ""symptoms"": []}, ""valid"": true, ""confirmed"": true, ""backend"": ""synthetic""}",189,
118,9,in,other,en,"Hello, I am travelling this week.",2026-09-08T13:25:00,"{""intent"": ""other"", ""fields"": {}, ""valid"": true, ""confirmed"": true, ""backend"": ""synthetic""}",,
119,9,in,report,en,Checked at the health centre: 149/90. Meds taken.,2026-09-16T15:12:00,"{""intent"": ""bp_report"", ""fields"": {""sbp"": 149, ""dbp"": 90, ""meds_taken"": ""yes"", ""symptoms"": []}, ""valid"": true, ""confirmed"": true, ""backend"": ""synthetic""}",190,
120,9,in,report,en,Checked at the health centre: 161/101. Meds taken.,2026-10-02T18:48:00,"{""intent"": ""bp_report"", ""fields"": {""sbp"": 161, ""dbp"": 101, ""meds_taken"": ""yes"", ""symptoms"": []}, ""valid"": true, ""confirmed"": true, ""backend"": ""synthetic""}",191,
121,9,out,quiz,en,Which is a warning sign of stroke?,2026-07-21T10:00:00,"{""question_id"": ""q07""}",,sent
122,10,in,report,fr,"Bjr, tension 144 sur 88 ce matin",2026-04-21T14:10:00,"{""intent"": ""bp_report"", ""fields"": {""sbp"": 144, ""dbp"": 88, ""meds_taken"": null, ""symptoms"": []}, ""valid"": true, ""confirmed"": true, ""backend"": ""synthetic""}",205,
123,10,in,report,fr,"144/86 aujourd'hui. Les médicaments sont finis, je n'ai rien pris.",2026-04-30T08:54:00,"{""intent"": ""bp_report"", ""fields"": {""sbp"": 144, ""dbp"": 86, ""meds_taken"": ""no"", ""symptoms"": []}, ""valid"": true, ""confirmed"": true, ""backend"": ""synthetic""}",206,
124,10,in,report,fr,"Bjr, tension 151 sur 91 ce matin",2026-05-19T09:15:00,"{""intent"": ""bp_report"", ""fields"": {""sbp"": 151, ""dbp"": 91, ""meds_taken"": null, ""symptoms"": []}, ""valid"": true, ""confirmed"": true, ""backend"": ""synthetic""}",207,
125,10,in,report,fr,"Bonjour, ma tension aujourd'hui est 142/85. J'ai pris mes médicaments.",2026-06-04T14:30:00,"{""intent"": ""bp_report"", ""fields"": {""sbp"": 142, ""dbp"": 85, ""meds_taken"": ""yes"", ""symptoms"": []}, ""valid"": true, ""confirmed"": true, ""backend"": ""synthetic""}",208,
126,10,in,report,fr,"Bonsoir. Tension 142/83, j'ai pris seulement la moitié du comprimé.",2026-06-13T17:22:00,"{""intent"": ""bp_report"", ""fields"": {""sbp"": 142, ""dbp"": 83, ""meds_taken"": ""partial"", ""symptoms"": []}, ""valid"": true, ""confirmed"": true, ""backend"": ""synthetic""}",209,
127,10,in,report,fr,"Bonjour, ma tension aujourd'hui est 131/79. J'ai pris mes médicaments.",2026-06-26T17:15:00,"{""intent"": ""bp_report"", ""fields"": {""sbp"": 131, ""dbp"": 79, ""meds_taken"": ""yes"", ""symptoms"": []}, ""valid"": true, ""confirmed"": true, ""backend"": ""synthetic""}",210,
128,10,in,report,fr,"Ma tension est à 154 sur 93, je n'ai pas pris le médicament depuis hier",2026-07-17T09:04:00,"{""intent"": ""bp_report"", ""fields"": {""sbp"": 154, ""dbp"": 93, ""meds_taken"": ""no"", ""symptoms"": []}, ""valid"": true, ""confirmed"": true, ""backend"": ""synthetic""}",211,
129,10,in,report,fr,"143/89 aujourd'hui. Les médicaments sont finis, je n'ai rien pris.",2026-08-06T20:36:00,"{""intent"": ""bp_report"", ""fields"": {""sbp"": 143, ""dbp"": 89, ""meds_taken"": ""no"", ""symptoms"": []}, ""valid"": true, ""confirmed"": true, ""backend"": ""synthetic""}",212,
130,10,in,report,fr,"Bjr, tension 143 sur 88 ce matin",2026-08-23T11:59:00,"{""intent"": ""bp_report"", ""fields"": {""sbp"": 143, ""dbp"": 88, ""meds_taken"": null, ""symptoms"": []}, ""valid"": true, ""confirmed"": true, ""backend"": ""synthetic""}",213,
131,10,in,report,fr,"Bjr, tension 156 sur 91 ce matin",2026-09-05T09:04:00,"{""intent"": ""bp_report"", ""fields"": {""sbp"": 156, ""dbp"": 91, ""meds_taken"": null, ""symptoms"": []}, ""valid"": true, ""confirmed"": true, ""backend"": ""synthetic""}",214,
132,10,in,other,fr,"Mes médicaments sont finis, où je peux en avoir ?",2026-09-06T09:42:00,"{""intent"": ""meds_question"", ""fields"": {}, ""valid"": true, ""confirmed"": true, ""backend"": ""synthetic""}",,
133,10,in,report,fr,"Ma tension est 157 sur 94, je prends bien mes médicaments chaque jour.",2026-09-18T08:52:00,"{""intent"": ""bp_report"", ""fields"": {""sbp"": 157, ""dbp"": 94, ""meds_taken"": ""yes"", ""symptoms"": []}, ""valid"": true, ""confirmed"": true, ""backend"": ""synthetic""}",215,
134,10,out,quiz,fr,Votre visage tombe ou votre bras devient faible d'un coup. Que faire ?,2026-09-17T10:00:00,"{""question_id"": ""q10""}",,sent
135,10,out,quiz,fr,"Le médicament vous gêne, par exemple pieds gonflés. Que faire ?",2026-09-19T10:00:00,"{""question_id"": ""q12""}",,sent
136,10,out,quiz,fr,Quand faut-il prendre le médicament de la tension ?,2026-07-22T10:00:00,"{""question_id"": ""q01""}",,sent
137,11,in,report,sw,presha leo 136/91,2026-04-20T15:55:00,"{""intent"": ""bp_report"", ""fields"": {""sbp"": 136, ""dbp"": 91, ""meds_taken"": null, ""symptoms"": []}, ""valid"": true, ""confirmed"": true, ""backend"": ""synthetic""}",229,
138,11,in,report,sw,presha leo 139/92,2026-04-30T07:35:00,"{""intent"": ""bp_report"", ""fields"": {""sbp"": 139, ""dbp"": 92, ""meds_taken"": null, ""symptoms"": []}, ""valid"": true, ""confirmed"": true, ""backend"": ""synthetic""}",230,
139,11,in,report,sw,Nimepima dispensari 143/97. Nimekunywa dawa moja tu kati ya mbili.,2026-05-19T09:05:00,"{""intent"": ""bp_report"", ""fields"": {""sbp"": 143, ""dbp"": 97, ""meds_taken"": ""partial"", ""symptoms"": []}, ""valid"": true, ""confirmed"": true, ""backend"": ""synthetic""}",231,
140,11,in,report,sw,"Shikamoo. Nimepima leo 143/96, dawa nimekunywa asubuhi.",2026-06-09T18:15:00,"{""intent"": ""bp_report"", ""fields"": {""sbp"": 143, ""dbp"": 96, ""meds_taken"": ""yes"", ""symptoms"": []}, ""valid"": true, ""confirmed"": true, ""backend"": ""synthetic""}",232,
141,11,in,other,sw,Asante sana kwa ujumbe.,2026-06-10T20:01:00,"{""intent"": ""other"", ""fields"": {}, ""valid"": true, ""confirmed"": true, ""backend"": ""synthetic""}",,
142,11,in,report,sw,"Pressure yangu ni 142/100, nimekunywa nusu dozi kwa sababu dawa zinakaribia kuisha.",2026-06-22T07:11:00,"{""intent"": ""bp_report"", ""fields"": {""sbp"": 142, ""dbp"": 100, ""meds_taken"": ""partial"", ""symptoms"": []}, ""valid"": true, ""confirmed"": true, ""backend"": ""synthetic""}",233,
143,11,in,report,sw,Asubuhi presha ilikuwa 159 kwa 104. Nimesahau kunywa dawa leo.,2026-07-09T11:32:00,"{""intent"": ""bp_report"", ""fields"": {""sbp"": 159, ""dbp"": 104, ""meds_taken"": ""no"", ""symptoms"": []}, ""valid"": true, ""confirmed"": true, ""backend"": ""synthetic""}",234,
144,11,in,report,sw,Nimepima dispensari 153/101. Nimekunywa dawa moja tu kati ya mbili.,2026-07-18T07:55:00,"{""intent"": ""bp_report"", ""fields"": {""sbp"": 153, ""dbp"": 101, ""meds_taken"": ""partial"", ""symptoms"": []}, ""valid"": true, ""confirmed"": true, ""backend"": ""synthetic""}",235,
145,11,in,report,sw,Nimepima dispensari 154/107. Nimekunywa dawa moja tu kati ya mbili.,2026-08-07T17:33:00,"{""intent"": ""bp_report"", ""fields"": {""sbp"": 154, ""dbp"": 107, ""meds_taken"": ""partial"", ""symptoms"": []}, ""valid"": true, ""confirmed"": true, ""backend"": ""synthetic""}",236,
146,11,in,report,sw,Asubuhi presha ilikuwa 156 kwa 109. Nimesahau kunywa dawa leo.,2026-08-21T17:18:00,"{""intent"": ""bp_report"", ""fields"": {""sbp"": 156, ""dbp"": 109, ""meds_taken"": ""no"", ""symptoms"": []}, ""valid"": true, ""confirmed"": true, ""backend"": ""synthetic""}",237,
147,11,in,report,sw,Nimepima dispensari 156/101. Nimekunywa dawa moja tu kati ya mbili.,2026-09-11T06:50:00,"{""intent"": ""bp_report"", ""fields"": {""sbp"": 156, ""dbp"": 101, ""meds_taken"": ""partial"", ""symptoms"": []}, ""valid"": true, ""confirmed"": true, ""backend"": ""synthetic""}",238,
148,11,in,report,sw,presha 163 kwa 111 sijakunywa dawa tangu juzi,2026-09-25T07:56:00,"{""intent"": ""bp_report"", ""fields"": {""sbp"": 163, ""dbp"": 111, ""meds_taken"": ""no"", ""symptoms"": []}, ""valid"": true, ""confirmed"": true, ""backend"": ""synthetic""}",239,
149,11,out,quiz,sw,Unajisikia vizuri. Ufanye nini na dawa ya presha?,2026-09-15T10:00:00,"{""question_id"": ""q02""}",,sent
150,11,out,quiz,sw,Nini kinasaidia kushusha presha?,2026-08-06T10:00:00,"{""question_id"": ""q04""}",,sent
151,11,out,quiz,sw,Kwa nini ni muhimu kudhibiti presha ya juu?,2026-09-29T10:00:00,"{""question_id"": ""q14""}",,sent
152,13,in,report,fr,tension 139/81,2026-04-14T15:43:00,"{""intent"": ""bp_report"", ""fields"": {""sbp"": 139, ""dbp"": 81, ""meds_taken"": null, ""symptoms"": []}, ""valid"": true, ""confirmed"": true, ""backend"": ""synthetic""}",257,
153,13,in,report,fr,"Bonjour, ma tension aujourd'hui est 132/77. J'ai pris mes médicaments.",2026-04-21T08:53:00,"{""intent"": ""bp_report"", ""fields"": {""sbp"": 132, ""dbp"": 77, ""meds_taken"": ""yes"", ""symptoms"": []}, ""valid"": true, ""confirmed"": true, ""backend"": ""synthetic""}",258,
154,13,in,report,fr,tension 141/84,2026-05-12T08:20:00,"{""intent"": ""bp_report"", ""fields"": {""sbp"": 141, ""dbp"": 84, ""meds_taken"": null, ""symptoms"": []}, ""valid"": true, ""confirmed"": true, ""backend"": ""synthetic""}",259,
155,13,in,report,fr,"Ma tension est 145 sur 88, je prends bien mes médicaments chaque jour.",2026-05-20T14:17:00,"{""intent"": ""bp_report"", ""fields"": {""sbp"": 145, ""dbp"": 88, ""meds_taken"": ""yes"", ""symptoms"": []}, ""valid"": true, ""confirmed"": true, ""backend"": ""synthetic""}",260,
156,13,in,report,fr,J'ai mesuré au centre de santé : 152/88. Médicaments pris.,2026-06-04T10:05:00,"{""intent"": ""bp_report"", ""fields"": {""sbp"": 152, ""dbp"": 88, ""meds_taken"": ""yes"", ""symptoms"": []}, ""valid"": true, ""confirmed"": true, ""backend"": ""synthetic""}",261,
157,13,in,report,fr,Tension 177/105. J'ai pris un seul médicament sur les deux.,2026-06-18T14:01:00,"{""intent"": ""bp_report"", ""fields"": {""sbp"": 177, ""dbp"": 105, ""meds_taken"": ""partial"", ""symptoms"": []}, ""valid"": true, ""confirmed"": true, ""backend"": ""synthetic""}",262,
158,13,in,report,fr,tension 137/84,2026-07-08T20:26:00,"{""intent"": ""bp_report"", ""fields"": {""sbp"": 137, ""dbp"": 84, ""meds_taken"": null, ""symptoms"": []}, ""valid"": true, ""confirmed"": true, ""backend"": ""synthetic""}",263,
159,13,in,report,fr,"Ma tension est 137 sur 81, je prends bien mes médicaments chaque jour.",2026-07-24T17:02:00,"{""intent"": ""bp_report"", ""fields"": {""sbp"": 137, ""dbp"": 81, ""meds_taken"": ""yes"", ""symptoms"": []}, ""valid"": true, ""confirmed"": true, ""backend"": ""synthetic""}",264,
160,13,in,other,fr,Que Dieu vous bénisse.,2026-07-25T14:17:00,"{""intent"": ""other"", ""fields"": {}, ""valid"": true, ""confirmed"": true, ""backend"": ""synthetic""}",,
161,13,in,report,fr,tension 139/87,2026-08-09T10:58:00,"{""intent"": ""bp_report"", ""fields"": {""sbp"": 139, ""dbp"": 87, ""meds_taken"": null, ""symptoms"": []}, ""valid"": true, ""confirmed"": true, ""backend"": ""synthetic""}",265,
162,13,in,report,fr,"Bonsoir. Tension 141/87, j'ai pris seulement la moitié du comprimé.",2026-08-30T14:56:00,"{""intent"": ""bp_report"", ""fields"": {""sbp"": 141, ""dbp"": 87, ""meds_taken"": ""partial"", ""symptoms"": []}, ""valid"": true, ""confirmed"": true, ""backend"": ""synthetic""}",266,
163,13,in,report,fr,J'ai mesuré au centre de santé : 140/87. Médicaments pris.,2026-09-07T12:56:00,"{""intent"": ""bp_report"", ""fields"": {""sbp"": 140, ""dbp"": 87, ""meds_taken"": ""yes"", ""symptoms"": []}, ""valid"": true, ""confirmed"": true, ""backend"": ""synthetic""}",267,
164,13,in,report,fr,"Bonjour, ma tension aujourd'hui est 135/77. J'ai pris mes médicaments.",2026-09-16T08:52:00,"{""intent"": ""bp_report"", ""fields"": {""sbp"": 135, ""dbp"": 77, ""meds_taken"": ""yes"", ""symptoms"": []}, ""valid"": true, ""confirmed"": true, ""backend"": ""synthetic""}",268,
165,13,in,report,fr,J'ai mesuré au centre de santé : 137/81. Médicaments pris.,2026-09-30T11:32:00,"{""intent"": ""bp_report"", ""fields"": {""sbp"": 137, ""dbp"": 81, ""meds_taken"": ""yes"", ""symptoms"": []}, ""valid"": true, ""confirmed"": true, ""backend"": ""synthetic""}",269,
166,13,out,quiz,fr,Quel est un signe d'alerte d'AVC ?,2026-07-28T10:00:00,"{""question_id"": ""q07""}",,sent
167,13,out,quiz,fr,Quel est aussi un signe d'AVC ?,2026-08-07T10:00:00,"{""question_id"": ""q08""}",,sent
168,14,in,report,en,"My BP is 126 over 83, taking my medicine every day.",2026-04-17T15:59:00,"{""intent"": ""bp_report"", ""fields"": {""sbp"": 126, ""dbp"": 83, ""meds_taken"": ""yes"", ""symptoms"": []}, ""valid"": true, ""confirmed"": true, ""backend"": ""synthetic""}",282,
169,14,in,other,en,God bless you.,2026-04-18T08:57:00,"{""intent"": ""other"", ""fields"": {}, ""valid"": true, ""confirmed"": true, ""backend"": ""synthetic""}",,
170,14,in,report,en,"My BP is 125 over 80, taking my medicine every day.",2026-04-30T14:39:00,"{""intent"": ""bp_report"", ""fields"": {""sbp"": 125, ""dbp"": 80, ""meds_taken"": ""yes"", ""symptoms"": []}, ""valid"": true, ""confirmed"": true, ""backend"": ""synthetic""}",283,
171,14,in,report,en,My pressure is 140 over 86 this morning,2026-05-13T13:55:00,"{""intent"": ""bp_report"", ""fields"": {""sbp"": 140, ""dbp"": 86, ""meds_taken"": null, ""symptoms"": []}, ""valid"": true, ""confirmed"": true, ""backend"": ""synthetic""}",284,
172,14,in,report,en,bp 127/85,2026-05-26T20:45:00,"{""intent"": ""bp_report"", ""fields"": {""sbp"": 127, ""dbp"": 85, ""meds_taken"": null, ""symptoms"": []}, ""valid"": true, ""confirmed"": true, ""backend"": ""synthetic""}",285,
173,14,in,report,en,"Hi, my BP today is 131/83. I took my medicine.",2026-06-05T17:56:00,"{""intent"": ""bp_report"", ""fields"": {""sbp"": 131, ""dbp"": 83, ""meds_taken"": ""yes"", ""symptoms"": []}, ""valid"": true, ""confirmed"": true, ""backend"": ""synthetic""}",286,
174,14,in,report,en,"Good evening. BP 133/85, I only took half of my tablets.",2026-06-16T13:07:00,"{""intent"": ""bp_report"", ""fields"": {""sbp"": 133, ""dbp"": 85, ""meds_taken"": ""partial"", ""symptoms"": []}, ""valid"": true, ""confirmed"": true, ""backend"": ""synthetic""}",287,
175,14,in,report,en,"Hi, my BP today is 141/90. I took my medicine.",2026-06-24T14:46:00,"{""intent"": ""bp_report"", ""fields"": {""sbp"": 141, ""dbp"": 90, ""meds_taken"": ""yes"", ""symptoms"": []}, ""valid"": true, ""confirmed"": true, ""backend"": ""synthetic""}",288,
176,14,in,report,en,"Hi, my BP today is 156/100. I took my medicine.",2026-07-13T20:47:00,"{""intent"": ""bp_report"", ""fields"": {""sbp"": 156, ""dbp"": 100, ""meds_taken"": ""yes"", ""symptoms"": []}, ""valid"": true, ""confirmed"": true, ""backend"": ""synthetic""}",289,
177,14,in,report,en,BP 178/111. Took one of my two medicines.,2026-07-25T19:24:00,"{""intent"": ""bp_report"", ""fields"": {""sbp"": 178, ""dbp"": 111, ""meds_taken"": ""partial"", ""symptoms"": []}, ""valid"": true, ""confirmed"": true, ""backend"": ""synthetic""}",290,
178,14,in,report,en,"Hi, my BP today is 127/86. I took my medicine.",2026-08-07T14:22:00,"{""intent"": ""bp_report"", ""fields"": {""sbp"": 127, ""dbp"": 86, ""meds_taken"": ""yes"", ""symptoms"": []}, ""valid"": true, ""confirmed"": true, ""backend"": ""synthetic""}",291,
179,14,in,report,en,"My BP is 126 over 83, taking my medicine every day.",2026-08-20T06:21:00,"{""intent"": ""bp_report"", ""fields"": {""sbp"": 126, ""dbp"": 83, ""meds_taken"": ""yes"", ""symptoms"": []}, ""valid"": true, ""confirmed"": true, ""backend"": ""synthetic""}",292,
180,14,in,report,en,"My BP is 127 over 79, taking my medicine every day.",2026-09-02T20:11:00,"{""intent"": ""bp_report"", ""fields"": {""sbp"": 127, ""dbp"": 79, ""meds_taken"": ""yes"", ""symptoms"": []}, ""valid"": true, ""confirmed"": true, ""backend"": ""synthetic""}",293,
181,14,in,other,en,Can I take my tablets with traditional medicine?,2026-09-03T09:30:00,"{""intent"": ""meds_question"", ""fields"": {}, ""valid"": true, ""confirmed"": true, ""backend"": ""synthetic""}",,
182,14,in,report,en,My pressure is 119 over 73 this morning,2026-09-20T17:10:00,"{""intent"": ""bp_report"", ""fields"": {""sbp"": 119, ""dbp"": 73, ""meds_taken"": null, ""symptoms"": []}, ""valid"": true, ""confirmed"": true, ""backend"": ""synthetic""}",294,
183,14,in,report,en,bp 123/77,2026-10-01T11:45:00,"{""intent"": ""bp_report"", ""fields"": {""sbp"": 123, ""dbp"": 77, ""meds_taken"": null, ""symptoms"": []}, ""valid"": true, ""confirmed"": true, ""backend"": ""synthetic""}",295,
184,15,in,report,fr,"Ma tension est 127 sur 81, je prends bien mes médicaments chaque jour.",2026-04-19T15:39:00,"{""intent"": ""bp_report"", ""fields"": {""sbp"": 127, ""dbp"": 81, ""meds_taken"": ""yes"", ""symptoms"": []}, ""valid"": true, ""confirmed"": true, ""backend"": ""synthetic""}",308,
185,15,in,report,fr,"Bonjour, ma tension aujourd'hui est 128/78. J'ai pris mes médicaments.",2026-05-02T08:53:00,"{""intent"": ""bp_report"", ""fields"": {""sbp"": 128, ""dbp"": 78, ""meds_taken"": ""yes"", ""symptoms"": []}, ""valid"": true, ""confirmed"": true, ""backend"": ""synthetic""}",309,
186,15,in,report,fr,"Bjr, tension 134 sur 91 ce matin",2026-05-13T07:53:00,"{""intent"": ""bp_report"", ""fields"": {""sbp"": 134, ""dbp"": 91, ""meds_taken"": null, ""symptoms"": []}, ""valid"": true, ""confirmed"": true, ""backend"": ""synthetic""}",310,
187,15,in,report,fr,J'ai mesuré au centre de santé : 131/83. Médicaments pris.,2026-06-01T18:15:00,"{""intent"": ""bp_report"", ""fields"": {""sbp"": 131, ""dbp"": 83, ""meds_taken"": ""yes"", ""symptoms"": []}, ""valid"": true, ""confirmed"": true, ""backend"": ""synthetic""}",311,
188,15,in,other,fr,"Mes médicaments sont finis, où je peux en avoir ?",2026-06-02T19:59:00,"{""intent"": ""meds_question"", ""fields"": {}, ""valid"": true, ""confirmed"": true, ""backend"": ""synthetic""}",,
189,15,in,report,fr,"Ma tension est 125 sur 80, je prends bien mes médicaments chaque jour.",2026-06-09T12:09:00,"{""intent"": ""bp_report"", ""fields"": {""sbp"": 125, ""dbp"": 80, ""meds_taken"": ""yes"", ""symptoms"": []}, ""valid"": true, ""confirmed"": true, ""backend"": ""synthetic""}",312,
190,15,in,report,fr,J'ai mesuré au centre de santé : 132/84. Médicaments pris.,2026-06-17T19:14:00,"{""intent"": ""bp_report"", ""fields"": {""sbp"": 132, ""dbp"": 84, ""meds_taken"": ""yes"", ""symptoms"": []}, ""valid"": true, ""confirmed"": true, ""backend"": ""synthetic""}",313,
191,15,in,report,fr,tension 122/83,2026-07-03T19:32:00,"{""intent"": ""bp_report"", ""fields"": {""sbp"": 122, ""dbp"": 83, ""meds_taken"": null, ""symptoms"": []}, ""valid"": true, ""confirmed"": true, ""backend"": ""synthetic""}",314,
192,15,in,report,fr,"Bjr, tension 124 sur 80 ce matin",2026-07-19T16:51:00,"{""intent"": ""bp_report"", ""fields"": {""sbp"": 124, ""dbp"": 80, ""meds_taken"": null, ""symptoms"": []}, ""valid"": true, ""confirmed"": true, ""backend"": ""synthetic""}",315,
193,15,in,report,fr,"Bonsoir. Tension 130/84, j'ai pris seulement la moitié du comprimé.",2026-07-26T19:42:00,"{""intent"": ""bp_report"", ""fields"": {""sbp"": 130, ""dbp"": 84, ""meds_taken"": ""partial"", ""symptoms"": []}, ""valid"": true, ""confirmed"": true, ""backend"": ""synthetic""}",316,
194,15,in,other,fr,"D'accord, j'ai compris.",2026-07-27T15:59:00,"{""intent"": ""other"", ""fields"": {}, ""valid"": true, ""confirmed"": true, ""backend"": ""synthetic""}",,
195,15,in,report,fr,J'ai mesuré au centre de santé : 120/82. Médicaments pris.,2026-08-11T16:14:00,"{""intent"": ""bp_report"", ""fields"": {""sbp"": 120, ""dbp"": 82, ""meds_taken"": ""yes"", ""symptoms"": []}, ""valid"": true, ""confirmed"": true, ""backend"": ""synthetic""}",317,
196,15,in,report,fr,"Ma tension est 118 sur 77, je prends bien mes médicaments chaque jour.",2026-08-28T06:23:00,"{""intent"": ""bp_report"", ""fields"": {""sbp"": 118, ""dbp"": 77, ""meds_taken"": ""yes"", ""symptoms"": []}, ""valid"": true, ""confirmed"": true, ""backend"": ""synthetic""}",318,
197,15,in,report,fr,J'ai mesuré au centre de santé : 127/80. Médicaments pris.,2026-09-11T07:23:00,"{""intent"": ""bp_report"", ""fields"": {""sbp"": 127, ""dbp"": 80, ""meds_taken"": ""yes"", ""symptoms"": []}, ""valid"": true, ""confirmed"": true, ""backend"": ""synthetic""}",319,
198,15,in,report,fr,"Bjr, tension 128 sur 82 ce matin",2026-10-01T09:39:00,"{""intent"": ""bp_report"", ""fields"": {""sbp"": 128, ""dbp"": 82, ""meds_taken"": null, ""symptoms"": []}, ""valid"": true, ""confirmed"": true, ""backend"": ""synthetic""}",320,
199,15,in,other,fr,"D'accord, j'ai compris.",2026-10-02T16:08:00,"{""intent"": ""other"", ""fields"": {}, ""valid"": true, ""confirmed"": true, ""backend"": ""synthetic""}",,
200,16,in,report,en,"Good evening. BP 127/84, I only took half of my tablets.",2026-04-13T14:20:00,"{""intent"": ""bp_report"", ""fields"": {""sbp"": 127, ""dbp"": 84, ""meds_taken"": ""partial"", ""symptoms"": []}, ""valid"": true, ""confirmed"": true, ""backend"": ""synthetic""}",333,
201,16,in,report,en,"Good evening. BP 128/84, I only took half of my tablets.",2026-04-20T10:16:00,"{""intent"": ""bp_report"", ""fields"": {""sbp"": 128, ""dbp"": 84, ""meds_taken"": ""partial"", ""symptoms"": []}, ""valid"": true, ""confirmed"": true, ""backend"": ""synthetic""}",334,
202,16,in,report,en,"Good evening. BP 127/87, I only took half of my tablets.",2026-05-02T16:53:00,"{""intent"": ""bp_report"", ""fields"": {""sbp"": 127, ""dbp"": 87, ""meds_taken"": ""partial"", ""symptoms"": []}, ""valid"": true, ""confirmed"": true, ""backend"": ""synthetic""}",335,
203,16,in,report,en,BP 138/90. Took one of my two medicines.,2026-05-20T20:20:00,"{""intent"": ""bp_report"", ""fields"": {""sbp"": 138, ""dbp"": 90, ""meds_taken"": ""partial"", ""symptoms"": []}, ""valid"": true, ""confirmed"": true, ""backend"": ""synthetic""}",336,
204,16,in,other,en,Thank you very much.,2026-05-21T12:50:00,"{""intent"": ""other"", ""fields"": {}, ""valid"": true, ""confirmed"": true, ""backend"": ""synthetic""}",,
205,16,in,report,en,My pressure is 136 over 87 this morning,2026-05-28T15:22:00,"{""intent"": ""bp_report"", ""fields"": {""sbp"": 136, ""dbp"": 87, ""meds_taken"": null, ""symptoms"": []}, ""valid"": true, ""confirmed"": true, ""backend"": ""synthetic""}",337,
206,16,in,report,en,bp 133/87,2026-06-15T13:01:00,"{""intent"": ""bp_report"", ""fields"": {""sbp"": 133, ""dbp"": 87, ""meds_taken"": null, ""symptoms"": []}, ""valid"": true, ""confirmed"": true, ""backend"": ""synthetic""}",338,
207,16,in,report,en,My pressure is 135 over 85 this morning,2026-07-04T16:10:00,"{""intent"": ""bp_report"", ""fields"": {""sbp"": 135, ""dbp"": 85, ""meds_taken"": null, ""symptoms"": []}, ""valid"": true, ""confirmed"": true, ""backend"": ""synthetic""}",339,
208,16,in,other,en,God bless you.,2026-07-05T19:34:00,"{""intent"": ""other"", ""fields"": {}, ""valid"": true, ""confirmed"": true, ""backend"": ""synthetic""}",,
209,16,in,report,en,BP 132/95. My tablets are finished so I took nothing.,2026-07-21T06:14:00,"{""intent"": ""bp_report"", ""fields"": {""sbp"": 132, ""dbp"": 95, ""meds_taken"": ""no"", ""symptoms"": []}, ""valid"": true, ""confirmed"": true, ""backend"": ""synthetic""}",340,
210,16,in,report,en,"My BP is 131 over 89, taking my medicine every day.",2026-08-06T07:21:00,"{""intent"": ""bp_report"", ""fields"": {""sbp"": 131, ""dbp"": 89, ""meds_taken"": ""yes"", ""symptoms"": []}, ""valid"": true, ""confirmed"": true, ""backend"": ""synthetic""}",341,
211,16,in,report,en,My pressure is 124 over 82 this morning,2026-08-19T13:55:00,"{""intent"": ""bp_report"", ""fields"": {""sbp"": 124, ""dbp"": 82, ""meds_taken"": null, ""symptoms"": []}, ""valid"": true, ""confirmed"": true, ""backend"": ""synthetic""}",342,
212,16,in,other,en,God bless you.,2026-08-20T09:16:00,"{""intent"": ""other"", ""fields"": {}, ""valid"": true, ""confirmed"": true, ""backend"": ""synthetic""}",,
213,16,in,report,en,"143 over 93, did not take meds yesterday or today",2026-09-07T08:39:00,"{""intent"": ""bp_report"", ""fields"": {""sbp"": 143, ""dbp"": 93, ""meds_taken"": ""no"", ""symptoms"": []}, ""valid"": true, ""confirmed"": true, ""backend"": ""synthetic""}",343,
214,16,in,report,en,My pressure is 135 over 91 this morning,2026-09-21T13:11:00,"{""intent"": ""bp_report"", ""fields"": {""sbp"": 135, ""dbp"": 91, ""meds_taken"": null, ""symptoms"": []}, ""valid"": true, ""confirmed"": true, ""backend"": ""synthetic""}",344,
215,16,out,quiz,en,"You get a sudden, very bad headache and blurred sight. What do you do?",2026-09-04T10:00:00,"{""question_id"": ""q11""}",,sent
216,17,in,report,sw,"Mimi ni mzima. Presha ni 141/93, nakunywa dawa kila siku.",2026-04-14T17:10:00,"{""intent"": ""bp_report"", ""fields"": {""sbp"": 141, ""dbp"": 93, ""meds_taken"": ""yes"", ""symptoms"": []}, ""valid"": true, ""confirmed"": true, ""backend"": ""synthetic""}",356,
217,17,in,report,sw,139/92 leo. Asante,2026-05-05T19:55:00,"{""intent"": ""bp_report"", ""fields"": {""sbp"": 139, ""dbp"": 92, ""meds_taken"": null, ""symptoms"": []}, ""valid"": true, ""confirmed"": true, ""backend"": ""synthetic""}",357,
218,17,in,report,sw,Nimepima dispensari 150/98. Nimekunywa dawa moja tu kati ya mbili.,2026-05-18T17:30:00,"{""intent"": ""bp_report"", ""fields"": {""sbp"": 150, ""dbp"": 98, ""meds_taken"": ""partial"", ""symptoms"": []}, ""valid"": true, ""confirmed"": true, ""backend"": ""synthetic""}",358,
219,17,in,report,sw,"Habari daktari, presha yangu ni 141 kwa 89. Nimekunywa dawa zangu.",2026-06-04T11:32:00,"{""intent"": ""bp_report"", ""fields"": {""sbp"": 141, ""dbp"": 89, ""meds_taken"": ""yes"", ""symptoms"": []}, ""valid"": true, ""confirmed"": true, ""backend"": ""synthetic""}",359,
220,17,in,report,sw,"Mimi ni mzima. Presha ni 144/91, nakunywa dawa kila siku.",2026-06-23T08:02:00,"{""intent"": ""bp_report"", ""fields"": {""sbp"": 144, ""dbp"": 91, ""meds_taken"": ""yes"", ""symptoms"": []}, ""valid"": true, ""confirmed"": true, ""backend"": ""synthetic""}",360,
221,17,in,report,sw,"Habari daktari, presha yangu ni 158 kwa 106. Nimekunywa dawa zangu.",2026-07-10T14:00:00,"{""intent"": ""bp_report"", ""fields"": {""sbp"": 158, ""dbp"": 106, ""meds_taken"": ""yes"", ""symptoms"": []}, ""valid"": true, ""confirmed"": true, ""backend"": ""synthetic""}",361,
222,17,in,other,sw,"Habari za asubuhi, niko safarini wiki hii.",2026-07-11T06:59:00,"{""intent"": ""other"", ""fields"": {}, ""valid"": true, ""confirmed"": true, ""backend"": ""synthetic""}",,
223,17,in,report,sw,"Habari daktari, presha yangu ni 152 kwa 98. Nimekunywa dawa zangu.",2026-07-21T12:17:00,"{""intent"": ""bp_report"", ""fields"": {""sbp"": 152, ""dbp"": 98, ""meds_taken"": ""yes"", ""symptoms"": []}, ""valid"": true, ""confirmed"": true, ""backend"": ""synthetic""}",362,
224,17,in,report,sw,"Habari daktari, presha yangu ni 153 kwa 97. Nimekunywa dawa zangu.",2026-07-30T12:13:00,"{""intent"": ""bp_report"", ""fields"": {""sbp"": 153, ""dbp"": 97, ""meds_taken"": ""yes"", ""symptoms"": []}, ""valid"": true, ""confirmed"": true, ""backend"": ""synthetic""}",363,
225,17,in,report,sw,"Habari daktari, presha yangu ni 145 kwa 91. Nimekunywa dawa zangu.",2026-08-14T09:13:00,"{""intent"": ""bp_report"", ""fields"": {""sbp"": 145, ""dbp"": 91, ""meds_taken"": ""yes"", ""symptoms"": []}, ""valid"": true, ""confirmed"": true, ""backend"": ""synthetic""}",364,
226,17,in,other,sw,Naweza kunywa dawa ya presha pamoja na chakula?,2026-08-15T20:12:00,"{""intent"": ""meds_question"", ""fields"": {}, ""valid"": true, ""confirmed"": true, ""backend"": ""synthetic""}",,
227,17,in,report,sw,Nimepima dispensari 145/92. Nimekunywa dawa moja tu kati ya mbili.,2026-08-30T18:48:00,"{""intent"": ""bp_report"", ""fields"": {""sbp"": 145, ""dbp"": 92, ""meds_taken"": ""partial"", ""symptoms"": []}, ""valid"": true, ""confirmed"": true, ""backend"": ""synthetic""}",365,
228,17,in,report,sw,presha leo 153/100,2026-09-20T16:36:00,"{""intent"": ""bp_report"", ""fields"": {""sbp"": 153, ""dbp"": 100, ""meds_taken"": null, ""symptoms"": []}, ""valid"": true, ""confirmed"": true, ""backend"": ""synthetic""}",366,
229,17,out,quiz,sw,"Dawa inakuletea shida, kama kuvimba miguu. Ufanye nini?",2026-09-09T10:00:00,"{""question_id"": ""q12""}",,sent
230,17,out,quiz,sw,Ipi ni dalili ya hatari ya kiharusi?,2026-09-03T10:00:00,"{""question_id"": ""q07""}",,sent
231,17,out,quiz,sw,Nini kingine kinasaidia presha yako?,2026-09-25T10:00:00,"{""question_id"": ""q06""}",,sent
232,17,out,quiz,sw,Nini kinasaidia kushusha presha?,2026-07-21T10:00:00,"{""question_id"": ""q04""}",,sent
233,18,in,report,sw,"Habari daktari, presha yangu ni 135 kwa 91. Nimekunywa dawa zangu.",2026-04-19T15:00:00,"{""intent"": ""bp_report"", ""fields"": {""sbp"": 135, ""dbp"": 91, ""meds_taken"": ""yes"", ""symptoms"": []}, ""valid"": true, ""confirmed"": true, ""backend"": ""synthetic""}",379,
234,18,in,report,sw,presha leo 141/82,2026-05-05T13:34:00,"{""intent"": ""bp_report"", ""fields"": {""sbp"": 141, ""dbp"": 82, ""meds_taken"": null, ""symptoms"": []}, ""valid"": true, ""confirmed"": true, ""backend"": ""synthetic""}",380,
235,18,in,other,sw,"Je, niendelee kunywa dawa hata kama najisikia vizuri?",2026-05-06T06:50:00,"{""intent"": ""meds_question"", ""fields"": {}, ""valid"": true, ""confirmed"": true, ""backend"": ""synthetic""}",,
236,18,in,report,sw,"Shikamoo. Nimepima leo 150/88, dawa nimekunywa asubuhi.",2026-05-23T11:28:00,"{""intent"": ""bp_report"", ""fields"": {""sbp"": 150, ""dbp"": 88, ""meds_taken"": ""yes"", ""symptoms"": []}, ""valid"": true, ""confirmed"": true, ""backend"": ""synthetic""}",381,
237,18,in,report,sw,"Mimi ni mzima. Presha ni 143/86, nakunywa dawa kila siku.",2026-06-02T12:23:00,"{""intent"": ""bp_report"", ""fields"": {""sbp"": 143, ""dbp"": 86, ""meds_taken"": ""yes"", ""symptoms"": []}, ""valid"": true, ""confirmed"": true, ""backend"": ""synthetic""}",382,
238,18,in,other,sw,"Je, niendelee kunywa dawa hata kama najisikia vizuri?",2026-06-03T11:23:00,"{""intent"": ""meds_question"", ""fields"": {}, ""valid"": true, ""confirmed"": true, ""backend"": ""synthetic""}",,
239,18,in,report,sw,presha leo 136/86,2026-06-22T12:19:00,"{""intent"": ""bp_report"", ""fields"": {""sbp"": 136, ""dbp"": 86, ""meds_taken"": null, ""symptoms"": []}, ""valid"": true, ""confirmed"": true, ""backend"": ""synthetic""}",383,
240,18,in,report,sw,"Shikamoo. Nimepima leo 148/89, dawa nimekunywa asubuhi.",2026-07-03T06:03:00,"{""intent"": ""bp_report"", ""fields"": {""sbp"": 148, ""dbp"": 89, ""meds_taken"": ""yes"", ""symptoms"": []}, ""valid"": true, ""confirmed"": true, ""backend"": ""synthetic""}",384,
241,18,in,report,sw,136/86 leo. Asante,2026-07-21T06:17:00,"{""intent"": ""bp_report"", ""fields"": {""sbp"": 136, ""dbp"": 86, ""meds_taken"": null, ""symptoms"": []}, ""valid"": true, ""confirmed"": true, ""backend"": ""synthetic""}",385,
242,18,in,report,sw,presha leo 148/88,2026-08-05T20:55:00,"{""intent"": ""bp_report"", ""fields"": {""sbp"": 148, ""dbp"": 88, ""meds_taken"": null, ""symptoms"": []}, ""valid"": true, ""confirmed"": true, ""backend"": ""synthetic""}",386,
243,18,in,other,sw,"Sawa, nimeelewa.",2026-08-06T10:51:00,"{""intent"": ""other"", ""fields"": {}, ""valid"": true, ""confirmed"": true, ""backend"": ""synthetic""}",,
244,18,in,report,sw,presha leo 148/92,2026-08-26T12:48:00,"{""intent"": ""bp_report"", ""fields"": {""sbp"": 148, ""dbp"": 92, ""meds_taken"": null, ""symptoms"": []}, ""valid"": true, ""confirmed"": true, ""backend"": ""synthetic""}",387,
245,18,in,report,sw,"Pressure yangu ni 155/93, nimekunywa nusu dozi kwa sababu dawa zinakaribia kuisha.",2026-09-10T18:09:00,"{""intent"": ""bp_report"", ""fields"": {""sbp"": 155, ""dbp"": 93, ""meds_taken"": ""partial"", ""symptoms"": []}, ""valid"": true, ""confirmed"": true, ""backend"": ""synthetic""}",388,
246,18,in,report,sw,"Shikamoo. Nimepima leo 160/98, dawa nimekunywa asubuhi.",2026-09-24T20:54:00,"{""intent"": ""bp_report"", ""fields"": {""sbp"": 160, ""dbp"": 98, ""meds_taken"": ""yes"", ""symptoms"": []}, ""valid"": true, ""confirmed"": true, ""backend"": ""synthetic""}",389,
247,19,in,report,sw,presha leo 138/89,2026-04-20T16:37:00,"{""intent"": ""bp_report"", ""fields"": {""sbp"": 138, ""dbp"": 89, ""meds_taken"": null, ""symptoms"": []}, ""valid"": true, ""confirmed"": true, ""backend"": ""synthetic""}",402,
248,19,in,other,sw,"Je, niendelee kunywa dawa hata kama najisikia vizuri?",2026-04-21T13:36:00,"{""intent"": ""meds_question"", ""fields"": {}, ""valid"": true, ""confirmed"": true, ""backend"": ""synthetic""}",,
249,19,in,report,sw,"Mimi ni mzima. Presha ni 136/88, nakunywa dawa kila siku.",2026-05-11T18:23:00,"{""intent"": ""bp_report"", ""fields"": {""sbp"": 136, ""dbp"": 88, ""meds_taken"": ""yes"", ""symptoms"": []}, ""valid"": true, ""confirmed"": true, ""backend"": ""synthetic""}",403,
250,19,in,report,sw,presha leo 138/88,2026-05-29T17:32:00,"{""intent"": ""bp_report"", ""fields"": {""sbp"": 138, ""dbp"": 88, ""meds_taken"": null, ""symptoms"": []}, ""valid"": true, ""confirmed"": true, ""backend"": ""synthetic""}",404,
251,19,in,report,sw,141/84 leo. Asante,2026-06-12T14:33:00,"{""intent"": ""bp_report"", ""fields"": {""sbp"": 141, ""dbp"": 84, ""meds_taken"": null, ""symptoms"": []}, ""valid"": true, ""confirmed"": true, ""backend"": ""synthetic""}",405,
252,19,in,report,sw,"Habari daktari, presha yangu ni 148 kwa 94. Nimekunywa dawa zangu.",2026-06-30T17:33:00,"{""intent"": ""bp_report"", ""fields"": {""sbp"": 148, ""dbp"": 94, ""meds_taken"": ""yes"", ""symptoms"": []}, ""valid"": true, ""confirmed"": true, ""backend"": ""synthetic""}",406,
253,19,in,report,sw,"Mimi ni mzima. Presha ni 148/95, nakunywa dawa kila siku.",2026-07-13T09:32:00,"{""intent"": ""bp_report"", ""fields"": {""sbp"": 148, ""dbp"": 95, ""meds_taken"": ""yes"", ""symptoms"": []}, ""valid"": true, ""confirmed"": true, ""backend"": ""synthetic""}",407,
254,19,in,report,sw,148/94 leo. Asante,2026-07-20T14:17:00,"{""intent"": ""bp_report"", ""fields"": {""sbp"": 148, ""dbp"": 94, ""meds_taken"": null, ""symptoms"": []}, ""valid"": true, ""confirmed"": true, ""backend"": ""synthetic""}",408,
255,19,in,report,sw,presha leo 148/102,2026-08-01T11:38:00,"{""intent"": ""bp_report"", ""fields"": {""sbp"": 148, ""dbp"": 102, ""meds_taken"": null, ""symptoms"": []}, ""valid"": true, ""confirmed"": true, ""backend"": ""synthetic""}",409,
256,19,in,report,sw,"Mimi ni mzima. Presha ni 156/99, nakunywa dawa kila siku.",2026-08-16T10:59:00,"{""intent"": ""bp_report"", ""fields"": {""sbp"": 156, ""dbp"": 99, ""meds_taken"": ""yes"", ""symptoms"": []}, ""valid"": true, ""confirmed"": true, ""backend"": ""synthetic""}",410,
257,19,in,report,sw,"Shikamoo. Nimepima leo 154/93, dawa nimekunywa asubuhi.",2026-09-03T16:07:00,"{""intent"": ""bp_report"", ""fields"": {""sbp"": 154, ""dbp"": 93, ""meds_taken"": ""yes"", ""symptoms"": []}, ""valid"": true, ""confirmed"": true, ""backend"": ""synthetic""}",411,
258,19,in,report,sw,presha leo 151/96,2026-09-20T16:00:00,"{""intent"": ""bp_report"", ""fields"": {""sbp"": 151, ""dbp"": 96, ""meds_taken"": null, ""symptoms"": []}, ""valid"": true, ""confirmed"": true, ""backend"": ""synthetic""}",412,
259,19,out,quiz,sw,Nini kingine kinasaidia presha yako?,2026-08-21T10:00:00,"{""question_id"": ""q06""}",,sent
260,19,out,quiz,sw,Nini kinasaidia kushusha presha?,2026-09-12T10:00:00,"{""question_id"": ""q04""}",,sent
261,20,in,report,fr,J'ai mesuré au centre de santé : 150/92. Médicaments pris.,2026-04-11T08:29:00,"{""intent"": ""bp_report"", ""fields"": {""sbp"": 150, ""dbp"": 92, ""meds_taken"": ""yes"", ""symptoms"": []}, ""valid"": true, ""confirmed"": true, ""backend"": ""synthetic""}",423,
262,20,in,report,fr,"Bonsoir. Tension 150/90, j'ai pris seulement la moitié du comprimé.",2026-04-24T10:09:00,"{""intent"": ""bp_report"", ""fields"": {""sbp"": 150, ""dbp"": 90, ""meds_taken"": ""partial"", ""symptoms"": []}, ""valid"": true, ""confirmed"": true, ""backend"": ""synthetic""}",424,
263,20,in,other,fr,"D'accord, j'ai compris.",2026-04-25T17:42:00,"{""intent"": ""other"", ""fields"": {}, ""valid"": true, ""confirmed"": true, ""backend"": ""synthetic""}",,
264,20,in,report,fr,"Ma tension est 157 sur 96, je prends bien mes médicaments chaque jour.",2026-05-05T08:06:00,"{""intent"": ""bp_report"", ""fields"": {""sbp"": 157, ""dbp"": 96, ""meds_taken"": ""yes"", ""symptoms"": []}, ""valid"": true, ""confirmed"": true, ""backend"": ""synthetic""}",425,
265,20,in,report,fr,J'ai mesuré au centre de santé : 151/92. Médicaments pris.,2026-05-14T16:20:00,"{""intent"": ""bp_report"", ""fields"": {""sbp"": 151, ""dbp"": 92, ""meds_taken"": ""yes"", ""symptoms"": []}, ""valid"": true, ""confirmed"": true, ""backend"": ""synthetic""}",426,
266,20,in,report,fr,"Bonjour, ma tension aujourd'hui est 147/93. J'ai pris mes médicaments.",2026-05-25T09:16:00,"{""intent"": ""bp_report"", ""fields"": {""sbp"": 147, ""dbp"": 93, ""meds_taken"": ""yes"", ""symptoms"": []}, ""valid"": true, ""confirmed"": true, ""backend"": ""synthetic""}",427,
267,20,in,report,fr,"Bonsoir. Tension 157/94, j'ai pris seulement la moitié du comprimé.",2026-06-05T19:05:00,"{""intent"": ""bp_report"", ""fields"": {""sbp"": 157, ""dbp"": 94, ""meds_taken"": ""partial"", ""symptoms"": []}, ""valid"": true, ""confirmed"": true, ""backend"": ""synthetic""}",428,
268,20,in,report,fr,"Bjr, tension 150 sur 93 ce matin",2026-06-12T18:30:00,"{""intent"": ""bp_report"", ""fields"": {""sbp"": 150, ""dbp"": 93, ""meds_taken"": null, ""symptoms"": []}, ""valid"": true, ""confirmed"": true, ""backend"": ""synthetic""}",429,
269,20,in,report,fr,tension 147/89,2026-06-19T06:26:00,"{""intent"": ""bp_report"", ""fields"": {""sbp"": 147, ""dbp"": 89, ""meds_taken"": null, ""symptoms"": []}, ""valid"": true, ""confirmed"": true, ""backend"": ""synthetic""}",430,
270,20,in,report,fr,"Bonjour agent, 147 sur 89, j'ai oublié mes comprimés aujourd'hui.",2026-07-03T07:07:00,"{""intent"": ""bp_report"", ""fields"": {""sbp"": 147, ""dbp"": 89, ""meds_taken"": ""no"", ""symptoms"": []}, ""valid"": true, ""confirmed"": true, ""backend"": ""synthetic""}",431,
271,20,in,report,fr,"164/101 aujourd'hui. Les médicaments sont finis, je n'ai rien pris.",2026-07-19T11:37:00,"{""intent"": ""bp_report"", ""fields"": {""sbp"": 164, ""dbp"": 101, ""meds_taken"": ""no"", ""symptoms"": []}, ""valid"": true, ""confirmed"": true, ""backend"": ""synthetic""}",432,
272,20,in,other,fr,Que Dieu vous bénisse.,2026-07-20T19:34:00,"{""intent"": ""other"", ""fields"": {}, ""valid"": true, ""confirmed"": true, ""backend"": ""synthetic""}",,
273,20,in,report,fr,tension 157/97,2026-07-31T12:40:00,"{""intent"": ""bp_report"", ""fields"": {""sbp"": 157, ""dbp"": 97, ""meds_taken"": null, ""symptoms"": []}, ""valid"": true, ""confirmed"": true, ""backend"": ""synthetic""}",433,
274,20,in,report,fr,"Ma tension est 142 sur 87, je prends bien mes médicaments chaque jour.",2026-08-13T06:57:00,"{""intent"": ""bp_report"", ""fields"": {""sbp"": 142, ""dbp"": 87, ""meds_taken"": ""yes"", ""symptoms"": []}, ""valid"": true, ""confirmed"": true, ""backend"": ""synthetic""}",434,
275,20,in,report,fr,"Bjr, tension 157 sur 96 ce matin",2026-08-22T15:38:00,"{""intent"": ""bp_report"", ""fields"": {""sbp"": 157, ""dbp"": 96, ""meds_taken"": null, ""symptoms"": []}, ""valid"": true, ""confirmed"": true, ""backend"": ""synthetic""}",435,
276,20,in,report,fr,"Bjr, tension 154 sur 92 ce matin",2026-09-08T08:21:00,"{""intent"": ""bp_report"", ""fields"": {""sbp"": 154, ""dbp"": 92, ""meds_taken"": null, ""symptoms"": []}, ""valid"": true, ""confirmed"": true, ""backend"": ""synthetic""}",436,
277,20,in,report,fr,tension 148/90,2026-09-18T14:28:00,"{""intent"": ""bp_report"", ""fields"": {""sbp"": 148, ""dbp"": 90, ""meds_taken"": null, ""symptoms"": []}, ""valid"": true, ""confirmed"": true, ""backend"": ""synthetic""}",437,
278,21,in,report,sw,"Habari daktari, presha yangu ni 141 kwa 91. Nimekunywa dawa zangu.",2026-04-16T18:41:00,"{""intent"": ""bp_report"", ""fields"": {""sbp"": 141, ""dbp"": 91, ""meds_taken"": ""yes"", ""symptoms"": []}, ""valid"": true, ""confirmed"": true, ""backend"": ""synthetic""}",450,
279,21,in,report,sw,"Pressure yangu ni 134/86, nimekunywa nusu dozi kwa sababu dawa zinakaribia kuisha.",2026-05-06T08:18:00,"{""intent"": ""bp_report"", ""fields"": {""sbp"": 134, ""dbp"": 86, ""meds_taken"": ""partial"", ""symptoms"": []}, ""valid"": true, ""confirmed"": true, ""backend"": ""synthetic""}",451,
280,21,in,report,sw,"Habari daktari, presha yangu ni 141 kwa 87. Nimekunywa dawa zangu.",2026-05-23T15:39:00,"{""intent"": ""bp_report"", ""fields"": {""sbp"": 141, ""dbp"": 87, ""meds_taken"": ""yes"", ""symptoms"": []}, ""valid"": true, ""confirmed"": true, ""backend"": ""synthetic""}",452,
281,21,in,report,sw,"Habari daktari, presha yangu ni 135 kwa 84. Nimekunywa dawa zangu.",2026-05-31T08:17:00,"{""intent"": ""bp_report"", ""fields"": {""sbp"": 135, ""dbp"": 84, ""meds_taken"": ""yes"", ""symptoms"": []}, ""valid"": true, ""confirmed"": true, ""backend"": ""synthetic""}",453,
282,21,in,report,sw,"Habari daktari, presha yangu ni 135 kwa 90. Nimekunywa dawa zangu.",2026-06-08T14:08:00,"{""intent"": ""bp_report"", ""fields"": {""sbp"": 135, ""dbp"": 90, ""meds_taken"": ""yes"", ""symptoms"": []}, ""valid"": true, ""confirmed"": true, ""backend"": ""synthetic""}",454,
283,21,in,report,sw,145/91 leo. Asante,2026-06-17T07:49:00,"{""intent"": ""bp_report"", ""fields"": {""sbp"": 145, ""dbp"": 91, ""meds_taken"": null, ""symptoms"": []}, ""valid"": true, ""confirmed"": true, ""backend"": ""synthetic""}",455,
284,21,in,report,sw,presha leo 149/94,2026-07-01T13:41:00,"{""intent"": ""bp_report"", ""fields"": {""sbp"": 149, ""dbp"": 94, ""meds_taken"": null, ""symptoms"": []}, ""valid"": true, ""confirmed"": true, ""backend"": ""synthetic""}",456,
285,21,in,other,sw,Mungu akubariki mhudumu.,2026-07-02T13:23:00,"{""intent"": ""other"", ""fields"": {}, ""valid"": true, ""confirmed"": true, ""backend"": ""synthetic""}",,
286,21,in,report,sw,"Mimi ni mzima. Presha ni 147/92, nakunywa dawa kila siku.",2026-07-10T20:12:00,"{""intent"": ""bp_report"", ""fields"": {""sbp"": 147, ""dbp"": 92, ""meds_taken"": ""yes"", ""symptoms"": []}, ""valid"": true, ""confirmed"": true, ""backend"": ""synthetic""}",457,
287,21,in,report,sw,"Habari daktari, presha yangu ni 145 kwa 95. Nimekunywa dawa zangu.",2026-07-29T17:12:00,"{""intent"": ""bp_report"", ""fields"": {""sbp"": 145, ""dbp"": 95, ""meds_taken"": ""yes"", ""symptoms"": []}, ""valid"": true, ""confirmed"": true, ""backend"": ""synthetic""}",458,
288,21,in,report,sw,presha leo 141/91,2026-08-12T11:04:00,"{""intent"": ""bp_report"", ""fields"": {""sbp"": 141, ""dbp"": 91, ""meds_taken"": null, ""symptoms"": []}, ""valid"": true, ""confirmed"": true, ""backend"": ""synthetic""}",459,
289,21,in,report,sw,"Shikamoo. Nimepima leo 141/86, dawa nimekunywa asubuhi.",2026-08-22T19:29:00,"{""intent"": ""bp_report"", ""fields"": {""sbp"": 141, ""dbp"": 86, ""meds_taken"": ""yes"", ""symptoms"": []}, ""valid"": true, ""confirmed"": true, ""backend"": ""synthetic""}",460,
290,21,in,report,sw,"Pressure yangu ni 149/95, nimekunywa nusu dozi kwa sababu dawa zinakaribia kuisha.",2026-09-07T20:43:00,"{""intent"": ""bp_report"", ""fields"": {""sbp"": 149, ""dbp"": 95, ""meds_taken"": ""partial"", ""symptoms"": []}, ""valid"": true, ""confirmed"": true, ""backend"": ""synthetic""}",461,
291,21,in,report,sw,presha leo 166/96,2026-09-27T19:12:00,"{""intent"": ""bp_report"", ""fields"": {""sbp"": 166, ""dbp"": 96, ""meds_taken"": null, ""symptoms"": []}, ""valid"": true, ""confirmed"": true, ""backend"": ""synthetic""}",462,
292,22,in,report,sw,"Shikamoo. Nimepima leo 136/86, dawa nimekunywa asubuhi.",2026-04-11T08:34:00,"{""intent"": ""bp_report"", ""fields"": {""sbp"": 136, ""dbp"": 86, ""meds_taken"": ""yes"", ""symptoms"": []}, ""valid"": true, ""confirmed"": true, ""backend"": ""synthetic""}",475,
293,22,in,other,sw,Asante sana kwa ujumbe.,2026-04-12T08:19:00,"{""intent"": ""other"", ""fields"": {}, ""valid"": true, ""confirmed"": true, ""backend"": ""synthetic""}",,
294,22,in,report,sw,139/83 leo. Asante,2026-04-29T14:31:00,"{""intent"": ""bp_report"", ""fields"": {""sbp"": 139, ""dbp"": 83, ""meds_taken"": null, ""symptoms"": []}, ""valid"": true, ""confirmed"": true, ""backend"": ""synthetic""}",476,
295,22,in,report,sw,"Mimi ni mzima. Presha ni 134/85, nakunywa dawa kila siku.",2026-05-14T08:50:00,"{""intent"": ""bp_report"", ""fields"": {""sbp"": 134, ""dbp"": 85, ""meds_taken"": ""yes"", ""symptoms"": []}, ""valid"": true, ""confirmed"": true, ""backend"": ""synthetic""}",477,
296,22,in,report,sw,"Shikamoo. Nimepima leo 132/81, dawa nimekunywa asubuhi.",2026-05-30T14:08:00,"{""intent"": ""bp_report"", ""fields"": {""sbp"": 132, ""dbp"": 81, ""meds_taken"": ""yes"", ""symptoms"": []}, ""valid"": true, ""confirmed"": true, ""backend"": ""synthetic""}",478,
297,22,in,other,sw,Naweza kunywa dawa ya presha pamoja na chakula?,2026-05-31T15:38:00,"{""intent"": ""meds_question"", ""fields"": {}, ""valid"": true, ""confirmed"": true, ""backend"": ""synthetic""}",,
298,22,in,report,sw,"Mimi ni mzima. Presha ni 130/79, nakunywa dawa kila siku.",2026-06-19T08:58:00,"{""intent"": ""bp_report"", ""fields"": {""sbp"": 130, ""dbp"": 79, ""meds_taken"": ""yes"", ""symptoms"": []}, ""valid"": true, ""confirmed"": true, ""backend"": ""synthetic""}",479,
299,22,in,report,sw,presha leo 134/86,2026-07-02T18:19:00,"{""intent"": ""bp_report"", ""fields"": {""sbp"": 134, ""dbp"": 86, ""meds_taken"": null, ""symptoms"": []}, ""valid"": true, ""confirmed"": true, ""backend"": ""synthetic""}",480,
300,22,in,report,sw,"Shikamoo. Nimepima leo 142/85, dawa nimekunywa asubuhi.",2026-07-20T13:28:00,"{""intent"": ""bp_report"", ""fields"": {""sbp"": 142, ""dbp"": 85, ""meds_taken"": ""yes"", ""symptoms"": []}, ""valid"": true, ""confirmed"": true, ""backend"": ""synthetic""}",481,
301,22,in,report,sw,"Pressure yangu ni 142/87, nimekunywa nusu dozi kwa sababu dawa zinakaribia kuisha.",2026-08-10T13:16:00,"{""intent"": ""bp_report"", ""fields"": {""sbp"": 142, ""dbp"": 87, ""meds_taken"": ""partial"", ""symptoms"": []}, ""valid"": true, ""confirmed"": true, ""backend"": ""synthetic""}",482,
302,22,in,report,sw,"Mimi ni mzima. Presha ni 143/86, nakunywa dawa kila siku.",2026-08-28T06:18:00,"{""intent"": ""bp_report"", ""fields"": {""sbp"": 143, ""dbp"": 86, ""meds_taken"": ""yes"", ""symptoms"": []}, ""valid"": true, ""confirmed"": true, ""backend"": ""synthetic""}",483,
303,22,in,report,sw,"Mimi ni mzima. Presha ni 140/86, nakunywa dawa kila siku.",2026-09-11T16:44:00,"{""intent"": ""bp_report"", ""fields"": {""sbp"": 140, ""dbp"": 86, ""meds_taken"": ""yes"", ""symptoms"": []}, ""valid"": true, ""confirmed"": true, ""backend"": ""synthetic""}",484,
304,22,in,report,sw,"Habari daktari, presha yangu ni 137 kwa 84. Nimekunywa dawa zangu.",2026-10-01T14:36:00,"{""intent"": ""bp_report"", ""fields"": {""sbp"": 137, ""dbp"": 84, ""meds_taken"": ""yes"", ""symptoms"": []}, ""valid"": true, ""confirmed"": true, ""backend"": ""synthetic""}",485,
305,22,out,quiz,sw,Unapata maumivu makali ya kichwa ghafla na huoni vizuri. Ufanye nini?,2026-08-12T10:00:00,"{""question_id"": ""q11""}",,sent
306,22,out,quiz,sw,Ipi ni dalili ya hatari ya kiharusi?,2026-09-14T10:00:00,"{""question_id"": ""q07""}",,sent
307,22,out,quiz,sw,Chakula gani ni bora kwa presha yako?,2026-08-17T10:00:00,"{""question_id"": ""q05""}",,sent
308,22,out,quiz,sw,"Je, presha inaweza kuwa juu ukijisikia vizuri?",2026-09-03T10:00:00,"{""question_id"": ""q13""}",,sent
309,23,in,report,sw,"Mimi ni mzima. Presha ni 142/91, nakunywa dawa kila siku.",2026-04-18T13:38:00,"{""intent"": ""bp_report"", ""fields"": {""sbp"": 142, ""dbp"": 91, ""meds_taken"": ""yes"", ""symptoms"": []}, ""valid"": true, ""confirmed"": true, ""backend"": ""synthetic""}",497,
310,23,in,report,sw,153/92 leo. Asante,2026-05-03T12:05:00,"{""intent"": ""bp_report"", ""fields"": {""sbp"": 153, ""dbp"": 92, ""meds_taken"": null, ""symptoms"": []}, ""valid"": true, ""confirmed"": true, ""backend"": ""synthetic""}",498,
311,23,in,report,sw,presha leo 142/90,2026-05-24T09:09:00,"{""intent"": ""bp_report"", ""fields"": {""sbp"": 142, ""dbp"": 90, ""meds_taken"": null, ""symptoms"": []}, ""valid"": true, ""confirmed"": true, ""backend"": ""synthetic""}",499,
312,23,in,other,sw,"Dawa zangu zimeisha, nitapata wapi zingine?",2026-05-25T07:41:00,"{""intent"": ""meds_question"", ""fields"": {}, ""valid"": true, ""confirmed"": true, ""backend"": ""synthetic""}",,
313,23,in,report,sw,151/92 leo. Asante,2026-06-05T16:25:00,"{""intent"": ""bp_report"", ""fields"": {""sbp"": 151, ""dbp"": 92, ""meds_taken"": null, ""symptoms"": []}, ""valid"": true, ""confirmed"": true, ""backend"": ""synthetic""}",500,
314,23,in,other,sw,"Sawa, nimeelewa.",2026-06-06T17:49:00,"{""intent"": ""other"", ""fields"": {}, ""valid"": true, ""confirmed"": true, ""backend"": ""synthetic""}",,
315,23,in,report,sw,"Mimi ni mzima. Presha ni 146/87, nakunywa dawa kila siku.",2026-06-18T13:38:00,"{""intent"": ""bp_report"", ""fields"": {""sbp"": 146, ""dbp"": 87, ""meds_taken"": ""yes"", ""symptoms"": []}, ""valid"": true, ""confirmed"": true, ""backend"": ""synthetic""}",501,
316,23,in,report,sw,Leo 157/101. Dawa zimeisha sijanywa.,2026-07-08T10:42:00,"{""intent"": ""bp_report"", ""fields"": {""sbp"": 157, ""dbp"": 101, ""meds_taken"": ""no"", ""symptoms"": []}, ""valid"": true, ""confirmed"": true, ""backend"": ""synthetic""}",502,
317,23,in,other,sw,"Dawa zangu zimeisha, nitapata wapi zingine?",2026-07-09T06:56:00,"{""intent"": ""meds_question"", ""fields"": {}, ""valid"": true, ""confirmed"": true, ""backend"": ""synthetic""}",,
318,23,in,report,sw,presha leo 160/100,2026-07-20T06:27:00,"{""intent"": ""bp_report"", ""fields"": {""sbp"": 160, ""dbp"": 100, ""meds_taken"": null, ""symptoms"": []}, ""valid"": true, ""confirmed"": true, ""backend"": ""synthetic""}",503,
319,23,in,report,sw,Asubuhi presha ilikuwa 164 kwa 100. Nimesahau kunywa dawa leo.,2026-08-02T19:32:00,"{""intent"": ""bp_report"", ""fields"": {""sbp"": 164, ""dbp"": 100, ""meds_taken"": ""no"", ""symptoms"": []}, ""valid"": true, ""confirmed"": true, ""backend"": ""synthetic""}",504,
320,23,in,report,sw,Nimepima dispensari 159/98. Nimekunywa dawa moja tu kati ya mbili.,2026-08-15T15:54:00,"{""intent"": ""bp_report"", ""fields"": {""sbp"": 159, ""dbp"": 98, ""meds_taken"": ""partial"", ""symptoms"": []}, ""valid"": true, ""confirmed"": true, ""backend"": ""synthetic""}",505,
321,23,in,other,sw,Naweza kunywa dawa ya presha pamoja na chakula?,2026-08-16T15:15:00,"{""intent"": ""meds_question"", ""fields"": {}, ""valid"": true, ""confirmed"": true, ""backend"": ""synthetic""}",,
322,23,in,report,sw,presha leo 163/97,2026-09-02T14:29:00,"{""intent"": ""bp_report"", ""fields"": {""sbp"": 163, ""dbp"": 97, ""meds_taken"": null, ""symptoms"": []}, ""valid"": true, ""confirmed"": true, ""backend"": ""synthetic""}",506,
323,23,in,report,sw,165/100 leo. Asante,2026-09-16T09:45:00,"{""intent"": ""bp_report"", ""fields"": {""sbp"": 165, ""dbp"": 100, ""meds_taken"": null, ""symptoms"": []}, ""valid"": true, ""confirmed"": true, ""backend"": ""synthetic""}",507,
324,23,out,quiz,rn,Umuvuduko w'amaraso ushobora kuba hejuru naho mwiyumva neza?,2026-09-20T10:00:00,"{""question_id"": ""q13""}",,sent
325,24,in,report,fr,"Bjr, tension 143 sur 81 ce matin",2026-04-12T20:01:00,"{""intent"": ""bp_report"", ""fields"": {""sbp"": 143, ""dbp"": 81, ""meds_taken"": null, ""symptoms"": []}, ""valid"": true, ""confirmed"": true, ""backend"": ""synthetic""}",520,
326,24,in,report,fr,"Bjr, tension 139 sur 86 ce matin",2026-04-21T11:45:00,"{""intent"": ""bp_report"", ""fields"": {""sbp"": 139, ""dbp"": 86, ""meds_taken"": null, ""symptoms"": []}, ""valid"": true, ""confirmed"": true, ""backend"": ""synthetic""}",521,
327,24,in,report,fr,"Ma tension est 130 sur 80, je prends bien mes médicaments chaque jour.",2026-04-30T13:59:00,"{""intent"": ""bp_report"", ""fields"": {""sbp"": 130, ""dbp"": 80, ""meds_taken"": ""yes"", ""symptoms"": []}, ""valid"": true, ""confirmed"": true, ""backend"": ""synthetic""}",522,
328,24,in,report,fr,"Bonjour, ma tension aujourd'hui est 128/73. J'ai pris mes médicaments.",2026-05-15T08:17:00,"{""intent"": ""bp_report"", ""fields"": {""sbp"": 128, ""dbp"": 73, ""meds_taken"": ""yes"", ""symptoms"": []}, ""valid"": true, ""confirmed"": true, ""backend"": ""synthetic""}",523,
329,24,in,report,fr,"Bonjour, ma tension aujourd'hui est 143/85. J'ai pris mes médicaments.",2026-05-26T14:11:00,"{""intent"": ""bp_report"", ""fields"": {""sbp"": 143, ""dbp"": 85, ""meds_taken"": ""yes"", ""symptoms"": []}, ""valid"": true, ""confirmed"": true, ""backend"": ""synthetic""}",524,
330,24,in,other,fr,"Mes médicaments sont finis, où je peux en avoir ?",2026-05-27T06:01:00,"{""intent"": ""meds_question"", ""fields"": {}, ""valid"": true, ""confirmed"": true, ""backend"": ""synthetic""}",,
331,24,in,report,fr,"Bonjour, ma tension aujourd'hui est 133/78. J'ai pris mes médicaments.",2026-06-06T17:38:00,"{""intent"": ""bp_report"", ""fields"": {""sbp"": 133, ""dbp"": 78, ""meds_taken"": ""yes"", ""symptoms"": []}, ""valid"": true, ""confirmed"": true, ""backend"": ""synthetic""}",525,
332,24,in,report,fr,"Ma tension est 136 sur 84, je prends bien mes médicaments chaque jour.",2026-06-20T17:47:00,"{""intent"": ""bp_report"", ""fields"": {""sbp"": 136, ""dbp"": 84, ""meds_taken"": ""yes"", ""symptoms"": []}, ""valid"": true, ""confirmed"": true, ""backend"": ""synthetic""}",526,
333,24,in,other,fr,"Bonjour, je suis en voyage cette semaine.",2026-06-21T11:12:00,"{""intent"": ""other"", ""fields"": {}, ""valid"": true, ""confirmed"": true, ""backend"": ""synthetic""}",,
334,24,in,report,fr,J'ai mesuré au centre de santé : 128/80. Médicaments pris.,2026-07-11T19:05:00,"{""intent"": ""bp_report"", ""fields"": {""sbp"": 128, ""dbp"": 80, ""meds_taken"": ""yes"", ""symptoms"": []}, ""valid"": true, ""confirmed"": true, ""backend"": ""synthetic""}",527,
335,24,in,report,fr,"Bonjour, ma tension aujourd'hui est 133/78. J'ai pris mes médicaments.",2026-07-19T07:07:00,"{""intent"": ""bp_report"", ""fields"": {""sbp"": 133, ""dbp"": 78, ""meds_taken"": ""yes"", ""symptoms"": []}, ""valid"": true, ""confirmed"": true, ""backend"": ""synthetic""}",528,
336,24,in,report,fr,tension 126/76,2026-08-04T20:40:00,"{""intent"": ""bp_report"", ""fields"": {""sbp"": 126, ""dbp"": 76, ""meds_taken"": null, ""symptoms"": []}, ""valid"": true, ""confirmed"": true, ""backend"": ""synthetic""}",529,
337,24,in,report,fr,tension 133/80,2026-08-25T08:49:00,"{""intent"": ""bp_report"", ""fields"": {""sbp"": 133, ""dbp"": 80, ""meds_taken"": null, ""symptoms"": []}, ""valid"": true, ""confirmed"": true, ""backend"": ""synthetic""}",530,
338,24,in,report,fr,"Bonjour, ma tension aujourd'hui est 129/82. J'ai pris mes médicaments.",2026-09-02T20:19:00,"{""intent"": ""bp_report"", ""fields"": {""sbp"": 129, ""dbp"": 82, ""meds_taken"": ""yes"", ""symptoms"": []}, ""valid"": true, ""confirmed"": true, ""backend"": ""synthetic""}",531,
339,24,in,report,fr,Tension 138/83. J'ai pris un seul médicament sur les deux.,2026-09-17T20:42:00,"{""intent"": ""bp_report"", ""fields"": {""sbp"": 138, ""dbp"": 83, ""meds_taken"": ""partial"", ""symptoms"": []}, ""valid"": true, ""confirmed"": true, ""backend"": ""synthetic""}",532,
340,24,in,report,fr,tension 123/72,2026-10-01T16:17:00,"{""intent"": ""bp_report"", ""fields"": {""sbp"": 123, ""dbp"": 72, ""meds_taken"": null, ""symptoms"": []}, ""valid"": true, ""confirmed"": true, ""backend"": ""synthetic""}",533,
341,24,out,quiz,fr,Comment connaître votre tension ?,2026-09-04T10:00:00,"{""question_id"": ""q15""}",,sent
342,25,in,report,sw,"Shikamoo. Nimepima leo 134/89, dawa nimekunywa asubuhi.",2026-04-18T13:32:00,"{""intent"": ""bp_report"", ""fields"": {""sbp"": 134, ""dbp"": 89, ""meds_taken"": ""yes"", ""symptoms"": []}, ""valid"": true, ""confirmed"": true, ""backend"": ""synthetic""}",546,
343,25,in,report,sw,"Shikamoo. Nimepima leo 143/97, dawa nimekunywa asubuhi.",2026-05-01T08:16:00,"{""intent"": ""bp_report"", ""fields"": {""sbp"": 143, ""dbp"": 97, ""meds_taken"": ""yes"", ""symptoms"": []}, ""valid"": true, ""confirmed"": true, ""backend"": ""synthetic""}",547,
344,25,in,report,sw,134/96 leo. Asante,2026-05-19T19:22:00,"{""intent"": ""bp_report"", ""fields"": {""sbp"": 134, ""dbp"": 96, ""meds_taken"": null, ""symptoms"": []}, ""valid"": true, ""confirmed"": true, ""backend"": ""synthetic""}",548,
345,25,in,report,sw,"Mimi ni mzima. Presha ni 142/95, nakunywa dawa kila siku.",2026-06-07T18:45:00,"{""intent"": ""bp_report"", ""fields"": {""sbp"": 142, ""dbp"": 95, ""meds_taken"": ""yes"", ""symptoms"": []}, ""valid"": true, ""confirmed"": true, ""backend"": ""synthetic""}",549,
346,25,in,report,sw,"Habari daktari, presha yangu ni 144 kwa 98. Nimekunywa dawa zangu.",2026-06-26T15:11:00,"{""intent"": ""bp_report"", ""fields"": {""sbp"": 144, ""dbp"": 98, ""meds_taken"": ""yes"", ""symptoms"": []}, ""valid"": true, ""confirmed"": true, ""backend"": ""synthetic""}",550,
347,25,in,report,sw,presha leo 145/94,2026-07-08T14:22:00,"{""intent"": ""bp_report"", ""fields"": {""sbp"": 145, ""dbp"": 94, ""meds_taken"": null, ""symptoms"": []}, ""valid"": true, ""confirmed"": true, ""backend"": ""synthetic""}",551,
348,25,in,report,sw,144/98 leo. Asante,2026-07-28T13:05:00,"{""intent"": ""bp_report"", ""fields"": {""sbp"": 144, ""dbp"": 98, ""meds_taken"": null, ""symptoms"": []}, ""valid"": true, ""confirmed"": true, ""backend"": ""synthetic""}",552,
349,25,in,other,sw,"Sawa, nimeelewa.",2026-07-29T20:51:00,"{""intent"": ""other"", ""fields"": {}, ""valid"": true, ""confirmed"": true, ""backend"": ""synthetic""}",,
350,25,in,report,sw,142/92 leo. Asante,2026-08-07T09:17:00,"{""intent"": ""bp_report"", ""fields"": {""sbp"": 142, ""dbp"": 92, ""meds_taken"": null, ""symptoms"": []}, ""valid"": true, ""confirmed"": true, ""backend"": ""synthetic""}",553,
351,25,in,other,sw,"Sawa, nimeelewa.",2026-08-08T10:38:00,"{""intent"": ""other"", ""fields"": {}, ""valid"": true, ""confirmed"": true, ""backend"": ""synthetic""}",,
352,25,in,report,sw,"Mimi ni mzima. Presha ni 152/102, nakunywa dawa kila siku.",2026-08-21T07:32:00,"{""intent"": ""bp_report"", ""fields"": {""sbp"": 152, ""dbp"": 102, ""meds_taken"": ""yes"", ""symptoms"": []}, ""valid"": true, ""confirmed"": true, ""backend"": ""synthetic""}",554,
353,25,in,report,sw,presha leo 160/104,2026-09-10T19:28:00,"{""intent"": ""bp_report"", ""fields"": {""sbp"": 160, ""dbp"": 104, ""meds_taken"": null, ""symptoms"": []}, ""valid"": true, ""confirmed"": true, ""backend"": ""synthetic""}",555,
354,25,in,other,sw,"Dawa hii inanifanya nikojoe sana, ni kawaida?",2026-09-11T08:05:00,"{""intent"": ""meds_question"", ""fields"": {}, ""valid"": true, ""confirmed"": true, ""backend"": ""synthetic""}",,
355,25,in,report,sw,presha leo 156/101,2026-09-27T13:08:00,"{""intent"": ""bp_report"", ""fields"": {""sbp"": 156, ""dbp"": 101, ""meds_taken"": null, ""symptoms"": []}, ""valid"": true, ""confirmed"": true, ""backend"": ""synthetic""}",556,
356,25,out,quiz,sw,Uso unalegea au mkono unakosa nguvu ghafla. Ufanye nini?,2026-08-16T10:00:00,"{""question_id"": ""q10""}",,sent
357,26,in,report,sw,"Pressure yangu ni 136/89, nimekunywa nusu dozi kwa sababu dawa zinakaribia kuisha.",2026-04-21T15:53:00,"{""intent"": ""bp_report"", ""fields"": {""sbp"": 136, ""dbp"": 89, ""meds_taken"": ""partial"", ""symptoms"": []}, ""valid"": true, ""confirmed"": true, ""backend"": ""synthetic""}",569,
358,26,in,other,sw,"Dawa zangu zimeisha, nitapata wapi zingine?",2026-04-22T06:18:00,"{""intent"": ""meds_question"", ""fields"": {}, ""valid"": true, ""confirmed"": true, ""backend"": ""synthetic""}",,
359,26,in,report,sw,128/91 leo. Asante,2026-04-30T18:42:00,"{""intent"": ""bp_report"", ""fields"": {""sbp"": 128, ""dbp"": 91, ""meds_taken"": null, ""symptoms"": []}, ""valid"": true, ""confirmed"": true, ""backend"": ""synthetic""}",570,
360,26,in,report,sw,"Pressure yangu ni 139/90, nimekunywa nusu dozi kwa sababu dawa zinakaribia kuisha.",2026-05-21T13:11:00,"{""intent"": ""bp_report"", ""fields"": {""sbp"": 139, ""dbp"": 90, ""meds_taken"": ""partial"", ""symptoms"": []}, ""valid"": true, ""confirmed"": true, ""backend"": ""synthetic""}",571,
361,26,in,report,sw,135/91 leo. Asante,2026-06-09T17:02:00,"{""intent"": ""bp_report"", ""fields"": {""sbp"": 135, ""dbp"": 91, ""meds_taken"": null, ""symptoms"": []}, ""valid"": true, ""confirmed"": true, ""backend"": ""synthetic""}",572,
362,26,in,report,sw,138/96 leo. Asante,2026-06-19T19:27:00,"{""intent"": ""bp_report"", ""fields"": {""sbp"": 138, ""dbp"": 96, ""meds_taken"": null, ""symptoms"": []}, ""valid"": true, ""confirmed"": true, ""backend"": ""synthetic""}",573,
363,26,in,report,sw,Nimepima dispensari 132/92. Nimekunywa dawa moja tu kati ya mbili.,2026-07-10T13:56:00,"{""intent"": ""bp_report"", ""fields"": {""sbp"": 132, ""dbp"": 92, ""meds_taken"": ""partial"", ""symptoms"": []}, ""valid"": true, ""confirmed"": true, ""backend"": ""synthetic""}",574,
364,26,in,report,sw,131/82 leo. Asante,2026-07-20T06:14:00,"{""intent"": ""bp_report"", ""fields"": {""sbp"": 131, ""dbp"": 82, ""meds_taken"": null, ""symptoms"": []}, ""valid"": true, ""confirmed"": true, ""backend"": ""synthetic""}",575,
365,26,in,report,sw,presha leo 127/84,2026-07-29T20:27:00,"{""intent"": ""bp_report"", ""fields"": {""sbp"": 127, ""dbp"": 84, ""meds_taken"": null, ""symptoms"": []}, ""valid"": true, ""confirmed"": true, ""backend"": ""synthetic""}",576,
366,26,in,report,sw,presha leo 135/88,2026-08-14T09:34:00,"{""intent"": ""bp_report"", ""fields"": {""sbp"": 135, ""dbp"": 88, ""meds_taken"": null, ""symptoms"": []}, ""valid"": true, ""confirmed"": true, ""backend"": ""synthetic""}",577,
367,26,in,report,sw,"Shikamoo. Nimepima leo 133/87, dawa nimekunywa asubuhi.",2026-08-27T16:43:00,"{""intent"": ""bp_report"", ""fields"": {""sbp"": 133, ""dbp"": 87, ""meds_taken"": ""yes"", ""symptoms"": []}, ""valid"": true, ""confirmed"": true, ""backend"": ""synthetic""}",578,
368,26,in,report,sw,143/88 leo. Asante,2026-09-11T12:42:00,"{""intent"": ""bp_report"", ""fields"": {""sbp"": 143, ""dbp"": 88, ""meds_taken"": null, ""symptoms"": []}, ""valid"": true, ""confirmed"": true, ""backend"": ""synthetic""}",579,
369,26,in,report,sw,presha leo 139/90,2026-09-21T16:26:00,"{""intent"": ""bp_report"", ""fields"": {""sbp"": 139, ""dbp"": 90, ""meds_taken"": null, ""symptoms"": []}, ""valid"": true, ""confirmed"": true, ""backend"": ""synthetic""}",580,
370,27,in,report,sw,"Mimi ni mzima. Presha ni 127/80, nakunywa dawa kila siku.",2026-04-14T17:03:00,"{""intent"": ""bp_report"", ""fields"": {""sbp"": 127, ""dbp"": 80, ""meds_taken"": ""yes"", ""symptoms"": []}, ""valid"": true, ""confirmed"": true, ""backend"": ""synthetic""}",592,
371,27,in,report,sw,"Shikamoo. Nimepima leo 127/79, dawa nimekunywa asubuhi.",2026-04-27T16:25:00,"{""intent"": ""bp_report"", ""fields"": {""sbp"": 127, ""dbp"": 79, ""meds_taken"": ""yes"", ""symptoms"": []}, ""valid"": true, ""confirmed"": true, ""backend"": ""synthetic""}",593,
372,27,in,other,sw,"Habari za asubuhi, niko safarini wiki hii.",2026-04-28T11:57:00,"{""intent"": ""other"", ""fields"": {}, ""valid"": true, ""confirmed"": true, ""backend"": ""synthetic""}",,
373,27,in,report,sw,presha leo 129/81,2026-05-08T11:22:00,"{""intent"": ""bp_report"", ""fields"": {""sbp"": 129, ""dbp"": 81, ""meds_taken"": null, ""symptoms"": []}, ""valid"": true, ""confirmed"": true, ""backend"": ""synthetic""}",594,
374,27,in,report,sw,"Habari daktari, presha yangu ni 131 kwa 83. Nimekunywa dawa zangu.",2026-05-23T12:51:00,"{""intent"": ""bp_report"", ""fields"": {""sbp"": 131, ""dbp"": 83, ""meds_taken"": ""yes"", ""symptoms"": []}, ""valid"": true, ""confirmed"": true, ""backend"": ""synthetic""}",595,
375,27,in,report,sw,"Shikamoo. Nimepima leo 126/82, dawa nimekunywa asubuhi.",2026-06-02T11:40:00,"{""intent"": ""bp_report"", ""fields"": {""sbp"": 126, ""dbp"": 82, ""meds_taken"": ""yes"", ""symptoms"": []}, ""valid"": true, ""confirmed"": true, ""backend"": ""synthetic""}",596,
376,27,in,report,sw,"Mimi ni mzima. Presha ni 132/85, nakunywa dawa kila siku.",2026-06-09T12:11:00,"{""intent"": ""bp_report"", ""fields"": {""sbp"": 132, ""dbp"": 85, ""meds_taken"": ""yes"", ""symptoms"": []}, ""valid"": true, ""confirmed"": true, ""backend"": ""synthetic""}",597,
377,27,in,report,sw,"Habari daktari, presha yangu ni 136 kwa 84. Nimekunywa dawa zangu.",2026-06-27T18:47:00,"{""intent"": ""bp_report"", ""fields"": {""sbp"": 136, ""dbp"": 84, ""meds_taken"": ""yes"", ""symptoms"": []}, ""valid"": true, ""confirmed"": true, ""backend"": ""synthetic""}",598,
378,27,in,report,sw,"Shikamoo. Nimepima leo 128/85, dawa nimekunywa asubuhi.",2026-07-07T19:03:00,"{""intent"": ""bp_report"", ""fields"": {""sbp"": 128, ""dbp"": 85, ""meds_taken"": ""yes"", ""symptoms"": []}, ""valid"": true, ""confirmed"": true, ""backend"": ""synthetic""}",599,
379,27,in,report,sw,"Habari daktari, presha yangu ni 136 kwa 89. Nimekunywa dawa zangu.",2026-07-19T19:56:00,"{""intent"": ""bp_report"", ""fields"": {""sbp"": 136, ""dbp"": 89, ""meds_taken"": ""yes"", ""symptoms"": []}, ""valid"": true, ""confirmed"": true, ""backend"": ""synthetic""}",600,
380,27,in,report,sw,presha leo 143/92,2026-08-05T20:29:00,"{""intent"": ""bp_report"", ""fields"": {""sbp"": 143, ""dbp"": 92, ""meds_taken"": null, ""symptoms"": []}, ""valid"": true, ""confirmed"": true, ""backend"": ""synthetic""}",601,
381,27,in,report,sw,"Habari daktari, presha yangu ni 129 kwa 85. Nimekunywa dawa zangu.",2026-08-24T10:19:00,"{""intent"": ""bp_report"", ""fields"": {""sbp"": 129, ""dbp"": 85, ""meds_taken"": ""yes"", ""symptoms"": []}, ""valid"": true, ""confirmed"": true, ""backend"": ""synthetic""}",602,
382,27,in,report,sw,"Mimi ni mzima. Presha ni 136/86, nakunywa dawa kila siku.",2026-09-01T13:48:00,"{""intent"": ""bp_report"", ""fields"": {""sbp"": 136, ""dbp"": 86, ""meds_taken"": ""yes"", ""symptoms"": []}, ""valid"": true, ""confirmed"": true, ""backend"": ""synthetic""}",603,
383,27,in,report,sw,"Mimi ni mzima. Presha ni 144/93, nakunywa dawa kila siku.",2026-09-12T10:53:00,"{""intent"": ""bp_report"", ""fields"": {""sbp"": 144, ""dbp"": 93, ""meds_taken"": ""yes"", ""symptoms"": []}, ""valid"": true, ""confirmed"": true, ""backend"": ""synthetic""}",604,
384,27,in,report,sw,"Shikamoo. Nimepima leo 153/99, dawa nimekunywa asubuhi.",2026-09-24T17:53:00,"{""intent"": ""bp_report"", ""fields"": {""sbp"": 153, ""dbp"": 99, ""meds_taken"": ""yes"", ""symptoms"": []}, ""valid"": true, ""confirmed"": true, ""backend"": ""synthetic""}",605,
385,29,in,report,sw,"Shikamoo. Nimepima leo 135/84, dawa nimekunywa asubuhi.",2026-04-12T13:41:00,"{""intent"": ""bp_report"", ""fields"": {""sbp"": 135, ""dbp"": 84, ""meds_taken"": ""yes"", ""symptoms"": []}, ""valid"": true, ""confirmed"": true, ""backend"": ""synthetic""}",624,
386,29,in,report,sw,138/94 leo. Asante,2026-05-03T09:49:00,"{""intent"": ""bp_report"", ""fields"": {""sbp"": 138, ""dbp"": 94, ""meds_taken"": null, ""symptoms"": []}, ""valid"": true, ""confirmed"": true, ""backend"": ""synthetic""}",625,
387,29,in,other,sw,Naweza kunywa dawa ya presha pamoja na chakula?,2026-05-04T08:41:00,"{""intent"": ""meds_question"", ""fields"": {}, ""valid"": true, ""confirmed"": true, ""backend"": ""synthetic""}",,
388,29,in,report,sw,"Mimi ni mzima. Presha ni 131/81, nakunywa dawa kila siku.",2026-05-22T09:35:00,"{""intent"": ""bp_report"", ""fields"": {""sbp"": 131, ""dbp"": 81, ""meds_taken"": ""yes"", ""symptoms"": []}, ""valid"": true, ""confirmed"": true, ""backend"": ""synthetic""}",626,
389,29,in,report,sw,presha leo 137/90,2026-06-05T06:38:00,"{""intent"": ""bp_report"", ""fields"": {""sbp"": 137, ""dbp"": 90, ""meds_taken"": null, ""symptoms"": []}, ""valid"": true, ""confirmed"": true, ""backend"": ""synthetic""}",627,
390,29,in,report,sw,presha leo 137/95,2026-06-22T08:32:00,"{""intent"": ""bp_report"", ""fields"": {""sbp"": 137, ""dbp"": 95, ""meds_taken"": null, ""symptoms"": []}, ""valid"": true, ""confirmed"": true, ""backend"": ""synthetic""}",628,
391,29,in,report,sw,presha leo 143/91,2026-06-30T18:33:00,"{""intent"": ""bp_report"", ""fields"": {""sbp"": 143, ""dbp"": 91, ""meds_taken"": null, ""symptoms"": []}, ""valid"": true, ""confirmed"": true, ""backend"": ""synthetic""}",629,
392,29,in,report,sw,presha leo 139/91,2026-07-20T14:58:00,"{""intent"": ""bp_report"", ""fields"": {""sbp"": 139, ""dbp"": 91, ""meds_taken"": null, ""symptoms"": []}, ""valid"": true, ""confirmed"": true, ""backend"": ""synthetic""}",630,
393,29,in,report,sw,141/90 leo. Asante,2026-07-29T18:34:00,"{""intent"": ""bp_report"", ""fields"": {""sbp"": 141, ""dbp"": 90, ""meds_taken"": null, ""symptoms"": []}, ""valid"": true, ""confirmed"": true, ""backend"": ""synthetic""}",631,
394,29,in,report,sw,139/86 leo. Asante,2026-08-12T13:29:00,"{""intent"": ""bp_report"", ""fields"": {""sbp"": 139, ""dbp"": 86, ""meds_taken"": null, ""symptoms"": []}, ""valid"": true, ""confirmed"": true, ""backend"": ""synthetic""}",632,
395,29,in,report,sw,Leo 142/92. Dawa zimeisha sijanywa.,2026-08-29T07:11:00,"{""intent"": ""bp_report"", ""fields"": {""sbp"": 142, ""dbp"": 92, ""meds_taken"": ""no"", ""symptoms"": []}, ""valid"": true, ""confirmed"": true, ""backend"": ""synthetic""}",633,
396,29,in,report,sw,138/91 leo. Asante,2026-09-14T09:09:00,"{""intent"": ""bp_report"", ""fields"": {""sbp"": 138, ""dbp"": 91, ""meds_taken"": null, ""symptoms"": []}, ""valid"": true, ""confirmed"": true, ""backend"": ""synthetic""}",634,
397,29,in,report,sw,144/95 leo. Asante,2026-09-26T14:43:00,"{""intent"": ""bp_report"", ""fields"": {""sbp"": 144, ""dbp"": 95, ""meds_taken"": null, ""symptoms"": []}, ""valid"": true, ""confirmed"": true, ""backend"": ""synthetic""}",635,
398,29,out,quiz,sw,Unajisikia vizuri. Ufanye nini na dawa ya presha?,2026-09-26T10:00:00,"{""question_id"": ""q02""}",,sent
399,29,out,quiz,sw,Uso unalegea au mkono unakosa nguvu ghafla. Ufanye nini?,2026-09-09T10:00:00,"{""question_id"": ""q10""}",,sent
400,29,out,quiz,sw,Unawezaje kujua presha yako?,2026-09-27T10:00:00,"{""question_id"": ""q15""}",,sent
401,30,in,report,en,Checked at the health centre: 143/89. Meds taken.,2026-04-18T15:35:00,"{""intent"": ""bp_report"", ""fields"": {""sbp"": 143, ""dbp"": 89, ""meds_taken"": ""yes"", ""symptoms"": []}, ""valid"": true, ""confirmed"": true, ""backend"": ""synthetic""}",648,
402,30,in,other,en,Should I take the tablet in the morning or at night?,2026-04-19T20:07:00,"{""intent"": ""meds_question"", ""fields"": {}, ""valid"": true, ""confirmed"": true, ""backend"": ""synthetic""}",,
403,30,in,report,en,Checked at the health centre: 145/94. Meds taken.,2026-05-08T11:04:00,"{""intent"": ""bp_report"", ""fields"": {""sbp"": 145, ""dbp"": 94, ""meds_taken"": ""yes"", ""symptoms"": []}, ""valid"": true, ""confirmed"": true, ""backend"": ""synthetic""}",649,
404,30,in,report,en,Checked at the health centre: 144/90. Meds taken.,2026-05-25T16:10:00,"{""intent"": ""bp_report"", ""fields"": {""sbp"": 144, ""dbp"": 90, ""meds_taken"": ""yes"", ""symptoms"": []}, ""valid"": true, ""confirmed"": true, ""backend"": ""synthetic""}",650,
405,30,in,report,en,Checked at the health centre: 143/95. Meds taken.,2026-06-05T16:15:00,"{""intent"": ""bp_report"", ""fields"": {""sbp"": 143, ""dbp"": 95, ""meds_taken"": ""yes"", ""symptoms"": []}, ""valid"": true, ""confirmed"": true, ""backend"": ""synthetic""}",651,
406,30,in,report,en,Checked at the health centre: 146/101. Meds taken.,2026-06-13T17:58:00,"{""intent"": ""bp_report"", ""fields"": {""sbp"": 146, ""dbp"": 101, ""meds_taken"": ""yes"", ""symptoms"": []}, ""valid"": true, ""confirmed"": true, ""backend"": ""synthetic""}",652,
407,30,in,report,en,bp 140/94,2026-07-01T06:51:00,"{""intent"": ""bp_report"", ""fields"": {""sbp"": 140, ""dbp"": 94, ""meds_taken"": null, ""symptoms"": []}, ""valid"": true, ""confirmed"": true, ""backend"": ""synthetic""}",653,
408,30,in,report,en,Checked at the health centre: 144/93. Meds taken.,2026-07-20T15:11:00,"{""intent"": ""bp_report"", ""fields"": {""sbp"": 144, ""dbp"": 93, ""meds_taken"": ""yes"", ""symptoms"": []}, ""valid"": true, ""confirmed"": true, ""backend"": ""synthetic""}",654,
409,30,in,report,en,My pressure is 152 over 93 this morning,2026-08-04T07:35:00,"{""intent"": ""bp_report"", ""fields"": {""sbp"": 152, ""dbp"": 93, ""meds_taken"": null, ""symptoms"": []}, ""valid"": true, ""confirmed"": true, ""backend"": ""synthetic""}",655,
410,30,in,other,en,Should I take the tablet in the morning or at night?,2026-08-05T08:19:00,"{""intent"": ""meds_question"", ""fields"": {}, ""valid"": true, ""confirmed"": true, ""backend"": ""synthetic""}",,
411,30,in,report,en,"My BP is 142 over 98, taking my medicine every day.",2026-08-11T11:18:00,"{""intent"": ""bp_report"", ""fields"": {""sbp"": 142, ""dbp"": 98, ""meds_taken"": ""yes"", ""symptoms"": []}, ""valid"": true, ""confirmed"": true, ""backend"": ""synthetic""}",656,
412,30,in,other,en,Can I stop the tablets if I feel fine?,2026-08-12T17:40:00,"{""intent"": ""meds_question"", ""fields"": {}, ""valid"": true, ""confirmed"": true, ""backend"": ""synthetic""}",,
413,30,in,report,en,BP 152/97. Took one of my two medicines.,2026-08-30T10:52:00,"{""intent"": ""bp_report"", ""fields"": {""sbp"": 152, ""dbp"": 97, ""meds_taken"": ""partial"", ""symptoms"": []}, ""valid"": true, ""confirmed"": true, ""backend"": ""synthetic""}",657,
414,30,in,report,en,"Hi, my BP today is 141/99. I took my medicine.",2026-09-06T11:12:00,"{""intent"": ""bp_report"", ""fields"": {""sbp"": 141, ""dbp"": 99, ""meds_taken"": ""yes"", ""symptoms"": []}, ""valid"": true, ""confirmed"": true, ""backend"": ""synthetic""}",658,
415,30,in,report,en,"Hi, my BP today is 145/94. I took my medicine.",2026-09-16T08:19:00,"{""intent"": ""bp_report"", ""fields"": {""sbp"": 145, ""dbp"": 94, ""meds_taken"": ""yes"", ""symptoms"": []}, ""valid"": true, ""confirmed"": true, ""backend"": ""synthetic""}",659,
416,30,in,report,en,BP 153/100. Took one of my two medicines.,2026-10-02T12:15:00,"{""intent"": ""bp_report"", ""fields"": {""sbp"": 153, ""dbp"": 100, ""meds_taken"": ""partial"", ""symptoms"": []}, ""valid"": true, ""confirmed"": true, ""backend"": ""synthetic""}",660,
417,30,out,quiz,en,Which is a warning sign of stroke?,2026-09-23T10:00:00,"{""question_id"": ""q07""}",,sent
418,31,in,report,sw,presha leo 139/87,2026-04-20T18:58:00,"{""intent"": ""bp_report"", ""fields"": {""sbp"": 139, ""dbp"": 87, ""meds_taken"": null, ""symptoms"": []}, ""valid"": true, ""confirmed"": true, ""backend"": ""synthetic""}",673,
419,31,in,report,sw,140/89 leo. Asante,2026-05-08T11:23:00,"{""intent"": ""bp_report"", ""fields"": {""sbp"": 140, ""dbp"": 89, ""meds_taken"": null, ""symptoms"": []}, ""valid"": true, ""confirmed"": true, ""backend"": ""synthetic""}",674,
420,31,in,report,sw,Nimepima dispensari 142/92. Nimekunywa dawa moja tu kati ya mbili.,2026-05-16T17:12:00,"{""intent"": ""bp_report"", ""fields"": {""sbp"": 142, ""dbp"": 92, ""meds_taken"": ""partial"", ""symptoms"": []}, ""valid"": true, ""confirmed"": true, ""backend"": ""synthetic""}",675,
421,31,in,report,sw,"Mimi ni mzima. Presha ni 143/95, nakunywa dawa kila siku.",2026-05-31T07:13:00,"{""intent"": ""bp_report"", ""fields"": {""sbp"": 143, ""dbp"": 95, ""meds_taken"": ""yes"", ""symptoms"": []}, ""valid"": true, ""confirmed"": true, ""backend"": ""synthetic""}",676,
422,31,in,report,sw,"Habari daktari, presha yangu ni 144 kwa 86. Nimekunywa dawa zangu.",2026-06-18T14:23:00,"{""intent"": ""bp_report"", ""fields"": {""sbp"": 144, ""dbp"": 86, ""meds_taken"": ""yes"", ""symptoms"": []}, ""valid"": true, ""confirmed"": true, ""backend"": ""synthetic""}",677,
423,31,in,report,sw,Nimepima dispensari 136/88. Nimekunywa dawa moja tu kati ya mbili.,2026-06-25T08:26:00,"{""intent"": ""bp_report"", ""fields"": {""sbp"": 136, ""dbp"": 88, ""meds_taken"": ""partial"", ""symptoms"": []}, ""valid"": true, ""confirmed"": true, ""backend"": ""synthetic""}",678,
424,31,in,other,sw,"Habari za asubuhi, niko safarini wiki hii.",2026-06-26T09:03:00,"{""intent"": ""other"", ""fields"": {}, ""valid"": true, ""confirmed"": true, ""backend"": ""synthetic""}",,
425,31,in,report,sw,139/85 leo. Asante,2026-07-07T14:15:00,"{""intent"": ""bp_report"", ""fields"": {""sbp"": 139, ""dbp"": 85, ""meds_taken"": null, ""symptoms"": []}, ""valid"": true, ""confirmed"": true, ""backend"": ""synthetic""}",679,
426,31,in,report,sw,Nimepima dispensari 144/92. Nimekunywa dawa moja tu kati ya mbili.,2026-07-26T14:02:00,"{""intent"": ""bp_report"", ""fields"": {""sbp"": 144, ""dbp"": 92, ""meds_taken"": ""partial"", ""symptoms"": []}, ""valid"": true, ""confirmed"": true, ""backend"": ""synthetic""}",680,
427,31,in,report,sw,"Habari daktari, presha yangu ni 137 kwa 89. Nimekunywa dawa zangu.",2026-08-10T15:52:00,"{""intent"": ""bp_report"", ""fields"": {""sbp"": 137, ""dbp"": 89, ""meds_taken"": ""yes"", ""symptoms"": []}, ""valid"": true, ""confirmed"": true, ""backend"": ""synthetic""}",681,
428,31,in,report,sw,"Habari daktari, presha yangu ni 147 kwa 92. Nimekunywa dawa zangu.",2026-08-29T09:25:00,"{""intent"": ""bp_report"", ""fields"": {""sbp"": 147, ""dbp"": 92, ""meds_taken"": ""yes"", ""symptoms"": []}, ""valid"": true, ""confirmed"": true, ""backend"": ""synthetic""}",682,
429,31,in,other,sw,Mungu akubariki mhudumu.,2026-08-30T13:34:00,"{""intent"": ""other"", ""fields"": {}, ""valid"": true, ""confirmed"": true, ""backend"": ""synthetic""}",,
430,31,in,report,sw,"Mimi ni mzima. Presha ni 147/94, nakunywa dawa kila siku.",2026-09-13T18:48:00,"{""intent"": ""bp_report"", ""fields"": {""sbp"": 147, ""dbp"": 94, ""meds_taken"": ""yes"", ""symptoms"": []}, ""valid"": true, ""confirmed"": true, ""backend"": ""synthetic""}",683,
431,31,in,report,sw,141/86 leo. Asante,2026-09-22T07:51:00,"{""intent"": ""bp_report"", ""fields"": {""sbp"": 141, ""dbp"": 86, ""meds_taken"": null, ""symptoms"": []}, ""valid"": true, ""confirmed"": true, ""backend"": ""synthetic""}",684,
432,31,out,quiz,sw,Shida ya kuongea ghafla inaweza kuwa dalili ya:,2026-08-19T10:00:00,"{""question_id"": ""q09""}",,sent
433,31,out,quiz,sw,Nini kingine kinasaidia presha yako?,2026-08-10T10:00:00,"{""question_id"": ""q06""}",,sent
434,32,in,report,sw,"Shikamoo. Nimepima leo 134/83, dawa nimekunywa asubuhi.",2026-04-17T10:11:00,"{""intent"": ""bp_report"", ""fields"": {""sbp"": 134, ""dbp"": 83, ""meds_taken"": ""yes"", ""symptoms"": []}, ""valid"": true, ""confirmed"": true, ""backend"": ""synthetic""}",696,
435,32,in,other,sw,Mungu akubariki mhudumu.,2026-04-18T14:24:00,"{""intent"": ""other"", ""fields"": {}, ""valid"": true, ""confirmed"": true, ""backend"": ""synthetic""}",,
436,32,in,report,sw,"Shikamoo. Nimepima leo 142/92, dawa nimekunywa asubuhi.",2026-04-30T10:38:00,"{""intent"": ""bp_report"", ""fields"": {""sbp"": 142, ""dbp"": 92, ""meds_taken"": ""yes"", ""symptoms"": []}, ""valid"": true, ""confirmed"": true, ""backend"": ""synthetic""}",697,
437,32,in,report,sw,"Habari daktari, presha yangu ni 158 kwa 99. Nimekunywa dawa zangu.",2026-05-21T13:45:00,"{""intent"": ""bp_report"", ""fields"": {""sbp"": 158, ""dbp"": 99, ""meds_taken"": ""yes"", ""symptoms"": []}, ""valid"": true, ""confirmed"": true, ""backend"": ""synthetic""}",698,
438,32,in,other,sw,"Nikisahau dawa asubuhi, nikunywe jioni?",2026-05-22T10:55:00,"{""intent"": ""meds_question"", ""fields"": {}, ""valid"": true, ""confirmed"": true, ""backend"": ""synthetic""}",,
439,32,in,report,sw,"Shikamoo. Nimepima leo 172/109, dawa nimekunywa asubuhi.",2026-06-03T08:42:00,"{""intent"": ""bp_report"", ""fields"": {""sbp"": 172, ""dbp"": 109, ""meds_taken"": ""yes"", ""symptoms"": []}, ""valid"": true, ""confirmed"": true, ""backend"": ""synthetic""}",699,
440,32,in,report,sw,140/88 leo. Asante,2026-06-19T18:27:00,"{""intent"": ""bp_report"", ""fields"": {""sbp"": 140, ""dbp"": 88, ""meds_taken"": null, ""symptoms"": []}, ""valid"": true, ""confirmed"": true, ""backend"": ""synthetic""}",700,
441,32,in,report,sw,144/89 leo. Asante,2026-07-08T09:08:00,"{""intent"": ""bp_report"", ""fields"": {""sbp"": 144, ""dbp"": 89, ""meds_taken"": null, ""symptoms"": []}, ""valid"": true, ""confirmed"": true, ""backend"": ""synthetic""}",701,
442,32,in,report,sw,presha leo 142/89,2026-07-27T18:28:00,"{""intent"": ""bp_report"", ""fields"": {""sbp"": 142, ""dbp"": 89, ""meds_taken"": null, ""symptoms"": []}, ""valid"": true, ""confirmed"": true, ""backend"": ""synthetic""}",702,
443,32,in,report,sw,presha leo 136/86,2026-08-16T17:22:00,"{""intent"": ""bp_report"", ""fields"": {""sbp"": 136, ""dbp"": 86, ""meds_taken"": null, ""symptoms"": []}, ""valid"": true, ""confirmed"": true, ""backend"": ""synthetic""}",703,
444,32,in,report,sw,"Habari daktari, presha yangu ni 142 kwa 96. Nimekunywa dawa zangu.",2026-08-24T19:41:00,"{""intent"": ""bp_report"", ""fields"": {""sbp"": 142, ""dbp"": 96, ""meds_taken"": ""yes"", ""symptoms"": []}, ""valid"": true, ""confirmed"": true, ""backend"": ""synthetic""}",704,
445,32,in,report,sw,presha leo 140/86,2026-09-08T16:03:00,"{""intent"": ""bp_report"", ""fields"": {""sbp"": 140, ""dbp"": 86, ""meds_taken"": null, ""symptoms"": []}, ""valid"": true, ""confirmed"": true, ""backend"": ""synthetic""}",705,
446,32,in,report,sw,"Habari daktari, presha yangu ni 135 kwa 82. Nimekunywa dawa zangu.",2026-09-18T12:11:00,"{""intent"": ""bp_report"", ""fields"": {""sbp"": 135, ""dbp"": 82, ""meds_taken"": ""yes"", ""symptoms"": []}, ""valid"": true, ""confirmed"": true, ""backend"": ""synthetic""}",706,
447,32,in,other,sw,"Sawa, nimeelewa.",2026-09-19T11:01:00,"{""intent"": ""other"", ""fields"": {}, ""valid"": true, ""confirmed"": true, ""backend"": ""synthetic""}",,
448,32,out,quiz,sw,Uso unalegea au mkono unakosa nguvu ghafla. Ufanye nini?,2026-09-02T10:00:00,"{""question_id"": ""q10""}",,sent
449,32,out,quiz,sw,Unapaswa kunywa dawa ya presha lini?,2026-08-09T10:00:00,"{""question_id"": ""q01""}",,sent
450,32,out,quiz,sw,Kwa nini ni muhimu kudhibiti presha ya juu?,2026-09-22T10:00:00,"{""question_id"": ""q14""}",,sent
451,33,in,report,sw,"Mimi ni mzima. Presha ni 135/89, nakunywa dawa kila siku.",2026-04-12T12:22:00,"{""intent"": ""bp_report"", ""fields"": {""sbp"": 135, ""dbp"": 89, ""meds_taken"": ""yes"", ""symptoms"": []}, ""valid"": true, ""confirmed"": true, ""backend"": ""synthetic""}",718,
452,33,in,report,sw,137/87 leo. Asante,2026-04-28T17:53:00,"{""intent"": ""bp_report"", ""fields"": {""sbp"": 137, ""dbp"": 87, ""meds_taken"": null, ""symptoms"": []}, ""valid"": true, ""confirmed"": true, ""backend"": ""synthetic""}",719,
453,33,in,report,sw,"Shikamoo. Nimepima leo 144/87, dawa nimekunywa asubuhi.",2026-05-19T09:37:00,"{""intent"": ""bp_report"", ""fields"": {""sbp"": 144, ""dbp"": 87, ""meds_taken"": ""yes"", ""symptoms"": []}, ""valid"": true, ""confirmed"": true, ""backend"": ""synthetic""}",720,
454,33,in,report,sw,presha leo 151/93,2026-05-29T18:28:00,"{""intent"": ""bp_report"", ""fields"": {""sbp"": 151, ""dbp"": 93, ""meds_taken"": null, ""symptoms"": []}, ""valid"": true, ""confirmed"": true, ""backend"": ""synthetic""}",721,
455,33,in,report,sw,"Habari daktari, presha yangu ni 143 kwa 94. Nimekunywa dawa zangu.",2026-06-15T08:05:00,"{""intent"": ""bp_report"", ""fields"": {""sbp"": 143, ""dbp"": 94, ""meds_taken"": ""yes"", ""symptoms"": []}, ""valid"": true, ""confirmed"": true, ""backend"": ""synthetic""}",722,
456,33,in,report,sw,presha leo 143/89,2026-06-24T08:54:00,"{""intent"": ""bp_report"", ""fields"": {""sbp"": 143, ""dbp"": 89, ""meds_taken"": null, ""symptoms"": []}, ""valid"": true, ""confirmed"": true, ""backend"": ""synthetic""}",723,
457,33,in,report,sw,"Shikamoo. Nimepima leo 145/89, dawa nimekunywa asubuhi.",2026-07-07T14:14:00,"{""intent"": ""bp_report"", ""fields"": {""sbp"": 145, ""dbp"": 89, ""meds_taken"": ""yes"", ""symptoms"": []}, ""valid"": true, ""confirmed"": true, ""backend"": ""synthetic""}",724,
458,33,in,report,sw,"Habari daktari, presha yangu ni 146 kwa 94. Nimekunywa dawa zangu.",2026-07-19T07:14:00,"{""intent"": ""bp_report"", ""fields"": {""sbp"": 146, ""dbp"": 94, ""meds_taken"": ""yes"", ""symptoms"": []}, ""valid"": true, ""confirmed"": true, ""backend"": ""synthetic""}",725,
459,33,in,report,sw,145/91 leo. Asante,2026-07-26T16:50:00,"{""intent"": ""bp_report"", ""fields"": {""sbp"": 145, ""dbp"": 91, ""meds_taken"": null, ""symptoms"": []}, ""valid"": true, ""confirmed"": true, ""backend"": ""synthetic""}",726,
460,33,in,report,sw,"Mimi ni mzima. Presha ni 144/88, nakunywa dawa kila siku.",2026-08-14T16:09:00,"{""intent"": ""bp_report"", ""fields"": {""sbp"": 144, ""dbp"": 88, ""meds_taken"": ""yes"", ""symptoms"": []}, ""valid"": true, ""confirmed"": true, ""backend"": ""synthetic""}",727,
461,33,in,report,sw,137/87 leo. Asante,2026-08-27T20:35:00,"{""intent"": ""bp_report"", ""fields"": {""sbp"": 137, ""dbp"": 87, ""meds_taken"": null, ""symptoms"": []}, ""valid"": true, ""confirmed"": true, ""backend"": ""synthetic""}",728,
462,33,in,report,sw,"Shikamoo. Nimepima leo 151/95, dawa nimekunywa asubuhi.",2026-09-04T18:03:00,"{""intent"": ""bp_report"", ""fields"": {""sbp"": 151, ""dbp"": 95, ""meds_taken"": ""yes"", ""symptoms"": []}, ""valid"": true, ""confirmed"": true, ""backend"": ""synthetic""}",729,
463,33,in,report,sw,"Shikamoo. Nimepima leo 148/95, dawa nimekunywa asubuhi.",2026-09-12T10:45:00,"{""intent"": ""bp_report"", ""fields"": {""sbp"": 148, ""dbp"": 95, ""meds_taken"": ""yes"", ""symptoms"": []}, ""valid"": true, ""confirmed"": true, ""backend"": ""synthetic""}",730,
464,33,in,other,sw,"Sawa, nimeelewa.",2026-09-13T11:15:00,"{""intent"": ""other"", ""fields"": {}, ""valid"": true, ""confirmed"": true, ""backend"": ""synthetic""}",,
465,33,in,report,sw,"Mimi ni mzima. Presha ni 144/96, nakunywa dawa kila siku.",2026-10-01T09:26:00,"{""intent"": ""bp_report"", ""fields"": {""sbp"": 144, ""dbp"": 96, ""meds_taken"": ""yes"", ""symptoms"": []}, ""valid"": true, ""confirmed"": true, ""backend"": ""synthetic""}",731,
466,35,in,report,fr,"Ma tension est 140 sur 87, je prends bien mes médicaments chaque jour.",2026-04-17T06:40:00,"{""intent"": ""bp_report"", ""fields"": {""sbp"": 140, ""dbp"": 87, ""meds_taken"": ""yes"", ""symptoms"": []}, ""valid"": true, ""confirmed"": true, ""backend"": ""synthetic""}",749,
467,35,in,report,fr,"Bjr, tension 143 sur 91 ce matin",2026-04-27T15:25:00,"{""intent"": ""bp_report"", ""fields"": {""sbp"": 143, ""dbp"": 91, ""meds_taken"": null, ""symptoms"": []}, ""valid"": true, ""confirmed"": true, ""backend"": ""synthetic""}",750,
468,35,in,other,fr,Est-ce que je peux arrêter le traitement si je me sens bien ?,2026-04-28T11:43:00,"{""intent"": ""meds_question"", ""fields"": {}, ""valid"": true, ""confirmed"": true, ""backend"": ""synthetic""}",,
469,35,in,report,fr,"Bjr, tension 150 sur 94 ce matin",2026-05-17T16:31:00,"{""intent"": ""bp_report"", ""fields"": {""sbp"": 150, ""dbp"": 94, ""meds_taken"": null, ""symptoms"": []}, ""valid"": true, ""confirmed"": true, ""backend"": ""synthetic""}",751,
470,35,in,report,fr,tension 135/88,2026-05-24T18:03:00,"{""intent"": ""bp_report"", ""fields"": {""sbp"": 135, ""dbp"": 88, ""meds_taken"": null, ""symptoms"": []}, ""valid"": true, ""confirmed"": true, ""backend"": ""synthetic""}",752,
471,35,in,other,fr,Est-ce que je peux arrêter le traitement si je me sens bien ?,2026-05-25T09:39:00,"{""intent"": ""meds_question"", ""fields"": {}, ""valid"": true, ""confirmed"": true, ""backend"": ""synthetic""}",,
472,35,in,report,fr,"Ma tension est 144 sur 92, je prends bien mes médicaments chaque jour.",2026-06-11T08:02:00,"{""intent"": ""bp_report"", ""fields"": {""sbp"": 144, ""dbp"": 92, ""meds_taken"": ""yes"", ""symptoms"": []}, ""valid"": true, ""confirmed"": true, ""backend"": ""synthetic""}",753,
473,35,in,report,fr,"Bjr, tension 142 sur 88 ce matin",2026-06-25T18:52:00,"{""intent"": ""bp_report"", ""fields"": {""sbp"": 142, ""dbp"": 88, ""meds_taken"": null, ""symptoms"": []}, ""valid"": true, ""confirmed"": true, ""backend"": ""synthetic""}",754,
474,35,in,other,fr,"Bonjour, je suis en voyage cette semaine.",2026-06-26T18:14:00,"{""intent"": ""other"", ""fields"": {}, ""valid"": true, ""confirmed"": true, ""backend"": ""synthetic""}",,
475,35,in,report,fr,"Ma tension est 136 sur 87, je prends bien mes médicaments chaque jour.",2026-07-05T18:45:00,"{""intent"": ""bp_report"", ""fields"": {""sbp"": 136, ""dbp"": 87, ""meds_taken"": ""yes"", ""symptoms"": []}, ""valid"": true, ""confirmed"": true, ""backend"": ""synthetic""}",755,
476,35,in,report,fr,"Bjr, tension 132 sur 81 ce matin",2026-07-21T06:47:00,"{""intent"": ""bp_report"", ""fields"": {""sbp"": 132, ""dbp"": 81, ""meds_taken"": null, ""symptoms"": []}, ""valid"": true, ""confirmed"": true, ""backend"": ""synthetic""}",756,
477,35,in,report,fr,"Ma tension est 137 sur 93, je prends bien mes médicaments chaque jour.",2026-08-09T16:00:00,"{""intent"": ""bp_report"", ""fields"": {""sbp"": 137, ""dbp"": 93, ""meds_taken"": ""yes"", ""symptoms"": []}, ""valid"": true, ""confirmed"": true, ""backend"": ""synthetic""}",757,
478,35,in,report,fr,"Bjr, tension 135 sur 84 ce matin",2026-08-24T19:23:00,"{""intent"": ""bp_report"", ""fields"": {""sbp"": 135, ""dbp"": 84, ""meds_taken"": null, ""symptoms"": []}, ""valid"": true, ""confirmed"": true, ""backend"": ""synthetic""}",758,
479,35,in,report,fr,J'ai mesuré au centre de santé : 148/88. Médicaments pris.,2026-09-08T19:26:00,"{""intent"": ""bp_report"", ""fields"": {""sbp"": 148, ""dbp"": 88, ""meds_taken"": ""yes"", ""symptoms"": []}, ""valid"": true, ""confirmed"": true, ""backend"": ""synthetic""}",759,
480,35,in,other,fr,"Mes médicaments sont finis, où je peux en avoir ?",2026-09-09T18:52:00,"{""intent"": ""meds_question"", ""fields"": {}, ""valid"": true, ""confirmed"": true, ""backend"": ""synthetic""}",,
481,35,in,report,fr,tension 148/93,2026-09-18T20:37:00,"{""intent"": ""bp_report"", ""fields"": {""sbp"": 148, ""dbp"": 93, ""meds_taken"": null, ""symptoms"": []}, ""valid"": true, ""confirmed"": true, ""backend"": ""synthetic""}",760,
482,36,in,report,sw,Nimepima dispensari 138/87. Nimekunywa dawa moja tu kati ya mbili.,2026-04-16T14:55:00,"{""intent"": ""bp_report"", ""fields"": {""sbp"": 138, ""dbp"": 87, ""meds_taken"": ""partial"", ""symptoms"": []}, ""valid"": true, ""confirmed"": true, ""backend"": ""synthetic""}",772,
483,36,in,report,sw,"Shikamoo. Nimepima leo 136/87, dawa nimekunywa asubuhi.",2026-05-04T08:42:00,"{""intent"": ""bp_report"", ""fields"": {""sbp"": 136, ""dbp"": 87, ""meds_taken"": ""yes"", ""symptoms"": []}, ""valid"": true, ""confirmed"": true, ""backend"": ""synthetic""}",773,
484,36,in,other,sw,Asante sana kwa ujumbe.,2026-05-05T12:09:00,"{""intent"": ""other"", ""fields"": {}, ""valid"": true, ""confirmed"": true, ""backend"": ""synthetic""}",,
485,36,in,report,sw,Nimepima dispensari 124/81. Nimekunywa dawa moja tu kati ya mbili.,2026-05-20T14:12:00,"{""intent"": ""bp_report"", ""fields"": {""sbp"": 124, ""dbp"": 81, ""meds_taken"": ""partial"", ""symptoms"": []}, ""valid"": true, ""confirmed"": true, ""backend"": ""synthetic""}",774,
486,36,in,report,sw,"Pressure yangu ni 134/90, nimekunywa nusu dozi kwa sababu dawa zinakaribia kuisha.",2026-06-08T20:17:00,"{""intent"": ""bp_report"", ""fields"": {""sbp"": 134, ""dbp"": 90, ""meds_taken"": ""partial"", ""symptoms"": []}, ""valid"": true, ""confirmed"": true, ""backend"": ""synthetic""}",775,
487,36,in,report,sw,presha leo 133/81,2026-06-26T10:18:00,"{""intent"": ""bp_report"", ""fields"": {""sbp"": 133, ""dbp"": 81, ""meds_taken"": null, ""symptoms"": []}, ""valid"": true, ""confirmed"": true, ""backend"": ""synthetic""}",776,
488,36,in,report,sw,Nimepima dispensari 134/92. Nimekunywa dawa moja tu kati ya mbili.,2026-07-16T06:50:00,"{""intent"": ""bp_report"", ""fields"": {""sbp"": 134, ""dbp"": 92, ""meds_taken"": ""partial"", ""symptoms"": []}, ""valid"": true, ""confirmed"": true, ""backend"": ""synthetic""}",777,
489,36,in,report,sw,presha leo 133/85,2026-07-24T08:31:00,"{""intent"": ""bp_report"", ""fields"": {""sbp"": 133, ""dbp"": 85, ""meds_taken"": null, ""symptoms"": []}, ""valid"": true, ""confirmed"": true, ""backend"": ""synthetic""}",778,
490,36,in,report,sw,presha leo 130/85,2026-08-06T10:29:00,"{""intent"": ""bp_report"", ""fields"": {""sbp"": 130, ""dbp"": 85, ""meds_taken"": null, ""symptoms"": []}, ""valid"": true, ""confirmed"": true, ""backend"": ""synthetic""}",779,
491,36,in,other,sw,Naweza kunywa dawa ya presha pamoja na chakula?,2026-08-07T16:44:00,"{""intent"": ""meds_question"", ""fields"": {}, ""valid"": true, ""confirmed"": true, ""backend"": ""synthetic""}",,
492,36,in,report,sw,Nimepima dispensari 138/89. Nimekunywa dawa moja tu kati ya mbili.,2026-08-15T18:25:00,"{""intent"": ""bp_report"", ""fields"": {""sbp"": 138, ""dbp"": 89, ""meds_taken"": ""partial"", ""symptoms"": []}, ""valid"": true, ""confirmed"": true, ""backend"": ""synthetic""}",780,
493,36,in,report,sw,Nimepima dispensari 129/88. Nimekunywa dawa moja tu kati ya mbili.,2026-08-27T11:40:00,"{""intent"": ""bp_report"", ""fields"": {""sbp"": 129, ""dbp"": 88, ""meds_taken"": ""partial"", ""symptoms"": []}, ""valid"": true, ""confirmed"": true, ""backend"": ""synthetic""}",781,
494,36,in,other,sw,"Habari za asubuhi, niko safarini wiki hii.",2026-08-28T07:58:00,"{""intent"": ""other"", ""fields"": {}, ""valid"": true, ""confirmed"": true, ""backend"": ""synthetic""}",,
495,36,in,report,sw,Asubuhi presha ilikuwa 131 kwa 80. Nimesahau kunywa dawa leo.,2026-09-03T07:12:00,"{""intent"": ""bp_report"", ""fields"": {""sbp"": 131, ""dbp"": 80, ""meds_taken"": ""no"", ""symptoms"": []}, ""valid"": true, ""confirmed"": true, ""backend"": ""synthetic""}",782,
496,36,in,report,sw,133/89 leo. Asante,2026-09-18T06:50:00,"{""intent"": ""bp_report"", ""fields"": {""sbp"": 133, ""dbp"": 89, ""meds_taken"": null, ""symptoms"": []}, ""valid"": true, ""confirmed"": true, ""backend"": ""synthetic""}",783,
497,36,in,report,sw,142/91 leo. Asante,2026-09-28T10:26:00,"{""intent"": ""bp_report"", ""fields"": {""sbp"": 142, ""dbp"": 91, ""meds_taken"": null, ""symptoms"": []}, ""valid"": true, ""confirmed"": true, ""backend"": ""synthetic""}",784,
498,36,in,other,sw,Mungu akubariki mhudumu.,2026-09-29T06:57:00,"{""intent"": ""other"", ""fields"": {}, ""valid"": true, ""confirmed"": true, ""backend"": ""synthetic""}",,
499,37,in,report,sw,"Habari daktari, presha yangu ni 138 kwa 85. Nimekunywa dawa zangu.",2026-04-16T07:28:00,"{""intent"": ""bp_report"", ""fields"": {""sbp"": 138, ""dbp"": 85, ""meds_taken"": ""yes"", ""symptoms"": []}, ""valid"": true, ""confirmed"": true, ""backend"": ""synthetic""}",797,
500,37,in,other,sw,"Sawa, nimeelewa.",2026-04-17T10:07:00,"{""intent"": ""other"", ""fields"": {}, ""valid"": true, ""confirmed"": true, ""backend"": ""synthetic""}",,
501,37,in,report,sw,presha leo 132/85,2026-04-28T13:46:00,"{""intent"": ""bp_report"", ""fields"": {""sbp"": 132, ""dbp"": 85, ""meds_taken"": null, ""symptoms"": []}, ""valid"": true, ""confirmed"": true, ""backend"": ""synthetic""}",798,
502,37,in,report,sw,"Mimi ni mzima. Presha ni 127/79, nakunywa dawa kila siku.",2026-05-18T07:49:00,"{""intent"": ""bp_report"", ""fields"": {""sbp"": 127, ""dbp"": 79, ""meds_taken"": ""yes"", ""symptoms"": []}, ""valid"": true, ""confirmed"": true, ""backend"": ""synthetic""}",799,
503,37,in,other,sw,"Dawa hii inanifanya nikojoe sana, ni kawaida?",2026-05-19T09:31:00,"{""intent"": ""meds_question"", ""fields"": {}, ""valid"": true, ""confirmed"": true, ""backend"": ""synthetic""}",,
504,37,in,report,sw,"Habari daktari, presha yangu ni 129 kwa 78. Nimekunywa dawa zangu.",2026-05-30T12:43:00,"{""intent"": ""bp_report"", ""fields"": {""sbp"": 129, ""dbp"": 78, ""meds_taken"": ""yes"", ""symptoms"": []}, ""valid"": true, ""confirmed"": true, ""backend"": ""synthetic""}",800,
505,37,in,report,sw,Nimepima dispensari 132/79. Nimekunywa dawa moja tu kati ya mbili.,2026-06-14T20:49:00,"{""intent"": ""bp_report"", ""fields"": {""sbp"": 132, ""dbp"": 79, ""meds_taken"": ""partial"", ""symptoms"": []}, ""valid"": true, ""confirmed"": true, ""backend"": ""synthetic""}",801,
506,37,in,report,sw,"Habari daktari, presha yangu ni 128 kwa 77. Nimekunywa dawa zangu.",2026-07-05T18:48:00,"{""intent"": ""bp_report"", ""fields"": {""sbp"": 128, ""dbp"": 77, ""meds_taken"": ""yes"", ""symptoms"": []}, ""valid"": true, ""confirmed"": true, ""backend"": ""synthetic""}",802,
507,37,in,report,sw,"Habari daktari, presha yangu ni 130 kwa 82. Nimekunywa dawa zangu.",2026-07-18T19:33:00,"{""intent"": ""bp_report"", ""fields"": {""sbp"": 130, ""dbp"": 82, ""meds_taken"": ""yes"", ""symptoms"": []}, ""valid"": true, ""confirmed"": true, ""backend"": ""synthetic""}",803,
508,37,in,report,sw,"Habari daktari, presha yangu ni 120 kwa 70. Nimekunywa dawa zangu.",2026-07-28T15:49:00,"{""intent"": ""bp_report"", ""fields"": {""sbp"": 120, ""dbp"": 70, ""meds_taken"": ""yes"", ""symptoms"": []}, ""valid"": true, ""confirmed"": true, ""backend"": ""synthetic""}",804,
509,37,in,report,sw,"Shikamoo. Nimepima leo 133/79, dawa nimekunywa asubuhi.",2026-08-09T10:15:00,"{""intent"": ""bp_report"", ""fields"": {""sbp"": 133, ""dbp"": 79, ""meds_taken"": ""yes"", ""symptoms"": []}, ""valid"": true, ""confirmed"": true, ""backend"": ""synthetic""}",805,
510,37,in,report,sw,"Shikamoo. Nimepima leo 130/80, dawa nimekunywa asubuhi.",2026-08-19T20:27:00,"{""intent"": ""bp_report"", ""fields"": {""sbp"": 130, ""dbp"": 80, ""meds_taken"": ""yes"", ""symptoms"": []}, ""valid"": true, ""confirmed"": true, ""backend"": ""synthetic""}",806,
511,37,in,other,sw,"Habari za asubuhi, niko safarini wiki hii.",2026-08-20T12:13:00,"{""intent"": ""other"", ""fields"": {}, ""valid"": true, ""confirmed"": true, ""backend"": ""synthetic""}",,
512,37,in,report,sw,126/79 leo. Asante,2026-09-09T07:45:00,"{""intent"": ""bp_report"", ""fields"": {""sbp"": 126, ""dbp"": 79, ""meds_taken"": null, ""symptoms"": []}, ""valid"": true, ""confirmed"": true, ""backend"": ""synthetic""}",807,
513,37,in,report,sw,127/80 leo. Asante,2026-09-21T17:38:00,"{""intent"": ""bp_report"", ""fields"": {""sbp"": 127, ""dbp"": 80, ""meds_taken"": null, ""symptoms"": []}, ""valid"": true, ""confirmed"": true, ""backend"": ""synthetic""}",808,
514,37,in,report,sw,"Mimi ni mzima. Presha ni 126/77, nakunywa dawa kila siku.",2026-09-28T06:49:00,"{""intent"": ""bp_report"", ""fields"": {""sbp"": 126, ""dbp"": 77, ""meds_taken"": ""yes"", ""symptoms"": []}, ""valid"": true, ""confirmed"": true, ""backend"": ""synthetic""}",809,
515,37,in,other,sw,Naweza kunywa dawa ya presha pamoja na chakula?,2026-09-29T11:13:00,"{""intent"": ""meds_question"", ""fields"": {}, ""valid"": true, ""confirmed"": true, ""backend"": ""synthetic""}",,
516,37,out,quiz,sw,Nini kinasaidia kushusha presha?,2026-08-22T10:00:00,"{""question_id"": ""q04""}",,sent
517,38,in,report,sw,"Habari daktari, presha yangu ni 139 kwa 89. Nimekunywa dawa zangu.",2026-04-15T13:06:00,"{""intent"": ""bp_report"", ""fields"": {""sbp"": 139, ""dbp"": 89, ""meds_taken"": ""yes"", ""symptoms"": []}, ""valid"": true, ""confirmed"": true, ""backend"": ""synthetic""}",823,
518,38,in,report,sw,"Mimi ni mzima. Presha ni 137/90, nakunywa dawa kila siku.",2026-04-30T15:07:00,"{""intent"": ""bp_report"", ""fields"": {""sbp"": 137, ""dbp"": 90, ""meds_taken"": ""yes"", ""symptoms"": []}, ""valid"": true, ""confirmed"": true, ""backend"": ""synthetic""}",824,
519,38,in,report,sw,"Mimi ni mzima. Presha ni 135/90, nakunywa dawa kila siku.",2026-05-14T07:24:00,"{""intent"": ""bp_report"", ""fields"": {""sbp"": 135, ""dbp"": 90, ""meds_taken"": ""yes"", ""symptoms"": []}, ""valid"": true, ""confirmed"": true, ""backend"": ""synthetic""}",825,
520,38,in,report,sw,presha leo 144/100,2026-05-31T12:55:00,"{""intent"": ""bp_report"", ""fields"": {""sbp"": 144, ""dbp"": 100, ""meds_taken"": null, ""symptoms"": []}, ""valid"": true, ""confirmed"": true, ""backend"": ""synthetic""}",826,
521,38,in,other,sw,"Sawa, nimeelewa.",2026-06-01T06:54:00,"{""intent"": ""other"", ""fields"": {}, ""valid"": true, ""confirmed"": true, ""backend"": ""synthetic""}",,
522,38,in,report,sw,136/87 leo. Asante,2026-06-19T19:54:00,"{""intent"": ""bp_report"", ""fields"": {""sbp"": 136, ""dbp"": 87, ""meds_taken"": null, ""symptoms"": []}, ""valid"": true, ""confirmed"": true, ""backend"": ""synthetic""}",827,
523,38,in,report,sw,"Mimi ni mzima. Presha ni 145/97, nakunywa dawa kila siku.",2026-07-03T20:13:00,"{""intent"": ""bp_report"", ""fields"": {""sbp"": 145, ""dbp"": 97, ""meds_taken"": ""yes"", ""symptoms"": []}, ""valid"": true, ""confirmed"": true, ""backend"": ""synthetic""}",828,
524,38,in,report,sw,"Mimi ni mzima. Presha ni 144/93, nakunywa dawa kila siku.",2026-07-17T17:46:00,"{""intent"": ""bp_report"", ""fields"": {""sbp"": 144, ""dbp"": 93, ""meds_taken"": ""yes"", ""symptoms"": []}, ""valid"": true, ""confirmed"": true, ""backend"": ""synthetic""}",829,
525,38,in,report,sw,"Habari daktari, presha yangu ni 158 kwa 97. Nimekunywa dawa zangu.",2026-08-01T08:59:00,"{""intent"": ""bp_report"", ""fields"": {""sbp"": 158, ""dbp"": 97, ""meds_taken"": ""yes"", ""symptoms"": []}, ""valid"": true, ""confirmed"": true, ""backend"": ""synthetic""}",830,
526,38,in,report,sw,"Shikamoo. Nimepima leo 168/102, dawa nimekunywa asubuhi.",2026-08-15T07:10:00,"{""intent"": ""bp_report"", ""fields"": {""sbp"": 168, ""dbp"": 102, ""meds_taken"": ""yes"", ""symptoms"": []}, ""valid"": true, ""confirmed"": true, ""backend"": ""synthetic""}",831,
527,38,in,report,sw,presha leo 136/90,2026-09-01T16:34:00,"{""intent"": ""bp_report"", ""fields"": {""sbp"": 136, ""dbp"": 90, ""meds_taken"": null, ""symptoms"": []}, ""valid"": true, ""confirmed"": true, ""backend"": ""synthetic""}",832,
528,38,in,other,sw,"Habari za asubuhi, niko safarini wiki hii.",2026-09-02T12:55:00,"{""intent"": ""other"", ""fields"": {}, ""valid"": true, ""confirmed"": true, ""backend"": ""synthetic""}",,
529,38,in,report,sw,"Shikamoo. Nimepima leo 134/91, dawa nimekunywa asubuhi.",2026-09-12T15:13:00,"{""intent"": ""bp_report"", ""fields"": {""sbp"": 134, ""dbp"": 91, ""meds_taken"": ""yes"", ""symptoms"": []}, ""valid"": true, ""confirmed"": true, ""backend"": ""synthetic""}",833,
530,38,in,report,sw,presha leo 132/87,2026-09-28T09:02:00,"{""intent"": ""bp_report"", ""fields"": {""sbp"": 132, ""dbp"": 87, ""meds_taken"": null, ""symptoms"": []}, ""valid"": true, ""confirmed"": true, ""backend"": ""synthetic""}",834,
531,39,in,report,sw,"Habari daktari, presha yangu ni 137 kwa 88. Nimekunywa dawa zangu.",2026-04-14T18:46:00,"{""intent"": ""bp_report"", ""fields"": {""sbp"": 137, ""dbp"": 88, ""meds_taken"": ""yes"", ""symptoms"": []}, ""valid"": true, ""confirmed"": true, ""backend"": ""synthetic""}",847,
532,39,in,report,sw,"Shikamoo. Nimepima leo 132/85, dawa nimekunywa asubuhi.",2026-04-24T19:29:00,"{""intent"": ""bp_report"", ""fields"": {""sbp"": 132, ""dbp"": 85, ""meds_taken"": ""yes"", ""symptoms"": []}, ""valid"": true, ""confirmed"": true, ""backend"": ""synthetic""}",848,
533,39,in,report,sw,"Mimi ni mzima. Presha ni 139/86, nakunywa dawa kila siku.",2026-05-11T09:20:00,"{""intent"": ""bp_report"", ""fields"": {""sbp"": 139, ""dbp"": 86, ""meds_taken"": ""yes"", ""symptoms"": []}, ""valid"": true, ""confirmed"": true, ""backend"": ""synthetic""}",849,
534,39,in,report,sw,"Mimi ni mzima. Presha ni 134/77, nakunywa dawa kila siku.",2026-05-25T13:22:00,"{""intent"": ""bp_report"", ""fields"": {""sbp"": 134, ""dbp"": 77, ""meds_taken"": ""yes"", ""symptoms"": []}, ""valid"": true, ""confirmed"": true, ""backend"": ""synthetic""}",850,
535,39,in,report,sw,"Shikamoo. Nimepima leo 139/88, dawa nimekunywa asubuhi.",2026-06-11T15:44:00,"{""intent"": ""bp_report"", ""fields"": {""sbp"": 139, ""dbp"": 88, ""meds_taken"": ""yes"", ""symptoms"": []}, ""valid"": true, ""confirmed"": true, ""backend"": ""synthetic""}",851,
536,39,in,report,sw,"Shikamoo. Nimepima leo 140/89, dawa nimekunywa asubuhi.",2026-06-25T07:41:00,"{""intent"": ""bp_report"", ""fields"": {""sbp"": 140, ""dbp"": 89, ""meds_taken"": ""yes"", ""symptoms"": []}, ""valid"": true, ""confirmed"": true, ""backend"": ""synthetic""}",852,
537,39,in,report,sw,"Mimi ni mzima. Presha ni 136/87, nakunywa dawa kila siku.",2026-07-12T10:46:00,"{""intent"": ""bp_report"", ""fields"": {""sbp"": 136, ""dbp"": 87, ""meds_taken"": ""yes"", ""symptoms"": []}, ""valid"": true, ""confirmed"": true, ""backend"": ""synthetic""}",853,
538,39,in,report,sw,135/85 leo. Asante,2026-07-19T16:58:00,"{""intent"": ""bp_report"", ""fields"": {""sbp"": 135, ""dbp"": 85, ""meds_taken"": null, ""symptoms"": []}, ""valid"": true, ""confirmed"": true, ""backend"": ""synthetic""}",854,
539,39,in,report,sw,"Shikamoo. Nimepima leo 144/93, dawa nimekunywa asubuhi.",2026-07-30T12:02:00,"{""intent"": ""bp_report"", ""fields"": {""sbp"": 144, ""dbp"": 93, ""meds_taken"": ""yes"", ""symptoms"": []}, ""valid"": true, ""confirmed"": true, ""backend"": ""synthetic""}",855,
540,39,in,report,sw,"Habari daktari, presha yangu ni 132 kwa 77. Nimekunywa dawa zangu.",2026-08-17T18:13:00,"{""intent"": ""bp_report"", ""fields"": {""sbp"": 132, ""dbp"": 77, ""meds_taken"": ""yes"", ""symptoms"": []}, ""valid"": true, ""confirmed"": true, ""backend"": ""synthetic""}",856,
541,39,in,report,sw,128/81 leo. Asante,2026-08-28T10:38:00,"{""intent"": ""bp_report"", ""fields"": {""sbp"": 128, ""dbp"": 81, ""meds_taken"": null, ""symptoms"": []}, ""valid"": true, ""confirmed"": true, ""backend"": ""synthetic""}",857,
542,39,in,report,sw,136/89 leo. Asante,2026-09-10T13:04:00,"{""intent"": ""bp_report"", ""fields"": {""sbp"": 136, ""dbp"": 89, ""meds_taken"": null, ""symptoms"": []}, ""valid"": true, ""confirmed"": true, ""backend"": ""synthetic""}",858,
543,39,in,report,sw,presha leo 132/78,2026-09-23T09:06:00,"{""intent"": ""bp_report"", ""fields"": {""sbp"": 132, ""dbp"": 78, ""meds_taken"": null, ""symptoms"": []}, ""valid"": true, ""confirmed"": true, ""backend"": ""synthetic""}",859,
544,39,out,quiz,sw,Unapaswa kunywa dawa ya presha lini?,2026-08-06T10:00:00,"{""question_id"": ""q01""}",,sent
545,39,out,quiz,sw,Unapata maumivu makali ya kichwa ghafla na huoni vizuri. Ufanye nini?,2026-09-17T10:00:00,"{""question_id"": ""q11""}",,sent
546,40,in,report,sw,"Mimi ni mzima. Presha ni 135/81, nakunywa dawa kila siku.",2026-04-18T11:15:00,"{""intent"": ""bp_report"", ""fields"": {""sbp"": 135, ""dbp"": 81, ""meds_taken"": ""yes"", ""symptoms"": []}, ""valid"": true, ""confirmed"": true, ""backend"": ""synthetic""}",871,
547,40,in,other,sw,Mungu akubariki mhudumu.,2026-04-19T14:34:00,"{""intent"": ""other"", ""fields"": {}, ""valid"": true, ""confirmed"": true, ""backend"": ""synthetic""}",,
548,40,in,report,sw,139/82 leo. Asante,2026-05-04T13:09:00,"{""intent"": ""bp_report"", ""fields"": {""sbp"": 139, ""dbp"": 82, ""meds_taken"": null, ""symptoms"": []}, ""valid"": true, ""confirmed"": true, ""backend"": ""synthetic""}",872,
549,40,in,report,sw,presha leo 140/78,2026-05-17T20:00:00,"{""intent"": ""bp_report"", ""fields"": {""sbp"": 140, ""dbp"": 78, ""meds_taken"": null, ""symptoms"": []}, ""valid"": true, ""confirmed"": true, ""backend"": ""synthetic""}",873,
550,40,in,report,sw,"Mimi ni mzima. Presha ni 134/81, nakunywa dawa kila siku.",2026-05-24T08:22:00,"{""intent"": ""bp_report"", ""fields"": {""sbp"": 134, ""dbp"": 81, ""meds_taken"": ""yes"", ""symptoms"": []}, ""valid"": true, ""confirmed"": true, ""backend"": ""synthetic""}",874,
551,40,in,report,sw,"Habari daktari, presha yangu ni 141 kwa 83. Nimekunywa dawa zangu.",2026-06-08T13:06:00,"{""intent"": ""bp_report"", ""fields"": {""sbp"": 141, ""dbp"": 83, ""meds_taken"": ""yes"", ""symptoms"": []}, ""valid"": true, ""confirmed"": true, ""backend"": ""synthetic""}",875,
552,40,in,report,sw,"Mimi ni mzima. Presha ni 142/82, nakunywa dawa kila siku.",2026-06-22T08:38:00,"{""intent"": ""bp_report"", ""fields"": {""sbp"": 142, ""dbp"": 82, ""meds_taken"": ""yes"", ""symptoms"": []}, ""valid"": true, ""confirmed"": true, ""backend"": ""synthetic""}",876,
553,40,in,report,sw,146/80 leo. Asante,2026-07-04T07:19:00,"{""intent"": ""bp_report"", ""fields"": {""sbp"": 146, ""dbp"": 80, ""meds_taken"": null, ""symptoms"": []}, ""valid"": true, ""confirmed"": true, ""backend"": ""synthetic""}",877,
554,40,in,report,sw,"Habari daktari, presha yangu ni 145 kwa 95. Nimekunywa dawa zangu.",2026-07-20T08:12:00,"{""intent"": ""bp_report"", ""fields"": {""sbp"": 145, ""dbp"": 95, ""meds_taken"": ""yes"", ""symptoms"": []}, ""valid"": true, ""confirmed"": true, ""backend"": ""synthetic""}",878,
555,40,in,report,sw,"Habari daktari, presha yangu ni 153 kwa 93. Nimekunywa dawa zangu.",2026-08-10T13:32:00,"{""intent"": ""bp_report"", ""fields"": {""sbp"": 153, ""dbp"": 93, ""meds_taken"": ""yes"", ""symptoms"": []}, ""valid"": true, ""confirmed"": true, ""backend"": ""synthetic""}",879,
556,40,in,report,sw,"Habari daktari, presha yangu ni 154 kwa 88. Nimekunywa dawa zangu.",2026-08-30T07:00:00,"{""intent"": ""bp_report"", ""fields"": {""sbp"": 154, ""dbp"": 88, ""meds_taken"": ""yes"", ""symptoms"": []}, ""valid"": true, ""confirmed"": true, ""backend"": ""synthetic""}",880,
557,40,in,report,sw,149/86 leo. Asante,2026-09-18T10:25:00,"{""intent"": ""bp_report"", ""fields"": {""sbp"": 149, ""dbp"": 86, ""meds_taken"": null, ""symptoms"": []}, ""valid"": true, ""confirmed"": true, ""backend"": ""synthetic""}",881,
558,40,in,other,sw,"Dawa zangu zimeisha, nitapata wapi zingine?",2026-09-19T11:10:00,"{""intent"": ""meds_question"", ""fields"": {}, ""valid"": true, ""confirmed"": true, ""backend"": ""synthetic""}",,
559,40,in,report,sw,"Shikamoo. Nimepima leo 148/90, dawa nimekunywa asubuhi.",2026-09-28T14:40:00,"{""intent"": ""bp_report"", ""fields"": {""sbp"": 148, ""dbp"": 90, ""meds_taken"": ""yes"", ""symptoms"": []}, ""valid"": true, ""confirmed"": true, ""backend"": ""synthetic""}",882,
560,40,out,quiz,rn,"Umuti urabatera ingorane, nko kuvyimba ibirenge. Mukora iki?",2026-08-08T10:00:00,"{""question_id"": ""q12""}",,sent
561,43,in,report,sw,"Mimi ni mzima. Presha ni 133/90, nakunywa dawa kila siku.",2026-04-11T11:56:00,"{""intent"": ""bp_report"", ""fields"": {""sbp"": 133, ""dbp"": 90, ""meds_taken"": ""yes"", ""symptoms"": []}, ""valid"": true, ""confirmed"": true, ""backend"": ""synthetic""}",906,
562,43,in,report,sw,presha leo 134/85,2026-04-27T18:42:00,"{""intent"": ""bp_report"", ""fields"": {""sbp"": 134, ""dbp"": 85, ""meds_taken"": null, ""symptoms"": []}, ""valid"": true, ""confirmed"": true, ""backend"": ""synthetic""}",907,
563,43,in,report,sw,"Mimi ni mzima. Presha ni 143/91, nakunywa dawa kila siku.",2026-05-04T12:11:00,"{""intent"": ""bp_report"", ""fields"": {""sbp"": 143, ""dbp"": 91, ""meds_taken"": ""yes"", ""symptoms"": []}, ""valid"": true, ""confirmed"": true, ""backend"": ""synthetic""}",908,
564,43,in,report,sw,presha leo 139/91,2026-05-14T06:52:00,"{""intent"": ""bp_report"", ""fields"": {""sbp"": 139, ""dbp"": 91, ""meds_taken"": null, ""symptoms"": []}, ""valid"": true, ""confirmed"": true, ""backend"": ""synthetic""}",909,
565,43,in,report,sw,132/85 leo. Asante,2026-05-27T10:53:00,"{""intent"": ""bp_report"", ""fields"": {""sbp"": 132, ""dbp"": 85, ""meds_taken"": null, ""symptoms"": []}, ""valid"": true, ""confirmed"": true, ""backend"": ""synthetic""}",910,
566,43,in,other,sw,Naweza kunywa dawa ya presha pamoja na chakula?,2026-05-28T16:41:00,"{""intent"": ""meds_question"", ""fields"": {}, ""valid"": true, ""confirmed"": true, ""backend"": ""synthetic""}",,
567,43,in,report,sw,140/87 leo. Asante,2026-06-05T11:02:00,"{""intent"": ""bp_report"", ""fields"": {""sbp"": 140, ""dbp"": 87, ""meds_taken"": null, ""symptoms"": []}, ""valid"": true, ""confirmed"": true, ""backend"": ""synthetic""}",911,
568,43,in,report,sw,presha leo 136/89,2026-06-12T19:11:00,"{""intent"": ""bp_report"", ""fields"": {""sbp"": 136, ""dbp"": 89, ""meds_taken"": null, ""symptoms"": []}, ""valid"": true, ""confirmed"": true, ""backend"": ""synthetic""}",912,
569,43,in,report,sw,"Mimi ni mzima. Presha ni 149/91, nakunywa dawa kila siku.",2026-06-22T13:09:00,"{""intent"": ""bp_report"", ""fields"": {""sbp"": 149, ""dbp"": 91, ""meds_taken"": ""yes"", ""symptoms"": []}, ""valid"": true, ""confirmed"": true, ""backend"": ""synthetic""}",913,
570,43,in,report,sw,"Mimi ni mzima. Presha ni 126/82, nakunywa dawa kila siku.",2026-07-02T17:22:00,"{""intent"": ""bp_report"", ""fields"": {""sbp"": 126, ""dbp"": 82, ""meds_taken"": ""yes"", ""symptoms"": []}, ""valid"": true, ""confirmed"": true, ""backend"": ""synthetic""}",914,
571,43,in,report,sw,"Habari daktari, presha yangu ni 136 kwa 91. Nimekunywa dawa zangu.",2026-07-14T20:54:00,"{""intent"": ""bp_report"", ""fields"": {""sbp"": 136, ""dbp"": 91, ""meds_taken"": ""yes"", ""symptoms"": []}, ""valid"": true, ""confirmed"": true, ""backend"": ""synthetic""}",915,
572,43,in,report,sw,"Mimi ni mzima. Presha ni 135/92, nakunywa dawa kila siku.",2026-07-26T09:04:00,"{""intent"": ""bp_report"", ""fields"": {""sbp"": 135, ""dbp"": 92, ""meds_taken"": ""yes"", ""symptoms"": []}, ""valid"": true, ""confirmed"": true, ""backend"": ""synthetic""}",916,
573,43,in,report,sw,presha leo 140/89,2026-08-05T11:59:00,"{""intent"": ""bp_report"", ""fields"": {""sbp"": 140, ""dbp"": 89, ""meds_taken"": null, ""symptoms"": []}, ""valid"": true, ""confirmed"": true, ""backend"": ""synthetic""}",917,
574,43,in,report,sw,134/86 leo. Asante,2026-08-26T09:42:00,"{""intent"": ""bp_report"", ""fields"": {""sbp"": 134, ""dbp"": 86, ""meds_taken"": null, ""symptoms"": []}, ""valid"": true, ""confirmed"": true, ""backend"": ""synthetic""}",918,
575,43,in,report,sw,145/90 leo. Asante,2026-09-07T07:24:00,"{""intent"": ""bp_report"", ""fields"": {""sbp"": 145, ""dbp"": 90, ""meds_taken"": null, ""symptoms"": []}, ""valid"": true, ""confirmed"": true, ""backend"": ""synthetic""}",919,
576,43,in,report,sw,Nimepima dispensari 140/95. Nimekunywa dawa moja tu kati ya mbili.,2026-09-21T06:53:00,"{""intent"": ""bp_report"", ""fields"": {""sbp"": 140, ""dbp"": 95, ""meds_taken"": ""partial"", ""symptoms"": []}, ""valid"": true, ""confirmed"": true, ""backend"": ""synthetic""}",920,
577,43,in,other,sw,"Je, niendelee kunywa dawa hata kama najisikia vizuri?",2026-09-22T12:04:00,"{""intent"": ""meds_question"", ""fields"": {}, ""valid"": true, ""confirmed"": true, ""backend"": ""synthetic""}",,
578,43,in,report,sw,138/93 leo. Asante,2026-10-02T12:30:00,"{""intent"": ""bp_report"", ""fields"": {""sbp"": 138, ""dbp"": 93, ""meds_taken"": null, ""symptoms"": []}, ""valid"": true, ""confirmed"": true, ""backend"": ""synthetic""}",921,
579,43,out,quiz,sw,Nini kinasaidia kushusha presha?,2026-09-25T10:00:00,"{""question_id"": ""q04""}",,sent
580,43,out,quiz,sw,Unawezaje kujua presha yako?,2026-10-02T10:00:00,"{""question_id"": ""q15""}",,sent
581,43,out,quiz,sw,Ipi ni dalili ya hatari ya kiharusi?,2026-07-21T10:00:00,"{""question_id"": ""q07""}",,sent
582,44,in,report,sw,"Mimi ni mzima. Presha ni 130/88, nakunywa dawa kila siku.",2026-04-16T09:41:00,"{""intent"": ""bp_report"", ""fields"": {""sbp"": 130, ""dbp"": 88, ""meds_taken"": ""yes"", ""symptoms"": []}, ""valid"": true, ""confirmed"": true, ""backend"": ""synthetic""}",933,
583,44,in,report,sw,"Habari daktari, presha yangu ni 149 kwa 100. Nimekunywa dawa zangu.",2026-05-05T15:54:00,"{""intent"": ""bp_report"", ""fields"": {""sbp"": 149, ""dbp"": 100, ""meds_taken"": ""yes"", ""symptoms"": []}, ""valid"": true, ""confirmed"": true, ""backend"": ""synthetic""}",934,
584,44,in,report,sw,"Mimi ni mzima. Presha ni 148/95, nakunywa dawa kila siku.",2026-05-26T10:05:00,"{""intent"": ""bp_report"", ""fields"": {""sbp"": 148, ""dbp"": 95, ""meds_taken"": ""yes"", ""symptoms"": []}, ""valid"": true, ""confirmed"": true, ""backend"": ""synthetic""}",935,
585,44,in,report,sw,Nimepima dispensari 152/96. Nimekunywa dawa moja tu kati ya mbili.,2026-06-14T17:15:00,"{""intent"": ""bp_report"", ""fields"": {""sbp"": 152, ""dbp"": 96, ""meds_taken"": ""partial"", ""symptoms"": []}, ""valid"": true, ""confirmed"": true, ""backend"": ""synthetic""}",936,
586,44,in,other,sw,Mungu akubariki mhudumu.,2026-06-15T11:54:00,"{""intent"": ""other"", ""fields"": {}, ""valid"": true, ""confirmed"": true, ""backend"": ""synthetic""}",,
587,44,in,report,sw,"Shikamoo. Nimepima leo 152/101, dawa nimekunywa asubuhi.",2026-06-30T09:41:00,"{""intent"": ""bp_report"", ""fields"": {""sbp"": 152, ""dbp"": 101, ""meds_taken"": ""yes"", ""symptoms"": []}, ""valid"": true, ""confirmed"": true, ""backend"": ""synthetic""}",937,
588,44,in,report,sw,"Habari daktari, presha yangu ni 153 kwa 98. Nimekunywa dawa zangu.",2026-07-15T17:53:00,"{""intent"": ""bp_report"", ""fields"": {""sbp"": 153, ""dbp"": 98, ""meds_taken"": ""yes"", ""symptoms"": []}, ""valid"": true, ""confirmed"": true, ""backend"": ""synthetic""}",938,
589,44,in,report,sw,presha leo 162/104,2026-08-04T12:54:00,"{""intent"": ""bp_report"", ""fields"": {""sbp"": 162, ""dbp"": 104, ""meds_taken"": null, ""symptoms"": []}, ""valid"": true, ""confirmed"": true, ""backend"": ""synthetic""}",939,
590,44,in,report,sw,"Mimi ni mzima. Presha ni 149/94, nakunywa dawa kila siku.",2026-08-11T16:32:00,"{""intent"": ""bp_report"", ""fields"": {""sbp"": 149, ""dbp"": 94, ""meds_taken"": ""yes"", ""symptoms"": []}, ""valid"": true, ""confirmed"": true, ""backend"": ""synthetic""}",940,
591,44,in,report,sw,"Shikamoo. Nimepima leo 156/101, dawa nimekunywa asubuhi.",2026-08-24T18:09:00,"{""intent"": ""bp_report"", ""fields"": {""sbp"": 156, ""dbp"": 101, ""meds_taken"": ""yes"", ""symptoms"": []}, ""valid"": true, ""confirmed"": true, ""backend"": ""synthetic""}",941,
592,44,in,report,sw,presha leo 163/105,2026-09-10T19:13:00,"{""intent"": ""bp_report"", ""fields"": {""sbp"": 163, ""dbp"": 105, ""meds_taken"": null, ""symptoms"": []}, ""valid"": true, ""confirmed"": true, ""backend"": ""synthetic""}",942,
593,44,in,other,sw,"Nikisahau dawa asubuhi, nikunywe jioni?",2026-09-11T11:00:00,"{""intent"": ""meds_question"", ""fields"": {}, ""valid"": true, ""confirmed"": true, ""backend"": ""synthetic""}",,
594,44,in,report,sw,"Shikamoo. Nimepima leo 157/102, dawa nimekunywa asubuhi.",2026-09-20T12:31:00,"{""intent"": ""bp_report"", ""fields"": {""sbp"": 157, ""dbp"": 102, ""meds_taken"": ""yes"", ""symptoms"": []}, ""valid"": true, ""confirmed"": true, ""backend"": ""synthetic""}",943,
595,45,in,report,fr,tension 127/79,2026-04-21T17:28:00,"{""intent"": ""bp_report"", ""fields"": {""sbp"": 127, ""dbp"": 79, ""meds_taken"": null, ""symptoms"": []}, ""valid"": true, ""confirmed"": true, ""backend"": ""synthetic""}",956,
596,45,in,other,fr,"Mes médicaments sont finis, où je peux en avoir ?",2026-04-22T15:51:00,"{""intent"": ""meds_question"", ""fields"": {}, ""valid"": true, ""confirmed"": true, ""backend"": ""synthetic""}",,
597,45,in,report,fr,"Bonjour, ma tension aujourd'hui est 129/85. J'ai pris mes médicaments.",2026-04-28T12:59:00,"{""intent"": ""bp_report"", ""fields"": {""sbp"": 129, ""dbp"": 85, ""meds_taken"": ""yes"", ""symptoms"": []}, ""valid"": true, ""confirmed"": true, ""backend"": ""synthetic""}",957,
598,45,in,report,fr,"Ma tension est 126 sur 76, je prends bien mes médicaments chaque jour.",2026-05-07T08:52:00,"{""intent"": ""bp_report"", ""fields"": {""sbp"": 126, ""dbp"": 76, ""meds_taken"": ""yes"", ""symptoms"": []}, ""valid"": true, ""confirmed"": true, ""backend"": ""synthetic""}",958,
599,45,in,other,fr,Est-ce que je peux arrêter le traitement si je me sens bien ?,2026-05-08T08:46:00,"{""intent"": ""meds_question"", ""fields"": {}, ""valid"": true, ""confirmed"": true, ""backend"": ""synthetic""}",,
600,45,in,report,fr,"Bjr, tension 138 sur 86 ce matin",2026-05-28T16:19:00,"{""intent"": ""bp_report"", ""fields"": {""sbp"": 138, ""dbp"": 86, ""meds_taken"": null, ""symptoms"": []}, ""valid"": true, ""confirmed"": true, ""backend"": ""synthetic""}",959,
601,45,in,other,fr,Est-ce que je peux arrêter le traitement si je me sens bien ?,2026-05-29T06:03:00,"{""intent"": ""meds_question"", ""fields"": {}, ""valid"": true, ""confirmed"": true, ""backend"": ""synthetic""}",,
602,45,in,report,fr,tension 129/81,2026-06-18T08:00:00,"{""intent"": ""bp_report"", ""fields"": {""sbp"": 129, ""dbp"": 81, ""meds_taken"": null, ""symptoms"": []}, ""valid"": true, ""confirmed"": true, ""backend"": ""synthetic""}",960,
603,45,in,report,fr,tension 128/80,2026-07-02T14:49:00,"{""intent"": ""bp_report"", ""fields"": {""sbp"": 128, ""dbp"": 80, ""meds_taken"": null, ""symptoms"": []}, ""valid"": true, ""confirmed"": true, ""backend"": ""synthetic""}",961,
604,45,in,report,fr,"Bonsoir. Tension 129/78, j'ai pris seulement la moitié du comprimé.",2026-07-14T12:15:00,"{""intent"": ""bp_report"", ""fields"": {""sbp"": 129, ""dbp"": 78, ""meds_taken"": ""partial"", ""symptoms"": []}, ""valid"": true, ""confirmed"": true, ""backend"": ""synthetic""}",962,
605,45,in,report,fr,J'ai mesuré au centre de santé : 131/81. Médicaments pris.,2026-08-04T11:12:00,"{""intent"": ""bp_report"", ""fields"": {""sbp"": 131, ""dbp"": 81, ""meds_taken"": ""yes"", ""symptoms"": []}, ""valid"": true, ""confirmed"": true, ""backend"": ""synthetic""}",963,
606,45,in,other,fr,Que Dieu vous bénisse.,2026-08-05T06:48:00,"{""intent"": ""other"", ""fields"": {}, ""valid"": true, ""confirmed"": true, ""backend"": ""synthetic""}",,
607,45,in,report,fr,"Bjr, tension 130 sur 79 ce matin",2026-08-24T17:27:00,"{""intent"": ""bp_report"", ""fields"": {""sbp"": 130, ""dbp"": 79, ""meds_taken"": null, ""symptoms"": []}, ""valid"": true, ""confirmed"": true, ""backend"": ""synthetic""}",964,
608,45,in,other,fr,Est-ce que je peux prendre mes comprimés avec les médicaments traditionnels ?,2026-08-25T18:02:00,"{""intent"": ""meds_question"", ""fields"": {}, ""valid"": true, ""confirmed"": true, ""backend"": ""synthetic""}",,
609,45,in,report,fr,"Bonsoir. Tension 138/80, j'ai pris seulement la moitié du comprimé.",2026-09-08T20:44:00,"{""intent"": ""bp_report"", ""fields"": {""sbp"": 138, ""dbp"": 80, ""meds_taken"": ""partial"", ""symptoms"": []}, ""valid"": true, ""confirmed"": true, ""backend"": ""synthetic""}",965,
610,45,in,report,fr,"Bjr, tension 119 sur 74 ce matin",2026-09-23T09:33:00,"{""intent"": ""bp_report"", ""fields"": {""sbp"": 119, ""dbp"": 74, ""meds_taken"": null, ""symptoms"": []}, ""valid"": true, ""confirmed"": true, ""backend"": ""synthetic""}",966,
611,46,in,report,sw,Nimepima dispensari 137/89. Nimekunywa dawa moja tu kati ya mbili.,2026-04-13T09:33:00,"{""intent"": ""bp_report"", ""fields"": {""sbp"": 137, ""dbp"": 89, ""meds_taken"": ""partial"", ""symptoms"": []}, ""valid"": true, ""confirmed"": true, ""backend"": ""synthetic""}",979,
612,46,in,report,sw,"Habari daktari, presha yangu ni 133 kwa 84. Nimekunywa dawa zangu.",2026-04-24T07:11:00,"{""intent"": ""bp_report"", ""fields"": {""sbp"": 133, ""dbp"": 84, ""meds_taken"": ""yes"", ""symptoms"": []}, ""valid"": true, ""confirmed"": true, ""backend"": ""synthetic""}",980,
613,46,in,other,sw,"Sawa, nimeelewa.",2026-04-25T20:54:00,"{""intent"": ""other"", ""fields"": {}, ""valid"": true, ""confirmed"": true, ""backend"": ""synthetic""}",,
614,46,in,report,sw,"Mimi ni mzima. Presha ni 138/89, nakunywa dawa kila siku.",2026-05-02T10:36:00,"{""intent"": ""bp_report"", ""fields"": {""sbp"": 138, ""dbp"": 89, ""meds_taken"": ""yes"", ""symptoms"": []}, ""valid"": true, ""confirmed"": true, ""backend"": ""synthetic""}",981,
615,46,in,report,sw,"Shikamoo. Nimepima leo 131/83, dawa nimekunywa asubuhi.",2026-05-12T17:18:00,"{""intent"": ""bp_report"", ""fields"": {""sbp"": 131, ""dbp"": 83, ""meds_taken"": ""yes"", ""symptoms"": []}, ""valid"": true, ""confirmed"": true, ""backend"": ""synthetic""}",982,
616,46,in,report,sw,presha leo 134/80,2026-05-24T09:14:00,"{""intent"": ""bp_report"", ""fields"": {""sbp"": 134, ""dbp"": 80, ""meds_taken"": null, ""symptoms"": []}, ""valid"": true, ""confirmed"": true, ""backend"": ""synthetic""}",983,
617,46,in,report,sw,"Shikamoo. Nimepima leo 136/88, dawa nimekunywa asubuhi.",2026-06-08T14:04:00,"{""intent"": ""bp_report"", ""fields"": {""sbp"": 136, ""dbp"": 88, ""meds_taken"": ""yes"", ""symptoms"": []}, ""valid"": true, ""confirmed"": true, ""backend"": ""synthetic""}",984,
618,46,in,report,sw,presha leo 134/87,2026-06-17T17:09:00,"{""intent"": ""bp_report"", ""fields"": {""sbp"": 134, ""dbp"": 87, ""meds_taken"": null, ""symptoms"": []}, ""valid"": true, ""confirmed"": true, ""backend"": ""synthetic""}",985,
619,46,in,report,sw,"Habari daktari, presha yangu ni 138 kwa 81. Nimekunywa dawa zangu.",2026-06-27T09:34:00,"{""intent"": ""bp_report"", ""fields"": {""sbp"": 138, ""dbp"": 81, ""meds_taken"": ""yes"", ""symptoms"": []}, ""valid"": true, ""confirmed"": true, ""backend"": ""synthetic""}",986,
620,46,in,report,sw,132/87 leo. Asante,2026-07-07T12:14:00,"{""intent"": ""bp_report"", ""fields"": {""sbp"": 132, ""dbp"": 87, ""meds_taken"": null, ""symptoms"": []}, ""valid"": true, ""confirmed"": true, ""backend"": ""synthetic""}",987,
621,46,in,report,sw,"Mimi ni mzima. Presha ni 128/79, nakunywa dawa kila siku.",2026-07-23T15:48:00,"{""intent"": ""bp_report"", ""fields"": {""sbp"": 128, ""dbp"": 79, ""meds_taken"": ""yes"", ""symptoms"": []}, ""valid"": true, ""confirmed"": true, ""backend"": ""synthetic""}",988,
622,46,in,other,sw,"Dawa hii inanifanya nikojoe sana, ni kawaida?",2026-07-24T12:32:00,"{""intent"": ""meds_question"", ""fields"": {}, ""valid"": true, ""confirmed"": true, ""backend"": ""synthetic""}",,
623,46,in,report,sw,132/82 leo. Asante,2026-08-01T16:56:00,"{""intent"": ""bp_report"", ""fields"": {""sbp"": 132, ""dbp"": 82, ""meds_taken"": null, ""symptoms"": []}, ""valid"": true, ""confirmed"": true, ""backend"": ""synthetic""}",989,
624,46,in,report,sw,presha leo 154/93,2026-08-11T13:08:00,"{""intent"": ""bp_report"", ""fields"": {""sbp"": 154, ""dbp"": 93, ""meds_taken"": null, ""symptoms"": []}, ""valid"": true, ""confirmed"": true, ""backend"": ""synthetic""}",990,
625,46,in,report,sw,"Mimi ni mzima. Presha ni 156/94, nakunywa dawa kila siku.",2026-08-26T18:56:00,"{""intent"": ""bp_report"", ""fields"": {""sbp"": 156, ""dbp"": 94, ""meds_taken"": ""yes"", ""symptoms"": []}, ""valid"": true, ""confirmed"": true, ""backend"": ""synthetic""}",991,
626,46,in,other,sw,"Je, niendelee kunywa dawa hata kama najisikia vizuri?",2026-08-27T15:15:00,"{""intent"": ""meds_question"", ""fields"": {}, ""valid"": true, ""confirmed"": true, ""backend"": ""synthetic""}",,
627,46,in,report,sw,"Pressure yangu ni 165/100, nimekunywa nusu dozi kwa sababu dawa zinakaribia kuisha.",2026-09-06T13:41:00,"{""intent"": ""bp_report"", ""fields"": {""sbp"": 165, ""dbp"": 100, ""meds_taken"": ""partial"", ""symptoms"": []}, ""valid"": true, ""confirmed"": true, ""backend"": ""synthetic""}",992,
628,46,in,other,sw,"Habari za asubuhi, niko safarini wiki hii.",2026-09-07T19:27:00,"{""intent"": ""other"", ""fields"": {}, ""valid"": true, ""confirmed"": true, ""backend"": ""synthetic""}",,
629,46,in,report,sw,presha leo 140/87,2026-09-16T09:09:00,"{""intent"": ""bp_report"", ""fields"": {""sbp"": 140, ""dbp"": 87, ""meds_taken"": null, ""symptoms"": []}, ""valid"": true, ""confirmed"": true, ""backend"": ""synthetic""}",993,
630,46,in,report,sw,129/83 leo. Asante,2026-09-26T17:12:00,"{""intent"": ""bp_report"", ""fields"": {""sbp"": 129, ""dbp"": 83, ""meds_taken"": null, ""symptoms"": []}, ""valid"": true, ""confirmed"": true, ""backend"": ""synthetic""}",994,
631,46,out,quiz,sw,Ipi ni dalili ya hatari ya kiharusi?,2026-08-29T10:00:00,"{""question_id"": ""q07""}",,sent
632,46,out,quiz,sw,Ipi pia ni dalili ya kiharusi?,2026-08-12T10:00:00,"{""question_id"": ""q08""}",,sent
633,47,in,report,sw,"Mimi ni mzima. Presha ni 134/89, nakunywa dawa kila siku.",2026-04-21T06:41:00,"{""intent"": ""bp_report"", ""fields"": {""sbp"": 134, ""dbp"": 89, ""meds_taken"": ""yes"", ""symptoms"": []}, ""valid"": true, ""confirmed"": true, ""backend"": ""synthetic""}",1007,
634,47,in,report,sw,"Habari daktari, presha yangu ni 125 kwa 80. Nimekunywa dawa zangu.",2026-05-01T12:14:00,"{""intent"": ""bp_report"", ""fields"": {""sbp"": 125, ""dbp"": 80, ""meds_taken"": ""yes"", ""symptoms"": []}, ""valid"": true, ""confirmed"": true, ""backend"": ""synthetic""}",1008,
635,47,in,report,sw,125/80 leo. Asante,2026-05-13T06:51:00,"{""intent"": ""bp_report"", ""fields"": {""sbp"": 125, ""dbp"": 80, ""meds_taken"": null, ""symptoms"": []}, ""valid"": true, ""confirmed"": true, ""backend"": ""synthetic""}",1009,
636,47,in,report,sw,"Habari daktari, presha yangu ni 126 kwa 82. Nimekunywa dawa zangu.",2026-05-31T09:44:00,"{""intent"": ""bp_report"", ""fields"": {""sbp"": 126, ""dbp"": 82, ""meds_taken"": ""yes"", ""symptoms"": []}, ""valid"": true, ""confirmed"": true, ""backend"": ""synthetic""}",1010,
637,47,in,report,sw,"Shikamoo. Nimepima leo 130/83, dawa nimekunywa asubuhi.",2026-06-09T15:33:00,"{""intent"": ""bp_report"", ""fields"": {""sbp"": 130, ""dbp"": 83, ""meds_taken"": ""yes"", ""symptoms"": []}, ""valid"": true, ""confirmed"": true, ""backend"": ""synthetic""}",1011,
638,47,in,report,sw,125/79 leo. Asante,2026-06-24T19:07:00,"{""intent"": ""bp_report"", ""fields"": {""sbp"": 125, ""dbp"": 79, ""meds_taken"": null, ""symptoms"": []}, ""valid"": true, ""confirmed"": true, ""backend"": ""synthetic""}",1012,
639,47,in,other,sw,"Nikisahau dawa asubuhi, nikunywe jioni?",2026-06-25T16:23:00,"{""intent"": ""meds_question"", ""fields"": {}, ""valid"": true, ""confirmed"": true, ""backend"": ""synthetic""}",,
640,47,in,report,sw,"Habari daktari, presha yangu ni 123 kwa 84. Nimekunywa dawa zangu.",2026-07-01T20:52:00,"{""intent"": ""bp_report"", ""fields"": {""sbp"": 123, ""dbp"": 84, ""meds_taken"": ""yes"", ""symptoms"": []}, ""valid"": true, ""confirmed"": true, ""backend"": ""synthetic""}",1013,
641,47,in,other,sw,Asante sana kwa ujumbe.,2026-07-02T08:43:00,"{""intent"": ""other"", ""fields"": {}, ""valid"": true, ""confirmed"": true, ""backend"": ""synthetic""}",,
642,47,in,report,sw,"Habari daktari, presha yangu ni 127 kwa 82. Nimekunywa dawa zangu.",2026-07-08T19:09:00,"{""intent"": ""bp_report"", ""fields"": {""sbp"": 127, ""dbp"": 82, ""meds_taken"": ""yes"", ""symptoms"": []}, ""valid"": true, ""confirmed"": true, ""backend"": ""synthetic""}",1014,
643,47,in,report,sw,Nimepima dispensari 131/87. Nimekunywa dawa moja tu kati ya mbili.,2026-07-17T15:07:00,"{""intent"": ""bp_report"", ""fields"": {""sbp"": 131, ""dbp"": 87, ""meds_taken"": ""partial"", ""symptoms"": []}, ""valid"": true, ""confirmed"": true, ""backend"": ""synthetic""}",1015,
644,47,in,report,sw,"Habari daktari, presha yangu ni 135 kwa 89. Nimekunywa dawa zangu.",2026-07-25T18:44:00,"{""intent"": ""bp_report"", ""fields"": {""sbp"": 135, ""dbp"": 89, ""meds_taken"": ""yes"", ""symptoms"": []}, ""valid"": true, ""confirmed"": true, ""backend"": ""synthetic""}",1016,
645,47,in,report,sw,137/87 leo. Asante,2026-08-05T20:29:00,"{""intent"": ""bp_report"", ""fields"": {""sbp"": 137, ""dbp"": 87, ""meds_taken"": null, ""symptoms"": []}, ""valid"": true, ""confirmed"": true, ""backend"": ""synthetic""}",1017,
646,47,in,other,sw,"Dawa zangu zimeisha, nitapata wapi zingine?",2026-08-06T08:05:00,"{""intent"": ""meds_question"", ""fields"": {}, ""valid"": true, ""confirmed"": true, ""backend"": ""synthetic""}",,
647,47,in,report,sw,"Shikamoo. Nimepima leo 119/79, dawa nimekunywa asubuhi.",2026-08-12T13:50:00,"{""intent"": ""bp_report"", ""fields"": {""sbp"": 119, ""dbp"": 79, ""meds_taken"": ""yes"", ""symptoms"": []}, ""valid"": true, ""confirmed"": true, ""backend"": ""synthetic""}",1018,
648,47,in,report,sw,presha leo 137/84,2026-08-26T14:50:00,"{""intent"": ""bp_report"", ""fields"": {""sbp"": 137, ""dbp"": 84, ""meds_taken"": null, ""symptoms"": []}, ""valid"": true, ""confirmed"": true, ""backend"": ""synthetic""}",1019,
649,47,in,report,sw,129/83 leo. Asante,2026-09-05T18:36:00,"{""intent"": ""bp_report"", ""fields"": {""sbp"": 129, ""dbp"": 83, ""meds_taken"": null, ""symptoms"": []}, ""valid"": true, ""confirmed"": true, ""backend"": ""synthetic""}",1020,
650,47,in,report,sw,"Mimi ni mzima. Presha ni 134/79, nakunywa dawa kila siku.",2026-09-19T18:11:00,"{""intent"": ""bp_report"", ""fields"": {""sbp"": 134, ""dbp"": 79, ""meds_taken"": ""yes"", ""symptoms"": []}, ""valid"": true, ""confirmed"": true, ""backend"": ""synthetic""}",1021,
651,47,in,other,sw,"Dawa hii inanifanya nikojoe sana, ni kawaida?",2026-09-20T17:00:00,"{""intent"": ""meds_question"", ""fields"": {}, ""valid"": true, ""confirmed"": true, ""backend"": ""synthetic""}",,
652,47,in,report,sw,presha leo 134/83,2026-09-27T15:42:00,"{""intent"": ""bp_report"", ""fields"": {""sbp"": 134, ""dbp"": 83, ""meds_taken"": null, ""symptoms"": []}, ""valid"": true, ""confirmed"": true, ""backend"": ""synthetic""}",1022,
653,47,out,quiz,sw,Nini kinasaidia kushusha presha?,2026-08-04T10:00:00,"{""question_id"": ""q04""}",,sent
654,47,out,quiz,sw,"Dawa inakuletea shida, kama kuvimba miguu. Ufanye nini?",2026-09-09T10:00:00,"{""question_id"": ""q12""}",,sent
655,47,out,quiz,sw,Nini kingine kinasaidia presha yako?,2026-09-03T10:00:00,"{""question_id"": ""q06""}",,sent
656,49,in,report,sw,"Shikamoo. Nimepima leo 126/83, dawa nimekunywa asubuhi.",2026-04-15T07:06:00,"{""intent"": ""bp_report"", ""fields"": {""sbp"": 126, ""dbp"": 83, ""meds_taken"": ""yes"", ""symptoms"": []}, ""valid"": true, ""confirmed"": true, ""backend"": ""synthetic""}",1040,
657,49,in,report,sw,"Mimi ni mzima. Presha ni 131/80, nakunywa dawa kila siku.",2026-05-02T18:11:00,"{""intent"": ""bp_report"", ""fields"": {""sbp"": 131, ""dbp"": 80, ""meds_taken"": ""yes"", ""symptoms"": []}, ""valid"": true, ""confirmed"": true, ""backend"": ""synthetic""}",1041,
658,49,in,other,sw,Asante sana kwa ujumbe.,2026-05-03T09:50:00,"{""intent"": ""other"", ""fields"": {}, ""valid"": true, ""confirmed"": true, ""backend"": ""synthetic""}",,
659,49,in,report,sw,135/92 leo. Asante,2026-05-21T19:29:00,"{""intent"": ""bp_report"", ""fields"": {""sbp"": 135, ""dbp"": 92, ""meds_taken"": null, ""symptoms"": []}, ""valid"": true, ""confirmed"": true, ""backend"": ""synthetic""}",1042,
660,49,in,other,sw,"Sawa, nimeelewa.",2026-05-22T07:09:00,"{""intent"": ""other"", ""fields"": {}, ""valid"": true, ""confirmed"": true, ""backend"": ""synthetic""}",,
661,49,in,report,sw,"Mimi ni mzima. Presha ni 139/96, nakunywa dawa kila siku.",2026-05-31T09:36:00,"{""intent"": ""bp_report"", ""fields"": {""sbp"": 139, ""dbp"": 96, ""meds_taken"": ""yes"", ""symptoms"": []}, ""valid"": true, ""confirmed"": true, ""backend"": ""synthetic""}",1043,
662,49,in,report,sw,135/88 leo. Asante,2026-06-21T07:30:00,"{""intent"": ""bp_report"", ""fields"": {""sbp"": 135, ""dbp"": 88, ""meds_taken"": null, ""symptoms"": []}, ""valid"": true, ""confirmed"": true, ""backend"": ""synthetic""}",1044,
663,49,in,report,sw,"Shikamoo. Nimepima leo 133/87, dawa nimekunywa asubuhi.",2026-07-05T11:58:00,"{""intent"": ""bp_report"", ""fields"": {""sbp"": 133, ""dbp"": 87, ""meds_taken"": ""yes"", ""symptoms"": []}, ""valid"": true, ""confirmed"": true, ""backend"": ""synthetic""}",1045,
664,49,in,report,sw,presha leo 146/89,2026-07-25T19:26:00,"{""intent"": ""bp_report"", ""fields"": {""sbp"": 146, ""dbp"": 89, ""meds_taken"": null, ""symptoms"": []}, ""valid"": true, ""confirmed"": true, ""backend"": ""synthetic""}",1046,
665,49,in,report,sw,"Shikamoo. Nimepima leo 142/92, dawa nimekunywa asubuhi.",2026-08-05T17:05:00,"{""intent"": ""bp_report"", ""fields"": {""sbp"": 142, ""dbp"": 92, ""meds_taken"": ""yes"", ""symptoms"": []}, ""valid"": true, ""confirmed"": true, ""backend"": ""synthetic""}",1047,
666,49,in,report,sw,145/89 leo. Asante,2026-08-14T09:18:00,"{""intent"": ""bp_report"", ""fields"": {""sbp"": 145, ""dbp"": 89, ""meds_taken"": null, ""symptoms"": []}, ""valid"": true, ""confirmed"": true, ""backend"": ""synthetic""}",1048,
667,49,in,other,sw,"Dawa hii inanifanya nikojoe sana, ni kawaida?",2026-08-15T11:48:00,"{""intent"": ""meds_question"", ""fields"": {}, ""valid"": true, ""confirmed"": true, ""backend"": ""synthetic""}",,
668,49,in,report,sw,"Habari daktari, presha yangu ni 140 kwa 91. Nimekunywa dawa zangu.",2026-09-02T06:21:00,"{""intent"": ""bp_report"", ""fields"": {""sbp"": 140, ""dbp"": 91, ""meds_taken"": ""yes"", ""symptoms"": []}, ""valid"": true, ""confirmed"": true, ""backend"": ""synthetic""}",1049,
669,49,in,report,sw,148/92 leo. Asante,2026-09-21T10:44:00,"{""intent"": ""bp_report"", ""fields"": {""sbp"": 148, ""dbp"": 92, ""meds_taken"": null, ""symptoms"": []}, ""valid"": true, ""confirmed"": true, ""backend"": ""synthetic""}",1050,
670,50,in,report,sw,"Shikamoo. Nimepima leo 129/78, dawa nimekunywa asubuhi.",2026-04-18T13:42:00,"{""intent"": ""bp_report"", ""fields"": {""sbp"": 129, ""dbp"": 78, ""meds_taken"": ""yes"", ""symptoms"": []}, ""valid"": true, ""confirmed"": true, ""backend"": ""synthetic""}",1062,
671,50,in,report,sw,presha leo 140/84,2026-05-02T16:08:00,"{""intent"": ""bp_report"", ""fields"": {""sbp"": 140, ""dbp"": 84, ""meds_taken"": null, ""symptoms"": []}, ""valid"": true, ""confirmed"": true, ""backend"": ""synthetic""}",1063,
672,50,in,report,sw,presha leo 133/80,2026-05-22T11:15:00,"{""intent"": ""bp_report"", ""fields"": {""sbp"": 133, ""dbp"": 80, ""meds_taken"": null, ""symptoms"": []}, ""valid"": true, ""confirmed"": true, ""backend"": ""synthetic""}",1064,
673,50,in,report,sw,"Shikamoo. Nimepima leo 133/74, dawa nimekunywa asubuhi.",2026-05-29T16:43:00,"{""intent"": ""bp_report"", ""fields"": {""sbp"": 133, ""dbp"": 74, ""meds_taken"": ""yes"", ""symptoms"": []}, ""valid"": true, ""confirmed"": true, ""backend"": ""synthetic""}",1065,
674,50,in,other,sw,Naweza kunywa dawa ya presha pamoja na chakula?,2026-05-30T19:58:00,"{""intent"": ""meds_question"", ""fields"": {}, ""valid"": true, ""confirmed"": true, ""backend"": ""synthetic""}",,
675,50,in,report,sw,140/80 leo. Asante,2026-06-16T11:22:00,"{""intent"": ""bp_report"", ""fields"": {""sbp"": 140, ""dbp"": 80, ""meds_taken"": null, ""symptoms"": []}, ""valid"": true, ""confirmed"": true, ""backend"": ""synthetic""}",1066,
676,50,in,report,sw,presha leo 135/79,2026-07-02T19:47:00,"{""intent"": ""bp_report"", ""fields"": {""sbp"": 135, ""dbp"": 79, ""meds_taken"": null, ""symptoms"": []}, ""valid"": true, ""confirmed"": true, ""backend"": ""synthetic""}",1067,
677,50,in,report,sw,presha leo 142/82,2026-07-10T06:52:00,"{""intent"": ""bp_report"", ""fields"": {""sbp"": 142, ""dbp"": 82, ""meds_taken"": null, ""symptoms"": []}, ""valid"": true, ""confirmed"": true, ""backend"": ""synthetic""}",1068,
678,50,in,report,sw,131/75 leo. Asante,2026-07-31T20:15:00,"{""intent"": ""bp_report"", ""fields"": {""sbp"": 131, ""dbp"": 75, ""meds_taken"": null, ""symptoms"": []}, ""valid"": true, ""confirmed"": true, ""backend"": ""synthetic""}",1069,
679,50,in,report,sw,133/79 leo. Asante,2026-08-14T18:57:00,"{""intent"": ""bp_report"", ""fields"": {""sbp"": 133, ""dbp"": 79, ""meds_taken"": null, ""symptoms"": []}, ""valid"": true, ""confirmed"": true, ""backend"": ""synthetic""}",1070,
680,50,in,report,sw,"Habari daktari, presha yangu ni 137 kwa 79. Nimekunywa dawa zangu.",2026-08-24T10:37:00,"{""intent"": ""bp_report"", ""fields"": {""sbp"": 137, ""dbp"": 79, ""meds_taken"": ""yes"", ""symptoms"": []}, ""valid"": true, ""confirmed"": true, ""backend"": ""synthetic""}",1071,
681,50,in,report,sw,presha leo 134/82,2026-09-10T12:10:00,"{""intent"": ""bp_report"", ""fields"": {""sbp"": 134, ""dbp"": 82, ""meds_taken"": null, ""symptoms"": []}, ""valid"": true, ""confirmed"": true, ""backend"": ""synthetic""}",1072,
682,50,in,report,sw,Nimepima dispensari 134/81. Nimekunywa dawa moja tu kati ya mbili.,2026-09-19T07:44:00,"{""intent"": ""bp_report"", ""fields"": {""sbp"": 134, ""dbp"": 81, ""meds_taken"": ""partial"", ""symptoms"": []}, ""valid"": true, ""confirmed"": true, ""backend"": ""synthetic""}",1073,
683,50,out,quiz,sw,Nini kinasaidia kushusha presha?,2026-08-23T10:00:00,"{""question_id"": ""q04""}",,sent
684,50,out,quiz,sw,Ipi pia ni dalili ya kiharusi?,2026-08-17T10:00:00,"{""question_id"": ""q08""}",,sent
685,50,out,quiz,sw,Unajisikia vizuri. Ufanye nini na dawa ya presha?,2026-08-28T10:00:00,"{""question_id"": ""q02""}",,sent
686,50,out,quiz,sw,Dawa yako inakaribia kuisha. Ufanye nini?,2026-08-13T10:00:00,"{""question_id"": ""q03""}",,sent
687,51,in,report,fr,"Bonjour, ma tension aujourd'hui est 132/79. J'ai pris mes médicaments.",2026-04-11T16:40:00,"{""intent"": ""bp_report"", ""fields"": {""sbp"": 132, ""dbp"": 79, ""meds_taken"": ""yes"", ""symptoms"": []}, ""valid"": true, ""confirmed"": true, ""backend"": ""synthetic""}",1086,
688,51,in,report,fr,J'ai mesuré au centre de santé : 129/77. Médicaments pris.,2026-04-24T14:51:00,"{""intent"": ""bp_report"", ""fields"": {""sbp"": 129, ""dbp"": 77, ""meds_taken"": ""yes"", ""symptoms"": []}, ""valid"": true, ""confirmed"": true, ""backend"": ""synthetic""}",1087,
689,51,in,report,fr,J'ai mesuré au centre de santé : 136/85. Médicaments pris.,2026-05-11T10:24:00,"{""intent"": ""bp_report"", ""fields"": {""sbp"": 136, ""dbp"": 85, ""meds_taken"": ""yes"", ""symptoms"": []}, ""valid"": true, ""confirmed"": true, ""backend"": ""synthetic""}",1088,
690,51,in,report,fr,"Ma tension est 144 sur 85, je prends bien mes médicaments chaque jour.",2026-05-24T20:41:00,"{""intent"": ""bp_report"", ""fields"": {""sbp"": 144, ""dbp"": 85, ""meds_taken"": ""yes"", ""symptoms"": []}, ""valid"": true, ""confirmed"": true, ""backend"": ""synthetic""}",1089,
691,51,in,report,fr,J'ai mesuré au centre de santé : 163/97. Médicaments pris.,2026-06-08T16:47:00,"{""intent"": ""bp_report"", ""fields"": {""sbp"": 163, ""dbp"": 97, ""meds_taken"": ""yes"", ""symptoms"": []}, ""valid"": true, ""confirmed"": true, ""backend"": ""synthetic""}",1090,
692,51,in,report,fr,"Bonjour, ma tension aujourd'hui est 127/80. J'ai pris mes médicaments.",2026-06-18T09:37:00,"{""intent"": ""bp_report"", ""fields"": {""sbp"": 127, ""dbp"": 80, ""meds_taken"": ""yes"", ""symptoms"": []}, ""valid"": true, ""confirmed"": true, ""backend"": ""synthetic""}",1091,
693,51,in,report,fr,tension 133/78,2026-07-02T11:50:00,"{""intent"": ""bp_report"", ""fields"": {""sbp"": 133, ""dbp"": 78, ""meds_taken"": null, ""symptoms"": []}, ""valid"": true, ""confirmed"": true, ""backend"": ""synthetic""}",1092,
694,51,in,report,fr,tension 131/85,2026-07-18T09:29:00,"{""intent"": ""bp_report"", ""fields"": {""sbp"": 131, ""dbp"": 85, ""meds_taken"": null, ""symptoms"": []}, ""valid"": true, ""confirmed"": true, ""backend"": ""synthetic""}",1093,
695,51,in,report,fr,tension 138/80,2026-07-28T06:54:00,"{""intent"": ""bp_report"", ""fields"": {""sbp"": 138, ""dbp"": 80, ""meds_taken"": null, ""symptoms"": []}, ""valid"": true, ""confirmed"": true, ""backend"": ""synthetic""}",1094,
696,51,in,report,fr,"Ma tension est 132 sur 84, je prends bien mes médicaments chaque jour.",2026-08-05T15:51:00,"{""intent"": ""bp_report"", ""fields"": {""sbp"": 132, ""dbp"": 84, ""meds_taken"": ""yes"", ""symptoms"": []}, ""valid"": true, ""confirmed"": true, ""backend"": ""synthetic""}",1095,
697,51,in,report,fr,"Bonjour, ma tension aujourd'hui est 125/80. J'ai pris mes médicaments.",2026-08-15T16:35:00,"{""intent"": ""bp_report"", ""fields"": {""sbp"": 125, ""dbp"": 80, ""meds_taken"": ""yes"", ""symptoms"": []}, ""valid"": true, ""confirmed"": true, ""backend"": ""synthetic""}",1096,
698,51,in,report,fr,J'ai mesuré au centre de santé : 136/85. Médicaments pris.,2026-08-31T14:42:00,"{""intent"": ""bp_report"", ""fields"": {""sbp"": 136, ""dbp"": 85, ""meds_taken"": ""yes"", ""symptoms"": []}, ""valid"": true, ""confirmed"": true, ""backend"": ""synthetic""}",1097,
699,51,in,report,fr,J'ai mesuré au centre de santé : 126/74. Médicaments pris.,2026-09-19T13:27:00,"{""intent"": ""bp_report"", ""fields"": {""sbp"": 126, ""dbp"": 74, ""meds_taken"": ""yes"", ""symptoms"": []}, ""valid"": true, ""confirmed"": true, ""backend"": ""synthetic""}",1098,
700,51,out,quiz,fr,Quel est un signe d'alerte d'AVC ?,2026-09-03T10:00:00,"{""question_id"": ""q07""}",,sent
701,51,out,quiz,fr,Quel est aussi un signe d'AVC ?,2026-08-14T10:00:00,"{""question_id"": ""q08""}",,sent
702,52,in,report,sw,"Mimi ni mzima. Presha ni 127/80, nakunywa dawa kila siku.",2026-04-21T07:03:00,"{""intent"": ""bp_report"", ""fields"": {""sbp"": 127, ""dbp"": 80, ""meds_taken"": ""yes"", ""symptoms"": []}, ""valid"": true, ""confirmed"": true, ""backend"": ""synthetic""}",1112,
703,52,in,report,sw,"Habari daktari, presha yangu ni 122 kwa 81. Nimekunywa dawa zangu.",2026-05-06T17:12:00,"{""intent"": ""bp_report"", ""fields"": {""sbp"": 122, ""dbp"": 81, ""meds_taken"": ""yes"", ""symptoms"": []}, ""valid"": true, ""confirmed"": true, ""backend"": ""synthetic""}",1113,
704,52,in,report,sw,120/77 leo. Asante,2026-05-24T13:43:00,"{""intent"": ""bp_report"", ""fields"": {""sbp"": 120, ""dbp"": 77, ""meds_taken"": null, ""symptoms"": []}, ""valid"": true, ""confirmed"": true, ""backend"": ""synthetic""}",1114,
705,52,in,report,sw,"Shikamoo. Nimepima leo 121/74, dawa nimekunywa asubuhi.",2026-06-14T17:02:00,"{""intent"": ""bp_report"", ""fields"": {""sbp"": 121, ""dbp"": 74, ""meds_taken"": ""yes"", ""symptoms"": []}, ""valid"": true, ""confirmed"": true, ""backend"": ""synthetic""}",1115,
706,52,in,report,sw,"Shikamoo. Nimepima leo 124/76, dawa nimekunywa asubuhi.",2026-07-03T20:51:00,"{""intent"": ""bp_report"", ""fields"": {""sbp"": 124, ""dbp"": 76, ""meds_taken"": ""yes"", ""symptoms"": []}, ""valid"": true, ""confirmed"": true, ""backend"": ""synthetic""}",1116,
707,52,in,report,sw,115/72 leo. Asante,2026-07-15T09:13:00,"{""intent"": ""bp_report"", ""fields"": {""sbp"": 115, ""dbp"": 72, ""meds_taken"": null, ""symptoms"": []}, ""valid"": true, ""confirmed"": true, ""backend"": ""synthetic""}",1117,
708,52,in,report,sw,132/82 leo. Asante,2026-07-25T15:08:00,"{""intent"": ""bp_report"", ""fields"": {""sbp"": 132, ""dbp"": 82, ""meds_taken"": null, ""symptoms"": []}, ""valid"": true, ""confirmed"": true, ""backend"": ""synthetic""}",1118,
709,52,in,report,sw,"Shikamoo. Nimepima leo 127/71, dawa nimekunywa asubuhi.",2026-08-03T20:02:00,"{""intent"": ""bp_report"", ""fields"": {""sbp"": 127, ""dbp"": 71, ""meds_taken"": ""yes"", ""symptoms"": []}, ""valid"": true, ""confirmed"": true, ""backend"": ""synthetic""}",1119,
710,52,in,report,sw,"Mimi ni mzima. Presha ni 125/76, nakunywa dawa kila siku.",2026-08-18T18:56:00,"{""intent"": ""bp_report"", ""fields"": {""sbp"": 125, ""dbp"": 76, ""meds_taken"": ""yes"", ""symptoms"": []}, ""valid"": true, ""confirmed"": true, ""backend"": ""synthetic""}",1120,
711,52,in,report,sw,"Habari daktari, presha yangu ni 126 kwa 69. Nimekunywa dawa zangu.",2026-08-30T16:03:00,"{""intent"": ""bp_report"", ""fields"": {""sbp"": 126, ""dbp"": 69, ""meds_taken"": ""yes"", ""symptoms"": []}, ""valid"": true, ""confirmed"": true, ""backend"": ""synthetic""}",1121,
712,52,in,report,sw,"Habari daktari, presha yangu ni 138 kwa 82. Nimekunywa dawa zangu.",2026-09-09T15:49:00,"{""intent"": ""bp_report"", ""fields"": {""sbp"": 138, ""dbp"": 82, ""meds_taken"": ""yes"", ""symptoms"": []}, ""valid"": true, ""confirmed"": true, ""backend"": ""synthetic""}",1122,
713,52,in,other,sw,Naweza kunywa dawa ya presha pamoja na chakula?,2026-09-10T09:52:00,"{""intent"": ""meds_question"", ""fields"": {}, ""valid"": true, ""confirmed"": true, ""backend"": ""synthetic""}",,
714,52,in,report,sw,presha leo 145/92,2026-09-21T08:50:00,"{""intent"": ""bp_report"", ""fields"": {""sbp"": 145, ""dbp"": 92, ""meds_taken"": null, ""symptoms"": []}, ""valid"": true, ""confirmed"": true, ""backend"": ""synthetic""}",1123,
715,52,in,other,sw,Naweza kunywa dawa ya presha pamoja na chakula?,2026-09-22T19:37:00,"{""intent"": ""meds_question"", ""fields"": {}, ""valid"": true, ""confirmed"": true, ""backend"": ""synthetic""}",,
716,52,out,quiz,sw,Unapaswa kunywa dawa ya presha lini?,2026-09-18T10:00:00,"{""question_id"": ""q01""}",,sent
717,52,out,quiz,sw,Uso unalegea au mkono unakosa nguvu ghafla. Ufanye nini?,2026-08-28T10:00:00,"{""question_id"": ""q10""}",,sent
718,52,out,quiz,sw,Nini kinasaidia kushusha presha?,2026-09-15T10:00:00,"{""question_id"": ""q04""}",,sent
719,52,out,quiz,sw,Dawa yako inakaribia kuisha. Ufanye nini?,2026-10-02T10:00:00,"{""question_id"": ""q03""}",,sent
720,53,in,report,fr,"Bjr, tension 130 sur 89 ce matin",2026-04-19T08:30:00,"{""intent"": ""bp_report"", ""fields"": {""sbp"": 130, ""dbp"": 89, ""meds_taken"": null, ""symptoms"": []}, ""valid"": true, ""confirmed"": true, ""backend"": ""synthetic""}",1136,
721,53,in,report,fr,"Bjr, tension 129 sur 84 ce matin",2026-04-28T15:46:00,"{""intent"": ""bp_report"", ""fields"": {""sbp"": 129, ""dbp"": 84, ""meds_taken"": null, ""symptoms"": []}, ""valid"": true, ""confirmed"": true, ""backend"": ""synthetic""}",1137,
722,53,in,report,fr,"Ma tension est 137 sur 89, je prends bien mes médicaments chaque jour.",2026-05-05T15:39:00,"{""intent"": ""bp_report"", ""fields"": {""sbp"": 137, ""dbp"": 89, ""meds_taken"": ""yes"", ""symptoms"": []}, ""valid"": true, ""confirmed"": true, ""backend"": ""synthetic""}",1138,
723,53,in,other,fr,"Bonjour, je suis en voyage cette semaine.",2026-05-06T14:01:00,"{""intent"": ""other"", ""fields"": {}, ""valid"": true, ""confirmed"": true, ""backend"": ""synthetic""}",,
724,53,in,report,fr,J'ai mesuré au centre de santé : 128/86. Médicaments pris.,2026-05-20T20:26:00,"{""intent"": ""bp_report"", ""fields"": {""sbp"": 128, ""dbp"": 86, ""meds_taken"": ""yes"", ""symptoms"": []}, ""valid"": true, ""confirmed"": true, ""backend"": ""synthetic""}",1139,
725,53,in,report,fr,tension 135/82,2026-05-28T14:24:00,"{""intent"": ""bp_report"", ""fields"": {""sbp"": 135, ""dbp"": 82, ""meds_taken"": null, ""symptoms"": []}, ""valid"": true, ""confirmed"": true, ""backend"": ""synthetic""}",1140,
726,53,in,report,fr,"Bonjour, ma tension aujourd'hui est 125/83. J'ai pris mes médicaments.",2026-06-06T19:12:00,"{""intent"": ""bp_report"", ""fields"": {""sbp"": 125, ""dbp"": 83, ""meds_taken"": ""yes"", ""symptoms"": []}, ""valid"": true, ""confirmed"": true, ""backend"": ""synthetic""}",1141,
727,53,in,report,fr,"Ma tension est 133 sur 85, je prends bien mes médicaments chaque jour.",2026-06-21T10:13:00,"{""intent"": ""bp_report"", ""fields"": {""sbp"": 133, ""dbp"": 85, ""meds_taken"": ""yes"", ""symptoms"": []}, ""valid"": true, ""confirmed"": true, ""backend"": ""synthetic""}",1142,
728,53,in,other,fr,"Le médicament me fait gonfler les pieds, c'est normal ?",2026-06-22T13:04:00,"{""intent"": ""meds_question"", ""fields"": {}, ""valid"": true, ""confirmed"": true, ""backend"": ""synthetic""}",,
729,53,in,report,fr,tension 130/83,2026-06-28T06:11:00,"{""intent"": ""bp_report"", ""fields"": {""sbp"": 130, ""dbp"": 83, ""meds_taken"": null, ""symptoms"": []}, ""valid"": true, ""confirmed"": true, ""backend"": ""synthetic""}",1143,
730,53,in,report,fr,"Bonjour, ma tension aujourd'hui est 135/85. J'ai pris mes médicaments.",2026-07-13T08:19:00,"{""intent"": ""bp_report"", ""fields"": {""sbp"": 135, ""dbp"": 85, ""meds_taken"": ""yes"", ""symptoms"": []}, ""valid"": true, ""confirmed"": true, ""backend"": ""synthetic""}",1144,
731,53,in,report,fr,"Bjr, tension 129 sur 88 ce matin",2026-07-22T12:48:00,"{""intent"": ""bp_report"", ""fields"": {""sbp"": 129, ""dbp"": 88, ""meds_taken"": null, ""symptoms"": []}, ""valid"": true, ""confirmed"": true, ""backend"": ""synthetic""}",1145,
732,53,in,report,fr,"Ma tension est 130 sur 90, je prends bien mes médicaments chaque jour.",2026-08-05T18:49:00,"{""intent"": ""bp_report"", ""fields"": {""sbp"": 130, ""dbp"": 90, ""meds_taken"": ""yes"", ""symptoms"": []}, ""valid"": true, ""confirmed"": true, ""backend"": ""synthetic""}",1146,
733,53,in,report,fr,"Bjr, tension 133 sur 84 ce matin",2026-08-12T12:26:00,"{""intent"": ""bp_report"", ""fields"": {""sbp"": 133, ""dbp"": 84, ""meds_taken"": null, ""symptoms"": []}, ""valid"": true, ""confirmed"": true, ""backend"": ""synthetic""}",1147,
734,53,in,report,fr,"Ma tension est 135 sur 78, je prends bien mes médicaments chaque jour.",2026-08-27T13:15:00,"{""intent"": ""bp_report"", ""fields"": {""sbp"": 135, ""dbp"": 78, ""meds_taken"": ""yes"", ""symptoms"": []}, ""valid"": true, ""confirmed"": true, ""backend"": ""synthetic""}",1148,
735,53,in,other,fr,Je dois prendre le comprimé le matin ou le soir ?,2026-08-28T15:52:00,"{""intent"": ""meds_question"", ""fields"": {}, ""valid"": true, ""confirmed"": true, ""backend"": ""synthetic""}",,
736,53,in,report,fr,"Ma tension est 141 sur 88, je prends bien mes médicaments chaque jour.",2026-09-09T16:03:00,"{""intent"": ""bp_report"", ""fields"": {""sbp"": 141, ""dbp"": 88, ""meds_taken"": ""yes"", ""symptoms"": []}, ""valid"": true, ""confirmed"": true, ""backend"": ""synthetic""}",1149,
737,53,in,report,fr,"Bjr, tension 155 sur 100 ce matin",2026-09-24T06:36:00,"{""intent"": ""bp_report"", ""fields"": {""sbp"": 155, ""dbp"": 100, ""meds_taken"": null, ""symptoms"": []}, ""valid"": true, ""confirmed"": true, ""backend"": ""synthetic""}",1150,
738,54,in,report,fr,tension 137/88,2026-04-16T15:21:00,"{""intent"": ""bp_report"", ""fields"": {""sbp"": 137, ""dbp"": 88, ""meds_taken"": null, ""symptoms"": []}, ""valid"": true, ""confirmed"": true, ""backend"": ""synthetic""}",1164,
739,54,in,report,fr,"Bjr, tension 138 sur 88 ce matin",2026-05-06T15:41:00,"{""intent"": ""bp_report"", ""fields"": {""sbp"": 138, ""dbp"": 88, ""meds_taken"": null, ""symptoms"": []}, ""valid"": true, ""confirmed"": true, ""backend"": ""synthetic""}",1165,
740,54,in,report,fr,J'ai mesuré au centre de santé : 141/90. Médicaments pris.,2026-05-18T16:05:00,"{""intent"": ""bp_report"", ""fields"": {""sbp"": 141, ""dbp"": 90, ""meds_taken"": ""yes"", ""symptoms"": []}, ""valid"": true, ""confirmed"": true, ""backend"": ""synthetic""}",1166,
741,54,in,report,fr,"Bonjour, ma tension aujourd'hui est 133/90. J'ai pris mes médicaments.",2026-06-04T10:02:00,"{""intent"": ""bp_report"", ""fields"": {""sbp"": 133, ""dbp"": 90, ""meds_taken"": ""yes"", ""symptoms"": []}, ""valid"": true, ""confirmed"": true, ""backend"": ""synthetic""}",1167,
742,54,in,report,fr,"Bonjour, ma tension aujourd'hui est 144/89. J'ai pris mes médicaments.",2026-06-21T10:28:00,"{""intent"": ""bp_report"", ""fields"": {""sbp"": 144, ""dbp"": 89, ""meds_taken"": ""yes"", ""symptoms"": []}, ""valid"": true, ""confirmed"": true, ""backend"": ""synthetic""}",1168,
743,54,in,report,fr,"Ma tension est 143 sur 93, je prends bien mes médicaments chaque jour.",2026-07-08T06:15:00,"{""intent"": ""bp_report"", ""fields"": {""sbp"": 143, ""dbp"": 93, ""meds_taken"": ""yes"", ""symptoms"": []}, ""valid"": true, ""confirmed"": true, ""backend"": ""synthetic""}",1169,
744,54,in,report,fr,"Bjr, tension 155 sur 101 ce matin",2026-07-22T16:09:00,"{""intent"": ""bp_report"", ""fields"": {""sbp"": 155, ""dbp"": 101, ""meds_taken"": null, ""symptoms"": []}, ""valid"": true, ""confirmed"": true, ""backend"": ""synthetic""}",1170,
745,54,in,report,fr,"Ma tension est 148 sur 98, je prends bien mes médicaments chaque jour.",2026-07-31T06:17:00,"{""intent"": ""bp_report"", ""fields"": {""sbp"": 148, ""dbp"": 98, ""meds_taken"": ""yes"", ""symptoms"": []}, ""valid"": true, ""confirmed"": true, ""backend"": ""synthetic""}",1171,
746,54,in,report,fr,"Bjr, tension 145 sur 95 ce matin",2026-08-08T18:14:00,"{""intent"": ""bp_report"", ""fields"": {""sbp"": 145, ""dbp"": 95, ""meds_taken"": null, ""symptoms"": []}, ""valid"": true, ""confirmed"": true, ""backend"": ""synthetic""}",1172,
747,54,in,report,fr,"Ma tension est 143 sur 92, je prends bien mes médicaments chaque jour.",2026-08-23T18:44:00,"{""intent"": ""bp_report"", ""fields"": {""sbp"": 143, ""dbp"": 92, ""meds_taken"": ""yes"", ""symptoms"": []}, ""valid"": true, ""confirmed"": true, ""backend"": ""synthetic""}",1173,
748,54,in,report,fr,"Ma tension est 153 sur 98, je prends bien mes médicaments chaque jour.",2026-09-05T07:19:00,"{""intent"": ""bp_report"", ""fields"": {""sbp"": 153, ""dbp"": 98, ""meds_taken"": ""yes"", ""symptoms"": []}, ""valid"": true, ""confirmed"": true, ""backend"": ""synthetic""}",1174,
749,54,in,report,fr,tension 147/88,2026-09-26T06:45:00,"{""intent"": ""bp_report"", ""fields"": {""sbp"": 147, ""dbp"": 88, ""meds_taken"": null, ""symptoms"": []}, ""valid"": true, ""confirmed"": true, ""backend"": ""synthetic""}",1175,
750,57,in,report,sw,Nimepima dispensari 132/81. Nimekunywa dawa moja tu kati ya mbili.,2026-04-16T11:46:00,"{""intent"": ""bp_report"", ""fields"": {""sbp"": 132, ""dbp"": 81, ""meds_taken"": ""partial"", ""symptoms"": []}, ""valid"": true, ""confirmed"": true, ""backend"": ""synthetic""}",1200,
751,57,in,report,sw,presha leo 130/82,2026-05-03T20:01:00,"{""intent"": ""bp_report"", ""fields"": {""sbp"": 130, ""dbp"": 82, ""meds_taken"": null, ""symptoms"": []}, ""valid"": true, ""confirmed"": true, ""backend"": ""synthetic""}",1201,
752,57,in,report,sw,Nimepima dispensari 130/80. Nimekunywa dawa moja tu kati ya mbili.,2026-05-19T12:22:00,"{""intent"": ""bp_report"", ""fields"": {""sbp"": 130, ""dbp"": 80, ""meds_taken"": ""partial"", ""symptoms"": []}, ""valid"": true, ""confirmed"": true, ""backend"": ""synthetic""}",1202,
753,57,in,report,sw,"Mimi ni mzima. Presha ni 125/78, nakunywa dawa kila siku.",2026-06-06T14:12:00,"{""intent"": ""bp_report"", ""fields"": {""sbp"": 125, ""dbp"": 78, ""meds_taken"": ""yes"", ""symptoms"": []}, ""valid"": true, ""confirmed"": true, ""backend"": ""synthetic""}",1203,
754,57,in,report,sw,"Mimi ni mzima. Presha ni 129/83, nakunywa dawa kila siku.",2026-06-25T12:43:00,"{""intent"": ""bp_report"", ""fields"": {""sbp"": 129, ""dbp"": 83, ""meds_taken"": ""yes"", ""symptoms"": []}, ""valid"": true, ""confirmed"": true, ""backend"": ""synthetic""}",1204,
755,57,in,report,sw,presha leo 129/83,2026-07-10T15:29:00,"{""intent"": ""bp_report"", ""fields"": {""sbp"": 129, ""dbp"": 83, ""meds_taken"": null, ""symptoms"": []}, ""valid"": true, ""confirmed"": true, ""backend"": ""synthetic""}",1205,
756,57,in,other,sw,"Je, niendelee kunywa dawa hata kama najisikia vizuri?",2026-07-11T11:12:00,"{""intent"": ""meds_question"", ""fields"": {}, ""valid"": true, ""confirmed"": true, ""backend"": ""synthetic""}",,
757,57,in,report,sw,"Habari daktari, presha yangu ni 131 kwa 83. Nimekunywa dawa zangu.",2026-07-19T12:19:00,"{""intent"": ""bp_report"", ""fields"": {""sbp"": 131, ""dbp"": 83, ""meds_taken"": ""yes"", ""symptoms"": []}, ""valid"": true, ""confirmed"": true, ""backend"": ""synthetic""}",1206,
758,57,in,report,sw,120/77 leo. Asante,2026-07-30T15:46:00,"{""intent"": ""bp_report"", ""fields"": {""sbp"": 120, ""dbp"": 77, ""meds_taken"": null, ""symptoms"": []}, ""valid"": true, ""confirmed"": true, ""backend"": ""synthetic""}",1207,
759,57,in,other,sw,"Sawa, nimeelewa.",2026-07-31T12:36:00,"{""intent"": ""other"", ""fields"": {}, ""valid"": true, ""confirmed"": true, ""backend"": ""synthetic""}",,
760,57,in,report,sw,"Shikamoo. Nimepima leo 134/77, dawa nimekunywa asubuhi.",2026-08-17T13:10:00,"{""intent"": ""bp_report"", ""fields"": {""sbp"": 134, ""dbp"": 77, ""meds_taken"": ""yes"", ""symptoms"": []}, ""valid"": true, ""confirmed"": true, ""backend"": ""synthetic""}",1208,
761,57,in,report,sw,"Habari daktari, presha yangu ni 128 kwa 80. Nimekunywa dawa zangu.",2026-09-05T20:10:00,"{""intent"": ""bp_report"", ""fields"": {""sbp"": 128, ""dbp"": 80, ""meds_taken"": ""yes"", ""symptoms"": []}, ""valid"": true, ""confirmed"": true, ""backend"": ""synthetic""}",1209,
762,57,in,other,sw,"Dawa zangu zimeisha, nitapata wapi zingine?",2026-09-06T20:03:00,"{""intent"": ""meds_question"", ""fields"": {}, ""valid"": true, ""confirmed"": true, ""backend"": ""synthetic""}",,
763,57,in,report,sw,"Pressure yangu ni 132/85, nimekunywa nusu dozi kwa sababu dawa zinakaribia kuisha.",2026-09-24T11:18:00,"{""intent"": ""bp_report"", ""fields"": {""sbp"": 132, ""dbp"": 85, ""meds_taken"": ""partial"", ""symptoms"": []}, ""valid"": true, ""confirmed"": true, ""backend"": ""synthetic""}",1210,
764,57,in,other,sw,"Nikisahau dawa asubuhi, nikunywe jioni?",2026-09-25T17:01:00,"{""intent"": ""meds_question"", ""fields"": {}, ""valid"": true, ""confirmed"": true, ""backend"": ""synthetic""}",,
765,57,in,report,sw,"Shikamoo. Nimepima leo 127/82, dawa nimekunywa asubuhi.",2026-10-02T12:44:00,"{""intent"": ""bp_report"", ""fields"": {""sbp"": 127, ""dbp"": 82, ""meds_taken"": ""yes"", ""symptoms"": []}, ""valid"": true, ""confirmed"": true, ""backend"": ""synthetic""}",1211,
766,57,out,quiz,sw,Unawezaje kujua presha yako?,2026-07-24T10:00:00,"{""question_id"": ""q15""}",,sent
767,57,out,quiz,sw,Nini kinasaidia kushusha presha?,2026-09-10T10:00:00,"{""question_id"": ""q04""}",,sent
768,57,out,quiz,sw,Ipi ni dalili ya hatari ya kiharusi?,2026-09-03T10:00:00,"{""question_id"": ""q07""}",,sent
769,57,out,quiz,sw,Nini kingine kinasaidia presha yako?,2026-07-18T10:00:00,"{""question_id"": ""q06""}",,sent
770,59,in,report,sw,"Pressure yangu ni 147/87, nimekunywa nusu dozi kwa sababu dawa zinakaribia kuisha.",2026-04-16T14:16:00,"{""intent"": ""bp_report"", ""fields"": {""sbp"": 147, ""dbp"": 87, ""meds_taken"": ""partial"", ""symptoms"": []}, ""valid"": true, ""confirmed"": true, ""backend"": ""synthetic""}",1229,
771,59,in,report,sw,"Habari daktari, presha yangu ni 140 kwa 85. Nimekunywa dawa zangu.",2026-04-23T09:20:00,"{""intent"": ""bp_report"", ""fields"": {""sbp"": 140, ""dbp"": 85, ""meds_taken"": ""yes"", ""symptoms"": []}, ""valid"": true, ""confirmed"": true, ""backend"": ""synthetic""}",1230,
772,59,in,report,sw,presha 142 kwa 91 sijakunywa dawa tangu juzi,2026-05-08T08:48:00,"{""intent"": ""bp_report"", ""fields"": {""sbp"": 142, ""dbp"": 91, ""meds_taken"": ""no"", ""symptoms"": []}, ""valid"": true, ""confirmed"": true, ""backend"": ""synthetic""}",1231,
773,59,in,report,sw,presha 145 kwa 83 sijakunywa dawa tangu juzi,2026-05-21T12:53:00,"{""intent"": ""bp_report"", ""fields"": {""sbp"": 145, ""dbp"": 83, ""meds_taken"": ""no"", ""symptoms"": []}, ""valid"": true, ""confirmed"": true, ""backend"": ""synthetic""}",1232,
774,59,in,report,sw,139/88 leo. Asante,2026-06-11T09:53:00,"{""intent"": ""bp_report"", ""fields"": {""sbp"": 139, ""dbp"": 88, ""meds_taken"": null, ""symptoms"": []}, ""valid"": true, ""confirmed"": true, ""backend"": ""synthetic""}",1233,
775,59,in,report,sw,presha leo 144/92,2026-06-26T06:31:00,"{""intent"": ""bp_report"", ""fields"": {""sbp"": 144, ""dbp"": 92, ""meds_taken"": null, ""symptoms"": []}, ""valid"": true, ""confirmed"": true, ""backend"": ""synthetic""}",1234,
776,59,in,report,sw,presha leo 143/86,2026-07-11T09:30:00,"{""intent"": ""bp_report"", ""fields"": {""sbp"": 143, ""dbp"": 86, ""meds_taken"": null, ""symptoms"": []}, ""valid"": true, ""confirmed"": true, ""backend"": ""synthetic""}",1235,
777,59,in,report,sw,"Pressure yangu ni 138/90, nimekunywa nusu dozi kwa sababu dawa zinakaribia kuisha.",2026-08-01T18:49:00,"{""intent"": ""bp_report"", ""fields"": {""sbp"": 138, ""dbp"": 90, ""meds_taken"": ""partial"", ""symptoms"": []}, ""valid"": true, ""confirmed"": true, ""backend"": ""synthetic""}",1236,
778,59,in,report,sw,142/85 leo. Asante,2026-08-11T14:59:00,"{""intent"": ""bp_report"", ""fields"": {""sbp"": 142, ""dbp"": 85, ""meds_taken"": null, ""symptoms"": []}, ""valid"": true, ""confirmed"": true, ""backend"": ""synthetic""}",1237,
779,59,in,report,sw,presha leo 147/93,2026-08-19T19:51:00,"{""intent"": ""bp_report"", ""fields"": {""sbp"": 147, ""dbp"": 93, ""meds_taken"": null, ""symptoms"": []}, ""valid"": true, ""confirmed"": true, ""backend"": ""synthetic""}",1238,
780,59,in,report,sw,presha 137 kwa 81 sijakunywa dawa tangu juzi,2026-08-27T06:11:00,"{""intent"": ""bp_report"", ""fields"": {""sbp"": 137, ""dbp"": 81, ""meds_taken"": ""no"", ""symptoms"": []}, ""valid"": true, ""confirmed"": true, ""backend"": ""synthetic""}",1239,
781,59,in,report,sw,Nimepima dispensari 143/89. Nimekunywa dawa moja tu kati ya mbili.,2026-09-06T14:48:00,"{""intent"": ""bp_report"", ""fields"": {""sbp"": 143, ""dbp"": 89, ""meds_taken"": ""partial"", ""symptoms"": []}, ""valid"": true, ""confirmed"": true, ""backend"": ""synthetic""}",1240,
782,59,in,report,sw,151/97 leo. Asante,2026-09-16T19:07:00,"{""intent"": ""bp_report"", ""fields"": {""sbp"": 151, ""dbp"": 97, ""meds_taken"": null, ""symptoms"": []}, ""valid"": true, ""confirmed"": true, ""backend"": ""synthetic""}",1241,
783,59,out,quiz,sw,Unapata maumivu makali ya kichwa ghafla na huoni vizuri. Ufanye nini?,2026-07-21T10:00:00,"{""question_id"": ""q11""}",,sent
784,59,out,quiz,sw,Nini kingine kinasaidia presha yako?,2026-08-31T10:00:00,"{""question_id"": ""q06""}",,sent
785,60,in,report,sw,"Habari daktari, presha yangu ni 119 kwa 75. Nimekunywa dawa zangu.",2026-04-13T17:06:00,"{""intent"": ""bp_report"", ""fields"": {""sbp"": 119, ""dbp"": 75, ""meds_taken"": ""yes"", ""symptoms"": []}, ""valid"": true, ""confirmed"": true, ""backend"": ""synthetic""}",1252,
786,60,in,report,sw,"Habari daktari, presha yangu ni 139 kwa 88. Nimekunywa dawa zangu.",2026-04-26T09:35:00,"{""intent"": ""bp_report"", ""fields"": {""sbp"": 139, ""dbp"": 88, ""meds_taken"": ""yes"", ""symptoms"": []}, ""valid"": true, ""confirmed"": true, ""backend"": ""synthetic""}",1253,
787,60,in,report,sw,"Mimi ni mzima. Presha ni 130/80, nakunywa dawa kila siku.",2026-05-15T10:13:00,"{""intent"": ""bp_report"", ""fields"": {""sbp"": 130, ""dbp"": 80, ""meds_taken"": ""yes"", ""symptoms"": []}, ""valid"": true, ""confirmed"": true, ""backend"": ""synthetic""}",1254,
788,60,in,report,sw,presha leo 123/74,2026-06-04T13:33:00,"{""intent"": ""bp_report"", ""fields"": {""sbp"": 123, ""dbp"": 74, ""meds_taken"": null, ""symptoms"": []}, ""valid"": true, ""confirmed"": true, ""backend"": ""synthetic""}",1255,
789,60,in,report,sw,127/78 leo. Asante,2026-06-13T08:43:00,"{""intent"": ""bp_report"", ""fields"": {""sbp"": 127, ""dbp"": 78, ""meds_taken"": null, ""symptoms"": []}, ""valid"": true, ""confirmed"": true, ""backend"": ""synthetic""}",1256,
790,60,in,report,sw,125/77 leo. Asante,2026-06-26T12:26:00,"{""intent"": ""bp_report"", ""fields"": {""sbp"": 125, ""dbp"": 77, ""meds_taken"": null, ""symptoms"": []}, ""valid"": true, ""confirmed"": true, ""backend"": ""synthetic""}",1257,
791,60,in,report,sw,"Mimi ni mzima. Presha ni 131/85, nakunywa dawa kila siku.",2026-07-15T19:24:00,"{""intent"": ""bp_report"", ""fields"": {""sbp"": 131, ""dbp"": 85, ""meds_taken"": ""yes"", ""symptoms"": []}, ""valid"": true, ""confirmed"": true, ""backend"": ""synthetic""}",1258,
792,60,in,report,sw,125/78 leo. Asante,2026-07-23T17:48:00,"{""intent"": ""bp_report"", ""fields"": {""sbp"": 125, ""dbp"": 78, ""meds_taken"": null, ""symptoms"": []}, ""valid"": true, ""confirmed"": true, ""backend"": ""synthetic""}",1259,
793,60,in,report,sw,presha leo 129/82,2026-07-31T09:39:00,"{""intent"": ""bp_report"", ""fields"": {""sbp"": 129, ""dbp"": 82, ""meds_taken"": null, ""symptoms"": []}, ""valid"": true, ""confirmed"": true, ""backend"": ""synthetic""}",1260,
794,60,in,report,sw,"Shikamoo. Nimepima leo 138/83, dawa nimekunywa asubuhi.",2026-08-14T09:25:00,"{""intent"": ""bp_report"", ""fields"": {""sbp"": 138, ""dbp"": 83, ""meds_taken"": ""yes"", ""symptoms"": []}, ""valid"": true, ""confirmed"": true, ""backend"": ""synthetic""}",1261,
795,60,in,other,sw,Mungu akubariki mhudumu.,2026-08-15T16:18:00,"{""intent"": ""other"", ""fields"": {}, ""valid"": true, ""confirmed"": true, ""backend"": ""synthetic""}",,
796,60,in,report,sw,"Mimi ni mzima. Presha ni 125/79, nakunywa dawa kila siku.",2026-09-03T11:14:00,"{""intent"": ""bp_report"", ""fields"": {""sbp"": 125, ""dbp"": 79, ""meds_taken"": ""yes"", ""symptoms"": []}, ""valid"": true, ""confirmed"": true, ""backend"": ""synthetic""}",1262,
797,60,in,report,sw,"Shikamoo. Nimepima leo 121/72, dawa nimekunywa asubuhi.",2026-09-23T07:48:00,"{""intent"": ""bp_report"", ""fields"": {""sbp"": 121, ""dbp"": 72, ""meds_taken"": ""yes"", ""symptoms"": []}, ""valid"": true, ""confirmed"": true, ""backend"": ""synthetic""}",1263,
