id,chw_id,activity,patient_id,village,start,end
1,1,travel,1,Kirundo,2026-05-16T11:00:00,2026-05-16T11:15:00
2,1,visit,1,Kirundo,2026-05-16T11:15:00,2026-05-16T11:33:00
3,1,travel,1,Kirundo,2026-08-10T08:00:00,2026-08-10T08:08:00
4,1,visit,1,Kirundo,2026-08-10T08:08:00,2026-08-10T08:33:00
5,1,travel,1,Kirundo,2026-09-29T11:00:00,2026-09-29T11:11:00
6,1,visit,1,Kirundo,2026-09-29T11:11:00,2026-09-29T11:29:00
7,1,travel,2,Muyinga,2026-04-11T08:00:00,2026-04-11T08:43:00
8,1,visit,2,Muyinga,2026-04-11T08:43:00,2026-04-11T09:19:00
9,1,travel,2,Muyinga,2026-04-27T11:00:00,2026-04-27T11:36:00
10,1,visit,2,Muyinga,2026-04-27T11:36:00,2026-04-27T12:10:00
11,1,travel,2,Muyinga,2026-05-15T10:00:00,2026-05-15T10:28:00
12,1,visit,2,Muyinga,2026-05-15T10:28:00,2026-05-15T11:02:00
13,1,travel,2,Muyinga,2026-06-08T12:00:00,2026-06-08T12:45:00
14,1,visit,2,Muyinga,2026-06-08T12:45:00,2026-06-08T13:26:00
15,1,travel,2,Muyinga,2026-06-28T10:00:00,2026-06-28T10:41:00
16,1,visit,2,Muyinga,2026-06-28T10:41:00,2026-06-28T11:13:00
17,1,travel,2,Muyinga,2026-07-12T13:00:00,2026-07-12T13:52:00
18,1,visit,2,Muyinga,2026-07-12T13:52:00,2026-07-12T14:27:00
19,1,travel,2,Muyinga,2026-08-02T09:00:00,2026-08-02T09:31:00
20,1,visit,2,Muyinga,2026-08-02T09:31:00,2026-08-02T09:59:00
21,1,travel,2,Muyinga,2026-08-18T08:00:00,2026-08-18T08:39:00
22,1,visit,2,Muyinga,2026-08-18T08:39:00,2026-08-18T09:04:00
23,1,travel,2,Muyinga,2026-09-05T08:00:00,2026-09-05T08:39:00
24,1,visit,2,Muyinga,2026-09-05T08:39:00,2026-09-05T09:03:00
25,1,travel,2,Muyinga,2026-09-21T08:00:00,2026-09-21T08:34:00
26,1,visit,2,Muyinga,2026-09-21T08:34:00,2026-09-21T09:06:00
27,1,sms,2,Muyinga,2026-04-16T15:30:00,2026-04-16T15:33:00
28,1,sms,2,Muyinga,2026-04-27T07:26:00,2026-04-27T07:29:00
29,1,sms,2,Muyinga,2026-05-13T14:20:00,2026-05-13T14:23:00
30,1,sms,2,Muyinga,2026-05-25T14:00:00,2026-05-25T14:03:00
31,1,sms,2,Muyinga,2026-06-03T13:17:00,2026-06-03T13:20:00
32,1,sms,2,Muyinga,2026-06-24T20:37:00,2026-06-24T20:40:00
33,1,sms,2,Muyinga,2026-07-03T10:50:00,2026-07-03T10:53:00
34,1,sms,2,Muyinga,2026-07-19T11:25:00,2026-07-19T11:28:00
35,1,sms,2,Muyinga,2026-08-04T10:43:00,2026-08-04T10:46:00
36,1,sms,2,Muyinga,2026-08-13T15:03:00,2026-08-13T15:06:00
37,1,sms,2,Muyinga,2026-08-28T15:33:00,2026-08-28T15:36:00
38,1,sms,2,Muyinga,2026-09-17T19:27:00,2026-09-17T19:30:00
39,1,sms,2,Muyinga,2026-09-28T20:15:00,2026-09-28T20:18:00
40,1,travel,3,Rutana,2026-04-17T10:00:00,2026-04-17T10:40:00
41,1,visit,3,Rutana,2026-04-17T10:40:00,2026-04-17T11:14:00
42,1,travel,3,Rutana,2026-05-03T13:00:00,2026-05-03T13:42:00
43,1,visit,3,Rutana,2026-05-03T13:42:00,2026-05-03T14:12:00
44,1,travel,3,Rutana,2026-05-27T08:00:00,2026-05-27T08:47:00
45,1,visit,3,Rutana,2026-05-27T08:47:00,2026-05-27T09:11:00
46,1,travel,3,Rutana,2026-06-16T13:00:00,2026-06-16T13:34:00
47,1,visit,3,Rutana,2026-06-16T13:34:00,2026-06-16T13:57:00
48,1,travel,3,Rutana,2026-07-05T09:00:00,2026-07-05T09:33:00
49,1,visit,3,Rutana,2026-07-05T09:33:00,2026-07-05T10:03:00
50,1,travel,3,Rutana,2026-07-21T11:00:00,2026-07-21T11:34:00
51,1,visit,3,Rutana,2026-07-21T11:34:00,2026-07-21T12:11:00
52,1,travel,3,Rutana,2026-08-15T09:00:00,2026-08-15T09:33:00
53,1,visit,3,Rutana,2026-08-15T09:33:00,2026-08-15T09:56:00
54,1,travel,3,Rutana,2026-09-04T09:00:00,2026-09-04T09:34:00
55,1,visit,3,Rutana,2026-09-04T09:34:00,2026-09-04T10:01:00
56,1,travel,3,Rutana,2026-09-20T14:00:00,2026-09-20T14:42:00
57,1,visit,3,Rutana,2026-09-20T14:42:00,2026-09-20T15:12:00
58,1,sms,3,Rutana,2026-04-14T20:06:00,2026-04-14T20:09:00
59,1,sms,3,Rutana,2026-05-01T08:30:00,2026-05-01T08:33:00
60,1,sms,3,Rutana,2026-05-19T12:07:00,2026-05-19T12:10:00
61,1,sms,3,Rutana,2026-05-30T19:30:00,2026-05-30T19:33:00
62,1,sms,3,Rutana,2026-06-10T20:51:00,2026-06-10T20:54:00
63,1,sms,3,Rutana,2026-06-20T18:46:00,2026-06-20T18:49:00
64,1,sms,3,Rutana,2026-07-11T18:57:00,2026-07-11T19:00:00
65,1,sms,3,Rutana,2026-07-21T08:08:00,2026-07-21T08:11:00
66,1,sms,3,Rutana,2026-08-03T19:38:00,2026-08-03T19:41:00
67,1,sms,3,Rutana,2026-08-16T13:13:00,2026-08-16T13:16:00
68,1,sms,3,Rutana,2026-09-01T08:47:00,2026-09-01T08:50:00
69,1,sms,3,Rutana,2026-09-19T14:44:00,2026-09-19T14:47:00
70,1,travel,4,Gitega,2026-04-20T09:00:00,2026-04-20T09:26:00
71,1,visit,4,Gitega,2026-04-20T09:26:00,2026-04-20T09:59:00
72,1,travel,4,Gitega,2026-05-06T10:00:00,2026-05-06T10:18:00
73,1,visit,4,Gitega,2026-05-06T10:18:00,2026-05-06T10:47:00
74,1,travel,4,Gitega,2026-05-20T10:00:00,2026-05-20T10:25:00
75,1,visit,4,Gitega,2026-05-20T10:25:00,2026-05-20T10:46:00
76,1,travel,4,Gitega,2026-06-06T08:00:00,2026-06-06T08:15:00
77,1,visit,4,Gitega,2026-06-06T08:15:00,2026-06-06T08:48:00
78,1,travel,4,Gitega,2026-06-30T08:00:00,2026-06-30T08:17:00
79,1,visit,4,Gitega,2026-06-30T08:17:00,2026-06-30T08:34:00
80,1,travel,4,Gitega,2026-07-22T10:00:00,2026-07-22T10:24:00
81,1,visit,4,Gitega,2026-07-22T10:24:00,2026-07-22T10:43:00
82,1,travel,4,Gitega,2026-08-13T09:00:00,2026-08-13T09:20:00
83,1,visit,4,Gitega,2026-08-13T09:20:00,2026-08-13T09:51:00
84,1,travel,4,Gitega,2026-09-04T11:00:00,2026-09-04T11:24:00
85,1,visit,4,Gitega,2026-09-04T11:24:00,2026-09-04T11:55:00
86,1,travel,4,Gitega,2026-09-29T12:00:00,2026-09-29T12:13:00
87,1,visit,4,Gitega,2026-09-29T12:13:00,2026-09-29T12:34:00
88,1,sms,4,Gitega,2026-04-20T08:04:00,2026-04-20T08:07:00
89,1,sms,4,Gitega,2026-04-29T11:23:00,2026-04-29T11:26:00
90,1,sms,4,Gitega,2026-05-08T15:09:00,2026-05-08T15:12:00
91,1,sms,4,Gitega,2026-05-25T19:41:00,2026-05-25T19:44:00
92,1,sms,4,Gitega,2026-06-07T12:38:00,2026-06-07T12:41:00
93,1,sms,4,Gitega,2026-06-15T18:02:00,2026-06-15T18:05:00
94,1,sms,4,Gitega,2026-07-01T10:50:00,2026-07-01T10:53:00
95,1,sms,4,Gitega,2026-07-22T18:39:00,2026-07-22T18:42:00
96,1,sms,4,Gitega,2026-08-06T17:20:00,2026-08-06T17:23:00
97,1,sms,4,Gitega,2026-08-24T18:58:00,2026-08-24T19:01:00
98,1,sms,4,Gitega,2026-09-04T15:33:00,2026-09-04T15:36:00
99,1,sms,4,Gitega,2026-09-13T07:37:00,2026-09-13T07:40:00
100,1,sms,4,Gitega,2026-09-22T11:42:00,2026-09-22T11:45:00
101,1,travel,4,Gitega,2026-07-23T08:00:00,2026-07-23T08:11:00
102,1,visit,4,Gitega,2026-07-23T08:11:00,2026-07-23T08:30:00
103,1,travel,5,Cibitoke,2026-04-18T12:00:00,2026-04-18T12:52:00
104,1,visit,5,Cibitoke,2026-04-18T12:52:00,2026-04-18T13:17:00
105,1,travel,5,Cibitoke,2026-05-13T08:00:00,2026-05-13T08:51:00
106,1,visit,5,Cibitoke,2026-05-13T08:51:00,2026-05-13T09:25:00
107,1,travel,5,Cibitoke,2026-05-28T12:00:00,2026-05-28T12:55:00
108,1,visit,5,Cibitoke,2026-05-28T12:55:00,2026-05-28T13:30:00
109,1,travel,5,Cibitoke,2026-06-24T12:00:00,2026-06-24T13:04:00
110,1,visit,5,Cibitoke,2026-06-24T13:04:00,2026-06-24T13:44:00
111,1,travel,5,Cibitoke,2026-07-21T12:00:00,2026-07-21T13:00:00
112,1,visit,5,Cibitoke,2026-07-21T13:00:00,2026-07-21T13:40:00
113,1,travel,5,Cibitoke,2026-08-10T10:00:00,2026-08-10T10:35:00
114,1,visit,5,Cibitoke,2026-08-10T10:35:00,2026-08-10T11:05:00
115,1,travel,5,Cibitoke,2026-09-05T10:00:00,2026-09-05T10:54:00
116,1,visit,5,Cibitoke,2026-09-05T10:54:00,2026-09-05T11:34:00
117,1,travel,5,Cibitoke,2026-09-28T09:00:00,2026-09-28T10:01:00
118,1,visit,5,Cibitoke,2026-09-28T10:01:00,2026-09-28T10:46:00
119,1,sms,5,Cibitoke,2026-04-14T08:35:00,2026-04-14T08:38:00
120,1,sms,5,Cibitoke,2026-05-02T18:42:00,2026-05-02T18:45:00
121,1,sms,5,Cibitoke,2026-05-11T20:15:00,2026-05-11T20:18:00
122,1,sms,5,Cibitoke,2026-05-20T11:47:00,2026-05-20T11:50:00
123,1,sms,5,Cibitoke,2026-05-30T07:32:00,2026-05-30T07:35:00
124,1,sms,5,Cibitoke,2026-06-09T15:06:00,2026-06-09T15:09:00
125,1,sms,5,Cibitoke,2026-06-28T18:20:00,2026-06-28T18:23:00
126,1,sms,5,Cibitoke,2026-07-07T09:47:00,2026-07-07T09:50:00
127,1,sms,5,Cibitoke,2026-07-22T09:52:00,2026-07-22T09:55:00
128,1,sms,5,Cibitoke,2026-08-08T17:00:00,2026-08-08T17:03:00
129,1,sms,5,Cibitoke,2026-08-27T15:14:00,2026-08-27T15:17:00
130,1,sms,5,Cibitoke,2026-09-13T10:49:00,2026-09-13T10:52:00
131,1,sms,5,Cibitoke,2026-09-26T08:11:00,2026-09-26T08:14:00
132,1,travel,6,Cibitoke,2026-04-18T08:00:00,2026-04-18T09:14:00
133,1,visit,6,Cibitoke,2026-04-18T09:14:00,2026-04-18T09:48:00
134,1,travel,6,Cibitoke,2026-05-15T08:00:00,2026-05-15T08:32:00
135,1,visit,6,Cibitoke,2026-05-15T08:32:00,2026-05-15T09:02:00
136,1,travel,6,Cibitoke,2026-06-05T14:00:00,2026-06-05T15:03:00
137,1,visit,6,Cibitoke,2026-06-05T15:03:00,2026-06-05T15:44:00
138,1,travel,6,Cibitoke,2026-07-02T11:00:00,2026-07-02T11:44:00
139,1,visit,6,Cibitoke,2026-07-02T11:44:00,2026-07-02T12:23:00
140,1,travel,6,Cibitoke,2026-07-16T10:00:00,2026-07-16T10:49:00
141,1,visit,6,Cibitoke,2026-07-16T10:49:00,2026-07-16T11:28:00
142,1,travel,6,Cibitoke,2026-08-07T13:00:00,2026-08-07T14:06:00
143,1,visit,6,Cibitoke,2026-08-07T14:06:00,2026-08-07T14:44:00
144,1,travel,6,Cibitoke,2026-08-26T10:00:00,2026-08-26T10:51:00
145,1,visit,6,Cibitoke,2026-08-26T10:51:00,2026-08-26T11:28:00
146,1,travel,6,Cibitoke,2026-09-18T14:00:00,2026-09-18T14:48:00
147,1,visit,6,Cibitoke,2026-09-18T14:48:00,2026-09-18T15:27:00
148,1,sms,6,Cibitoke,2026-04-16T18:16:00,2026-04-16T18:19:00
149,1,sms,6,Cibitoke,2026-04-29T07:45:00,2026-04-29T07:48:00
150,1,sms,6,Cibitoke,2026-05-20T17:41:00,2026-05-20T17:44:00
151,1,sms,6,Cibitoke,2026-05-30T14:19:00,2026-05-30T14:22:00
152,1,sms,6,Cibitoke,2026-06-18T20:18:00,2026-06-18T20:21:00
153,1,sms,6,Cibitoke,2026-06-27T06:01:00,2026-06-27T06:04:00
154,1,sms,6,Cibitoke,2026-07-10T16:40:00,2026-07-10T16:43:00
155,1,sms,6,Cibitoke,2026-07-23T15:32:00,2026-07-23T15:35:00
156,1,sms,6,Cibitoke,2026-07-30T17:22:00,2026-07-30T17:25:00
157,1,sms,6,Cibitoke,2026-08-20T10:57:00,2026-08-20T11:00:00
158,1,sms,6,Cibitoke,2026-08-27T14:12:00,2026-08-27T14:15:00
159,1,sms,6,Cibitoke,2026-09-07T16:04:00,2026-09-07T16:07:00
160,1,sms,6,Cibitoke,2026-09-16T12:39:00,2026-09-16T12:42:00
161,1,sms,6,Cibitoke,2026-09-23T15:42:00,2026-09-23T15:45:00
162,1,travel,6,Cibitoke,2026-08-07T11:00:00,2026-08-07T12:14:00
163,1,visit,6,Cibitoke,2026-08-07T12:14:00,2026-08-07T12:45:00
164,1,travel,7,Ngozi,2026-04-09T09:00:00,2026-04-09T09:24:00
165,1,visit,7,Ngozi,2026-04-09T09:24:00,2026-04-09T09:48:00
166,1,travel,7,Ngozi,2026-05-03T12:00:00,2026-05-03T12:24:00
167,1,visit,7,Ngozi,2026-05-03T12:24:00,2026-05-03T12:55:00
168,1,travel,7,Ngozi,2026-05-27T10:00:00,2026-05-27T10:23:00
169,1,visit,7,Ngozi,2026-05-27T10:23:00,2026-05-27T10:59:00
170,1,travel,7,Ngozi,2026-06-18T11:00:00,2026-06-18T11:31:00
171,1,visit,7,Ngozi,2026-06-18T11:31:00,2026-06-18T11:57:00
172,1,travel,7,Ngozi,2026-07-11T11:00:00,2026-07-11T11:25:00
173,1,visit,7,Ngozi,2026-07-11T11:25:00,2026-07-11T11:58:00
174,1,travel,7,Ngozi,2026-07-29T11:00:00,2026-07-29T11:17:00
175,1,visit,7,Ngozi,2026-07-29T11:17:00,2026-07-29T11:47:00
176,1,travel,7,Ngozi,2026-08-12T10:00:00,2026-08-12T10:27:00
177,1,visit,7,Ngozi,2026-08-12T10:27:00,2026-08-12T10:55:00
178,1,travel,7,Ngozi,2026-09-05T08:00:00,2026-09-05T08:29:00
179,1,visit,7,Ngozi,2026-09-05T08:29:00,2026-09-05T08:50:00
180,1,travel,7,Ngozi,2026-09-29T11:00:00,2026-09-29T11:22:00
181,1,visit,7,Ngozi,2026-09-29T11:22:00,2026-09-29T11:55:00
182,1,sms,7,Ngozi,2026-04-19T06:56:00,2026-04-19T06:59:00
183,1,sms,7,Ngozi,2026-05-07T11:21:00,2026-05-07T11:24:00
184,1,sms,7,Ngozi,2026-05-23T10:37:00,2026-05-23T10:40:00
185,1,sms,7,Ngozi,2026-06-03T09:35:00,2026-06-03T09:38:00
186,1,sms,7,Ngozi,2026-06-10T08:32:00,2026-06-10T08:35:00
187,1,sms,7,Ngozi,2026-06-29T18:06:00,2026-06-29T18:09:00
188,1,sms,7,Ngozi,2026-07-13T11:03:00,2026-07-13T11:06:00
189,1,sms,7,Ngozi,2026-07-27T09:03:00,2026-07-27T09:06:00
190,1,sms,7,Ngozi,2026-08-04T14:27:00,2026-08-04T14:30:00
191,1,sms,7,Ngozi,2026-08-22T11:29:00,2026-08-22T11:32:00
192,1,sms,7,Ngozi,2026-09-12T12:59:00,2026-09-12T13:02:00
193,1,sms,7,Ngozi,2026-10-02T07:15:00,2026-10-02T07:18:00
194,1,travel,8,Cibitoke,2026-04-16T11:00:00,2026-04-16T12:13:00
195,1,visit,8,Cibitoke,2026-04-16T12:13:00,2026-04-16T12:42:00
196,1,travel,8,Cibitoke,2026-06-11T08:00:00,2026-06-11T08:53:00
197,1,visit,8,Cibitoke,2026-06-11T08:53:00,2026-06-11T09:24:00
198,1,travel,8,Cibitoke,2026-07-27T10:00:00,2026-07-27T10:51:00
199,1,visit,8,Cibitoke,2026-07-27T10:51:00,2026-07-27T11:22:00
200,1,travel,9,Ngozi,2026-04-17T09:00:00,2026-04-17T09:25:00
201,1,visit,9,Ngozi,2026-04-17T09:25:00,2026-04-17T09:58:00
202,1,travel,9,Ngozi,2026-05-13T08:00:00,2026-05-13T08:25:00
203,1,visit,9,Ngozi,2026-05-13T08:25:00,2026-05-13T08:52:00
204,1,travel,9,Ngozi,2026-05-30T12:00:00,2026-05-30T12:21:00
205,1,visit,9,Ngozi,2026-05-30T12:21:00,2026-05-30T12:57:00
206,1,travel,9,Ngozi,2026-06-26T08:00:00,2026-06-26T08:28:00
207,1,visit,9,Ngozi,2026-06-26T08:28:00,2026-06-26T08:52:00
208,1,travel,9,Ngozi,2026-07-15T12:00:00,2026-07-15T12:21:00
209,1,visit,9,Ngozi,2026-07-15T12:21:00,2026-07-15T13:00:00
210,1,travel,9,Ngozi,2026-07-30T08:00:00,2026-07-30T08:32:00
211,1,visit,9,Ngozi,2026-07-30T08:32:00,2026-07-30T09:01:00
212,1,travel,9,Ngozi,2026-08-18T10:00:00,2026-08-18T10:24:00
213,1,visit,9,Ngozi,2026-08-18T10:24:00,2026-08-18T11:05:00
214,1,travel,9,Ngozi,2026-09-14T10:00:00,2026-09-14T10:27:00
215,1,visit,9,Ngozi,2026-09-14T10:27:00,2026-09-14T11:01:00
216,1,travel,9,Ngozi,2026-09-29T10:00:00,2026-09-29T10:25:00
217,1,visit,9,Ngozi,2026-09-29T10:25:00,2026-09-29T10:45:00
218,1,sms,9,Ngozi,2026-04-15T11:06:00,2026-04-15T11:09:00
219,1,sms,9,Ngozi,2026-04-30T19:30:00,2026-04-30T19:33:00
220,1,sms,9,Ngozi,2026-05-10T14:32:00,2026-05-10T14:35:00
221,1,sms,9,Ngozi,2026-05-24T13:25:00,2026-05-24T13:28:00
222,1,sms,9,Ngozi,2026-06-05T17:41:00,2026-06-05T17:44:00
223,1,sms,9,Ngozi,2026-06-16T08:08:00,2026-06-16T08:11:00
224,1,sms,9,Ngozi,2026-07-06T08:36:00,2026-07-06T08:39:00
225,1,sms,9,Ngozi,2026-07-13T13:41:00,2026-07-13T13:44:00
226,1,sms,9,Ngozi,2026-07-23T08:21:00,2026-07-23T08:24:00
227,1,sms,9,Ngozi,2026-08-05T14:39:00,2026-08-05T14:42:00
228,1,sms,9,Ngozi,2026-08-16T06:52:00,2026-08-16T06:55:00
229,1,sms,9,Ngozi,2026-08-24T08:39:00,2026-08-24T08:42:00
230,1,sms,9,Ngozi,2026-09-07T07:46:00,2026-09-07T07:49:00
231,1,sms,9,Ngozi,2026-09-16T15:12:00,2026-09-16T15:15:00
232,1,sms,9,Ngozi,2026-10-02T18:48:00,2026-10-02T18:51:00
233,1,travel,9,Ngozi,2026-10-02T12:00:00,2026-10-02T12:26:00
234,1,visit,9,Ngozi,2026-10-02T12:26:00,2026-10-02T13:07:00
235,1,travel,10,Ngozi,2026-04-14T13:00:00,2026-04-14T13:23:00
236,1,visit,10,Ngozi,2026-04-14T13:23:00,2026-04-14T13:44:00
237,1,travel,10,Ngozi,2026-05-04T11:00:00,2026-05-04T11:26:00
238,1,visit,10,Ngozi,2026-05-04T11:26:00,2026-05-04T11:58:00
239,1,travel,10,Ngozi,2026-05-19T13:00:00,2026-05-19T13:19:00
240,1,visit,10,Ngozi,2026-05-19T13:19:00,2026-05-19T13:45:00
241,1,travel,10,Ngozi,2026-06-14T09:00:00,2026-06-14T09:25:00
242,1,visit,10,Ngozi,2026-06-14T09:25:00,2026-06-14T09:59:00
243,1,travel,10,Ngozi,2026-07-07T10:00:00,2026-07-07T10:23:00
244,1,visit,10,Ngozi,2026-07-07T10:23:00,2026-07-07T10:53:00
245,1,travel,10,Ngozi,2026-07-26T14:00:00,2026-07-26T14:37:00
246,1,visit,10,Ngozi,2026-07-26T14:37:00,2026-07-26T14:56:00
247,1,travel,10,Ngozi,2026-08-23T08:00:00,2026-08-23T08:16:00
248,1,visit,10,Ngozi,2026-08-23T08:16:00,2026-08-23T08:54:00
249,1,travel,10,Ngozi,2026-09-11T13:00:00,2026-09-11T13:26:00
250,1,visit,10,Ngozi,2026-09-11T13:26:00,2026-09-11T13:54:00
251,1,travel,10,Ngozi,2026-09-25T14:00:00,2026-09-25T14:22:00
252,1,visit,10,Ngozi,2026-09-25T14:22:00,2026-09-25T14:56:00
253,1,sms,10,Ngozi,2026-04-21T14:10:00,2026-04-21T14:13:00
254,1,sms,10,Ngozi,2026-04-30T08:54:00,2026-04-30T08:57:00
255,1,sms,10,Ngozi,2026-05-19T09:15:00,2026-05-19T09:18:00
256,1,sms,10,Ngozi,2026-06-04T14:30:00,2026-06-04T14:33:00
257,1,sms,10,Ngozi,2026-06-13T17:22:00,2026-06-13T17:25:00
258,1,sms,10,Ngozi,2026-06-26T17:15:00,2026-06-26T17:18:00
259,1,sms,10,Ngozi,2026-07-17T09:04:00,2026-07-17T09:07:00
260,1,sms,10,Ngozi,2026-08-06T20:36:00,2026-08-06T20:39:00
261,1,sms,10,Ngozi,2026-08-23T11:59:00,2026-08-23T12:02:00
262,1,sms,10,Ngozi,2026-09-05T09:04:00,2026-09-05T09:07:00
263,1,sms,10,Ngozi,2026-09-18T08:52:00,2026-09-18T08:55:00
264,1,travel,10,Ngozi,2026-10-01T13:00:00,2026-10-01T13:25:00
265,1,visit,10,Ngozi,2026-10-01T13:25:00,2026-10-01T13:49:00
266,1,travel,11,Rutana,2026-04-10T08:00:00,2026-04-10T08:19:00
267,1,visit,11,Rutana,2026-04-10T08:19:00,2026-04-10T08:47:00
268,1,travel,11,Rutana,2026-04-27T11:00:00,2026-04-27T11:27:00
269,1,visit,11,Rutana,2026-04-27T11:27:00,2026-04-27T11:50:00
270,1,travel,11,Rutana,2026-05-11T14:00:00,2026-05-11T14:42:00
271,1,visit,11,Rutana,2026-05-11T14:42:00,2026-05-11T15:10:00
272,1,travel,11,Rutana,2026-06-02T10:00:00,2026-06-02T10:31:00
273,1,visit,11,Rutana,2026-06-02T10:31:00,2026-06-02T10:59:00
274,1,travel,11,Rutana,2026-06-24T13:00:00,2026-06-24T13:28:00
275,1,visit,11,Rutana,2026-06-24T13:28:00,2026-06-24T13:55:00
276,1,travel,11,Rutana,2026-07-20T14:00:00,2026-07-20T14:26:00
277,1,visit,11,Rutana,2026-07-20T14:26:00,2026-07-20T15:04:00
278,1,travel,11,Rutana,2026-08-07T14:00:00,2026-08-07T14:42:00
279,1,visit,11,Rutana,2026-08-07T14:42:00,2026-08-07T15:13:00
280,1,travel,11,Rutana,2026-08-30T14:00:00,2026-08-30T14:33:00
281,1,visit,11,Rutana,2026-08-30T14:33:00,2026-08-30T15:13:00
282,1,travel,11,Rutana,2026-09-25T12:00:00,2026-09-25T12:32:00
283,1,visit,11,Rutana,2026-09-25T12:32:00,2026-09-25T13:03:00
284,1,sms,11,Rutana,2026-04-20T15:55:00,2026-04-20T15:58:00
285,1,sms,11,Rutana,2026-04-30T07:35:00,2026-04-30T07:38:00
286,1,sms,11,Rutana,2026-05-19T09:05:00,2026-05-19T09:08:00
287,1,sms,11,Rutana,2026-06-09T18:15:00,2026-06-09T18:18:00
288,1,sms,11,Rutana,2026-06-22T07:11:00,2026-06-22T07:14:00
289,1,sms,11,Rutana,2026-07-09T11:32:00,2026-07-09T11:35:00
290,1,sms,11,Rutana,2026-07-18T07:55:00,2026-07-18T07:58:00
291,1,sms,11,Rutana,2026-08-07T17:33:00,2026-08-07T17:36:00
292,1,sms,11,Rutana,2026-08-21T17:18:00,2026-08-21T17:21:00
293,1,sms,11,Rutana,2026-09-11T06:50:00,2026-09-11T06:53:00
294,1,sms,11,Rutana,2026-09-25T07:56:00,2026-09-25T07:59:00
295,1,travel,12,Muyinga,2026-04-11T12:00:00,2026-04-11T12:30:00
296,1,visit,12,Muyinga,2026-04-11T12:30:00,2026-04-11T12:48:00
297,1,travel,12,Muyinga,2026-05-27T14:00:00,2026-05-27T14:50:00
298,1,visit,12,Muyinga,2026-05-27T14:50:00,2026-05-27T15:24:00
299,1,travel,12,Muyinga,2026-07-13T11:00:00,2026-07-13T11:44:00
300,1,visit,12,Muyinga,2026-07-13T11:44:00,2026-07-13T12:04:00
301,1,travel,13,Kirundo,2026-04-12T10:00:00,2026-04-12T10:16:00
302,1,visit,13,Kirundo,2026-04-12T10:16:00,2026-04-12T10:36:00
303,1,travel,13,Kirundo,2026-04-30T09:00:00,2026-04-30T09:20:00
304,1,visit,13,Kirundo,2026-04-30T09:20:00,2026-04-30T09:42:00
305,1,travel,13,Kirundo,2026-05-15T10:00:00,2026-05-15T10:11:00
306,1,visit,13,Kirundo,2026-05-15T10:11:00,2026-05-15T10:42:00
307,1,travel,13,Kirundo,2026-05-31T13:00:00,2026-05-31T13:19:00
308,1,visit,13,Kirundo,2026-05-31T13:19:00,2026-05-31T13:37:00
309,1,travel,13,Kirundo,2026-06-25T10:00:00,2026-06-25T10:15:00
310,1,visit,13,Kirundo,2026-06-25T10:15:00,2026-06-25T10:41:00
311,1,travel,13,Kirundo,2026-07-12T08:00:00,2026-07-12T08:13:00
312,1,visit,13,Kirundo,2026-07-12T08:13:00,2026-07-12T08:35:00
313,1,travel,13,Kirundo,2026-08-01T09:00:00,2026-08-01T09:12:00
314,1,visit,13,Kirundo,2026-08-01T09:12:00,2026-08-01T09:36:00
315,1,travel,13,Kirundo,2026-08-19T08:00:00,2026-08-19T08:17:00
316,1,visit,13,Kirundo,2026-08-19T08:17:00,2026-08-19T08:36:00
317,1,travel,13,Kirundo,2026-09-15T13:00:00,2026-09-15T13:14:00
318,1,visit,13,Kirundo,2026-09-15T13:14:00,2026-09-15T13:43:00
319,1,sms,13,Kirundo,2026-04-14T15:43:00,2026-04-14T15:46:00
320,1,sms,13,Kirundo,2026-04-21T08:53:00,2026-04-21T08:56:00
321,1,sms,13,Kirundo,2026-05-12T08:20:00,2026-05-12T08:23:00
322,1,sms,13,Kirundo,2026-05-20T14:17:00,2026-05-20T14:20:00
323,1,sms,13,Kirundo,2026-06-04T10:05:00,2026-06-04T10:08:00
324,1,sms,13,Kirundo,2026-06-18T14:01:00,2026-06-18T14:04:00
325,1,sms,13,Kirundo,2026-07-08T20:26:00,2026-07-08T20:29:00
326,1,sms,13,Kirundo,2026-07-24T17:02:00,2026-07-24T17:05:00
327,1,sms,13,Kirundo,2026-08-09T10:58:00,2026-08-09T11:01:00
328,1,sms,13,Kirundo,2026-08-30T14:56:00,2026-08-30T14:59:00
329,1,sms,13,Kirundo,2026-09-07T12:56:00,2026-09-07T12:59:00
330,1,sms,13,Kirundo,2026-09-16T08:52:00,2026-09-16T08:55:00
331,1,sms,13,Kirundo,2026-09-30T11:32:00,2026-09-30T11:35:00
332,1,travel,13,Kirundo,2026-06-23T10:00:00,2026-06-23T10:17:00
333,1,visit,13,Kirundo,2026-06-23T10:17:00,2026-06-23T10:39:00
334,1,travel,14,Rutana,2026-04-17T10:00:00,2026-04-17T10:27:00
335,1,visit,14,Rutana,2026-04-17T10:27:00,2026-04-17T10:50:00
336,1,travel,14,Rutana,2026-05-04T11:00:00,2026-05-04T11:27:00
337,1,visit,14,Rutana,2026-05-04T11:27:00,2026-05-04T11:49:00
338,1,travel,14,Rutana,2026-05-25T12:00:00,2026-05-25T12:32:00
339,1,visit,14,Rutana,2026-05-25T12:32:00,2026-05-25T13:02:00
340,1,travel,14,Rutana,2026-06-18T10:00:00,2026-06-18T10:38:00
341,1,visit,14,Rutana,2026-06-18T10:38:00,2026-06-18T11:14:00
342,1,travel,14,Rutana,2026-07-13T14:00:00,2026-07-13T14:41:00
343,1,visit,14,Rutana,2026-07-13T14:41:00,2026-07-13T15:09:00
344,1,travel,14,Rutana,2026-08-09T09:00:00,2026-08-09T09:40:00
345,1,visit,14,Rutana,2026-08-09T09:40:00,2026-08-09T10:09:00
346,1,travel,14,Rutana,2026-08-29T08:00:00,2026-08-29T08:37:00
347,1,visit,14,Rutana,2026-08-29T08:37:00,2026-08-29T09:03:00
348,1,travel,14,Rutana,2026-09-26T09:00:00,2026-09-26T09:40:00
349,1,visit,14,Rutana,2026-09-26T09:40:00,2026-09-26T10:03:00
350,1,sms,14,Rutana,2026-04-17T15:59:00,2026-04-17T16:02:00
351,1,sms,14,Rutana,2026-04-30T14:39:00,2026-04-30T14:42:00
352,1,sms,14,Rutana,2026-05-13T13:55:00,2026-05-13T13:58:00
353,1,sms,14,Rutana,2026-05-26T20:45:00,2026-05-26T20:48:00
354,1,sms,14,Rutana,2026-06-05T17:56:00,2026-06-05T17:59:00
355,1,sms,14,Rutana,2026-06-16T13:07:00,2026-06-16T13:10:00
356,1,sms,14,Rutana,2026-06-24T14:46:00,2026-06-24T14:49:00
357,1,sms,14,Rutana,2026-07-13T20:47:00,2026-07-13T20:50:00
358,1,sms,14,Rutana,2026-07-25T19:24:00,2026-07-25T19:27:00
359,1,sms,14,Rutana,2026-08-07T14:22:00,2026-08-07T14:25:00
360,1,sms,14,Rutana,2026-08-20T06:21:00,2026-08-20T06:24:00
361,1,sms,14,Rutana,2026-09-02T20:11:00,2026-09-02T20:14:00
362,1,sms,14,Rutana,2026-09-20T17:10:00,2026-09-20T17:13:00
363,1,sms,14,Rutana,2026-10-01T11:45:00,2026-10-01T11:48:00
364,1,travel,14,Rutana,2026-07-23T12:00:00,2026-07-23T12:28:00
365,1,visit,14,Rutana,2026-07-23T12:28:00,2026-07-23T12:54:00
366,1,travel,15,Muyinga,2026-04-10T09:00:00,2026-04-10T09:39:00
367,1,visit,15,Muyinga,2026-04-10T09:39:00,2026-04-10T10:07:00
368,1,travel,15,Muyinga,2026-05-05T13:00:00,2026-05-05T13:34:00
369,1,visit,15,Muyinga,2026-05-05T13:34:00,2026-05-05T14:00:00
370,1,travel,15,Muyinga,2026-05-19T13:00:00,2026-05-19T13:52:00
371,1,visit,15,Muyinga,2026-05-19T13:52:00,2026-05-19T14:18:00
372,1,travel,15,Muyinga,2026-06-11T11:00:00,2026-06-11T11:36:00
373,1,visit,15,Muyinga,2026-06-11T11:36:00,2026-06-11T12:07:00
374,1,travel,15,Muyinga,2026-07-04T14:00:00,2026-07-04T14:44:00
375,1,visit,15,Muyinga,2026-07-04T14:44:00,2026-07-04T15:13:00
376,1,travel,15,Muyinga,2026-07-29T12:00:00,2026-07-29T12:37:00
377,1,visit,15,Muyinga,2026-07-29T12:37:00,2026-07-29T13:01:00
378,1,travel,15,Muyinga,2026-08-22T12:00:00,2026-08-22T12:44:00
379,1,visit,15,Muyinga,2026-08-22T12:44:00,2026-08-22T13:06:00
380,1,travel,15,Muyinga,2026-09-16T09:00:00,2026-09-16T09:36:00
381,1,visit,15,Muyinga,2026-09-16T09:36:00,2026-09-16T10:11:00
382,1,sms,15,Muyinga,2026-04-19T15:39:00,2026-04-19T15:42:00
383,1,sms,15,Muyinga,2026-05-02T08:53:00,2026-05-02T08:56:00
384,1,sms,15,Muyinga,2026-05-13T07:53:00,2026-05-13T07:56:00
385,1,sms,15,Muyinga,2026-06-01T18:15:00,2026-06-01T18:18:00
386,1,sms,15,Muyinga,2026-06-09T12:09:00,2026-06-09T12:12:00
387,1,sms,15,Muyinga,2026-06-17T19:14:00,2026-06-17T19:17:00
388,1,sms,15,Muyinga,2026-07-03T19:32:00,2026-07-03T19:35:00
389,1,sms,15,Muyinga,2026-07-19T16:51:00,2026-07-19T16:54:00
390,1,sms,15,Muyinga,2026-07-26T19:42:00,2026-07-26T19:45:00
391,1,sms,15,Muyinga,2026-08-11T16:14:00,2026-08-11T16:17:00
392,1,sms,15,Muyinga,2026-08-28T06:23:00,2026-08-28T06:26:00
393,1,sms,15,Muyinga,2026-09-11T07:23:00,2026-09-11T07:26:00
394,1,sms,15,Muyinga,2026-10-01T09:39:00,2026-10-01T09:42:00
395,1,travel,16,Ngozi,2026-04-12T12:00:00,2026-04-12T12:25:00
396,1,visit,16,Ngozi,2026-04-12T12:25:00,2026-04-12T12:53:00
397,1,travel,16,Ngozi,2026-04-30T10:00:00,2026-04-30T10:36:00
398,1,visit,16,Ngozi,2026-04-30T10:36:00,2026-04-30T11:07:00
399,1,travel,16,Ngozi,2026-05-26T11:00:00,2026-05-26T11:22:00
400,1,visit,16,Ngozi,2026-05-26T11:22:00,2026-05-26T11:43:00
401,1,travel,16,Ngozi,2026-06-14T13:00:00,2026-06-14T13:26:00
402,1,visit,16,Ngozi,2026-06-14T13:26:00,2026-06-14T13:50:00
403,1,travel,16,Ngozi,2026-07-07T12:00:00,2026-07-07T12:33:00
404,1,visit,16,Ngozi,2026-07-07T12:33:00,2026-07-07T13:07:00
405,1,travel,16,Ngozi,2026-08-03T14:00:00,2026-08-03T14:24:00
406,1,visit,16,Ngozi,2026-08-03T14:24:00,2026-08-03T14:55:00
407,1,travel,16,Ngozi,2026-08-26T14:00:00,2026-08-26T14:23:00
408,1,visit,16,Ngozi,2026-08-26T14:23:00,2026-08-26T14:58:00
409,1,travel,16,Ngozi,2026-09-09T13:00:00,2026-09-09T13:30:00
410,1,visit,16,Ngozi,2026-09-09T13:30:00,2026-09-09T13:57:00
411,1,travel,16,Ngozi,2026-09-29T12:00:00,2026-09-29T12:26:00
412,1,visit,16,Ngozi,2026-09-29T12:26:00,2026-09-29T12:44:00
413,1,sms,16,Ngozi,2026-04-13T14:20:00,2026-04-13T14:23:00
414,1,sms,16,Ngozi,2026-04-20T10:16:00,2026-04-20T10:19:00
415,1,sms,16,Ngozi,2026-05-02T16:53:00,2026-05-02T16:56:00
416,1,sms,16,Ngozi,2026-05-20T20:20:00,2026-05-20T20:23:00
417,1,sms,16,Ngozi,2026-05-28T15:22:00,2026-05-28T15:25:00
418,1,sms,16,Ngozi,2026-06-15T13:01:00,2026-06-15T13:04:00
419,1,sms,16,Ngozi,2026-07-04T16:10:00,2026-07-04T16:13:00
420,1,sms,16,Ngozi,2026-07-21T06:14:00,2026-07-21T06:17:00
421,1,sms,16,Ngozi,2026-08-06T07:21:00,2026-08-06T07:24:00
422,1,sms,16,Ngozi,2026-08-19T13:55:00,2026-08-19T13:58:00
423,1,sms,16,Ngozi,2026-09-07T08:39:00,2026-09-07T08:42:00
424,1,sms,16,Ngozi,2026-09-21T13:11:00,2026-09-21T13:14:00
425,1,travel,17,Kirundo,2026-04-10T09:00:00,2026-04-10T09:12:00
426,1,visit,17,Kirundo,2026-04-10T09:12:00,2026-04-10T09:36:00
427,1,travel,17,Kirundo,2026-04-30T13:00:00,2026-04-30T13:13:00
428,1,visit,17,Kirundo,2026-04-30T13:13:00,2026-04-30T13:33:00
429,1,travel,17,Kirundo,2026-05-25T12:00:00,2026-05-25T12:14:00
430,1,visit,17,Kirundo,2026-05-25T12:14:00,2026-05-25T12:36:00
431,1,travel,17,Kirundo,2026-06-12T12:00:00,2026-06-12T12:15:00
432,1,visit,17,Kirundo,2026-06-12T12:15:00,2026-06-12T12:44:00
433,1,travel,17,Kirundo,2026-06-29T13:00:00,2026-06-29T13:11:00
434,1,visit,17,Kirundo,2026-06-29T13:11:00,2026-06-29T13:36:00
435,1,travel,17,Kirundo,2026-07-26T10:00:00,2026-07-26T10:19:00
436,1,visit,17,Kirundo,2026-07-26T10:19:00,2026-07-26T10:38:00
437,1,travel,17,Kirundo,2026-08-13T09:00:00,2026-08-13T09:14:00
438,1,visit,17,Kirundo,2026-08-13T09:14:00,2026-08-13T09:40:00
439,1,travel,17,Kirundo,2026-08-28T10:00:00,2026-08-28T10:14:00
440,1,visit,17,Kirundo,2026-08-28T10:14:00,2026-08-28T10:39:00
441,1,travel,17,Kirundo,2026-09-22T11:00:00,2026-09-22T11:15:00
442,1,visit,17,Kirundo,2026-09-22T11:15:00,2026-09-22T11:26:00
443,1,sms,17,Kirundo,2026-04-14T17:10:00,2026-04-14T17:13:00
444,1,sms,17,Kirundo,2026-05-05T19:55:00,2026-05-05T19:58:00
445,1,sms,17,Kirundo,2026-05-18T17:30:00,2026-05-18T17:33:00
446,1,sms,17,Kirundo,2026-06-04T11:32:00,2026-06-04T11:35:00
447,1,sms,17,Kirundo,2026-06-23T08:02:00,2026-06-23T08:05:00
448,1,sms,17,Kirundo,2026-07-10T14:00:00,2026-07-10T14:03:00
449,1,sms,17,Kirundo,2026-07-21T12:17:00,2026-07-21T12:20:00
450,1,sms,17,Kirundo,2026-07-30T12:13:00,2026-07-30T12:16:00
451,1,sms,17,Kirundo,2026-08-14T09:13:00,2026-08-14T09:16:00
452,1,sms,17,Kirundo,2026-08-30T18:48:00,2026-08-30T18:51:00
453,1,sms,17,Kirundo,2026-09-20T16:36:00,2026-09-20T16:39:00
454,1,travel,17,Kirundo,2026-10-01T09:00:00,2026-10-01T09:18:00
455,1,visit,17,Kirundo,2026-10-01T09:18:00,2026-10-01T09:39:00
456,1,travel,18,Kirundo,2026-04-13T11:00:00,2026-04-13T11:15:00
457,1,visit,18,Kirundo,2026-04-13T11:15:00,2026-04-13T11:42:00
458,1,travel,18,Kirundo,2026-05-05T12:00:00,2026-05-05T12:11:00
459,1,visit,18,Kirundo,2026-05-05T12:11:00,2026-05-05T12:36:00
460,1,travel,18,Kirundo,2026-05-27T11:00:00,2026-05-27T11:18:00
461,1,visit,18,Kirundo,2026-05-27T11:18:00,2026-05-27T11:41:00
462,1,travel,18,Kirundo,2026-06-10T13:00:00,2026-06-10T13:15:00
463,1,visit,18,Kirundo,2026-06-10T13:15:00,2026-06-10T13:38:00
464,1,travel,18,Kirundo,2026-07-07T09:00:00,2026-07-07T09:20:00
465,1,visit,18,Kirundo,2026-07-07T09:20:00,2026-07-07T09:59:00
466,1,travel,18,Kirundo,2026-07-27T14:00:00,2026-07-27T14:12:00
467,1,visit,18,Kirundo,2026-07-27T14:12:00,2026-07-27T14:37:00
468,1,travel,18,Kirundo,2026-08-18T09:00:00,2026-08-18T09:15:00
469,1,visit,18,Kirundo,2026-08-18T09:15:00,2026-08-18T09:47:00
470,1,travel,18,Kirundo,2026-09-11T14:00:00,2026-09-11T14:17:00
471,1,visit,18,Kirundo,2026-09-11T14:17:00,2026-09-11T14:33:00
472,1,sms,18,Kirundo,2026-04-19T15:00:00,2026-04-19T15:03:00
473,1,sms,18,Kirundo,2026-05-05T13:34:00,2026-05-05T13:37:00
474,1,sms,18,Kirundo,2026-05-23T11:28:00,2026-05-23T11:31:00
475,1,sms,18,Kirundo,2026-06-02T12:23:00,2026-06-02T12:26:00
476,1,sms,18,Kirundo,2026-06-22T12:19:00,2026-06-22T12:22:00
477,1,sms,18,Kirundo,2026-07-03T06:03:00,2026-07-03T06:06:00
478,1,sms,18,Kirundo,2026-07-21T06:17:00,2026-07-21T06:20:00
479,1,sms,18,Kirundo,2026-08-05T20:55:00,2026-08-05T20:58:00
480,1,sms,18,Kirundo,2026-08-26T12:48:00,2026-08-26T12:51:00
481,1,sms,18,Kirundo,2026-09-10T18:09:00,2026-09-10T18:12:00
482,1,sms,18,Kirundo,2026-09-24T20:54:00,2026-09-24T20:57:00
483,1,travel,19,Muyinga,2026-04-16T13:00:00,2026-04-16T13:45:00
484,1,visit,19,Muyinga,2026-04-16T13:45:00,2026-04-16T14:09:00
485,1,travel,19,Muyinga,2026-05-12T14:00:00,2026-05-12T14:37:00
486,1,visit,19,Muyinga,2026-05-12T14:37:00,2026-05-12T15:04:00
487,1,travel,19,Muyinga,2026-06-01T09:00:00,2026-06-01T09:39:00
488,1,visit,19,Muyinga,2026-06-01T09:39:00,2026-06-01T10:05:00
489,1,travel,19,Muyinga,2026-06-29T09:00:00,2026-06-29T09:35:00
490,1,visit,19,Muyinga,2026-06-29T09:35:00,2026-06-29T10:11:00
491,1,travel,19,Muyinga,2026-07-20T09:00:00,2026-07-20T09:34:00
492,1,visit,19,Muyinga,2026-07-20T09:34:00,2026-07-20T10:00:00
493,1,travel,19,Muyinga,2026-08-05T09:00:00,2026-08-05T09:50:00
494,1,visit,19,Muyinga,2026-08-05T09:50:00,2026-08-05T10:23:00
495,1,travel,19,Muyinga,2026-08-23T11:00:00,2026-08-23T11:29:00
496,1,visit,19,Muyinga,2026-08-23T11:29:00,2026-08-23T11:58:00
497,1,travel,19,Muyinga,2026-09-07T10:00:00,2026-09-07T10:36:00
498,1,visit,19,Muyinga,2026-09-07T10:36:00,2026-09-07T10:59:00
499,1,travel,19,Muyinga,2026-09-21T09:00:00,2026-09-21T09:38:00
500,1,visit,19,Muyinga,2026-09-21T09:38:00,2026-09-21T10:15:00
501,1,sms,19,Muyinga,2026-04-20T16:37:00,2026-04-20T16:40:00
502,1,sms,19,Muyinga,2026-05-11T18:23:00,2026-05-11T18:26:00
503,1,sms,19,Muyinga,2026-05-29T17:32:00,2026-05-29T17:35:00
504,1,sms,19,Muyinga,2026-06-12T14:33:00,2026-06-12T14:36:00
505,1,sms,19,Muyinga,2026-06-30T17:33:00,2026-06-30T17:36:00
506,1,sms,19,Muyinga,2026-07-13T09:32:00,2026-07-13T09:35:00
507,1,sms,19,Muyinga,2026-07-20T14:17:00,2026-07-20T14:20:00
508,1,sms,19,Muyinga,2026-08-01T11:38:00,2026-08-01T11:41:00
509,1,sms,19,Muyinga,2026-08-16T10:59:00,2026-08-16T11:02:00
510,1,sms,19,Muyinga,2026-09-03T16:07:00,2026-09-03T16:10:00
511,1,sms,19,Muyinga,2026-09-20T16:00:00,2026-09-20T16:03:00
512,1,travel,20,Kirundo,2026-04-20T10:00:00,2026-04-20T10:14:00
513,1,visit,20,Kirundo,2026-04-20T10:14:00,2026-04-20T10:45:00
514,1,travel,20,Kirundo,2026-05-17T09:00:00,2026-05-17T09:13:00
515,1,visit,20,Kirundo,2026-05-17T09:13:00,2026-05-17T09:32:00
516,1,travel,20,Kirundo,2026-06-06T11:00:00,2026-06-06T11:13:00
517,1,visit,20,Kirundo,2026-06-06T11:13:00,2026-06-06T11:40:00
518,1,travel,20,Kirundo,2026-06-21T13:00:00,2026-06-21T13:17:00
519,1,visit,20,Kirundo,2026-06-21T13:17:00,2026-06-21T13:39:00
520,1,travel,20,Kirundo,2026-07-07T11:00:00,2026-07-07T11:13:00
521,1,visit,20,Kirundo,2026-07-07T11:13:00,2026-07-07T11:26:00
522,1,travel,20,Kirundo,2026-08-02T13:00:00,2026-08-02T13:13:00
523,1,visit,20,Kirundo,2026-08-02T13:13:00,2026-08-02T13:34:00
524,1,travel,20,Kirundo,2026-08-29T13:00:00,2026-08-29T13:13:00
525,1,visit,20,Kirundo,2026-08-29T13:13:00,2026-08-29T13:33:00
526,1,travel,20,Kirundo,2026-09-25T10:00:00,2026-09-25T10:13:00
527,1,visit,20,Kirundo,2026-09-25T10:13:00,2026-09-25T10:27:00
528,1,sms,20,Kirundo,2026-04-11T08:29:00,2026-04-11T08:32:00
529,1,sms,20,Kirundo,2026-04-24T10:09:00,2026-04-24T10:12:00
530,1,sms,20,Kirundo,2026-05-05T08:06:00,2026-05-05T08:09:00
531,1,sms,20,Kirundo,2026-05-14T16:20:00,2026-05-14T16:23:00
532,1,sms,20,Kirundo,2026-05-25T09:16:00,2026-05-25T09:19:00
533,1,sms,20,Kirundo,2026-06-05T19:05:00,2026-06-05T19:08:00
534,1,sms,20,Kirundo,2026-06-12T18:30:00,2026-06-12T18:33:00
535,1,sms,20,Kirundo,2026-06-19T06:26:00,2026-06-19T06:29:00
536,1,sms,20,Kirundo,2026-07-03T07:07:00,2026-07-03T07:10:00
537,1,sms,20,Kirundo,2026-07-19T11:37:00,2026-07-19T11:40:00
538,1,sms,20,Kirundo,2026-07-31T12:40:00,2026-07-31T12:43:00
539,1,sms,20,Kirundo,2026-08-13T06:57:00,2026-08-13T07:00:00
540,1,sms,20,Kirundo,2026-08-22T15:38:00,2026-08-22T15:41:00
541,1,sms,20,Kirundo,2026-09-08T08:21:00,2026-09-08T08:24:00
542,1,sms,20,Kirundo,2026-09-18T14:28:00,2026-09-18T14:31:00
543,1,travel,21,Rutana,2026-04-19T12:00:00,2026-04-19T12:36:00
544,1,visit,21,Rutana,2026-04-19T12:36:00,2026-04-19T12:59:00
545,1,travel,21,Rutana,2026-05-05T10:00:00,2026-05-05T10:32:00
546,1,visit,21,Rutana,2026-05-05T10:32:00,2026-05-05T10:53:00
547,1,travel,21,Rutana,2026-05-23T09:00:00,2026-05-23T09:37:00
548,1,visit,21,Rutana,2026-05-23T09:37:00,2026-05-23T09:58:00
549,1,travel,21,Rutana,2026-06-17T08:00:00,2026-06-17T08:36:00
550,1,visit,21,Rutana,2026-06-17T08:36:00,2026-06-17T09:06:00
551,1,travel,21,Rutana,2026-07-02T08:00:00,2026-07-02T08:38:00
552,1,visit,21,Rutana,2026-07-02T08:38:00,2026-07-02T09:19:00
553,1,travel,21,Rutana,2026-07-21T11:00:00,2026-07-21T11:38:00
554,1,visit,21,Rutana,2026-07-21T11:38:00,2026-07-21T12:09:00
555,1,travel,21,Rutana,2026-08-11T13:00:00,2026-08-11T13:41:00
556,1,visit,21,Rutana,2026-08-11T13:41:00,2026-08-11T14:13:00
557,1,travel,21,Rutana,2026-09-08T11:00:00,2026-09-08T11:43:00
558,1,visit,21,Rutana,2026-09-08T11:43:00,2026-09-08T12:12:00
559,1,travel,21,Rutana,2026-09-27T08:00:00,2026-09-27T08:32:00
560,1,visit,21,Rutana,2026-09-27T08:32:00,2026-09-27T09:11:00
561,1,sms,21,Rutana,2026-04-16T18:41:00,2026-04-16T18:44:00
562,1,sms,21,Rutana,2026-05-06T08:18:00,2026-05-06T08:21:00
563,1,sms,21,Rutana,2026-05-23T15:39:00,2026-05-23T15:42:00
564,1,sms,21,Rutana,2026-05-31T08:17:00,2026-05-31T08:20:00
565,1,sms,21,Rutana,2026-06-08T14:08:00,2026-06-08T14:11:00
566,1,sms,21,Rutana,2026-06-17T07:49:00,2026-06-17T07:52:00
567,1,sms,21,Rutana,2026-07-01T13:41:00,2026-07-01T13:44:00
568,1,sms,21,Rutana,2026-07-10T20:12:00,2026-07-10T20:15:00
569,1,sms,21,Rutana,2026-07-29T17:12:00,2026-07-29T17:15:00
570,1,sms,21,Rutana,2026-08-12T11:04:00,2026-08-12T11:07:00
571,1,sms,21,Rutana,2026-08-22T19:29:00,2026-08-22T19:32:00
572,1,sms,21,Rutana,2026-09-07T20:43:00,2026-09-07T20:46:00
573,1,sms,21,Rutana,2026-09-27T19:12:00,2026-09-27T19:15:00
574,1,travel,21,Rutana,2026-09-30T14:00:00,2026-09-30T14:37:00
575,1,visit,21,Rutana,2026-09-30T14:37:00,2026-09-30T15:03:00
576,1,travel,22,Rutana,2026-04-20T08:00:00,2026-04-20T08:43:00
577,1,visit,22,Rutana,2026-04-20T08:43:00,2026-04-20T09:10:00
578,1,travel,22,Rutana,2026-05-16T10:00:00,2026-05-16T10:35:00
579,1,visit,22,Rutana,2026-05-16T10:35:00,2026-05-16T11:04:00
580,1,travel,22,Rutana,2026-06-12T13:00:00,2026-06-12T13:39:00
581,1,visit,22,Rutana,2026-06-12T13:39:00,2026-06-12T14:03:00
582,1,travel,22,Rutana,2026-06-30T13:00:00,2026-06-30T13:21:00
583,1,visit,22,Rutana,2026-06-30T13:21:00,2026-06-30T13:54:00
584,1,travel,22,Rutana,2026-07-27T10:00:00,2026-07-27T10:36:00
585,1,visit,22,Rutana,2026-07-27T10:36:00,2026-07-27T11:09:00
586,1,travel,22,Rutana,2026-08-11T08:00:00,2026-08-11T08:34:00
587,1,visit,22,Rutana,2026-08-11T08:34:00,2026-08-11T09:13:00
588,1,travel,22,Rutana,2026-08-29T10:00:00,2026-08-29T10:31:00
589,1,visit,22,Rutana,2026-08-29T10:31:00,2026-08-29T11:00:00
590,1,travel,22,Rutana,2026-09-12T11:00:00,2026-09-12T11:45:00
591,1,visit,22,Rutana,2026-09-12T11:45:00,2026-09-12T12:21:00
592,1,travel,22,Rutana,2026-09-30T14:00:00,2026-09-30T14:36:00
593,1,visit,22,Rutana,2026-09-30T14:36:00,2026-09-30T15:04:00
594,1,sms,22,Rutana,2026-04-11T08:34:00,2026-04-11T08:37:00
595,1,sms,22,Rutana,2026-04-29T14:31:00,2026-04-29T14:34:00
596,1,sms,22,Rutana,2026-05-14T08:50:00,2026-05-14T08:53:00
597,1,sms,22,Rutana,2026-05-30T14:08:00,2026-05-30T14:11:00
598,1,sms,22,Rutana,2026-06-19T08:58:00,2026-06-19T09:01:00
599,1,sms,22,Rutana,2026-07-02T18:19:00,2026-07-02T18:22:00
600,1,sms,22,Rutana,2026-07-20T13:28:00,2026-07-20T13:31:00
601,1,sms,22,Rutana,2026-08-10T13:16:00,2026-08-10T13:19:00
602,1,sms,22,Rutana,2026-08-28T06:18:00,2026-08-28T06:21:00
603,1,sms,22,Rutana,2026-09-11T16:44:00,2026-09-11T16:47:00
604,1,sms,22,Rutana,2026-10-01T14:36:00,2026-10-01T14:39:00
605,1,travel,23,Muyinga,2026-04-09T10:00:00,2026-04-09T10:51:00
606,1,visit,23,Muyinga,2026-04-09T10:51:00,2026-04-09T11:11:00
607,1,travel,23,Muyinga,2026-05-06T13:00:00,2026-05-06T13:30:00
608,1,visit,23,Muyinga,2026-05-06T13:30:00,2026-05-06T13:55:00
609,1,travel,23,Muyinga,2026-05-31T11:00:00,2026-05-31T11:38:00
610,1,visit,23,Muyinga,2026-05-31T11:38:00,2026-05-31T12:12:00
611,1,travel,23,Muyinga,2026-06-16T10:00:00,2026-06-16T10:57:00
612,1,visit,23,Muyinga,2026-06-16T10:57:00,2026-06-16T11:16:00
613,1,travel,23,Muyinga,2026-07-14T09:00:00,2026-07-14T09:35:00
614,1,visit,23,Muyinga,2026-07-14T09:35:00,2026-07-14T10:05:00
615,1,travel,23,Muyinga,2026-08-01T12:00:00,2026-08-01T12:50:00
616,1,visit,23,Muyinga,2026-08-01T12:50:00,2026-08-01T13:17:00
617,1,travel,23,Muyinga,2026-08-27T11:00:00,2026-08-27T11:57:00
618,1,visit,23,Muyinga,2026-08-27T11:57:00,2026-08-27T12:32:00
619,1,travel,23,Muyinga,2026-09-15T10:00:00,2026-09-15T10:43:00
620,1,visit,23,Muyinga,2026-09-15T10:43:00,2026-09-15T11:16:00
621,1,sms,23,Muyinga,2026-04-18T13:38:00,2026-04-18T13:41:00
622,1,sms,23,Muyinga,2026-05-03T12:05:00,2026-05-03T12:08:00
623,1,sms,23,Muyinga,2026-05-24T09:09:00,2026-05-24T09:12:00
624,1,sms,23,Muyinga,2026-06-05T16:25:00,2026-06-05T16:28:00
625,1,sms,23,Muyinga,2026-06-18T13:38:00,2026-06-18T13:41:00
626,1,sms,23,Muyinga,2026-07-08T10:42:00,2026-07-08T10:45:00
627,1,sms,23,Muyinga,2026-07-20T06:27:00,2026-07-20T06:30:00
628,1,sms,23,Muyinga,2026-08-02T19:32:00,2026-08-02T19:35:00
629,1,sms,23,Muyinga,2026-08-15T15:54:00,2026-08-15T15:57:00
630,1,sms,23,Muyinga,2026-09-02T14:29:00,2026-09-02T14:32:00
631,1,sms,23,Muyinga,2026-09-16T09:45:00,2026-09-16T09:48:00
632,1,travel,24,Kirundo,2026-04-09T08:00:00,2026-04-09T08:16:00
633,1,visit,24,Kirundo,2026-04-09T08:16:00,2026-04-09T08:41:00
634,1,travel,24,Kirundo,2026-04-25T09:00:00,2026-04-25T09:11:00
635,1,visit,24,Kirundo,2026-04-25T09:11:00,2026-04-25T09:28:00
636,1,travel,24,Kirundo,2026-05-23T12:00:00,2026-05-23T12:11:00
637,1,visit,24,Kirundo,2026-05-23T12:11:00,2026-05-23T12:33:00
638,1,travel,24,Kirundo,2026-06-10T09:00:00,2026-06-10T09:15:00
639,1,visit,24,Kirundo,2026-06-10T09:15:00,2026-06-10T09:42:00
640,1,travel,24,Kirundo,2026-06-26T13:00:00,2026-06-26T13:15:00
641,1,visit,24,Kirundo,2026-06-26T13:15:00,2026-06-26T13:33:00
642,1,travel,24,Kirundo,2026-07-24T12:00:00,2026-07-24T12:14:00
643,1,visit,24,Kirundo,2026-07-24T12:14:00,2026-07-24T12:39:00
644,1,travel,24,Kirundo,2026-08-20T10:00:00,2026-08-20T10:23:00
645,1,visit,24,Kirundo,2026-08-20T10:23:00,2026-08-20T10:39:00
646,1,travel,24,Kirundo,2026-09-08T09:00:00,2026-09-08T09:14:00
647,1,visit,24,Kirundo,2026-09-08T09:14:00,2026-09-08T09:47:00
648,1,travel,24,Kirundo,2026-09-22T10:00:00,2026-09-22T10:15:00
649,1,visit,24,Kirundo,2026-09-22T10:15:00,2026-09-22T10:49:00
650,1,sms,24,Kirundo,2026-04-12T20:01:00,2026-04-12T20:04:00
651,1,sms,24,Kirundo,2026-04-21T11:45:00,2026-04-21T11:48:00
652,1,sms,24,Kirundo,2026-04-30T13:59:00,2026-04-30T14:02:00
653,1,sms,24,Kirundo,2026-05-15T08:17:00,2026-05-15T08:20:00
654,1,sms,24,Kirundo,2026-05-26T14:11:00,2026-05-26T14:14:00
655,1,sms,24,Kirundo,2026-06-06T17:38:00,2026-06-06T17:41:00
656,1,sms,24,Kirundo,2026-06-20T17:47:00,2026-06-20T17:50:00
657,1,sms,24,Kirundo,2026-07-11T19:05:00,2026-07-11T19:08:00
658,1,sms,24,Kirundo,2026-07-19T07:07:00,2026-07-19T07:10:00
659,1,sms,24,Kirundo,2026-08-04T20:40:00,2026-08-04T20:43:00
660,1,sms,24,Kirundo,2026-08-25T08:49:00,2026-08-25T08:52:00
661,1,sms,24,Kirundo,2026-09-02T20:19:00,2026-09-02T20:22:00
662,1,sms,24,Kirundo,2026-09-17T20:42:00,2026-09-17T20:45:00
663,1,sms,24,Kirundo,2026-10-01T16:17:00,2026-10-01T16:20:00
664,1,travel,25,Ngozi,2026-04-15T12:00:00,2026-04-15T12:29:00
665,1,visit,25,Ngozi,2026-04-15T12:29:00,2026-04-15T13:05:00
666,1,travel,25,Ngozi,2026-05-11T11:00:00,2026-05-11T11:19:00
667,1,visit,25,Ngozi,2026-05-11T11:19:00,2026-05-11T11:55:00
668,1,travel,25,Ngozi,2026-05-29T08:00:00,2026-05-29T08:33:00
669,1,visit,25,Ngozi,2026-05-29T08:33:00,2026-05-29T09:01:00
670,1,travel,25,Ngozi,2026-06-18T08:00:00,2026-06-18T08:23:00
671,1,visit,25,Ngozi,2026-06-18T08:23:00,2026-06-18T08:47:00
672,1,travel,25,Ngozi,2026-07-02T09:00:00,2026-07-02T09:34:00
673,1,visit,25,Ngozi,2026-07-02T09:34:00,2026-07-02T09:56:00
674,1,travel,25,Ngozi,2026-07-25T09:00:00,2026-07-25T09:27:00
675,1,visit,25,Ngozi,2026-07-25T09:27:00,2026-07-25T09:56:00
676,1,travel,25,Ngozi,2026-08-11T09:00:00,2026-08-11T09:19:00
677,1,visit,25,Ngozi,2026-08-11T09:19:00,2026-08-11T09:45:00
678,1,travel,25,Ngozi,2026-08-27T08:00:00,2026-08-27T08:29:00
679,1,visit,25,Ngozi,2026-08-27T08:29:00,2026-08-27T08:56:00
680,1,travel,25,Ngozi,2026-09-18T10:00:00,2026-09-18T10:29:00
681,1,visit,25,Ngozi,2026-09-18T10:29:00,2026-09-18T10:56:00
682,1,sms,25,Ngozi,2026-04-18T13:32:00,2026-04-18T13:35:00
683,1,sms,25,Ngozi,2026-05-01T08:16:00,2026-05-01T08:19:00
684,1,sms,25,Ngozi,2026-05-19T19:22:00,2026-05-19T19:25:00
685,1,sms,25,Ngozi,2026-06-07T18:45:00,2026-06-07T18:48:00
686,1,sms,25,Ngozi,2026-06-26T15:11:00,2026-06-26T15:14:00
687,1,sms,25,Ngozi,2026-07-08T14:22:00,2026-07-08T14:25:00
688,1,sms,25,Ngozi,2026-07-28T13:05:00,2026-07-28T13:08:00
689,1,sms,25,Ngozi,2026-08-07T09:17:00,2026-08-07T09:20:00
690,1,sms,25,Ngozi,2026-08-21T07:32:00,2026-08-21T07:35:00
691,1,sms,25,Ngozi,2026-09-10T19:28:00,2026-09-10T19:31:00
692,1,sms,25,Ngozi,2026-09-27T13:08:00,2026-09-27T13:11:00
693,1,travel,26,Rutana,2026-04-19T08:00:00,2026-04-19T08:37:00
694,1,visit,26,Rutana,2026-04-19T08:37:00,2026-04-19T09:06:00
695,1,travel,26,Rutana,2026-05-12T12:00:00,2026-05-12T12:39:00
696,1,visit,26,Rutana,2026-05-12T12:39:00,2026-05-12T13:03:00
697,1,travel,26,Rutana,2026-05-26T09:00:00,2026-05-26T09:33:00
698,1,visit,26,Rutana,2026-05-26T09:33:00,2026-05-26T10:13:00
699,1,travel,26,Rutana,2026-06-16T10:00:00,2026-06-16T10:45:00
700,1,visit,26,Rutana,2026-06-16T10:45:00,2026-06-16T10:59:00
701,1,travel,26,Rutana,2026-07-09T08:00:00,2026-07-09T08:36:00
702,1,visit,26,Rutana,2026-07-09T08:36:00,2026-07-09T09:10:00
703,1,travel,26,Rutana,2026-08-01T08:00:00,2026-08-01T08:37:00
704,1,visit,26,Rutana,2026-08-01T08:37:00,2026-08-01T08:55:00
705,1,travel,26,Rutana,2026-08-20T12:00:00,2026-08-20T12:38:00
706,1,visit,26,Rutana,2026-08-20T12:38:00,2026-08-20T13:12:00
707,1,travel,26,Rutana,2026-09-07T08:00:00,2026-09-07T08:28:00
708,1,visit,26,Rutana,2026-09-07T08:28:00,2026-09-07T08:53:00
709,1,travel,26,Rutana,2026-09-23T11:00:00,2026-09-23T11:28:00
710,1,visit,26,Rutana,2026-09-23T11:28:00,2026-09-23T11:48:00
711,1,sms,26,Rutana,2026-04-21T15:53:00,2026-04-21T15:56:00
712,1,sms,26,Rutana,2026-04-30T18:42:00,2026-04-30T18:45:00
713,1,sms,26,Rutana,2026-05-21T13:11:00,2026-05-21T13:14:00
714,1,sms,26,Rutana,2026-06-09T17:02:00,2026-06-09T17:05:00
715,1,sms,26,Rutana,2026-06-19T19:27:00,2026-06-19T19:30:00
716,1,sms,26,Rutana,2026-07-10T13:56:00,2026-07-10T13:59:00
717,1,sms,26,Rutana,2026-07-20T06:14:00,2026-07-20T06:17:00
718,1,sms,26,Rutana,2026-07-29T20:27:00,2026-07-29T20:30:00
719,1,sms,26,Rutana,2026-08-14T09:34:00,2026-08-14T09:37:00
720,1,sms,26,Rutana,2026-08-27T16:43:00,2026-08-27T16:46:00
721,1,sms,26,Rutana,2026-09-11T12:42:00,2026-09-11T12:45:00
722,1,sms,26,Rutana,2026-09-21T16:26:00,2026-09-21T16:29:00
723,1,travel,27,Cibitoke,2026-04-19T14:00:00,2026-04-19T14:29:00
724,1,visit,27,Cibitoke,2026-04-19T14:29:00,2026-04-19T15:14:00
725,1,travel,27,Cibitoke,2026-05-09T11:00:00,2026-05-09T11:58:00
726,1,visit,27,Cibitoke,2026-05-09T11:58:00,2026-05-09T12:41:00
727,1,travel,27,Cibitoke,2026-05-31T08:00:00,2026-05-31T09:11:00
728,1,visit,27,Cibitoke,2026-05-31T09:11:00,2026-05-31T09:56:00
729,1,travel,27,Cibitoke,2026-06-28T11:00:00,2026-06-28T11:56:00
730,1,visit,27,Cibitoke,2026-06-28T11:56:00,2026-06-28T12:23:00
731,1,travel,27,Cibitoke,2026-07-14T09:00:00,2026-07-14T09:55:00
732,1,visit,27,Cibitoke,2026-07-14T09:55:00,2026-07-14T10:24:00
733,1,travel,27,Cibitoke,2026-08-10T10:00:00,2026-08-10T10:54:00
734,1,visit,27,Cibitoke,2026-08-10T10:54:00,2026-08-10T11:21:00
735,1,travel,27,Cibitoke,2026-09-01T08:00:00,2026-09-01T09:01:00
736,1,visit,27,Cibitoke,2026-09-01T09:01:00,2026-09-01T09:30:00
737,1,travel,27,Cibitoke,2026-09-16T10:00:00,2026-09-16T11:10:00
738,1,visit,27,Cibitoke,2026-09-16T11:10:00,2026-09-16T11:55:00
739,1,sms,27,Cibitoke,2026-04-14T17:03:00,2026-04-14T17:06:00
740,1,sms,27,Cibitoke,2026-04-27T16:25:00,2026-04-27T16:28:00
741,1,sms,27,Cibitoke,2026-05-08T11:22:00,2026-05-08T11:25:00
742,1,sms,27,Cibitoke,2026-05-23T12:51:00,2026-05-23T12:54:00
743,1,sms,27,Cibitoke,2026-06-02T11:40:00,2026-06-02T11:43:00
744,1,sms,27,Cibitoke,2026-06-09T12:11:00,2026-06-09T12:14:00
745,1,sms,27,Cibitoke,2026-06-27T18:47:00,2026-06-27T18:50:00
746,1,sms,27,Cibitoke,2026-07-07T19:03:00,2026-07-07T19:06:00
747,1,sms,27,Cibitoke,2026-07-19T19:56:00,2026-07-19T19:59:00
748,1,sms,27,Cibitoke,2026-08-05T20:29:00,2026-08-05T20:32:00
749,1,sms,27,Cibitoke,2026-08-24T10:19:00,2026-08-24T10:22:00
750,1,sms,27,Cibitoke,2026-09-01T13:48:00,2026-09-01T13:51:00
751,1,sms,27,Cibitoke,2026-09-12T10:53:00,2026-09-12T10:56:00
752,1,sms,27,Cibitoke,2026-09-24T17:53:00,2026-09-24T17:56:00
753,1,travel,27,Cibitoke,2026-10-02T11:00:00,2026-10-02T11:53:00
754,1,visit,27,Cibitoke,2026-10-02T11:53:00,2026-10-02T12:29:00
755,1,travel,28,Cibitoke,2026-04-17T10:00:00,2026-04-17T10:42:00
756,1,visit,28,Cibitoke,2026-04-17T10:42:00,2026-04-17T11:13:00
757,1,travel,28,Cibitoke,2026-06-07T13:00:00,2026-06-07T13:54:00
758,1,visit,28,Cibitoke,2026-06-07T13:54:00,2026-06-07T14:44:00
759,1,travel,28,Cibitoke,2026-07-19T10:00:00,2026-07-19T10:42:00
760,1,visit,28,Cibitoke,2026-07-19T10:42:00,2026-07-19T11:17:00
761,1,travel,29,Cibitoke,2026-04-14T14:00:00,2026-04-14T14:47:00
762,1,visit,29,Cibitoke,2026-04-14T14:47:00,2026-04-14T15:24:00
763,1,travel,29,Cibitoke,2026-05-12T14:00:00,2026-05-12T14:43:00
764,1,visit,29,Cibitoke,2026-05-12T14:43:00,2026-05-12T15:23:00
765,1,travel,29,Cibitoke,2026-06-06T12:00:00,2026-06-06T13:13:00
766,1,visit,29,Cibitoke,2026-06-06T13:13:00,2026-06-06T13:53:00
767,1,travel,29,Cibitoke,2026-06-29T11:00:00,2026-06-29T11:43:00
768,1,visit,29,Cibitoke,2026-06-29T11:43:00,2026-06-29T12:18:00
769,1,travel,29,Cibitoke,2026-07-13T10:00:00,2026-07-13T10:59:00
770,1,visit,29,Cibitoke,2026-07-13T10:59:00,2026-07-13T11:40:00
771,1,travel,29,Cibitoke,2026-08-02T13:00:00,2026-08-02T14:11:00
772,1,visit,29,Cibitoke,2026-08-02T14:11:00,2026-08-02T14:50:00
773,1,travel,29,Cibitoke,2026-08-18T08:00:00,2026-08-18T09:00:00
774,1,visit,29,Cibitoke,2026-08-18T09:00:00,2026-08-18T09:36:00
775,1,travel,29,Cibitoke,2026-09-06T10:00:00,2026-09-06T10:56:00
776,1,visit,29,Cibitoke,2026-09-06T10:56:00,2026-09-06T11:27:00
777,1,travel,29,Cibitoke,2026-09-20T11:00:00,2026-09-20T11:47:00
778,1,visit,29,Cibitoke,2026-09-20T11:47:00,2026-09-20T12:15:00
779,1,sms,29,Cibitoke,2026-04-12T13:41:00,2026-04-12T13:44:00
780,1,sms,29,Cibitoke,2026-05-03T09:49:00,2026-05-03T09:52:00
781,1,sms,29,Cibitoke,2026-05-22T09:35:00,2026-05-22T09:38:00
782,1,sms,29,Cibitoke,2026-06-05T06:38:00,2026-06-05T06:41:00
783,1,sms,29,Cibitoke,2026-06-22T08:32:00,2026-06-22T08:35:00
784,1,sms,29,Cibitoke,2026-06-30T18:33:00,2026-06-30T18:36:00
785,1,sms,29,Cibitoke,2026-07-20T14:58:00,2026-07-20T15:01:00
786,1,sms,29,Cibitoke,2026-07-29T18:34:00,2026-07-29T18:37:00
787,1,sms,29,Cibitoke,2026-08-12T13:29:00,2026-08-12T13:32:00
788,1,sms,29,Cibitoke,2026-08-29T07:11:00,2026-08-29T07:14:00
789,1,sms,29,Cibitoke,2026-09-14T09:09:00,2026-09-14T09:12:00
790,1,sms,29,Cibitoke,2026-09-26T14:43:00,2026-09-26T14:46:00
791,1,travel,30,Kirundo,2026-04-10T11:00:00,2026-04-10T11:15:00
792,1,visit,30,Kirundo,2026-04-10T11:15:00,2026-04-10T11:32:00
793,1,travel,30,Kirundo,2026-05-01T12:00:00,2026-05-01T12:13:00
794,1,visit,30,Kirundo,2026-05-01T12:13:00,2026-05-01T12:35:00
795,1,travel,30,Kirundo,2026-05-28T11:00:00,2026-05-28T11:18:00
796,1,visit,30,Kirundo,2026-05-28T11:18:00,2026-05-28T11:43:00
797,1,travel,30,Kirundo,2026-06-18T13:00:00,2026-06-18T13:06:00
798,1,visit,30,Kirundo,2026-06-18T13:06:00,2026-06-18T13:37:00
799,1,travel,30,Kirundo,2026-07-12T10:00:00,2026-07-12T10:14:00
800,1,visit,30,Kirundo,2026-07-12T10:14:00,2026-07-12T10:44:00
801,1,travel,30,Kirundo,2026-07-27T08:00:00,2026-07-27T08:11:00
802,1,visit,30,Kirundo,2026-07-27T08:11:00,2026-07-27T08:36:00
803,1,travel,30,Kirundo,2026-08-18T12:00:00,2026-08-18T12:14:00
804,1,visit,30,Kirundo,2026-08-18T12:14:00,2026-08-18T12:33:00
805,1,travel,30,Kirundo,2026-09-04T14:00:00,2026-09-04T14:15:00
806,1,visit,30,Kirundo,2026-09-04T14:15:00,2026-09-04T14:25:00
807,1,travel,30,Kirundo,2026-09-22T09:00:00,2026-09-22T09:11:00
808,1,visit,30,Kirundo,2026-09-22T09:11:00,2026-09-22T09:38:00
809,1,sms,30,Kirundo,2026-04-18T15:35:00,2026-04-18T15:38:00
810,1,sms,30,Kirundo,2026-05-08T11:04:00,2026-05-08T11:07:00
811,1,sms,30,Kirundo,2026-05-25T16:10:00,2026-05-25T16:13:00
812,1,sms,30,Kirundo,2026-06-05T16:15:00,2026-06-05T16:18:00
813,1,sms,30,Kirundo,2026-06-13T17:58:00,2026-06-13T18:01:00
814,1,sms,30,Kirundo,2026-07-01T06:51:00,2026-07-01T06:54:00
815,1,sms,30,Kirundo,2026-07-20T15:11:00,2026-07-20T15:14:00
816,1,sms,30,Kirundo,2026-08-04T07:35:00,2026-08-04T07:38:00
817,1,sms,30,Kirundo,2026-08-11T11:18:00,2026-08-11T11:21:00
818,1,sms,30,Kirundo,2026-08-30T10:52:00,2026-08-30T10:55:00
819,1,sms,30,Kirundo,2026-09-06T11:12:00,2026-09-06T11:15:00
820,1,sms,30,Kirundo,2026-09-16T08:19:00,2026-09-16T08:22:00
821,1,sms,30,Kirundo,2026-10-02T12:15:00,2026-10-02T12:18:00
822,1,travel,31,Ngozi,2026-04-11T10:00:00,2026-04-11T10:24:00
823,1,visit,31,Ngozi,2026-04-11T10:24:00,2026-04-11T10:47:00
824,1,travel,31,Ngozi,2026-05-02T13:00:00,2026-05-02T13:24:00
825,1,visit,31,Ngozi,2026-05-02T13:24:00,2026-05-02T13:48:00
826,1,travel,31,Ngozi,2026-05-18T14:00:00,2026-05-18T14:33:00
827,1,visit,31,Ngozi,2026-05-18T14:33:00,2026-05-18T15:09:00
828,1,travel,31,Ngozi,2026-06-14T10:00:00,2026-06-14T10:25:00
829,1,visit,31,Ngozi,2026-06-14T10:25:00,2026-06-14T10:57:00
830,1,travel,31,Ngozi,2026-07-08T12:00:00,2026-07-08T12:18:00
831,1,visit,31,Ngozi,2026-07-08T12:18:00,2026-07-08T12:57:00
832,1,travel,31,Ngozi,2026-07-22T12:00:00,2026-07-22T12:26:00
833,1,visit,31,Ngozi,2026-07-22T12:26:00,2026-07-22T12:58:00
834,1,travel,31,Ngozi,2026-08-10T14:00:00,2026-08-10T14:20:00
835,1,visit,31,Ngozi,2026-08-10T14:20:00,2026-08-10T14:45:00
836,1,travel,31,Ngozi,2026-08-28T08:00:00,2026-08-28T08:23:00
837,1,visit,31,Ngozi,2026-08-28T08:23:00,2026-08-28T08:51:00
838,1,travel,31,Ngozi,2026-09-25T14:00:00,2026-09-25T14:31:00
839,1,visit,31,Ngozi,2026-09-25T14:31:00,2026-09-25T14:50:00
840,1,sms,31,Ngozi,2026-04-20T18:58:00,2026-04-20T19:01:00
841,1,sms,31,Ngozi,2026-05-08T11:23:00,2026-05-08T11:26:00
842,1,sms,31,Ngozi,2026-05-16T17:12:00,2026-05-16T17:15:00
843,1,sms,31,Ngozi,2026-05-31T07:13:00,2026-05-31T07:16:00
844,1,sms,31,Ngozi,2026-06-18T14:23:00,2026-06-18T14:26:00
845,1,sms,31,Ngozi,2026-06-25T08:26:00,2026-06-25T08:29:00
846,1,sms,31,Ngozi,2026-07-07T14:15:00,2026-07-07T14:18:00
847,1,sms,31,Ngozi,2026-07-26T14:02:00,2026-07-26T14:05:00
848,1,sms,31,Ngozi,2026-08-10T15:52:00,2026-08-10T15:55:00
849,1,sms,31,Ngozi,2026-08-29T09:25:00,2026-08-29T09:28:00
850,1,sms,31,Ngozi,2026-09-13T18:48:00,2026-09-13T18:51:00
851,1,sms,31,Ngozi,2026-09-22T07:51:00,2026-09-22T07:54:00
852,1,travel,32,Gitega,2026-04-20T09:00:00,2026-04-20T09:23:00
853,1,visit,32,Gitega,2026-04-20T09:23:00,2026-04-20T09:52:00
854,1,travel,32,Gitega,2026-05-11T14:00:00,2026-05-11T14:19:00
855,1,visit,32,Gitega,2026-05-11T14:19:00,2026-05-11T14:52:00
856,1,travel,32,Gitega,2026-06-01T12:00:00,2026-06-01T12:18:00
857,1,visit,32,Gitega,2026-06-01T12:18:00,2026-06-01T12:42:00
858,1,travel,32,Gitega,2026-06-15T08:00:00,2026-06-15T08:25:00
859,1,visit,32,Gitega,2026-06-15T08:25:00,2026-06-15T09:02:00
860,1,travel,32,Gitega,2026-07-11T09:00:00,2026-07-11T09:23:00
861,1,visit,32,Gitega,2026-07-11T09:23:00,2026-07-11T09:47:00
862,1,travel,32,Gitega,2026-07-26T11:00:00,2026-07-26T11:19:00
863,1,visit,32,Gitega,2026-07-26T11:19:00,2026-07-26T11:47:00
864,1,travel,32,Gitega,2026-08-18T10:00:00,2026-08-18T10:18:00
865,1,visit,32,Gitega,2026-08-18T10:18:00,2026-08-18T10:39:00
866,1,travel,32,Gitega,2026-09-10T10:00:00,2026-09-10T10:18:00
867,1,visit,32,Gitega,2026-09-10T10:18:00,2026-09-10T10:39:00
868,1,sms,32,Gitega,2026-04-17T10:11:00,2026-04-17T10:14:00
869,1,sms,32,Gitega,2026-04-30T10:38:00,2026-04-30T10:41:00
870,1,sms,32,Gitega,2026-05-21T13:45:00,2026-05-21T13:48:00
871,1,sms,32,Gitega,2026-06-03T08:42:00,2026-06-03T08:45:00
872,1,sms,32,Gitega,2026-06-19T18:27:00,2026-06-19T18:30:00
873,1,sms,32,Gitega,2026-07-08T09:08:00,2026-07-08T09:11:00
874,1,sms,32,Gitega,2026-07-27T18:28:00,2026-07-27T18:31:00
875,1,sms,32,Gitega,2026-08-16T17:22:00,2026-08-16T17:25:00
876,1,sms,32,Gitega,2026-08-24T19:41:00,2026-08-24T19:44:00
877,1,sms,32,Gitega,2026-09-08T16:03:00,2026-09-08T16:06:00
878,1,sms,32,Gitega,2026-09-18T12:11:00,2026-09-18T12:14:00
879,1,travel,32,Gitega,2026-06-08T09:00:00,2026-06-08T09:14:00
880,1,visit,32,Gitega,2026-06-08T09:14:00,2026-06-08T09:42:00
881,1,travel,33,Ngozi,2026-04-09T13:00:00,2026-04-09T13:30:00
882,1,visit,33,Ngozi,2026-04-09T13:30:00,2026-04-09T14:01:00
883,1,travel,33,Ngozi,2026-05-07T13:00:00,2026-05-07T13:30:00
884,1,visit,33,Ngozi,2026-05-07T13:30:00,2026-05-07T14:11:00
885,1,travel,33,Ngozi,2026-05-30T11:00:00,2026-05-30T11:25:00
886,1,visit,33,Ngozi,2026-05-30T11:25:00,2026-05-30T11:59:00
887,1,travel,33,Ngozi,2026-06-20T12:00:00,2026-06-20T12:23:00
888,1,visit,33,Ngozi,2026-06-20T12:23:00,2026-06-20T12:38:00
889,1,travel,33,Ngozi,2026-07-17T14:00:00,2026-07-17T14:32:00
890,1,visit,33,Ngozi,2026-07-17T14:32:00,2026-07-17T15:00:00
891,1,travel,33,Ngozi,2026-08-13T12:00:00,2026-08-13T12:26:00
892,1,visit,33,Ngozi,2026-08-13T12:26:00,2026-08-13T12:57:00
893,1,travel,33,Ngozi,2026-09-04T11:00:00,2026-09-04T11:26:00
894,1,visit,33,Ngozi,2026-09-04T11:26:00,2026-09-04T11:54:00
895,1,travel,33,Ngozi,2026-09-23T09:00:00,2026-09-23T09:22:00
896,1,visit,33,Ngozi,2026-09-23T09:22:00,2026-09-23T10:03:00
897,1,sms,33,Ngozi,2026-04-12T12:22:00,2026-04-12T12:25:00
898,1,sms,33,Ngozi,2026-04-28T17:53:00,2026-04-28T17:56:00
899,1,sms,33,Ngozi,2026-05-19T09:37:00,2026-05-19T09:40:00
900,1,sms,33,Ngozi,2026-05-29T18:28:00,2026-05-29T18:31:00
901,1,sms,33,Ngozi,2026-06-15T08:05:00,2026-06-15T08:08:00
902,1,sms,33,Ngozi,2026-06-24T08:54:00,2026-06-24T08:57:00
903,1,sms,33,Ngozi,2026-07-07T14:14:00,2026-07-07T14:17:00
904,1,sms,33,Ngozi,2026-07-19T07:14:00,2026-07-19T07:17:00
905,1,sms,33,Ngozi,2026-07-26T16:50:00,2026-07-26T16:53:00
906,1,sms,33,Ngozi,2026-08-14T16:09:00,2026-08-14T16:12:00
907,1,sms,33,Ngozi,2026-08-27T20:35:00,2026-08-27T20:38:00
908,1,sms,33,Ngozi,2026-09-04T18:03:00,2026-09-04T18:06:00
909,1,sms,33,Ngozi,2026-09-12T10:45:00,2026-09-12T10:48:00
910,1,sms,33,Ngozi,2026-10-01T09:26:00,2026-10-01T09:29:00
911,1,travel,34,Kirundo,2026-04-20T09:00:00,2026-04-20T09:17:00
912,1,visit,34,Kirundo,2026-04-20T09:17:00,2026-04-20T09:31:00
913,1,travel,34,Kirundo,2026-06-05T09:00:00,2026-06-05T09:11:00
914,1,visit,34,Kirundo,2026-06-05T09:11:00,2026-06-05T09:22:00
915,1,travel,34,Kirundo,2026-07-16T08:00:00,2026-07-16T08:10:00
916,1,visit,34,Kirundo,2026-07-16T08:10:00,2026-07-16T08:40:00
917,1,travel,35,Cibitoke,2026-04-13T08:00:00,2026-04-13T08:50:00
918,1,visit,35,Cibitoke,2026-04-13T08:50:00,2026-04-13T09:24:00
919,1,travel,35,Cibitoke,2026-05-03T10:00:00,2026-05-03T10:46:00
920,1,visit,35,Cibitoke,2026-05-03T10:46:00,2026-05-03T11:20:00
921,1,travel,35,Cibitoke,2026-05-25T13:00:00,2026-05-25T13:42:00
922,1,visit,35,Cibitoke,2026-05-25T13:42:00,2026-05-25T14:11:00
923,1,travel,35,Cibitoke,2026-06-19T12:00:00,2026-06-19T12:44:00
924,1,visit,35,Cibitoke,2026-06-19T12:44:00,2026-06-19T13:12:00
925,1,travel,35,Cibitoke,2026-07-16T11:00:00,2026-07-16T11:54:00
926,1,visit,35,Cibitoke,2026-07-16T11:54:00,2026-07-16T12:28:00
927,1,travel,35,Cibitoke,2026-07-31T08:00:00,2026-07-31T08:55:00
928,1,visit,35,Cibitoke,2026-07-31T08:55:00,2026-07-31T09:36:00
929,1,travel,35,Cibitoke,2026-08-24T13:00:00,2026-08-24T14:06:00
930,1,visit,35,Cibitoke,2026-08-24T14:06:00,2026-08-24T14:47:00
931,1,travel,35,Cibitoke,2026-09-20T08:00:00,2026-09-20T08:59:00
932,1,visit,35,Cibitoke,2026-09-20T08:59:00,2026-09-20T09:40:00
933,1,sms,35,Cibitoke,2026-04-17T06:40:00,2026-04-17T06:43:00
934,1,sms,35,Cibitoke,2026-04-27T15:25:00,2026-04-27T15:28:00
935,1,sms,35,Cibitoke,2026-05-17T16:31:00,2026-05-17T16:34:00
936,1,sms,35,Cibitoke,2026-05-24T18:03:00,2026-05-24T18:06:00
937,1,sms,35,Cibitoke,2026-06-11T08:02:00,2026-06-11T08:05:00
938,1,sms,35,Cibitoke,2026-06-25T18:52:00,2026-06-25T18:55:00
939,1,sms,35,Cibitoke,2026-07-05T18:45:00,2026-07-05T18:48:00
940,1,sms,35,Cibitoke,2026-07-21T06:47:00,2026-07-21T06:50:00
941,1,sms,35,Cibitoke,2026-08-09T16:00:00,2026-08-09T16:03:00
942,1,sms,35,Cibitoke,2026-08-24T19:23:00,2026-08-24T19:26:00
943,1,sms,35,Cibitoke,2026-09-08T19:26:00,2026-09-08T19:29:00
944,1,sms,35,Cibitoke,2026-09-18T20:37:00,2026-09-18T20:40:00
945,1,travel,36,Muyinga,2026-04-11T08:00:00,2026-04-11T08:20:00
946,1,visit,36,Muyinga,2026-04-11T08:20:00,2026-04-11T08:49:00
947,1,travel,36,Muyinga,2026-04-27T08:00:00,2026-04-27T08:45:00
948,1,visit,36,Muyinga,2026-04-27T08:45:00,2026-04-27T09:25:00
949,1,travel,36,Muyinga,2026-05-11T11:00:00,2026-05-11T11:43:00
950,1,visit,36,Muyinga,2026-05-11T11:43:00,2026-05-11T12:15:00
951,1,travel,36,Muyinga,2026-05-28T09:00:00,2026-05-28T09:36:00
952,1,visit,36,Muyinga,2026-05-28T09:36:00,2026-05-28T10:00:00
953,1,travel,36,Muyinga,2026-06-17T09:00:00,2026-06-17T09:38:00
954,1,visit,36,Muyinga,2026-06-17T09:38:00,2026-06-17T10:13:00
955,1,travel,36,Muyinga,2026-07-01T11:00:00,2026-07-01T11:55:00
956,1,visit,36,Muyinga,2026-07-01T11:55:00,2026-07-01T12:16:00
957,1,travel,36,Muyinga,2026-07-26T14:00:00,2026-07-26T14:35:00
958,1,visit,36,Muyinga,2026-07-26T14:35:00,2026-07-26T15:10:00
959,1,travel,36,Muyinga,2026-08-20T14:00:00,2026-08-20T14:31:00
960,1,visit,36,Muyinga,2026-08-20T14:31:00,2026-08-20T15:04:00
961,1,travel,36,Muyinga,2026-09-15T12:00:00,2026-09-15T12:54:00
962,1,visit,36,Muyinga,2026-09-15T12:54:00,2026-09-15T13:26:00
963,1,travel,36,Muyinga,2026-10-02T13:00:00,2026-10-02T13:32:00
964,1,visit,36,Muyinga,2026-10-02T13:32:00,2026-10-02T13:59:00
965,1,sms,36,Muyinga,2026-04-16T14:55:00,2026-04-16T14:58:00
966,1,sms,36,Muyinga,2026-05-04T08:42:00,2026-05-04T08:45:00
967,1,sms,36,Muyinga,2026-05-20T14:12:00,2026-05-20T14:15:00
968,1,sms,36,Muyinga,2026-06-08T20:17:00,2026-06-08T20:20:00
969,1,sms,36,Muyinga,2026-06-26T10:18:00,2026-06-26T10:21:00
970,1,sms,36,Muyinga,2026-07-16T06:50:00,2026-07-16T06:53:00
971,1,sms,36,Muyinga,2026-07-24T08:31:00,2026-07-24T08:34:00
972,1,sms,36,Muyinga,2026-08-06T10:29:00,2026-08-06T10:32:00
973,1,sms,36,Muyinga,2026-08-15T18:25:00,2026-08-15T18:28:00
974,1,sms,36,Muyinga,2026-08-27T11:40:00,2026-08-27T11:43:00
975,1,sms,36,Muyinga,2026-09-03T07:12:00,2026-09-03T07:15:00
976,1,sms,36,Muyinga,2026-09-18T06:50:00,2026-09-18T06:53:00
977,1,sms,36,Muyinga,2026-09-28T10:26:00,2026-09-28T10:29:00
978,1,travel,37,Gitega,2026-04-14T08:00:00,2026-04-14T08:15:00
979,1,visit,37,Gitega,2026-04-14T08:15:00,2026-04-14T08:29:00
980,1,travel,37,Gitega,2026-04-30T13:00:00,2026-04-30T13:25:00
981,1,visit,37,Gitega,2026-04-30T13:25:00,2026-04-30T13:54:00
982,1,travel,37,Gitega,2026-05-26T12:00:00,2026-05-26T12:20:00
983,1,visit,37,Gitega,2026-05-26T12:20:00,2026-05-26T12:38:00
984,1,travel,37,Gitega,2026-06-14T10:00:00,2026-06-14T10:25:00
985,1,visit,37,Gitega,2026-06-14T10:25:00,2026-06-14T10:49:00
986,1,travel,37,Gitega,2026-07-07T10:00:00,2026-07-07T10:18:00
987,1,visit,37,Gitega,2026-07-07T10:18:00,2026-07-07T10:31:00
988,1,travel,37,Gitega,2026-07-29T09:00:00,2026-07-29T09:19:00
989,1,visit,37,Gitega,2026-07-29T09:19:00,2026-07-29T09:39:00
990,1,travel,37,Gitega,2026-08-24T08:00:00,2026-08-24T08:27:00
991,1,visit,37,Gitega,2026-08-24T08:27:00,2026-08-24T08:55:00
992,1,travel,37,Gitega,2026-09-08T10:00:00,2026-09-08T10:19:00
993,1,visit,37,Gitega,2026-09-08T10:19:00,2026-09-08T10:46:00
994,1,travel,37,Gitega,2026-09-24T09:00:00,2026-09-24T09:13:00
995,1,visit,37,Gitega,2026-09-24T09:13:00,2026-09-24T09:34:00
996,1,sms,37,Gitega,2026-04-16T07:28:00,2026-04-16T07:31:00
997,1,sms,37,Gitega,2026-04-28T13:46:00,2026-04-28T13:49:00
998,1,sms,37,Gitega,2026-05-18T07:49:00,2026-05-18T07:52:00
999,1,sms,37,Gitega,2026-05-30T12:43:00,2026-05-30T12:46:00
1000,1,sms,37,Gitega,2026-06-14T20:49:00,2026-06-14T20:52:00
1001,1,sms,37,Gitega,2026-07-05T18:48:00,2026-07-05T18:51:00
1002,1,sms,37,Gitega,2026-07-18T19:33:00,2026-07-18T19:36:00
1003,1,sms,37,Gitega,2026-07-28T15:49:00,2026-07-28T15:52:00
1004,1,sms,37,Gitega,2026-08-09T10:15:00,2026-08-09T10:18:00
1005,1,sms,37,Gitega,2026-08-19T20:27:00,2026-08-19T20:30:00
1006,1,sms,37,Gitega,2026-09-09T07:45:00,2026-09-09T07:48:00
1007,1,sms,37,Gitega,2026-09-21T17:38:00,2026-09-21T17:41:00
1008,1,sms,37,Gitega,2026-09-28T06:49:00,2026-09-28T06:52:00
1009,1,travel,38,Rutana,2026-04-09T10:00:00,2026-04-09T10:36:00
1010,1,visit,38,Rutana,2026-04-09T10:36:00,2026-04-09T11:01:00
1011,1,travel,38,Rutana,2026-04-30T11:00:00,2026-04-30T11:33:00
1012,1,visit,38,Rutana,2026-04-30T11:33:00,2026-04-30T12:02:00
1013,1,travel,38,Rutana,2026-05-15T12:00:00,2026-05-15T12:47:00
1014,1,visit,38,Rutana,2026-05-15T12:47:00,2026-05-15T13:07:00
1015,1,travel,38,Rutana,2026-06-11T10:00:00,2026-06-11T10:27:00
1016,1,visit,38,Rutana,2026-06-11T10:27:00,2026-06-11T10:50:00
1017,1,travel,38,Rutana,2026-06-25T13:00:00,2026-06-25T13:23:00
1018,1,visit,38,Rutana,2026-06-25T13:23:00,2026-06-25T13:56:00
1019,1,travel,38,Rutana,2026-07-23T13:00:00,2026-07-23T13:48:00
1020,1,visit,38,Rutana,2026-07-23T13:48:00,2026-07-23T14:20:00
1021,1,travel,38,Rutana,2026-08-07T09:00:00,2026-08-07T09:41:00
1022,1,visit,38,Rutana,2026-08-07T09:41:00,2026-08-07T10:15:00
1023,1,travel,38,Rutana,2026-08-23T10:00:00,2026-08-23T10:46:00
1024,1,visit,38,Rutana,2026-08-23T10:46:00,2026-08-23T11:14:00
1025,1,travel,38,Rutana,2026-09-08T14:00:00,2026-09-08T14:24:00
1026,1,visit,38,Rutana,2026-09-08T14:24:00,2026-09-08T14:54:00
1027,1,travel,38,Rutana,2026-09-30T08:00:00,2026-09-30T08:43:00
1028,1,visit,38,Rutana,2026-09-30T08:43:00,2026-09-30T09:20:00
1029,1,sms,38,Rutana,2026-04-15T13:06:00,2026-04-15T13:09:00
1030,1,sms,38,Rutana,2026-04-30T15:07:00,2026-04-30T15:10:00
1031,1,sms,38,Rutana,2026-05-14T07:24:00,2026-05-14T07:27:00
1032,1,sms,38,Rutana,2026-05-31T12:55:00,2026-05-31T12:58:00
1033,1,sms,38,Rutana,2026-06-19T19:54:00,2026-06-19T19:57:00
1034,1,sms,38,Rutana,2026-07-03T20:13:00,2026-07-03T20:16:00
1035,1,sms,38,Rutana,2026-07-17T17:46:00,2026-07-17T17:49:00
1036,1,sms,38,Rutana,2026-08-01T08:59:00,2026-08-01T09:02:00
1037,1,sms,38,Rutana,2026-08-15T07:10:00,2026-08-15T07:13:00
1038,1,sms,38,Rutana,2026-09-01T16:34:00,2026-09-01T16:37:00
1039,1,sms,38,Rutana,2026-09-12T15:13:00,2026-09-12T15:16:00
1040,1,sms,38,Rutana,2026-09-28T09:02:00,2026-09-28T09:05:00
1041,1,travel,38,Rutana,2026-08-20T14:00:00,2026-08-20T14:35:00
1042,1,visit,38,Rutana,2026-08-20T14:35:00,2026-08-20T15:11:00
1043,1,travel,39,Muyinga,2026-04-09T12:00:00,2026-04-09T12:31:00
1044,1,visit,39,Muyinga,2026-04-09T12:31:00,2026-04-09T13:01:00
1045,1,travel,39,Muyinga,2026-04-23T11:00:00,2026-04-23T11:42:00
1046,1,visit,39,Muyinga,2026-04-23T11:42:00,2026-04-23T12:13:00
1047,1,travel,39,Muyinga,2026-05-21T12:00:00,2026-05-21T12:43:00
1048,1,visit,39,Muyinga,2026-05-21T12:43:00,2026-05-21T13:12:00
1049,1,travel,39,Muyinga,2026-06-17T14:00:00,2026-06-17T14:39:00
1050,1,visit,39,Muyinga,2026-06-17T14:39:00,2026-06-17T15:13:00
1051,1,travel,39,Muyinga,2026-07-06T08:00:00,2026-07-06T08:37:00
1052,1,visit,39,Muyinga,2026-07-06T08:37:00,2026-07-06T08:50:00
1053,1,travel,39,Muyinga,2026-07-24T12:00:00,2026-07-24T12:45:00
1054,1,visit,39,Muyinga,2026-07-24T12:45:00,2026-07-24T13:10:00
1055,1,travel,39,Muyinga,2026-08-12T13:00:00,2026-08-12T13:36:00
1056,1,visit,39,Muyinga,2026-08-12T13:36:00,2026-08-12T14:14:00
1057,1,travel,39,Muyinga,2026-09-03T08:00:00,2026-09-03T08:41:00
1058,1,visit,39,Muyinga,2026-09-03T08:41:00,2026-09-03T09:10:00
1059,1,travel,39,Muyinga,2026-09-20T11:00:00,2026-09-20T11:49:00
1060,1,visit,39,Muyinga,2026-09-20T11:49:00,2026-09-20T12:17:00
1061,1,sms,39,Muyinga,2026-04-14T18:46:00,2026-04-14T18:49:00
1062,1,sms,39,Muyinga,2026-04-24T19:29:00,2026-04-24T19:32:00
1063,1,sms,39,Muyinga,2026-05-11T09:20:00,2026-05-11T09:23:00
1064,1,sms,39,Muyinga,2026-05-25T13:22:00,2026-05-25T13:25:00
1065,1,sms,39,Muyinga,2026-06-11T15:44:00,2026-06-11T15:47:00
1066,1,sms,39,Muyinga,2026-06-25T07:41:00,2026-06-25T07:44:00
1067,1,sms,39,Muyinga,2026-07-12T10:46:00,2026-07-12T10:49:00
1068,1,sms,39,Muyinga,2026-07-19T16:58:00,2026-07-19T17:01:00
1069,1,sms,39,Muyinga,2026-07-30T12:02:00,2026-07-30T12:05:00
1070,1,sms,39,Muyinga,2026-08-17T18:13:00,2026-08-17T18:16:00
1071,1,sms,39,Muyinga,2026-08-28T10:38:00,2026-08-28T10:41:00
1072,1,sms,39,Muyinga,2026-09-10T13:04:00,2026-09-10T13:07:00
1073,1,sms,39,Muyinga,2026-09-23T09:06:00,2026-09-23T09:09:00
1074,1,travel,40,Muyinga,2026-04-10T14:00:00,2026-04-10T14:26:00
1075,1,visit,40,Muyinga,2026-04-10T14:26:00,2026-04-10T15:01:00
1076,1,travel,40,Muyinga,2026-05-03T13:00:00,2026-05-03T13:26:00
1077,1,visit,40,Muyinga,2026-05-03T13:26:00,2026-05-03T13:51:00
1078,1,travel,40,Muyinga,2026-05-28T10:00:00,2026-05-28T10:48:00
1079,1,visit,40,Muyinga,2026-05-28T10:48:00,2026-05-28T11:05:00
1080,1,travel,40,Muyinga,2026-06-23T10:00:00,2026-06-23T10:31:00
1081,1,visit,40,Muyinga,2026-06-23T10:31:00,2026-06-23T11:05:00
1082,1,travel,40,Muyinga,2026-07-18T13:00:00,2026-07-18T13:46:00
1083,1,visit,40,Muyinga,2026-07-18T13:46:00,2026-07-18T14:17:00
1084,1,travel,40,Muyinga,2026-08-12T08:00:00,2026-08-12T08:40:00
1085,1,visit,40,Muyinga,2026-08-12T08:40:00,2026-08-12T09:15:00
1086,1,travel,40,Muyinga,2026-08-31T09:00:00,2026-08-31T09:29:00
1087,1,visit,40,Muyinga,2026-08-31T09:29:00,2026-08-31T09:57:00
1088,1,travel,40,Muyinga,2026-09-21T10:00:00,2026-09-21T10:35:00
1089,1,visit,40,Muyinga,2026-09-21T10:35:00,2026-09-21T11:01:00
1090,1,sms,40,Muyinga,2026-04-18T11:15:00,2026-04-18T11:18:00
1091,1,sms,40,Muyinga,2026-05-04T13:09:00,2026-05-04T13:12:00
1092,1,sms,40,Muyinga,2026-05-17T20:00:00,2026-05-17T20:03:00
1093,1,sms,40,Muyinga,2026-05-24T08:22:00,2026-05-24T08:25:00
1094,1,sms,40,Muyinga,2026-06-08T13:06:00,2026-06-08T13:09:00
1095,1,sms,40,Muyinga,2026-06-22T08:38:00,2026-06-22T08:41:00
1096,1,sms,40,Muyinga,2026-07-04T07:19:00,2026-07-04T07:22:00
1097,1,sms,40,Muyinga,2026-07-20T08:12:00,2026-07-20T08:15:00
1098,1,sms,40,Muyinga,2026-08-10T13:32:00,2026-08-10T13:35:00
1099,1,sms,40,Muyinga,2026-08-30T07:00:00,2026-08-30T07:03:00
1100,1,sms,40,Muyinga,2026-09-18T10:25:00,2026-09-18T10:28:00
1101,1,sms,40,Muyinga,2026-09-28T14:40:00,2026-09-28T14:43:00
1102,1,travel,41,Rutana,2026-04-14T14:00:00,2026-04-14T14:32:00
1103,1,visit,41,Rutana,2026-04-14T14:32:00,2026-04-14T14:55:00
1104,1,travel,41,Rutana,2026-06-08T13:00:00,2026-06-08T13:41:00
1105,1,visit,41,Rutana,2026-06-08T13:41:00,2026-06-08T14:02:00
1106,1,travel,41,Rutana,2026-07-26T10:00:00,2026-07-26T10:39:00
1107,1,visit,41,Rutana,2026-07-26T10:39:00,2026-07-26T11:10:00
1108,1,travel,42,Kirundo,2026-04-16T12:00:00,2026-04-16T12:13:00
1109,1,visit,42,Kirundo,2026-04-16T12:13:00,2026-04-16T12:45:00
1110,1,travel,42,Kirundo,2026-06-08T09:00:00,2026-06-08T09:17:00
1111,1,visit,42,Kirundo,2026-06-08T09:17:00,2026-06-08T09:50:00
1112,1,travel,42,Kirundo,2026-07-18T11:00:00,2026-07-18T11:15:00
1113,1,visit,42,Kirundo,2026-07-18T11:15:00,2026-07-18T11:43:00
1114,1,travel,43,Cibitoke,2026-04-15T13:00:00,2026-04-15T13:43:00
1115,1,visit,43,Cibitoke,2026-04-15T13:43:00,2026-04-15T14:07:00
1116,1,travel,43,Cibitoke,2026-05-01T12:00:00,2026-05-01T12:54:00
1117,1,visit,43,Cibitoke,2026-05-01T12:54:00,2026-05-01T13:36:00
1118,1,travel,43,Cibitoke,2026-05-26T09:00:00,2026-05-26T09:44:00
1119,1,visit,43,Cibitoke,2026-05-26T09:44:00,2026-05-26T10:30:00
1120,1,travel,43,Cibitoke,2026-06-19T14:00:00,2026-06-19T14:59:00
1121,1,visit,43,Cibitoke,2026-06-19T14:59:00,2026-06-19T15:27:00
1122,1,travel,43,Cibitoke,2026-07-14T14:00:00,2026-07-14T14:55:00
1123,1,visit,43,Cibitoke,2026-07-14T14:55:00,2026-07-14T15:36:00
1124,1,travel,43,Cibitoke,2026-08-01T11:00:00,2026-08-01T12:09:00
1125,1,visit,43,Cibitoke,2026-08-01T12:09:00,2026-08-01T12:46:00
1126,1,travel,43,Cibitoke,2026-08-27T09:00:00,2026-08-27T09:59:00
1127,1,visit,43,Cibitoke,2026-08-27T09:59:00,2026-08-27T10:38:00
1128,1,travel,43,Cibitoke,2026-09-23T14:00:00,2026-09-23T15:02:00
1129,1,visit,43,Cibitoke,2026-09-23T15:02:00,2026-09-23T15:44:00
1130,1,sms,43,Cibitoke,2026-04-11T11:56:00,2026-04-11T11:59:00
1131,1,sms,43,Cibitoke,2026-04-27T18:42:00,2026-04-27T18:45:00
1132,1,sms,43,Cibitoke,2026-05-04T12:11:00,2026-05-04T12:14:00
1133,1,sms,43,Cibitoke,2026-05-14T06:52:00,2026-05-14T06:55:00
1134,1,sms,43,Cibitoke,2026-05-27T10:53:00,2026-05-27T10:56:00
1135,1,sms,43,Cibitoke,2026-06-05T11:02:00,2026-06-05T11:05:00
1136,1,sms,43,Cibitoke,2026-06-12T19:11:00,2026-06-12T19:14:00
1137,1,sms,43,Cibitoke,2026-06-22T13:09:00,2026-06-22T13:12:00
1138,1,sms,43,Cibitoke,2026-07-02T17:22:00,2026-07-02T17:25:00
1139,1,sms,43,Cibitoke,2026-07-14T20:54:00,2026-07-14T20:57:00
1140,1,sms,43,Cibitoke,2026-07-26T09:04:00,2026-07-26T09:07:00
1141,1,sms,43,Cibitoke,2026-08-05T11:59:00,2026-08-05T12:02:00
1142,1,sms,43,Cibitoke,2026-08-26T09:42:00,2026-08-26T09:45:00
1143,1,sms,43,Cibitoke,2026-09-07T07:24:00,2026-09-07T07:27:00
1144,1,sms,43,Cibitoke,2026-09-21T06:53:00,2026-09-21T06:56:00
1145,1,sms,43,Cibitoke,2026-10-02T12:30:00,2026-10-02T12:33:00
1146,1,travel,44,Gitega,2026-04-18T14:00:00,2026-04-18T14:20:00
1147,1,visit,44,Gitega,2026-04-18T14:20:00,2026-04-18T14:40:00
1148,1,travel,44,Gitega,2026-05-05T11:00:00,2026-05-05T11:20:00
1149,1,visit,44,Gitega,2026-05-05T11:20:00,2026-05-05T11:33:00
1150,1,travel,44,Gitega,2026-05-24T10:00:00,2026-05-24T10:24:00
1151,1,visit,44,Gitega,2026-05-24T10:24:00,2026-05-24T11:02:00
1152,1,travel,44,Gitega,2026-06-10T14:00:00,2026-06-10T14:17:00
1153,1,visit,44,Gitega,2026-06-10T14:17:00,2026-06-10T14:58:00
1154,1,travel,44,Gitega,2026-07-08T12:00:00,2026-07-08T12:19:00
1155,1,visit,44,Gitega,2026-07-08T12:19:00,2026-07-08T12:46:00
1156,1,travel,44,Gitega,2026-08-05T13:00:00,2026-08-05T13:26:00
1157,1,visit,44,Gitega,2026-08-05T13:26:00,2026-08-05T13:52:00
1158,1,travel,44,Gitega,2026-09-01T11:00:00,2026-09-01T11:19:00
1159,1,visit,44,Gitega,2026-09-01T11:19:00,2026-09-01T11:52:00
1160,1,travel,44,Gitega,2026-09-28T08:00:00,2026-09-28T08:26:00
1161,1,visit,44,Gitega,2026-09-28T08:26:00,2026-09-28T08:58:00
1162,1,sms,44,Gitega,2026-04-16T09:41:00,2026-04-16T09:44:00
1163,1,sms,44,Gitega,2026-05-05T15:54:00,2026-05-05T15:57:00
1164,1,sms,44,Gitega,2026-05-26T10:05:00,2026-05-26T10:08:00
1165,1,sms,44,Gitega,2026-06-14T17:15:00,2026-06-14T17:18:00
1166,1,sms,44,Gitega,2026-06-30T09:41:00,2026-06-30T09:44:00
1167,1,sms,44,Gitega,2026-07-15T17:53:00,2026-07-15T17:56:00
1168,1,sms,44,Gitega,2026-08-04T12:54:00,2026-08-04T12:57:00
1169,1,sms,44,Gitega,2026-08-11T16:32:00,2026-08-11T16:35:00
1170,1,sms,44,Gitega,2026-08-24T18:09:00,2026-08-24T18:12:00
1171,1,sms,44,Gitega,2026-09-10T19:13:00,2026-09-10T19:16:00
1172,1,sms,44,Gitega,2026-09-20T12:31:00,2026-09-20T12:34:00
1173,1,travel,45,Kirundo,2026-04-14T10:00:00,2026-04-14T10:15:00
1174,1,visit,45,Kirundo,2026-04-14T10:15:00,2026-04-14T10:44:00
1175,1,travel,45,Kirundo,2026-05-04T08:00:00,2026-05-04T08:11:00
1176,1,visit,45,Kirundo,2026-05-04T08:11:00,2026-05-04T08:36:00
1177,1,travel,45,Kirundo,2026-05-19T09:00:00,2026-05-19T09:12:00
1178,1,visit,45,Kirundo,2026-05-19T09:12:00,2026-05-19T09:39:00
1179,1,travel,45,Kirundo,2026-06-11T11:00:00,2026-06-11T11:20:00
1180,1,visit,45,Kirundo,2026-06-11T11:20:00,2026-06-11T11:36:00
1181,1,travel,45,Kirundo,2026-06-28T09:00:00,2026-06-28T09:17:00
1182,1,visit,45,Kirundo,2026-06-28T09:17:00,2026-06-28T09:38:00
1183,1,travel,45,Kirundo,2026-07-20T13:00:00,2026-07-20T13:14:00
1184,1,visit,45,Kirundo,2026-07-20T13:14:00,2026-07-20T13:35:00
1185,1,travel,45,Kirundo,2026-08-17T14:00:00,2026-08-17T14:16:00
1186,1,visit,45,Kirundo,2026-08-17T14:16:00,2026-08-17T14:45:00
1187,1,travel,45,Kirundo,2026-09-07T13:00:00,2026-09-07T13:19:00
1188,1,visit,45,Kirundo,2026-09-07T13:19:00,2026-09-07T13:36:00
1189,1,travel,45,Kirundo,2026-09-22T13:00:00,2026-09-22T13:14:00
1190,1,visit,45,Kirundo,2026-09-22T13:14:00,2026-09-22T13:31:00
1191,1,sms,45,Kirundo,2026-04-21T17:28:00,2026-04-21T17:31:00
1192,1,sms,45,Kirundo,2026-04-28T12:59:00,2026-04-28T13:02:00
1193,1,sms,45,Kirundo,2026-05-07T08:52:00,2026-05-07T08:55:00
1194,1,sms,45,Kirundo,2026-05-28T16:19:00,2026-05-28T16:22:00
1195,1,sms,45,Kirundo,2026-06-18T08:00:00,2026-06-18T08:03:00
1196,1,sms,45,Kirundo,2026-07-02T14:49:00,2026-07-02T14:52:00
1197,1,sms,45,Kirundo,2026-07-14T12:15:00,2026-07-14T12:18:00
1198,1,sms,45,Kirundo,2026-08-04T11:12:00,2026-08-04T11:15:00
1199,1,sms,45,Kirundo,2026-08-24T17:27:00,2026-08-24T17:30:00
1200,1,sms,45,Kirundo,2026-09-08T20:44:00,2026-09-08T20:47:00
1201,1,sms,45,Kirundo,2026-09-23T09:33:00,2026-09-23T09:36:00
1202,1,travel,46,Ngozi,2026-04-12T09:00:00,2026-04-12T09:30:00
1203,1,visit,46,Ngozi,2026-04-12T09:30:00,2026-04-12T09:58:00
1204,1,travel,46,Ngozi,2026-05-06T11:00:00,2026-05-06T11:22:00
1205,1,visit,46,Ngozi,2026-05-06T11:22:00,2026-05-06T11:50:00
1206,1,travel,46,Ngozi,2026-05-21T09:00:00,2026-05-21T09:29:00
1207,1,visit,46,Ngozi,2026-05-21T09:29:00,2026-05-21T09:53:00
1208,1,travel,46,Ngozi,2026-06-06T09:00:00,2026-06-06T09:18:00
1209,1,visit,46,Ngozi,2026-06-06T09:18:00,2026-06-06T09:58:00
1210,1,travel,46,Ngozi,2026-06-27T13:00:00,2026-06-27T13:27:00
1211,1,visit,46,Ngozi,2026-06-27T13:27:00,2026-06-27T13:53:00
1212,1,travel,46,Ngozi,2026-07-16T10:00:00,2026-07-16T10:23:00
1213,1,visit,46,Ngozi,2026-07-16T10:23:00,2026-07-16T10:54:00
1214,1,travel,46,Ngozi,2026-08-01T09:00:00,2026-08-01T09:17:00
1215,1,visit,46,Ngozi,2026-08-01T09:17:00,2026-08-01T09:38:00
1216,1,travel,46,Ngozi,2026-08-29T12:00:00,2026-08-29T12:20:00
1217,1,visit,46,Ngozi,2026-08-29T12:20:00,2026-08-29T12:48:00
1218,1,travel,46,Ngozi,2026-09-13T08:00:00,2026-09-13T08:29:00
1219,1,visit,46,Ngozi,2026-09-13T08:29:00,2026-09-13T09:00:00
1220,1,sms,46,Ngozi,2026-04-13T09:33:00,2026-04-13T09:36:00
1221,1,sms,46,Ngozi,2026-04-24T07:11:00,2026-04-24T07:14:00
1222,1,sms,46,Ngozi,2026-05-02T10:36:00,2026-05-02T10:39:00
1223,1,sms,46,Ngozi,2026-05-12T17:18:00,2026-05-12T17:21:00
1224,1,sms,46,Ngozi,2026-05-24T09:14:00,2026-05-24T09:17:00
1225,1,sms,46,Ngozi,2026-06-08T14:04:00,2026-06-08T14:07:00
1226,1,sms,46,Ngozi,2026-06-17T17:09:00,2026-06-17T17:12:00
1227,1,sms,46,Ngozi,2026-06-27T09:34:00,2026-06-27T09:37:00
1228,1,sms,46,Ngozi,2026-07-07T12:14:00,2026-07-07T12:17:00
1229,1,sms,46,Ngozi,2026-07-23T15:48:00,2026-07-23T15:51:00
1230,1,sms,46,Ngozi,2026-08-01T16:56:00,2026-08-01T16:59:00
1231,1,sms,46,Ngozi,2026-08-11T13:08:00,2026-08-11T13:11:00
1232,1,sms,46,Ngozi,2026-08-26T18:56:00,2026-08-26T18:59:00
1233,1,sms,46,Ngozi,2026-09-06T13:41:00,2026-09-06T13:44:00
1234,1,sms,46,Ngozi,2026-09-16T09:09:00,2026-09-16T09:12:00
1235,1,sms,46,Ngozi,2026-09-26T17:12:00,2026-09-26T17:15:00
1236,1,travel,46,Ngozi,2026-09-04T13:00:00,2026-09-04T13:24:00
1237,1,visit,46,Ngozi,2026-09-04T13:24:00,2026-09-04T13:54:00
1238,1,travel,47,Cibitoke,2026-04-16T14:00:00,2026-04-16T15:14:00
1239,1,visit,47,Cibitoke,2026-04-16T15:14:00,2026-04-16T16:02:00
1240,1,travel,47,Cibitoke,2026-05-09T10:00:00,2026-05-09T10:50:00
1241,1,visit,47,Cibitoke,2026-05-09T10:50:00,2026-05-09T11:19:00
1242,1,travel,47,Cibitoke,2026-05-23T10:00:00,2026-05-23T11:03:00
1243,1,visit,47,Cibitoke,2026-05-23T11:03:00,2026-05-23T11:28:00
1244,1,travel,47,Cibitoke,2026-06-08T10:00:00,2026-06-08T10:52:00
1245,1,visit,47,Cibitoke,2026-06-08T10:52:00,2026-06-08T11:27:00
1246,1,travel,47,Cibitoke,2026-07-06T11:00:00,2026-07-06T11:58:00
1247,1,visit,47,Cibitoke,2026-07-06T11:58:00,2026-07-06T12:36:00
1248,1,travel,47,Cibitoke,2026-08-02T12:00:00,2026-08-02T13:02:00
1249,1,visit,47,Cibitoke,2026-08-02T13:02:00,2026-08-02T13:33:00
1250,1,travel,47,Cibitoke,2026-08-26T12:00:00,2026-08-26T12:56:00
1251,1,visit,47,Cibitoke,2026-08-26T12:56:00,2026-08-26T13:35:00
1252,1,travel,47,Cibitoke,2026-09-18T12:00:00,2026-09-18T13:11:00
1253,1,visit,47,Cibitoke,2026-09-18T13:11:00,2026-09-18T13:46:00
1254,1,sms,47,Cibitoke,2026-04-21T06:41:00,2026-04-21T06:44:00
1255,1,sms,47,Cibitoke,2026-05-01T12:14:00,2026-05-01T12:17:00
1256,1,sms,47,Cibitoke,2026-05-13T06:51:00,2026-05-13T06:54:00
1257,1,sms,47,Cibitoke,2026-05-31T09:44:00,2026-05-31T09:47:00
1258,1,sms,47,Cibitoke,2026-06-09T15:33:00,2026-06-09T15:36:00
1259,1,sms,47,Cibitoke,2026-06-24T19:07:00,2026-06-24T19:10:00
1260,1,sms,47,Cibitoke,2026-07-01T20:52:00,2026-07-01T20:55:00
1261,1,sms,47,Cibitoke,2026-07-08T19:09:00,2026-07-08T19:12:00
1262,1,sms,47,Cibitoke,2026-07-17T15:07:00,2026-07-17T15:10:00
1263,1,sms,47,Cibitoke,2026-07-25T18:44:00,2026-07-25T18:47:00
1264,1,sms,47,Cibitoke,2026-08-05T20:29:00,2026-08-05T20:32:00
1265,1,sms,47,Cibitoke,2026-08-12T13:50:00,2026-08-12T13:53:00
1266,1,sms,47,Cibitoke,2026-08-26T14:50:00,2026-08-26T14:53:00
1267,1,sms,47,Cibitoke,2026-09-05T18:36:00,2026-09-05T18:39:00
1268,1,sms,47,Cibitoke,2026-09-19T18:11:00,2026-09-19T18:14:00
1269,1,sms,47,Cibitoke,2026-09-27T15:42:00,2026-09-27T15:45:00
1270,1,travel,48,Cibitoke,2026-04-19T10:00:00,2026-04-19T11:22:00
1271,1,visit,48,Cibitoke,2026-04-19T11:22:00,2026-04-19T11:49:00
1272,1,travel,48,Cibitoke,2026-06-02T14:00:00,2026-06-02T14:47:00
1273,1,visit,48,Cibitoke,2026-06-02T14:47:00,2026-06-02T15:24:00
1274,1,travel,48,Cibitoke,2026-07-18T08:00:00,2026-07-18T08:41:00
1275,1,visit,48,Cibitoke,2026-07-18T08:41:00,2026-07-18T09:12:00
1276,1,travel,49,Rutana,2026-04-14T09:00:00,2026-04-14T09:32:00
1277,1,visit,49,Rutana,2026-04-14T09:32:00,2026-04-14T10:01:00
1278,1,travel,49,Rutana,2026-05-07T11:00:00,2026-05-07T11:41:00
1279,1,visit,49,Rutana,2026-05-07T11:41:00,2026-05-07T12:00:00
1280,1,travel,49,Rutana,2026-05-23T14:00:00,2026-05-23T14:36:00
1281,1,visit,49,Rutana,2026-05-23T14:36:00,2026-05-23T15:05:00
1282,1,travel,49,Rutana,2026-06-06T08:00:00,2026-06-06T08:43:00
1283,1,visit,49,Rutana,2026-06-06T08:43:00,2026-06-06T09:20:00
1284,1,travel,49,Rutana,2026-06-30T11:00:00,2026-06-30T11:32:00
1285,1,visit,49,Rutana,2026-06-30T11:32:00,2026-06-30T11:59:00
1286,1,travel,49,Rutana,2026-07-18T09:00:00,2026-07-18T09:35:00
1287,1,visit,49,Rutana,2026-07-18T09:35:00,2026-07-18T10:02:00
1288,1,travel,49,Rutana,2026-08-12T08:00:00,2026-08-12T08:40:00
1289,1,visit,49,Rutana,2026-08-12T08:40:00,2026-08-12T09:13:00
1290,1,travel,49,Rutana,2026-09-05T08:00:00,2026-09-05T08:39:00
1291,1,visit,49,Rutana,2026-09-05T08:39:00,2026-09-05T09:07:00
1292,1,travel,49,Rutana,2026-09-22T11:00:00,2026-09-22T11:17:00
1293,1,visit,49,Rutana,2026-09-22T11:17:00,2026-09-22T11:51:00
1294,1,sms,49,Rutana,2026-04-15T07:06:00,2026-04-15T07:09:00
1295,1,sms,49,Rutana,2026-05-02T18:11:00,2026-05-02T18:14:00
1296,1,sms,49,Rutana,2026-05-21T19:29:00,2026-05-21T19:32:00
1297,1,sms,49,Rutana,2026-05-31T09:36:00,2026-05-31T09:39:00
1298,1,sms,49,Rutana,2026-06-21T07:30:00,2026-06-21T07:33:00
1299,1,sms,49,Rutana,2026-07-05T11:58:00,2026-07-05T12:01:00
1300,1,sms,49,Rutana,2026-07-25T19:26:00,2026-07-25T19:29:00
1301,1,sms,49,Rutana,2026-08-05T17:05:00,2026-08-05T17:08:00
1302,1,sms,49,Rutana,2026-08-14T09:18:00,2026-08-14T09:21:00
1303,1,sms,49,Rutana,2026-09-02T06:21:00,2026-09-02T06:24:00
1304,1,sms,49,Rutana,2026-09-21T10:44:00,2026-09-21T10:47:00
1305,1,travel,50,Cibitoke,2026-04-19T12:00:00,2026-04-19T13:14:00
1306,1,visit,50,Cibitoke,2026-04-19T13:14:00,2026-04-19T13:36:00
1307,1,travel,50,Cibitoke,2026-05-16T10:00:00,2026-05-16T11:07:00
1308,1,visit,50,Cibitoke,2026-05-16T11:07:00,2026-05-16T11:35:00
1309,1,travel,50,Cibitoke,2026-06-09T10:00:00,2026-06-09T11:06:00
1310,1,visit,50,Cibitoke,2026-06-09T11:06:00,2026-06-09T11:45:00
1311,1,travel,50,Cibitoke,2026-07-01T10:00:00,2026-07-01T11:06:00
1312,1,visit,50,Cibitoke,2026-07-01T11:06:00,2026-07-01T11:41:00
1313,1,travel,50,Cibitoke,2026-07-15T14:00:00,2026-07-15T15:05:00
1314,1,visit,50,Cibitoke,2026-07-15T15:05:00,2026-07-15T15:37:00
1315,1,travel,50,Cibitoke,2026-08-01T14:00:00,2026-08-01T14:48:00
1316,1,visit,50,Cibitoke,2026-08-01T14:48:00,2026-08-01T15:28:00
1317,1,travel,50,Cibitoke,2026-08-26T08:00:00,2026-08-26T08:56:00
1318,1,visit,50,Cibitoke,2026-08-26T08:56:00,2026-08-26T09:33:00
1319,1,travel,50,Cibitoke,2026-09-10T11:00:00,2026-09-10T11:39:00
1320,1,visit,50,Cibitoke,2026-09-10T11:39:00,2026-09-10T12:22:00
1321,1,sms,50,Cibitoke,2026-04-18T13:42:00,2026-04-18T13:45:00
1322,1,sms,50,Cibitoke,2026-05-02T16:08:00,2026-05-02T16:11:00
1323,1,sms,50,Cibitoke,2026-05-22T11:15:00,2026-05-22T11:18:00
1324,1,sms,50,Cibitoke,2026-05-29T16:43:00,2026-05-29T16:46:00
1325,1,sms,50,Cibitoke,2026-06-16T11:22:00,2026-06-16T11:25:00
1326,1,sms,50,Cibitoke,2026-07-02T19:47:00,2026-07-02T19:50:00
1327,1,sms,50,Cibitoke,2026-07-10T06:52:00,2026-07-10T06:55:00
1328,1,sms,50,Cibitoke,2026-07-31T20:15:00,2026-07-31T20:18:00
1329,1,sms,50,Cibitoke,2026-08-14T18:57:00,2026-08-14T19:00:00
1330,1,sms,50,Cibitoke,2026-08-24T10:37:00,2026-08-24T10:40:00
1331,1,sms,50,Cibitoke,2026-09-10T12:10:00,2026-09-10T12:13:00
1332,1,sms,50,Cibitoke,2026-09-19T07:44:00,2026-09-19T07:47:00
1333,1,travel,51,Gitega,2026-04-15T09:00:00,2026-04-15T09:21:00
1334,1,visit,51,Gitega,2026-04-15T09:21:00,2026-04-15T09:52:00
1335,1,travel,51,Gitega,2026-05-04T09:00:00,2026-05-04T09:21:00
1336,1,visit,51,Gitega,2026-05-04T09:21:00,2026-05-04T09:38:00
1337,1,travel,51,Gitega,2026-06-01T12:00:00,2026-06-01T12:18:00
1338,1,visit,51,Gitega,2026-06-01T12:18:00,2026-06-01T12:46:00
1339,1,travel,51,Gitega,2026-06-16T10:00:00,2026-06-16T10:18:00
1340,1,visit,51,Gitega,2026-06-16T10:18:00,2026-06-16T10:49:00
1341,1,travel,51,Gitega,2026-07-01T11:00:00,2026-07-01T11:26:00
1342,1,visit,51,Gitega,2026-07-01T11:26:00,2026-07-01T11:57:00
1343,1,travel,51,Gitega,2026-07-29T14:00:00,2026-07-29T14:18:00
1344,1,visit,51,Gitega,2026-07-29T14:18:00,2026-07-29T14:56:00
1345,1,travel,51,Gitega,2026-08-15T13:00:00,2026-08-15T13:17:00
1346,1,visit,51,Gitega,2026-08-15T13:17:00,2026-08-15T13:42:00
1347,1,travel,51,Gitega,2026-09-03T08:00:00,2026-09-03T08:11:00
1348,1,visit,51,Gitega,2026-09-03T08:11:00,2026-09-03T08:43:00
1349,1,travel,51,Gitega,2026-09-21T10:00:00,2026-09-21T10:23:00
1350,1,visit,51,Gitega,2026-09-21T10:23:00,2026-09-21T10:45:00
1351,1,sms,51,Gitega,2026-04-11T16:40:00,2026-04-11T16:43:00
1352,1,sms,51,Gitega,2026-04-24T14:51:00,2026-04-24T14:54:00
1353,1,sms,51,Gitega,2026-05-11T10:24:00,2026-05-11T10:27:00
1354,1,sms,51,Gitega,2026-05-24T20:41:00,2026-05-24T20:44:00
1355,1,sms,51,Gitega,2026-06-08T16:47:00,2026-06-08T16:50:00
1356,1,sms,51,Gitega,2026-06-18T09:37:00,2026-06-18T09:40:00
1357,1,sms,51,Gitega,2026-07-02T11:50:00,2026-07-02T11:53:00
1358,1,sms,51,Gitega,2026-07-18T09:29:00,2026-07-18T09:32:00
1359,1,sms,51,Gitega,2026-07-28T06:54:00,2026-07-28T06:57:00
1360,1,sms,51,Gitega,2026-08-05T15:51:00,2026-08-05T15:54:00
1361,1,sms,51,Gitega,2026-08-15T16:35:00,2026-08-15T16:38:00
1362,1,sms,51,Gitega,2026-08-31T14:42:00,2026-08-31T14:45:00
1363,1,sms,51,Gitega,2026-09-19T13:27:00,2026-09-19T13:30:00
1364,1,travel,51,Gitega,2026-06-14T14:00:00,2026-06-14T14:22:00
1365,1,visit,51,Gitega,2026-06-14T14:22:00,2026-06-14T14:53:00
1366,1,travel,52,Muyinga,2026-04-11T12:00:00,2026-04-11T12:37:00
1367,1,visit,52,Muyinga,2026-04-11T12:37:00,2026-04-11T13:11:00
1368,1,travel,52,Muyinga,2026-05-04T14:00:00,2026-05-04T14:35:00
1369,1,visit,52,Muyinga,2026-05-04T14:35:00,2026-05-04T15:15:00
1370,1,travel,52,Muyinga,2026-05-20T11:00:00,2026-05-20T11:47:00
1371,1,visit,52,Muyinga,2026-05-20T11:47:00,2026-05-20T12:13:00
1372,1,travel,52,Muyinga,2026-06-08T13:00:00,2026-06-08T13:40:00
1373,1,visit,52,Muyinga,2026-06-08T13:40:00,2026-06-08T14:20:00
1374,1,travel,52,Muyinga,2026-06-22T14:00:00,2026-06-22T14:57:00
1375,1,visit,52,Muyinga,2026-06-22T14:57:00,2026-06-22T15:31:00
1376,1,travel,52,Muyinga,2026-07-11T11:00:00,2026-07-11T11:24:00
1377,1,visit,52,Muyinga,2026-07-11T11:24:00,2026-07-11T11:54:00
1378,1,travel,52,Muyinga,2026-08-01T10:00:00,2026-08-01T10:32:00
1379,1,visit,52,Muyinga,2026-08-01T10:32:00,2026-08-01T10:58:00
1380,1,travel,52,Muyinga,2026-08-27T08:00:00,2026-08-27T08:43:00
1381,1,visit,52,Muyinga,2026-08-27T08:43:00,2026-08-27T09:19:00
1382,1,travel,52,Muyinga,2026-09-17T13:00:00,2026-09-17T13:38:00
1383,1,visit,52,Muyinga,2026-09-17T13:38:00,2026-09-17T14:08:00
1384,1,sms,52,Muyinga,2026-04-21T07:03:00,2026-04-21T07:06:00
1385,1,sms,52,Muyinga,2026-05-06T17:12:00,2026-05-06T17:15:00
1386,1,sms,52,Muyinga,2026-05-24T13:43:00,2026-05-24T13:46:00
1387,1,sms,52,Muyinga,2026-06-14T17:02:00,2026-06-14T17:05:00
1388,1,sms,52,Muyinga,2026-07-03T20:51:00,2026-07-03T20:54:00
1389,1,sms,52,Muyinga,2026-07-15T09:13:00,2026-07-15T09:16:00
1390,1,sms,52,Muyinga,2026-07-25T15:08:00,2026-07-25T15:11:00
1391,1,sms,52,Muyinga,2026-08-03T20:02:00,2026-08-03T20:05:00
1392,1,sms,52,Muyinga,2026-08-18T18:56:00,2026-08-18T18:59:00
1393,1,sms,52,Muyinga,2026-08-30T16:03:00,2026-08-30T16:06:00
1394,1,sms,52,Muyinga,2026-09-09T15:49:00,2026-09-09T15:52:00
1395,1,sms,52,Muyinga,2026-09-21T08:50:00,2026-09-21T08:53:00
1396,1,travel,52,Muyinga,2026-10-02T14:00:00,2026-10-02T14:42:00
1397,1,visit,52,Muyinga,2026-10-02T14:42:00,2026-10-02T15:16:00
1398,1,travel,53,Kirundo,2026-04-12T11:00:00,2026-04-12T11:17:00
1399,1,visit,53,Kirundo,2026-04-12T11:17:00,2026-04-12T11:41:00
1400,1,travel,53,Kirundo,2026-05-04T12:00:00,2026-05-04T12:14:00
1401,1,visit,53,Kirundo,2026-05-04T12:14:00,2026-05-04T12:37:00
1402,1,travel,53,Kirundo,2026-05-28T14:00:00,2026-05-28T14:18:00
1403,1,visit,53,Kirundo,2026-05-28T14:18:00,2026-05-28T14:48:00
1404,1,travel,53,Kirundo,2026-06-24T12:00:00,2026-06-24T12:07:00
1405,1,visit,53,Kirundo,2026-06-24T12:07:00,2026-06-24T12:34:00
1406,1,travel,53,Kirundo,2026-07-20T14:00:00,2026-07-20T14:19:00
1407,1,visit,53,Kirundo,2026-07-20T14:19:00,2026-07-20T14:41:00
1408,1,travel,53,Kirundo,2026-08-11T11:00:00,2026-08-11T11:15:00
1409,1,visit,53,Kirundo,2026-08-11T11:15:00,2026-08-11T11:42:00
1410,1,travel,53,Kirundo,2026-09-06T11:00:00,2026-09-06T11:13:00
1411,1,visit,53,Kirundo,2026-09-06T11:13:00,2026-09-06T11:48:00
1412,1,travel,53,Kirundo,2026-09-26T09:00:00,2026-09-26T09:15:00
1413,1,visit,53,Kirundo,2026-09-26T09:15:00,2026-09-26T09:39:00
1414,1,sms,53,Kirundo,2026-04-19T08:30:00,2026-04-19T08:33:00
1415,1,sms,53,Kirundo,2026-04-28T15:46:00,2026-04-28T15:49:00
1416,1,sms,53,Kirundo,2026-05-05T15:39:00,2026-05-05T15:42:00
1417,1,sms,53,Kirundo,2026-05-20T20:26:00,2026-05-20T20:29:00
1418,1,sms,53,Kirundo,2026-05-28T14:24:00,2026-05-28T14:27:00
1419,1,sms,53,Kirundo,2026-06-06T19:12:00,2026-06-06T19:15:00
1420,1,sms,53,Kirundo,2026-06-21T10:13:00,2026-06-21T10:16:00
1421,1,sms,53,Kirundo,2026-06-28T06:11:00,2026-06-28T06:14:00
1422,1,sms,53,Kirundo,2026-07-13T08:19:00,2026-07-13T08:22:00
1423,1,sms,53,Kirundo,2026-07-22T12:48:00,2026-07-22T12:51:00
1424,1,sms,53,Kirundo,2026-08-05T18:49:00,2026-08-05T18:52:00
1425,1,sms,53,Kirundo,2026-08-12T12:26:00,2026-08-12T12:29:00
1426,1,sms,53,Kirundo,2026-08-27T13:15:00,2026-08-27T13:18:00
1427,1,sms,53,Kirundo,2026-09-09T16:03:00,2026-09-09T16:06:00
1428,1,sms,53,Kirundo,2026-09-24T06:36:00,2026-09-24T06:39:00
1429,1,travel,53,Kirundo,2026-10-01T14:00:00,2026-10-01T14:16:00
1430,1,visit,53,Kirundo,2026-10-01T14:16:00,2026-10-01T14:36:00
1431,1,travel,54,Cibitoke,2026-04-13T09:00:00,2026-04-13T09:40:00
1432,1,visit,54,Cibitoke,2026-04-13T09:40:00,2026-04-13T10:08:00
1433,1,travel,54,Cibitoke,2026-04-29T13:00:00,2026-04-29T13:47:00
1434,1,visit,54,Cibitoke,2026-04-29T13:47:00,2026-04-29T14:20:00
1435,1,travel,54,Cibitoke,2026-05-27T11:00:00,2026-05-27T11:56:00
1436,1,visit,54,Cibitoke,2026-05-27T11:56:00,2026-05-27T12:38:00
1437,1,travel,54,Cibitoke,2026-06-11T08:00:00,2026-06-11T08:50:00
1438,1,visit,54,Cibitoke,2026-06-11T08:50:00,2026-06-11T09:23:00
1439,1,travel,54,Cibitoke,2026-07-05T10:00:00,2026-07-05T10:50:00
1440,1,visit,54,Cibitoke,2026-07-05T10:50:00,2026-07-05T11:27:00
1441,1,travel,54,Cibitoke,2026-07-20T10:00:00,2026-07-20T11:06:00
1442,1,visit,54,Cibitoke,2026-07-20T11:06:00,2026-07-20T11:51:00
1443,1,travel,54,Cibitoke,2026-08-04T11:00:00,2026-08-04T12:00:00
1444,1,visit,54,Cibitoke,2026-08-04T12:00:00,2026-08-04T12:34:00
1445,1,travel,54,Cibitoke,2026-08-25T11:00:00,2026-08-25T11:50:00
1446,1,visit,54,Cibitoke,2026-08-25T11:50:00,2026-08-25T12:29:00
1447,1,travel,54,Cibitoke,2026-09-13T09:00:00,2026-09-13T09:59:00
1448,1,visit,54,Cibitoke,2026-09-13T09:59:00,2026-09-13T10:36:00
1449,1,sms,54,Cibitoke,2026-04-16T15:21:00,2026-04-16T15:24:00
1450,1,sms,54,Cibitoke,2026-05-06T15:41:00,2026-05-06T15:44:00
1451,1,sms,54,Cibitoke,2026-05-18T16:05:00,2026-05-18T16:08:00
1452,1,sms,54,Cibitoke,2026-06-04T10:02:00,2026-06-04T10:05:00
1453,1,sms,54,Cibitoke,2026-06-21T10:28:00,2026-06-21T10:31:00
1454,1,sms,54,Cibitoke,2026-07-08T06:15:00,2026-07-08T06:18:00
1455,1,sms,54,Cibitoke,2026-07-22T16:09:00,2026-07-22T16:12:00
1456,1,sms,54,Cibitoke,2026-07-31T06:17:00,2026-07-31T06:20:00
1457,1,sms,54,Cibitoke,2026-08-08T18:14:00,2026-08-08T18:17:00
1458,1,sms,54,Cibitoke,2026-08-23T18:44:00,2026-08-23T18:47:00
1459,1,sms,54,Cibitoke,2026-09-05T07:19:00,2026-09-05T07:22:00
1460,1,sms,54,Cibitoke,2026-09-26T06:45:00,2026-09-26T06:48:00
1461,1,travel,55,Gitega,2026-04-12T11:00:00,2026-04-12T11:21:00
1462,1,visit,55,Gitega,2026-04-12T11:21:00,2026-04-12T11:39:00
1463,1,travel,55,Gitega,2026-05-19T09:00:00,2026-05-19T09:22:00
1464,1,visit,55,Gitega,2026-05-19T09:22:00,2026-05-19T09:40:00
1465,1,travel,55,Gitega,2026-07-01T10:00:00,2026-07-01T10:19:00
1466,1,visit,55,Gitega,2026-07-01T10:19:00,2026-07-01T10:44:00
1467,1,travel,55,Gitega,2026-08-15T11:00:00,2026-08-15T11:20:00
1468,1,visit,55,Gitega,2026-08-15T11:20:00,2026-08-15T11:41:00
1469,1,travel,56,Cibitoke,2026-04-09T10:00:00,2026-04-09T11:12:00
1470,1,visit,56,Cibitoke,2026-04-09T11:12:00,2026-04-09T11:43:00
1471,1,travel,56,Cibitoke,2026-05-26T08:00:00,2026-05-26T09:21:00
1472,1,visit,56,Cibitoke,2026-05-26T09:21:00,2026-05-26T09:53:00
1473,1,travel,56,Cibitoke,2026-07-11T09:00:00,2026-07-11T09:45:00
1474,1,visit,56,Cibitoke,2026-07-11T09:45:00,2026-07-11T10:12:00
1475,1,travel,57,Cibitoke,2026-04-09T12:00:00,2026-04-09T12:54:00
1476,1,visit,57,Cibitoke,2026-04-09T12:54:00,2026-04-09T13:31:00
1477,1,travel,57,Cibitoke,2026-04-23T13:00:00,2026-04-23T13:58:00
1478,1,visit,57,Cibitoke,2026-04-23T13:58:00,2026-04-23T14:39:00
1479,1,travel,57,Cibitoke,2026-05-20T09:00:00,2026-05-20T10:20:00
1480,1,visit,57,Cibitoke,2026-05-20T10:20:00,2026-05-20T10:52:00
1481,1,travel,57,Cibitoke,2026-06-06T11:00:00,2026-06-06T11:48:00
1482,1,visit,57,Cibitoke,2026-06-06T11:48:00,2026-06-06T12:24:00
1483,1,travel,57,Cibitoke,2026-06-22T12:00:00,2026-06-22T12:56:00
1484,1,visit,57,Cibitoke,2026-06-22T12:56:00,2026-06-22T13:26:00
1485,1,travel,57,Cibitoke,2026-07-20T11:00:00,2026-07-20T11:57:00
1486,1,visit,57,Cibitoke,2026-07-20T11:57:00,2026-07-20T12:27:00
1487,1,travel,57,Cibitoke,2026-08-17T12:00:00,2026-08-17T12:54:00
1488,1,visit,57,Cibitoke,2026-08-17T12:54:00,2026-08-17T13:32:00
1489,1,travel,57,Cibitoke,2026-09-10T12:00:00,2026-09-10T12:43:00
1490,1,visit,57,Cibitoke,2026-09-10T12:43:00,2026-09-10T13:16:00
1491,1,sms,57,Cibitoke,2026-04-16T11:46:00,2026-04-16T11:49:00
1492,1,sms,57,Cibitoke,2026-05-03T20:01:00,2026-05-03T20:04:00
1493,1,sms,57,Cibitoke,2026-05-19T12:22:00,2026-05-19T12:25:00
1494,1,sms,57,Cibitoke,2026-06-06T14:12:00,2026-06-06T14:15:00
1495,1,sms,57,Cibitoke,2026-06-25T12:43:00,2026-06-25T12:46:00
1496,1,sms,57,Cibitoke,2026-07-10T15:29:00,2026-07-10T15:32:00
1497,1,sms,57,Cibitoke,2026-07-19T12:19:00,2026-07-19T12:22:00
1498,1,sms,57,Cibitoke,2026-07-30T15:46:00,2026-07-30T15:49:00
1499,1,sms,57,Cibitoke,2026-08-17T13:10:00,2026-08-17T13:13:00
1500,1,sms,57,Cibitoke,2026-09-05T20:10:00,2026-09-05T20:13:00
1501,1,sms,57,Cibitoke,2026-09-24T11:18:00,2026-09-24T11:21:00
1502,1,sms,57,Cibitoke,2026-10-02T12:44:00,2026-10-02T12:47:00
1503,1,travel,58,Muyinga,2026-04-09T10:00:00,2026-04-09T11:05:00
1504,1,visit,58,Muyinga,2026-04-09T11:05:00,2026-04-09T11:41:00
1505,1,travel,58,Muyinga,2026-06-02T13:00:00,2026-06-02T13:55:00
1506,1,visit,58,Muyinga,2026-06-02T13:55:00,2026-06-02T14:23:00
1507,1,travel,58,Muyinga,2026-07-15T08:00:00,2026-07-15T08:27:00
1508,1,visit,58,Muyinga,2026-07-15T08:27:00,2026-07-15T08:51:00
1509,1,travel,59,Cibitoke,2026-04-15T11:00:00,2026-04-15T12:11:00
1510,1,visit,59,Cibitoke,2026-04-15T12:11:00,2026-04-15T12:49:00
1511,1,travel,59,Cibitoke,2026-04-30T12:00:00,2026-04-30T13:09:00
1512,1,visit,59,Cibitoke,2026-04-30T13:09:00,2026-04-30T13:39:00
1513,1,travel,59,Cibitoke,2026-05-25T13:00:00,2026-05-25T14:11:00
1514,1,visit,59,Cibitoke,2026-05-25T14:11:00,2026-05-25T14:38:00
1515,1,travel,59,Cibitoke,2026-06-13T09:00:00,2026-06-13T09:45:00
1516,1,visit,59,Cibitoke,2026-06-13T09:45:00,2026-06-13T10:15:00
1517,1,travel,59,Cibitoke,2026-07-02T11:00:00,2026-07-02T12:06:00
1518,1,visit,59,Cibitoke,2026-07-02T12:06:00,2026-07-02T12:46:00
1519,1,travel,59,Cibitoke,2026-07-23T11:00:00,2026-07-23T11:58:00
1520,1,visit,59,Cibitoke,2026-07-23T11:58:00,2026-07-23T12:39:00
1521,1,travel,59,Cibitoke,2026-08-15T11:00:00,2026-08-15T11:56:00
1522,1,visit,59,Cibitoke,2026-08-15T11:56:00,2026-08-15T12:31:00
1523,1,travel,59,Cibitoke,2026-09-07T10:00:00,2026-09-07T11:14:00
1524,1,visit,59,Cibitoke,2026-09-07T11:14:00,2026-09-07T11:47:00
1525,1,sms,59,Cibitoke,2026-04-16T14:16:00,2026-04-16T14:19:00
1526,1,sms,59,Cibitoke,2026-04-23T09:20:00,2026-04-23T09:23:00
1527,1,sms,59,Cibitoke,2026-05-08T08:48:00,2026-05-08T08:51:00
1528,1,sms,59,Cibitoke,2026-05-21T12:53:00,2026-05-21T12:56:00
1529,1,sms,59,Cibitoke,2026-06-11T09:53:00,2026-06-11T09:56:00
1530,1,sms,59,Cibitoke,2026-06-26T06:31:00,2026-06-26T06:34:00
1531,1,sms,59,Cibitoke,2026-07-11T09:30:00,2026-07-11T09:33:00
1532,1,sms,59,Cibitoke,2026-08-01T18:49:00,2026-08-01T18:52:00
1533,1,sms,59,Cibitoke,2026-08-11T14:59:00,2026-08-11T15:02:00
1534,1,sms,59,Cibitoke,2026-08-19T19:51:00,2026-08-19T19:54:00
1535,1,sms,59,Cibitoke,2026-08-27T06:11:00,2026-08-27T06:14:00
1536,1,sms,59,Cibitoke,2026-09-06T14:48:00,2026-09-06T14:51:00
1537,1,sms,59,Cibitoke,2026-09-16T19:07:00,2026-09-16T19:10:00
1538,1,travel,60,Ngozi,2026-04-17T08:00:00,2026-04-17T08:19:00
1539,1,visit,60,Ngozi,2026-04-17T08:19:00,2026-04-17T08:46:00
1540,1,travel,60,Ngozi,2026-05-02T08:00:00,2026-05-02T08:23:00
1541,1,visit,60,Ngozi,2026-05-02T08:23:00,2026-05-02T08:50:00
1542,1,travel,60,Ngozi,2026-05-19T10:00:00,2026-05-19T10:21:00
1543,1,visit,60,Ngozi,2026-05-19T10:21:00,2026-05-19T10:45:00
1544,1,travel,60,Ngozi,2026-06-11T12:00:00,2026-06-11T12:23:00
1545,1,visit,60,Ngozi,2026-06-11T12:23:00,2026-06-11T13:07:00
1546,1,travel,60,Ngozi,2026-06-28T12:00:00,2026-06-28T12:23:00
1547,1,visit,60,Ngozi,2026-06-28T12:23:00,2026-06-28T12:46:00
1548,1,travel,60,Ngozi,2026-07-21T12:00:00,2026-07-21T12:29:00
1549,1,visit,60,Ngozi,2026-07-21T12:29:00,2026-07-21T12:44:00
1550,1,travel,60,Ngozi,2026-08-13T13:00:00,2026-08-13T13:30:00
1551,1,visit,60,Ngozi,2026-08-13T13:30:00,2026-08-13T14:06:00
1552,1,travel,60,Ngozi,2026-09-07T08:00:00,2026-09-07T08:27:00
1553,1,visit,60,Ngozi,2026-09-07T08:27:00,2026-09-07T09:06:00
1554,1,sms,60,Ngozi,2026-04-13T17:06:00,2026-04-13T17:09:00
1555,1,sms,60,Ngozi,2026-04-26T09:35:00,2026-04-26T09:38:00
1556,1,sms,60,Ngozi,2026-05-15T10:13:00,2026-05-15T10:16:00
1557,1,sms,60,Ngozi,2026-06-04T13:33:00,2026-06-04T13:36:00
1558,1,sms,60,Ngozi,2026-06-13T08:43:00,2026-06-13T08:46:00
1559,1,sms,60,Ngozi,2026-06-26T12:26:00,2026-06-26T12:29:00
1560,1,sms,60,Ngozi,2026-07-15T19:24:00,2026-07-15T19:27:00
1561,1,sms,60,Ngozi,2026-07-23T17:48:00,2026-07-23T17:51:00
1562,1,sms,60,Ngozi,2026-07-31T09:39:00,2026-07-31T09:42:00
1563,1,sms,60,Ngozi,2026-08-14T09:25:00,2026-08-14T09:28:00
1564,1,sms,60,Ngozi,2026-09-03T11:14:00,2026-09-03T11:17:00
1565,1,sms,60,Ngozi,2026-09-23T07:48:00,2026-09-23T07:51:00
1566,1,travel,61,Gitega,2025-11-06T10:00:00,2025-11-06T10:20:00
1567,1,visit,61,Gitega,2025-11-06T10:20:00,2025-11-06T10:45:00
1568,1,travel,61,Gitega,2025-11-30T08:00:00,2025-11-30T08:19:00
1569,1,visit,61,Gitega,2025-11-30T08:19:00,2025-11-30T08:35:00
1570,1,travel,61,Gitega,2025-12-14T10:00:00,2025-12-14T10:17:00
1571,1,visit,61,Gitega,2025-12-14T10:17:00,2025-12-14T10:43:00
1572,1,travel,61,Gitega,2025-12-30T09:00:00,2025-12-30T09:21:00
1573,1,visit,61,Gitega,2025-12-30T09:21:00,2025-12-30T09:42:00
1574,1,travel,61,Gitega,2026-01-20T11:00:00,2026-01-20T11:15:00
1575,1,visit,61,Gitega,2026-01-20T11:15:00,2026-01-20T11:45:00
1576,1,travel,61,Gitega,2026-02-06T14:00:00,2026-02-06T14:20:00
1577,1,visit,61,Gitega,2026-02-06T14:20:00,2026-02-06T14:48:00
1578,1,travel,61,Gitega,2026-02-25T13:00:00,2026-02-25T13:15:00
1579,1,visit,61,Gitega,2026-02-25T13:15:00,2026-02-25T13:50:00
1580,1,travel,61,Gitega,2026-03-25T09:00:00,2026-03-25T09:27:00
1581,1,visit,61,Gitega,2026-03-25T09:27:00,2026-03-25T09:49:00
1582,1,travel,61,Gitega,2026-04-09T14:00:00,2026-04-09T14:26:00
1583,1,visit,61,Gitega,2026-04-09T14:26:00,2026-04-09T14:41:00
1584,1,travel,62,Kirundo,2025-11-12T12:00:00,2025-11-12T12:13:00
1585,1,visit,62,Kirundo,2025-11-12T12:13:00,2025-11-12T12:40:00
1586,1,travel,62,Kirundo,2025-12-07T13:00:00,2025-12-07T13:22:00
1587,1,visit,62,Kirundo,2025-12-07T13:22:00,2025-12-07T13:47:00
1588,1,travel,62,Kirundo,2026-01-03T10:00:00,2026-01-03T10:13:00
1589,1,visit,62,Kirundo,2026-01-03T10:13:00,2026-01-03T10:41:00
1590,1,travel,62,Kirundo,2026-01-28T12:00:00,2026-01-28T12:16:00
1591,1,visit,62,Kirundo,2026-01-28T12:16:00,2026-01-28T12:39:00
1592,1,travel,62,Kirundo,2026-02-20T13:00:00,2026-02-20T13:15:00
1593,1,visit,62,Kirundo,2026-02-20T13:15:00,2026-02-20T13:56:00
1594,1,travel,62,Kirundo,2026-03-11T14:00:00,2026-03-11T14:11:00
1595,1,visit,62,Kirundo,2026-03-11T14:11:00,2026-03-11T14:32:00
1596,1,travel,62,Kirundo,2026-03-30T08:00:00,2026-03-30T08:14:00
1597,1,visit,62,Kirundo,2026-03-30T08:14:00,2026-03-30T08:40:00
1598,1,travel,62,Kirundo,2026-04-21T13:00:00,2026-04-21T13:12:00
1599,1,visit,62,Kirundo,2026-04-21T13:12:00,2026-04-21T13:40:00
1600,1,travel,62,Kirundo,2026-05-08T13:00:00,2026-05-08T13:07:00
1601,1,visit,62,Kirundo,2026-05-08T13:07:00,2026-05-08T13:32:00
1602,1,travel,63,Kirundo,2025-11-02T10:00:00,2025-11-02T10:13:00
1603,1,visit,63,Kirundo,2025-11-02T10:13:00,2025-11-02T10:23:00
1604,1,travel,63,Kirundo,2025-11-19T12:00:00,2025-11-19T12:20:00
1605,1,visit,63,Kirundo,2025-11-19T12:20:00,2025-11-19T12:38:00
1606,1,travel,63,Kirundo,2025-12-05T10:00:00,2025-12-05T10:11:00
1607,1,visit,63,Kirundo,2025-12-05T10:11:00,2025-12-05T10:40:00
1608,1,travel,63,Kirundo,2025-12-26T11:00:00,2025-12-26T11:16:00
1609,1,visit,63,Kirundo,2025-12-26T11:16:00,2025-12-26T11:48:00
1610,1,travel,63,Kirundo,2026-01-16T11:00:00,2026-01-16T11:15:00
1611,1,visit,63,Kirundo,2026-01-16T11:15:00,2026-01-16T11:30:00
1612,1,travel,63,Kirundo,2026-02-13T08:00:00,2026-02-13T08:12:00
1613,1,visit,63,Kirundo,2026-02-13T08:12:00,2026-02-13T08:37:00
1614,1,travel,63,Kirundo,2026-03-07T11:00:00,2026-03-07T11:13:00
1615,1,visit,63,Kirundo,2026-03-07T11:13:00,2026-03-07T11:34:00
1616,1,travel,63,Kirundo,2026-04-03T11:00:00,2026-04-03T11:11:00
1617,1,visit,63,Kirundo,2026-04-03T11:11:00,2026-04-03T11:46:00
1618,1,travel,63,Kirundo,2026-04-18T10:00:00,2026-04-18T10:14:00
1619,1,visit,63,Kirundo,2026-04-18T10:14:00,2026-04-18T10:29:00
1620,1,travel,63,Kirundo,2026-05-02T08:00:00,2026-05-02T08:20:00
1621,1,visit,63,Kirundo,2026-05-02T08:20:00,2026-05-02T08:46:00
1622,1,travel,64,Muyinga,2025-10-15T12:00:00,2025-10-15T12:47:00
1623,1,visit,64,Muyinga,2025-10-15T12:47:00,2025-10-15T13:14:00
1624,1,travel,64,Muyinga,2025-11-05T11:00:00,2025-11-05T11:34:00
1625,1,visit,64,Muyinga,2025-11-05T11:34:00,2025-11-05T12:00:00
1626,1,travel,64,Muyinga,2025-12-03T10:00:00,2025-12-03T10:43:00
1627,1,visit,64,Muyinga,2025-12-03T10:43:00,2025-12-03T11:12:00
1628,1,travel,64,Muyinga,2025-12-19T08:00:00,2025-12-19T08:48:00
1629,1,visit,64,Muyinga,2025-12-19T08:48:00,2025-12-19T09:15:00
1630,1,travel,64,Muyinga,2026-01-08T12:00:00,2026-01-08T12:35:00
1631,1,visit,64,Muyinga,2026-01-08T12:35:00,2026-01-08T13:08:00
1632,1,travel,64,Muyinga,2026-01-29T10:00:00,2026-01-29T10:34:00
1633,1,visit,64,Muyinga,2026-01-29T10:34:00,2026-01-29T11:04:00
1634,1,travel,64,Muyinga,2026-02-15T10:00:00,2026-02-15T10:27:00
1635,1,visit,64,Muyinga,2026-02-15T10:27:00,2026-02-15T11:04:00
1636,1,travel,64,Muyinga,2026-03-08T10:00:00,2026-03-08T10:34:00
1637,1,visit,64,Muyinga,2026-03-08T10:34:00,2026-03-08T11:07:00
1638,1,travel,64,Muyinga,2026-03-29T13:00:00,2026-03-29T13:38:00
1639,1,visit,64,Muyinga,2026-03-29T13:38:00,2026-03-29T14:10:00
1640,1,travel,64,Muyinga,2026-04-26T13:00:00,2026-04-26T13:57:00
1641,1,visit,64,Muyinga,2026-04-26T13:57:00,2026-04-26T14:24:00
1642,1,travel,64,Muyinga,2026-05-14T08:00:00,2026-05-14T08:43:00
1643,1,visit,64,Muyinga,2026-05-14T08:43:00,2026-05-14T09:13:00
1644,1,travel,64,Muyinga,2026-06-08T12:00:00,2026-06-08T12:30:00
1645,1,visit,64,Muyinga,2026-06-08T12:30:00,2026-06-08T12:59:00
1646,1,travel,64,Muyinga,2026-06-23T09:00:00,2026-06-23T09:39:00
1647,1,visit,64,Muyinga,2026-06-23T09:39:00,2026-06-23T10:00:00
1648,1,travel,64,Muyinga,2026-07-17T08:00:00,2026-07-17T08:35:00
1649,1,visit,64,Muyinga,2026-07-17T08:35:00,2026-07-17T08:58:00
1650,1,travel,64,Muyinga,2026-07-20T12:00:00,2026-07-20T12:44:00
1651,1,visit,64,Muyinga,2026-07-20T12:44:00,2026-07-20T13:20:00
1652,1,travel,65,Ngozi,2025-10-21T10:00:00,2025-10-21T10:22:00
1653,1,visit,65,Ngozi,2025-10-21T10:22:00,2025-10-21T10:54:00
1654,1,travel,65,Ngozi,2025-11-11T11:00:00,2025-11-11T11:33:00
1655,1,visit,65,Ngozi,2025-11-11T11:33:00,2025-11-11T11:54:00
1656,1,travel,65,Ngozi,2025-12-04T08:00:00,2025-12-04T08:20:00
1657,1,visit,65,Ngozi,2025-12-04T08:20:00,2025-12-04T08:56:00
1658,1,travel,65,Ngozi,2025-12-19T11:00:00,2025-12-19T11:27:00
1659,1,visit,65,Ngozi,2025-12-19T11:27:00,2025-12-19T11:53:00
1660,1,travel,65,Ngozi,2026-01-15T09:00:00,2026-01-15T09:38:00
1661,1,visit,65,Ngozi,2026-01-15T09:38:00,2026-01-15T09:57:00
1662,1,travel,65,Ngozi,2026-02-02T08:00:00,2026-02-02T08:26:00
1663,1,visit,65,Ngozi,2026-02-02T08:26:00,2026-02-02T09:00:00
1664,1,travel,65,Ngozi,2026-02-26T09:00:00,2026-02-26T09:23:00
1665,1,visit,65,Ngozi,2026-02-26T09:23:00,2026-02-26T09:44:00
1666,1,travel,65,Ngozi,2026-03-15T13:00:00,2026-03-15T13:24:00
1667,1,visit,65,Ngozi,2026-03-15T13:24:00,2026-03-15T14:03:00
1668,1,travel,65,Ngozi,2026-03-29T14:00:00,2026-03-29T14:34:00
1669,1,visit,65,Ngozi,2026-03-29T14:34:00,2026-03-29T15:05:00
1670,1,travel,65,Ngozi,2026-04-15T09:00:00,2026-04-15T09:24:00
1671,1,visit,65,Ngozi,2026-04-15T09:24:00,2026-04-15T09:54:00
1672,1,travel,65,Ngozi,2026-05-05T13:00:00,2026-05-05T13:19:00
1673,1,visit,65,Ngozi,2026-05-05T13:19:00,2026-05-05T13:50:00
1674,1,travel,65,Ngozi,2026-05-19T13:00:00,2026-05-19T13:27:00
1675,1,visit,65,Ngozi,2026-05-19T13:27:00,2026-05-19T14:01:00
1676,1,travel,65,Ngozi,2026-06-15T08:00:00,2026-06-15T08:33:00
1677,1,visit,65,Ngozi,2026-06-15T08:33:00,2026-06-15T09:02:00
1678,1,travel,65,Ngozi,2026-07-12T14:00:00,2026-07-12T14:25:00
1679,1,visit,65,Ngozi,2026-07-12T14:25:00,2026-07-12T15:05:00
1680,1,travel,65,Ngozi,2026-07-13T09:00:00,2026-07-13T09:23:00
1681,1,visit,65,Ngozi,2026-07-13T09:23:00,2026-07-13T09:48:00
1682,1,travel,66,Gitega,2025-10-14T14:00:00,2025-10-14T14:16:00
1683,1,visit,66,Gitega,2025-10-14T14:16:00,2025-10-14T14:45:00
1684,1,travel,66,Gitega,2025-11-08T08:00:00,2025-11-08T08:19:00
1685,1,visit,66,Gitega,2025-11-08T08:19:00,2025-11-08T08:51:00
1686,1,travel,66,Gitega,2025-11-27T12:00:00,2025-11-27T12:26:00
1687,1,visit,66,Gitega,2025-11-27T12:26:00,2025-11-27T12:50:00
1688,1,travel,66,Gitega,2025-12-19T10:00:00,2025-12-19T10:19:00
1689,1,visit,66,Gitega,2025-12-19T10:19:00,2025-12-19T10:41:00
1690,1,travel,66,Gitega,2026-01-05T12:00:00,2026-01-05T12:14:00
1691,1,visit,66,Gitega,2026-01-05T12:14:00,2026-01-05T12:40:00
1692,1,travel,66,Gitega,2026-01-25T09:00:00,2026-01-25T09:21:00
1693,1,visit,66,Gitega,2026-01-25T09:21:00,2026-01-25T09:48:00
1694,1,travel,66,Gitega,2026-02-13T08:00:00,2026-02-13T08:20:00
1695,1,visit,66,Gitega,2026-02-13T08:20:00,2026-02-13T08:39:00
1696,1,travel,66,Gitega,2026-03-06T12:00:00,2026-03-06T12:18:00
1697,1,visit,66,Gitega,2026-03-06T12:18:00,2026-03-06T12:39:00
1698,1,travel,66,Gitega,2026-03-29T11:00:00,2026-03-29T11:18:00
1699,1,visit,66,Gitega,2026-03-29T11:18:00,2026-03-29T11:44:00
1700,1,travel,66,Gitega,2026-04-18T13:00:00,2026-04-18T13:22:00
1701,1,visit,66,Gitega,2026-04-18T13:22:00,2026-04-18T13:46:00
1702,1,travel,66,Gitega,2026-05-06T10:00:00,2026-05-06T10:20:00
1703,1,visit,66,Gitega,2026-05-06T10:20:00,2026-05-06T10:40:00
1704,1,travel,66,Gitega,2026-05-31T08:00:00,2026-05-31T08:22:00
1705,1,visit,66,Gitega,2026-05-31T08:22:00,2026-05-31T08:45:00
1706,1,travel,66,Gitega,2026-06-17T13:00:00,2026-06-17T13:16:00
1707,1,visit,66,Gitega,2026-06-17T13:16:00,2026-06-17T13:39:00
1708,1,travel,66,Gitega,2026-06-30T14:00:00,2026-06-30T14:21:00
1709,1,visit,66,Gitega,2026-06-30T14:21:00,2026-06-30T14:52:00
1710,1,travel,67,Muyinga,2025-10-25T14:00:00,2025-10-25T14:42:00
1711,1,visit,67,Muyinga,2025-10-25T14:42:00,2025-10-25T15:09:00
1712,1,travel,67,Muyinga,2025-11-21T11:00:00,2025-11-21T11:43:00
1713,1,visit,67,Muyinga,2025-11-21T11:43:00,2025-11-21T12:17:00
1714,1,travel,67,Muyinga,2025-12-08T10:00:00,2025-12-08T10:37:00
1715,1,visit,67,Muyinga,2025-12-08T10:37:00,2025-12-08T11:04:00
1716,1,travel,67,Muyinga,2026-01-03T10:00:00,2026-01-03T10:50:00
1717,1,visit,67,Muyinga,2026-01-03T10:50:00,2026-01-03T11:18:00
1718,1,travel,67,Muyinga,2026-01-23T14:00:00,2026-01-23T14:37:00
1719,1,visit,67,Muyinga,2026-01-23T14:37:00,2026-01-23T15:09:00
1720,1,travel,67,Muyinga,2026-02-06T13:00:00,2026-02-06T13:54:00
1721,1,visit,67,Muyinga,2026-02-06T13:54:00,2026-02-06T14:23:00
1722,1,travel,67,Muyinga,2026-03-05T14:00:00,2026-03-05T14:33:00
1723,1,visit,67,Muyinga,2026-03-05T14:33:00,2026-03-05T15:12:00
1724,1,travel,67,Muyinga,2026-03-24T11:00:00,2026-03-24T11:29:00
1725,1,visit,67,Muyinga,2026-03-24T11:29:00,2026-03-24T11:57:00
1726,1,travel,67,Muyinga,2026-04-10T09:00:00,2026-04-10T09:49:00
1727,1,visit,67,Muyinga,2026-04-10T09:49:00,2026-04-10T10:13:00
1728,1,travel,67,Muyinga,2026-05-07T14:00:00,2026-05-07T14:39:00
1729,1,visit,67,Muyinga,2026-05-07T14:39:00,2026-05-07T15:02:00
1730,1,travel,67,Muyinga,2026-06-04T08:00:00,2026-06-04T08:32:00
1731,1,visit,67,Muyinga,2026-06-04T08:32:00,2026-06-04T09:07:00
1732,1,travel,67,Muyinga,2026-06-18T11:00:00,2026-06-18T11:30:00
1733,1,visit,67,Muyinga,2026-06-18T11:30:00,2026-06-18T11:52:00
1734,1,travel,67,Muyinga,2026-07-13T09:00:00,2026-07-13T09:48:00
1735,1,visit,67,Muyinga,2026-07-13T09:48:00,2026-07-13T10:18:00
1736,1,travel,67,Muyinga,2026-07-25T10:00:00,2026-07-25T10:45:00
1737,1,visit,67,Muyinga,2026-07-25T10:45:00,2026-07-25T11:17:00
1738,1,travel,68,Muyinga,2025-11-24T12:00:00,2025-11-24T12:50:00
1739,1,visit,68,Muyinga,2025-11-24T12:50:00,2025-11-24T13:11:00
1740,1,travel,68,Muyinga,2025-12-18T08:00:00,2025-12-18T08:35:00
1741,1,visit,68,Muyinga,2025-12-18T08:35:00,2025-12-18T09:11:00
1742,1,travel,68,Muyinga,2026-01-15T10:00:00,2026-01-15T10:39:00
1743,1,visit,68,Muyinga,2026-01-15T10:39:00,2026-01-15T11:04:00
1744,1,travel,68,Muyinga,2026-02-10T08:00:00,2026-02-10T08:48:00
1745,1,visit,68,Muyinga,2026-02-10T08:48:00,2026-02-10T09:09:00
1746,1,travel,68,Muyinga,2026-03-08T12:00:00,2026-03-08T12:44:00
1747,1,visit,68,Muyinga,2026-03-08T12:44:00,2026-03-08T13:16:00
1748,1,travel,68,Muyinga,2026-03-27T11:00:00,2026-03-27T11:46:00
1749,1,visit,68,Muyinga,2026-03-27T11:46:00,2026-03-27T12:19:00
1750,1,travel,68,Muyinga,2026-04-19T08:00:00,2026-04-19T08:37:00
1751,1,visit,68,Muyinga,2026-04-19T08:37:00,2026-04-19T09:09:00
1752,1,travel,68,Muyinga,2026-05-08T14:00:00,2026-05-08T14:42:00
1753,1,visit,68,Muyinga,2026-05-08T14:42:00,2026-05-08T14:56:00
1754,1,travel,68,Muyinga,2026-06-05T09:00:00,2026-06-05T09:39:00
1755,1,visit,68,Muyinga,2026-06-05T09:39:00,2026-06-05T10:11:00
1756,1,travel,69,Gitega,2025-11-25T12:00:00,2025-11-25T12:18:00
1757,1,visit,69,Gitega,2025-11-25T12:18:00,2025-11-25T12:34:00
1758,1,travel,69,Gitega,2025-12-18T13:00:00,2025-12-18T13:14:00
1759,1,visit,69,Gitega,2025-12-18T13:14:00,2025-12-18T13:50:00
1760,1,travel,69,Gitega,2026-01-13T08:00:00,2026-01-13T08:22:00
1761,1,visit,69,Gitega,2026-01-13T08:22:00,2026-01-13T08:51:00
1762,1,travel,69,Gitega,2026-02-08T12:00:00,2026-02-08T12:17:00
1763,1,visit,69,Gitega,2026-02-08T12:17:00,2026-02-08T12:37:00
1764,1,travel,69,Gitega,2026-02-25T12:00:00,2026-02-25T12:21:00
1765,1,visit,69,Gitega,2026-02-25T12:21:00,2026-02-25T12:48:00
1766,1,travel,69,Gitega,2026-03-17T14:00:00,2026-03-17T14:19:00
1767,1,visit,69,Gitega,2026-03-17T14:19:00,2026-03-17T14:45:00
1768,1,travel,69,Gitega,2026-04-05T10:00:00,2026-04-05T10:23:00
1769,1,visit,69,Gitega,2026-04-05T10:23:00,2026-04-05T10:47:00
1770,1,travel,69,Gitega,2026-05-02T13:00:00,2026-05-02T13:21:00
1771,1,visit,69,Gitega,2026-05-02T13:21:00,2026-05-02T13:41:00
1772,1,travel,69,Gitega,2026-05-25T13:00:00,2026-05-25T13:23:00
1773,1,visit,69,Gitega,2026-05-25T13:23:00,2026-05-25T13:42:00
1774,1,travel,69,Gitega,2026-05-29T11:00:00,2026-05-29T11:22:00
1775,1,visit,69,Gitega,2026-05-29T11:22:00,2026-05-29T11:44:00
1776,1,travel,70,Rutana,2025-11-22T11:00:00,2025-11-22T11:35:00
1777,1,visit,70,Rutana,2025-11-22T11:35:00,2025-11-22T12:09:00
1778,1,travel,70,Rutana,2025-12-06T10:00:00,2025-12-06T10:30:00
1779,1,visit,70,Rutana,2025-12-06T10:30:00,2025-12-06T11:11:00
1780,1,travel,70,Rutana,2025-12-26T08:00:00,2025-12-26T08:45:00
1781,1,visit,70,Rutana,2025-12-26T08:45:00,2025-12-26T09:14:00
1782,1,travel,70,Rutana,2026-01-16T08:00:00,2026-01-16T08:26:00
1783,1,visit,70,Rutana,2026-01-16T08:26:00,2026-01-16T08:50:00
1784,1,travel,70,Rutana,2026-02-01T09:00:00,2026-02-01T09:43:00
1785,1,visit,70,Rutana,2026-02-01T09:43:00,2026-02-01T10:20:00
1786,1,travel,70,Rutana,2026-03-01T11:00:00,2026-03-01T11:28:00
1787,1,visit,70,Rutana,2026-03-01T11:28:00,2026-03-01T12:02:00
1788,1,travel,70,Rutana,2026-03-25T09:00:00,2026-03-25T09:36:00
1789,1,visit,70,Rutana,2026-03-25T09:36:00,2026-03-25T09:57:00
1790,1,travel,70,Rutana,2026-04-11T08:00:00,2026-04-11T08:38:00
1791,1,visit,70,Rutana,2026-04-11T08:38:00,2026-04-11T09:04:00
1792,1,travel,70,Rutana,2026-04-26T13:00:00,2026-04-26T13:33:00
1793,1,visit,70,Rutana,2026-04-26T13:33:00,2026-04-26T14:09:00
1794,1,travel,70,Rutana,2026-05-15T11:00:00,2026-05-15T11:35:00
1795,1,visit,70,Rutana,2026-05-15T11:35:00,2026-05-15T12:07:00
1796,1,travel,70,Rutana,2026-06-06T08:00:00,2026-06-06T08:27:00
1797,1,visit,70,Rutana,2026-06-06T08:27:00,2026-06-06T08:49:00
1798,1,travel,70,Rutana,2026-06-11T12:00:00,2026-06-11T12:35:00
1799,1,visit,70,Rutana,2026-06-11T12:35:00,2026-06-11T12:59:00
1800,1,travel,71,Muyinga,2025-10-15T13:00:00,2025-10-15T13:47:00
1801,1,visit,71,Muyinga,2025-10-15T13:47:00,2025-10-15T14:13:00
1802,1,travel,71,Muyinga,2025-11-09T14:00:00,2025-11-09T14:41:00
1803,1,visit,71,Muyinga,2025-11-09T14:41:00,2025-11-09T15:11:00
1804,1,travel,71,Muyinga,2025-12-01T12:00:00,2025-12-01T12:52:00
1805,1,visit,71,Muyinga,2025-12-01T12:52:00,2025-12-01T13:17:00
1806,1,travel,71,Muyinga,2025-12-20T12:00:00,2025-12-20T12:45:00
1807,1,visit,71,Muyinga,2025-12-20T12:45:00,2025-12-20T13:16:00
1808,1,travel,71,Muyinga,2026-01-10T10:00:00,2026-01-10T10:49:00
1809,1,visit,71,Muyinga,2026-01-10T10:49:00,2026-01-10T11:20:00
1810,1,travel,71,Muyinga,2026-01-28T12:00:00,2026-01-28T12:33:00
1811,1,visit,71,Muyinga,2026-01-28T12:33:00,2026-01-28T12:56:00
1812,1,travel,71,Muyinga,2026-02-22T09:00:00,2026-02-22T09:35:00
1813,1,visit,71,Muyinga,2026-02-22T09:35:00,2026-02-22T10:04:00
1814,1,travel,71,Muyinga,2026-03-14T12:00:00,2026-03-14T12:46:00
1815,1,visit,71,Muyinga,2026-03-14T12:46:00,2026-03-14T13:22:00
1816,1,travel,71,Muyinga,2026-04-07T08:00:00,2026-04-07T08:21:00
1817,1,visit,71,Muyinga,2026-04-07T08:21:00,2026-04-07T08:50:00
1818,1,travel,71,Muyinga,2026-04-26T09:00:00,2026-04-26T09:37:00
1819,1,visit,71,Muyinga,2026-04-26T09:37:00,2026-04-26T10:05:00
1820,1,travel,71,Muyinga,2026-05-03T13:00:00,2026-05-03T13:27:00
1821,1,visit,71,Muyinga,2026-05-03T13:27:00,2026-05-03T13:52:00
1822,1,travel,72,Rutana,2025-11-11T13:00:00,2025-11-11T13:36:00
1823,1,visit,72,Rutana,2025-11-11T13:36:00,2025-11-11T14:09:00
1824,1,travel,72,Rutana,2025-12-05T12:00:00,2025-12-05T12:40:00
1825,1,visit,72,Rutana,2025-12-05T12:40:00,2025-12-05T13:18:00
1826,1,travel,72,Rutana,2025-12-23T10:00:00,2025-12-23T10:44:00
1827,1,visit,72,Rutana,2025-12-23T10:44:00,2025-12-23T11:11:00
1828,1,travel,72,Rutana,2026-01-11T12:00:00,2026-01-11T12:40:00
1829,1,visit,72,Rutana,2026-01-11T12:40:00,2026-01-11T12:59:00
1830,1,travel,72,Rutana,2026-01-30T14:00:00,2026-01-30T14:45:00
1831,1,visit,72,Rutana,2026-01-30T14:45:00,2026-01-30T15:19:00
1832,1,travel,72,Rutana,2026-02-13T13:00:00,2026-02-13T13:35:00
1833,1,visit,72,Rutana,2026-02-13T13:35:00,2026-02-13T14:08:00
1834,1,travel,72,Rutana,2026-03-11T13:00:00,2026-03-11T13:32:00
1835,1,visit,72,Rutana,2026-03-11T13:32:00,2026-03-11T14:01:00
1836,1,travel,72,Rutana,2026-04-08T09:00:00,2026-04-08T09:43:00
1837,1,visit,72,Rutana,2026-04-08T09:43:00,2026-04-08T10:08:00
1838,1,travel,72,Rutana,2026-04-30T12:00:00,2026-04-30T12:37:00
1839,1,visit,72,Rutana,2026-04-30T12:37:00,2026-04-30T13:09:00
1840,1,travel,72,Rutana,2026-05-18T14:00:00,2026-05-18T14:37:00
1841,1,visit,72,Rutana,2026-05-18T14:37:00,2026-05-18T15:09:00
1842,1,travel,72,Rutana,2026-06-10T10:00:00,2026-06-10T10:31:00
1843,1,visit,72,Rutana,2026-06-10T10:31:00,2026-06-10T11:11:00
1844,1,travel,72,Rutana,2026-06-25T12:00:00,2026-06-25T12:36:00
1845,1,visit,72,Rutana,2026-06-25T12:36:00,2026-06-25T13:01:00
1846,1,travel,72,Rutana,2026-06-29T08:00:00,2026-06-29T08:32:00
1847,1,visit,72,Rutana,2026-06-29T08:32:00,2026-06-29T08:57:00
1848,1,travel,73,Gitega,2025-10-22T11:00:00,2025-10-22T11:16:00
1849,1,visit,73,Gitega,2025-10-22T11:16:00,2025-10-22T11:46:00
1850,1,travel,73,Gitega,2025-11-09T11:00:00,2025-11-09T11:21:00
1851,1,visit,73,Gitega,2025-11-09T11:21:00,2025-11-09T11:44:00
1852,1,travel,73,Gitega,2025-11-28T09:00:00,2025-11-28T09:23:00
1853,1,visit,73,Gitega,2025-11-28T09:23:00,2025-11-28T09:36:00
1854,1,travel,73,Gitega,2025-12-25T10:00:00,2025-12-25T10:22:00
1855,1,visit,73,Gitega,2025-12-25T10:22:00,2025-12-25T10:56:00
1856,1,travel,73,Gitega,2026-01-15T14:00:00,2026-01-15T14:15:00
1857,1,visit,73,Gitega,2026-01-15T14:15:00,2026-01-15T14:32:00
1858,1,travel,73,Gitega,2026-02-05T12:00:00,2026-02-05T12:19:00
1859,1,visit,73,Gitega,2026-02-05T12:19:00,2026-02-05T12:36:00
1860,1,travel,73,Gitega,2026-03-04T08:00:00,2026-03-04T08:21:00
1861,1,visit,73,Gitega,2026-03-04T08:21:00,2026-03-04T08:39:00
1862,1,travel,73,Gitega,2026-03-23T08:00:00,2026-03-23T08:18:00
1863,1,visit,73,Gitega,2026-03-23T08:18:00,2026-03-23T08:34:00
1864,1,travel,73,Gitega,2026-04-17T11:00:00,2026-04-17T11:24:00
1865,1,visit,73,Gitega,2026-04-17T11:24:00,2026-04-17T11:56:00
1866,1,travel,73,Gitega,2026-05-06T09:00:00,2026-05-06T09:14:00
1867,1,visit,73,Gitega,2026-05-06T09:14:00,2026-05-06T09:47:00
1868,1,travel,73,Gitega,2026-05-31T13:00:00,2026-05-31T13:22:00
1869,1,visit,73,Gitega,2026-05-31T13:22:00,2026-05-31T13:46:00
1870,1,travel,73,Gitega,2026-06-06T09:00:00,2026-06-06T09:25:00
1871,1,visit,73,Gitega,2026-06-06T09:25:00,2026-06-06T09:47:00
1872,1,travel,74,Gitega,2025-10-26T14:00:00,2025-10-26T14:14:00
1873,1,visit,74,Gitega,2025-10-26T14:14:00,2025-10-26T14:42:00
1874,1,travel,74,Gitega,2025-11-20T08:00:00,2025-11-20T08:25:00
1875,1,visit,74,Gitega,2025-11-20T08:25:00,2025-11-20T08:48:00
1876,1,travel,74,Gitega,2025-12-14T12:00:00,2025-12-14T12:21:00
1877,1,visit,74,Gitega,2025-12-14T12:21:00,2025-12-14T12:48:00
1878,1,travel,74,Gitega,2026-01-04T09:00:00,2026-01-04T09:25:00
1879,1,visit,74,Gitega,2026-01-04T09:25:00,2026-01-04T09:45:00
1880,1,travel,74,Gitega,2026-01-20T09:00:00,2026-01-20T09:15:00
1881,1,visit,74,Gitega,2026-01-20T09:15:00,2026-01-20T09:35:00
1882,1,travel,74,Gitega,2026-02-03T13:00:00,2026-02-03T13:17:00
1883,1,visit,74,Gitega,2026-02-03T13:17:00,2026-02-03T13:40:00
1884,1,travel,74,Gitega,2026-02-21T12:00:00,2026-02-21T12:12:00
1885,1,visit,74,Gitega,2026-02-21T12:12:00,2026-02-21T12:40:00
1886,1,travel,74,Gitega,2026-03-20T10:00:00,2026-03-20T10:18:00
1887,1,visit,74,Gitega,2026-03-20T10:18:00,2026-03-20T10:35:00
1888,1,travel,74,Gitega,2026-04-04T14:00:00,2026-04-04T14:18:00
1889,1,visit,74,Gitega,2026-04-04T14:18:00,2026-04-04T14:39:00
1890,1,travel,74,Gitega,2026-05-01T08:00:00,2026-05-01T08:22:00
1891,1,visit,74,Gitega,2026-05-01T08:22:00,2026-05-01T08:40:00
1892,1,travel,74,Gitega,2026-05-20T13:00:00,2026-05-20T13:22:00
1893,1,visit,74,Gitega,2026-05-20T13:22:00,2026-05-20T13:50:00
1894,1,travel,74,Gitega,2026-06-09T10:00:00,2026-06-09T10:14:00
1895,1,visit,74,Gitega,2026-06-09T10:14:00,2026-06-09T10:28:00
1896,1,travel,74,Gitega,2026-07-01T09:00:00,2026-07-01T09:15:00
1897,1,visit,74,Gitega,2026-07-01T09:15:00,2026-07-01T09:35:00
1898,1,travel,74,Gitega,2026-07-12T11:00:00,2026-07-12T11:21:00
1899,1,visit,74,Gitega,2026-07-12T11:21:00,2026-07-12T11:45:00
1900,1,travel,75,Ngozi,2025-11-09T13:00:00,2025-11-09T13:21:00
1901,1,visit,75,Ngozi,2025-11-09T13:21:00,2025-11-09T13:42:00
1902,1,travel,75,Ngozi,2025-11-28T10:00:00,2025-11-28T10:28:00
1903,1,visit,75,Ngozi,2025-11-28T10:28:00,2025-11-28T11:15:00
1904,1,travel,75,Ngozi,2025-12-24T09:00:00,2025-12-24T09:22:00
1905,1,visit,75,Ngozi,2025-12-24T09:22:00,2025-12-24T09:53:00
1906,1,travel,75,Ngozi,2026-01-20T12:00:00,2026-01-20T12:29:00
1907,1,visit,75,Ngozi,2026-01-20T12:29:00,2026-01-20T12:56:00
1908,1,travel,75,Ngozi,2026-02-07T09:00:00,2026-02-07T09:23:00
1909,1,visit,75,Ngozi,2026-02-07T09:23:00,2026-02-07T09:46:00
1910,1,travel,75,Ngozi,2026-02-24T10:00:00,2026-02-24T10:18:00
1911,1,visit,75,Ngozi,2026-02-24T10:18:00,2026-02-24T10:53:00
1912,1,travel,75,Ngozi,2026-03-20T10:00:00,2026-03-20T10:18:00
1913,1,visit,75,Ngozi,2026-03-20T10:18:00,2026-03-20T10:47:00
1914,1,travel,75,Ngozi,2026-04-16T13:00:00,2026-04-16T13:29:00
1915,1,visit,75,Ngozi,2026-04-16T13:29:00,2026-04-16T14:06:00
1916,1,travel,75,Ngozi,2026-05-06T12:00:00,2026-05-06T12:23:00
1917,1,visit,75,Ngozi,2026-05-06T12:23:00,2026-05-06T12:51:00
1918,1,travel,75,Ngozi,2026-05-25T14:00:00,2026-05-25T14:12:00
1919,1,visit,75,Ngozi,2026-05-25T14:12:00,2026-05-25T14:35:00
1920,1,travel,75,Ngozi,2026-05-27T13:00:00,2026-05-27T13:17:00
1921,1,visit,75,Ngozi,2026-05-27T13:17:00,2026-05-27T13:48:00
1922,1,travel,76,Gitega,2025-11-12T13:00:00,2025-11-12T13:20:00
1923,1,visit,76,Gitega,2025-11-12T13:20:00,2025-11-12T13:45:00
1924,1,travel,76,Gitega,2025-12-03T14:00:00,2025-12-03T14:26:00
1925,1,visit,76,Gitega,2025-12-03T14:26:00,2025-12-03T15:06:00
1926,1,travel,76,Gitega,2025-12-30T14:00:00,2025-12-30T14:19:00
1927,1,visit,76,Gitega,2025-12-30T14:19:00,2025-12-30T14:46:00
1928,1,travel,76,Gitega,2026-01-22T10:00:00,2026-01-22T10:14:00
1929,1,visit,76,Gitega,2026-01-22T10:14:00,2026-01-22T10:50:00
1930,1,travel,76,Gitega,2026-02-09T11:00:00,2026-02-09T11:17:00
1931,1,visit,76,Gitega,2026-02-09T11:17:00,2026-02-09T11:30:00
1932,1,travel,76,Gitega,2026-03-05T11:00:00,2026-03-05T11:19:00
1933,1,visit,76,Gitega,2026-03-05T11:19:00,2026-03-05T11:42:00
1934,1,travel,76,Gitega,2026-03-25T13:00:00,2026-03-25T13:24:00
1935,1,visit,76,Gitega,2026-03-25T13:24:00,2026-03-25T13:48:00
1936,1,travel,76,Gitega,2026-04-14T09:00:00,2026-04-14T09:17:00
1937,1,visit,76,Gitega,2026-04-14T09:17:00,2026-04-14T09:43:00
1938,1,travel,76,Gitega,2026-05-08T12:00:00,2026-05-08T12:18:00
1939,1,visit,76,Gitega,2026-05-08T12:18:00,2026-05-08T12:38:00
1940,1,travel,76,Gitega,2026-05-26T12:00:00,2026-05-26T12:17:00
1941,1,visit,76,Gitega,2026-05-26T12:17:00,2026-05-26T12:38:00
1942,1,travel,76,Gitega,2026-06-15T08:00:00,2026-06-15T08:27:00
1943,1,visit,76,Gitega,2026-06-15T08:27:00,2026-06-15T09:00:00
1944,1,travel,76,Gitega,2026-07-08T09:00:00,2026-07-08T09:21:00
1945,1,visit,76,Gitega,2026-07-08T09:21:00,2026-07-08T09:57:00
1946,1,travel,76,Gitega,2026-07-11T10:00:00,2026-07-11T10:17:00
1947,1,visit,76,Gitega,2026-07-11T10:17:00,2026-07-11T10:45:00
1948,1,travel,77,Ngozi,2025-11-07T08:00:00,2025-11-07T08:34:00
1949,1,visit,77,Ngozi,2025-11-07T08:34:00,2025-11-07T09:07:00
1950,1,travel,77,Ngozi,2025-11-29T09:00:00,2025-11-29T09:23:00
1951,1,visit,77,Ngozi,2025-11-29T09:23:00,2025-11-29T09:56:00
1952,1,travel,77,Ngozi,2025-12-23T09:00:00,2025-12-23T09:24:00
1953,1,visit,77,Ngozi,2025-12-23T09:24:00,2025-12-23T10:06:00
1954,1,travel,77,Ngozi,2026-01-14T09:00:00,2026-01-14T09:23:00
1955,1,visit,77,Ngozi,2026-01-14T09:23:00,2026-01-14T09:47:00
1956,1,travel,77,Ngozi,2026-02-02T14:00:00,2026-02-02T14:27:00
1957,1,visit,77,Ngozi,2026-02-02T14:27:00,2026-02-02T14:59:00
1958,1,travel,77,Ngozi,2026-03-01T13:00:00,2026-03-01T13:27:00
1959,1,visit,77,Ngozi,2026-03-01T13:27:00,2026-03-01T14:05:00
1960,1,travel,77,Ngozi,2026-03-15T10:00:00,2026-03-15T10:28:00
1961,1,visit,77,Ngozi,2026-03-15T10:28:00,2026-03-15T11:00:00
1962,1,travel,77,Ngozi,2026-04-03T08:00:00,2026-04-03T08:32:00
1963,1,visit,77,Ngozi,2026-04-03T08:32:00,2026-04-03T09:05:00
1964,1,travel,77,Ngozi,2026-04-17T13:00:00,2026-04-17T13:15:00
1965,1,visit,77,Ngozi,2026-04-17T13:15:00,2026-04-17T13:38:00
1966,1,travel,77,Ngozi,2026-05-07T12:00:00,2026-05-07T12:17:00
1967,1,visit,77,Ngozi,2026-05-07T12:17:00,2026-05-07T12:44:00
1968,1,travel,77,Ngozi,2026-05-24T13:00:00,2026-05-24T13:30:00
1969,1,visit,77,Ngozi,2026-05-24T13:30:00,2026-05-24T13:57:00
1970,1,travel,77,Ngozi,2026-06-17T09:00:00,2026-06-17T09:14:00
1971,1,visit,77,Ngozi,2026-06-17T09:14:00,2026-06-17T09:58:00
1972,1,travel,77,Ngozi,2026-07-05T08:00:00,2026-07-05T08:21:00
1973,1,visit,77,Ngozi,2026-07-05T08:21:00,2026-07-05T08:58:00
1974,1,travel,78,Cibitoke,2025-11-04T14:00:00,2025-11-04T15:16:00
1975,1,visit,78,Cibitoke,2025-11-04T15:16:00,2025-11-04T15:57:00
1976,1,travel,78,Cibitoke,2025-11-30T08:00:00,2025-11-30T09:11:00
1977,1,visit,78,Cibitoke,2025-11-30T09:11:00,2025-11-30T09:45:00
1978,1,travel,78,Cibitoke,2025-12-17T09:00:00,2025-12-17T10:01:00
1979,1,visit,78,Cibitoke,2025-12-17T10:01:00,2025-12-17T10:34:00
1980,1,travel,78,Cibitoke,2026-01-14T08:00:00,2026-01-14T08:50:00
1981,1,visit,78,Cibitoke,2026-01-14T08:50:00,2026-01-14T09:24:00
1982,1,travel,78,Cibitoke,2026-02-03T11:00:00,2026-02-03T12:00:00
1983,1,visit,78,Cibitoke,2026-02-03T12:00:00,2026-02-03T12:37:00
1984,1,travel,78,Cibitoke,2026-02-18T08:00:00,2026-02-18T09:00:00
1985,1,visit,78,Cibitoke,2026-02-18T09:00:00,2026-02-18T09:38:00
1986,1,travel,78,Cibitoke,2026-03-13T13:00:00,2026-03-13T13:58:00
1987,1,visit,78,Cibitoke,2026-03-13T13:58:00,2026-03-13T14:28:00
1988,1,travel,78,Cibitoke,2026-04-05T14:00:00,2026-04-05T14:59:00
1989,1,visit,78,Cibitoke,2026-04-05T14:59:00,2026-04-05T15:38:00
1990,1,travel,78,Cibitoke,2026-04-07T09:00:00,2026-04-07T10:00:00
1991,1,visit,78,Cibitoke,2026-04-07T10:00:00,2026-04-07T10:30:00
1992,1,travel,79,Muyinga,2025-11-22T12:00:00,2025-11-22T12:32:00
1993,1,visit,79,Muyinga,2025-11-22T12:32:00,2025-11-22T13:02:00
1994,1,travel,79,Muyinga,2025-12-16T12:00:00,2025-12-16T12:38:00
1995,1,visit,79,Muyinga,2025-12-16T12:38:00,2025-12-16T13:12:00
1996,1,travel,79,Muyinga,2026-01-02T11:00:00,2026-01-02T11:49:00
1997,1,visit,79,Muyinga,2026-01-02T11:49:00,2026-01-02T12:04:00
1998,1,travel,79,Muyinga,2026-01-30T10:00:00,2026-01-30T10:43:00
1999,1,visit,79,Muyinga,2026-01-30T10:43:00,2026-01-30T11:16:00
2000,1,travel,79,Muyinga,2026-02-17T13:00:00,2026-02-17T13:33:00
2001,1,visit,79,Muyinga,2026-02-17T13:33:00,2026-02-17T14:07:00
2002,1,travel,79,Muyinga,2026-03-14T11:00:00,2026-03-14T11:30:00
2003,1,visit,79,Muyinga,2026-03-14T11:30:00,2026-03-14T12:01:00
2004,1,travel,79,Muyinga,2026-03-31T08:00:00,2026-03-31T08:50:00
2005,1,visit,79,Muyinga,2026-03-31T08:50:00,2026-03-31T09:12:00
2006,1,travel,79,Muyinga,2026-04-28T13:00:00,2026-04-28T13:24:00
2007,1,visit,79,Muyinga,2026-04-28T13:24:00,2026-04-28T13:53:00
2008,1,travel,79,Muyinga,2026-05-24T13:00:00,2026-05-24T13:47:00
2009,1,visit,79,Muyinga,2026-05-24T13:47:00,2026-05-24T14:06:00
2010,1,travel,80,Kirundo,2025-11-13T09:00:00,2025-11-13T09:17:00
2011,1,visit,80,Kirundo,2025-11-13T09:17:00,2025-11-13T09:42:00
2012,1,travel,80,Kirundo,2025-11-30T10:00:00,2025-11-30T10:10:00
2013,1,visit,80,Kirundo,2025-11-30T10:10:00,2025-11-30T10:26:00
2014,1,travel,80,Kirundo,2025-12-24T10:00:00,2025-12-24T10:13:00
2015,1,visit,80,Kirundo,2025-12-24T10:13:00,2025-12-24T10:37:00
2016,1,travel,80,Kirundo,2026-01-07T14:00:00,2026-01-07T14:13:00
2017,1,visit,80,Kirundo,2026-01-07T14:13:00,2026-01-07T14:38:00
2018,1,travel,80,Kirundo,2026-01-27T09:00:00,2026-01-27T09:13:00
2019,1,visit,80,Kirundo,2026-01-27T09:13:00,2026-01-27T09:39:00
2020,1,travel,80,Kirundo,2026-02-23T09:00:00,2026-02-23T09:18:00
2021,1,visit,80,Kirundo,2026-02-23T09:18:00,2026-02-23T10:03:00
2022,1,travel,80,Kirundo,2026-03-17T10:00:00,2026-03-17T10:19:00
2023,1,visit,80,Kirundo,2026-03-17T10:19:00,2026-03-17T10:48:00
2024,1,travel,80,Kirundo,2026-04-11T14:00:00,2026-04-11T14:16:00
2025,1,visit,80,Kirundo,2026-04-11T14:16:00,2026-04-11T14:42:00
2026,1,travel,80,Kirundo,2026-04-26T13:00:00,2026-04-26T13:15:00
2027,1,visit,80,Kirundo,2026-04-26T13:15:00,2026-04-26T13:38:00
2028,1,travel,80,Kirundo,2026-05-24T13:00:00,2026-05-24T13:14:00
2029,1,visit,80,Kirundo,2026-05-24T13:14:00,2026-05-24T13:36:00
2030,1,travel,80,Kirundo,2026-06-07T09:00:00,2026-06-07T09:12:00
2031,1,visit,80,Kirundo,2026-06-07T09:12:00,2026-06-07T09:38:00
2032,1,travel,80,Kirundo,2026-06-24T12:00:00,2026-06-24T12:16:00
2033,1,visit,80,Kirundo,2026-06-24T12:16:00,2026-06-24T12:42:00
2034,1,travel,81,Ngozi,2025-11-09T11:00:00,2025-11-09T11:21:00
2035,1,visit,81,Ngozi,2025-11-09T11:21:00,2025-11-09T11:45:00
2036,1,travel,81,Ngozi,2025-11-26T12:00:00,2025-11-26T12:27:00
2037,1,visit,81,Ngozi,2025-11-26T12:27:00,2025-11-26T13:06:00
2038,1,travel,81,Ngozi,2025-12-24T08:00:00,2025-12-24T08:28:00
2039,1,visit,81,Ngozi,2025-12-24T08:28:00,2025-12-24T08:45:00
2040,1,travel,81,Ngozi,2026-01-11T12:00:00,2026-01-11T12:14:00
2041,1,visit,81,Ngozi,2026-01-11T12:14:00,2026-01-11T12:50:00
2042,1,travel,81,Ngozi,2026-01-30T11:00:00,2026-01-30T11:29:00
2043,1,visit,81,Ngozi,2026-01-30T11:29:00,2026-01-30T12:03:00
2044,1,travel,81,Ngozi,2026-02-18T13:00:00,2026-02-18T13:22:00
2045,1,visit,81,Ngozi,2026-02-18T13:22:00,2026-02-18T13:47:00
2046,1,travel,81,Ngozi,2026-03-16T08:00:00,2026-03-16T08:19:00
2047,1,visit,81,Ngozi,2026-03-16T08:19:00,2026-03-16T08:48:00
2048,1,travel,81,Ngozi,2026-04-08T11:00:00,2026-04-08T11:26:00
2049,1,visit,81,Ngozi,2026-04-08T11:26:00,2026-04-08T11:58:00
2050,1,travel,82,Kirundo,2025-11-03T13:00:00,2025-11-03T13:19:00
2051,1,visit,82,Kirundo,2025-11-03T13:19:00,2025-11-03T13:48:00
2052,1,travel,82,Kirundo,2025-11-17T08:00:00,2025-11-17T08:21:00
2053,1,visit,82,Kirundo,2025-11-17T08:21:00,2025-11-17T08:42:00
2054,1,travel,82,Kirundo,2025-12-01T10:00:00,2025-12-01T10:11:00
2055,1,visit,82,Kirundo,2025-12-01T10:11:00,2025-12-01T10:36:00
2056,1,travel,82,Kirundo,2025-12-20T11:00:00,2025-12-20T11:14:00
2057,1,visit,82,Kirundo,2025-12-20T11:14:00,2025-12-20T11:40:00
2058,1,travel,82,Kirundo,2026-01-03T09:00:00,2026-01-03T09:10:00
2059,1,visit,82,Kirundo,2026-01-03T09:10:00,2026-01-03T09:42:00
2060,1,travel,82,Kirundo,2026-01-22T13:00:00,2026-01-22T13:11:00
2061,1,visit,82,Kirundo,2026-01-22T13:11:00,2026-01-22T13:34:00
2062,1,travel,82,Kirundo,2026-02-07T11:00:00,2026-02-07T11:05:00
2063,1,visit,82,Kirundo,2026-02-07T11:05:00,2026-02-07T11:35:00
2064,1,travel,82,Kirundo,2026-03-06T12:00:00,2026-03-06T12:15:00
2065,1,visit,82,Kirundo,2026-03-06T12:15:00,2026-03-06T12:39:00
2066,1,travel,82,Kirundo,2026-03-23T14:00:00,2026-03-23T14:16:00
2067,1,visit,82,Kirundo,2026-03-23T14:16:00,2026-03-23T14:37:00
2068,1,travel,82,Kirundo,2026-04-07T14:00:00,2026-04-07T14:18:00
2069,1,visit,82,Kirundo,2026-04-07T14:18:00,2026-04-07T14:46:00
2070,1,travel,82,Kirundo,2026-04-29T09:00:00,2026-04-29T09:17:00
2071,1,visit,82,Kirundo,2026-04-29T09:17:00,2026-04-29T09:32:00
2072,1,travel,82,Kirundo,2026-05-20T13:00:00,2026-05-20T13:14:00
2073,1,visit,82,Kirundo,2026-05-20T13:14:00,2026-05-20T13:32:00
2074,1,travel,82,Kirundo,2026-06-09T13:00:00,2026-06-09T13:13:00
2075,1,visit,82,Kirundo,2026-06-09T13:13:00,2026-06-09T13:36:00
2076,1,travel,82,Kirundo,2026-07-07T11:00:00,2026-07-07T11:18:00
2077,1,visit,82,Kirundo,2026-07-07T11:18:00,2026-07-07T11:41:00
2078,1,travel,83,Cibitoke,2025-10-22T11:00:00,2025-10-22T11:59:00
2079,1,visit,83,Cibitoke,2025-10-22T11:59:00,2025-10-22T12:25:00
2080,1,travel,83,Cibitoke,2025-11-10T10:00:00,2025-11-10T10:53:00
2081,1,visit,83,Cibitoke,2025-11-10T10:53:00,2025-11-10T11:27:00
2082,1,travel,83,Cibitoke,2025-11-26T12:00:00,2025-11-26T12:59:00
2083,1,visit,83,Cibitoke,2025-11-26T12:59:00,2025-11-26T13:33:00
2084,1,travel,83,Cibitoke,2025-12-22T10:00:00,2025-12-22T11:10:00
2085,1,visit,83,Cibitoke,2025-12-22T11:10:00,2025-12-22T11:40:00
2086,1,travel,83,Cibitoke,2026-01-12T12:00:00,2026-01-12T12:42:00
2087,1,visit,83,Cibitoke,2026-01-12T12:42:00,2026-01-12T13:11:00
2088,1,travel,83,Cibitoke,2026-02-08T09:00:00,2026-02-08T09:55:00
2089,1,visit,83,Cibitoke,2026-02-08T09:55:00,2026-02-08T10:30:00
2090,1,travel,83,Cibitoke,2026-02-26T14:00:00,2026-02-26T15:03:00
2091,1,visit,83,Cibitoke,2026-02-26T15:03:00,2026-02-26T15:44:00
2092,1,travel,83,Cibitoke,2026-03-14T13:00:00,2026-03-14T13:47:00
2093,1,visit,83,Cibitoke,2026-03-14T13:47:00,2026-03-14T14:20:00
2094,1,travel,83,Cibitoke,2026-03-31T09:00:00,2026-03-31T10:02:00
2095,1,visit,83,Cibitoke,2026-03-31T10:02:00,2026-03-31T10:38:00
2096,1,travel,83,Cibitoke,2026-04-24T10:00:00,2026-04-24T10:42:00
2097,1,visit,83,Cibitoke,2026-04-24T10:42:00,2026-04-24T11:19:00
2098,1,travel,83,Cibitoke,2026-05-15T14:00:00,2026-05-15T14:48:00
2099,1,visit,83,Cibitoke,2026-05-15T14:48:00,2026-05-15T15:14:00
2100,1,travel,83,Cibitoke,2026-06-10T12:00:00,2026-06-10T13:02:00
2101,1,visit,83,Cibitoke,2026-06-10T13:02:00,2026-06-10T13:32:00
2102,1,travel,84,Kirundo,2025-10-25T09:00:00,2025-10-25T09:07:00
2103,1,visit,84,Kirundo,2025-10-25T09:07:00,2025-10-25T09:34:00
2104,1,travel,84,Kirundo,2025-11-09T10:00:00,2025-11-09T10:22:00
2105,1,visit,84,Kirundo,2025-11-09T10:22:00,2025-11-09T10:50:00
2106,1,travel,84,Kirundo,2025-12-01T11:00:00,2025-12-01T11:15:00
2107,1,visit,84,Kirundo,2025-12-01T11:15:00,2025-12-01T11:37:00
2108,1,travel,84,Kirundo,2025-12-21T14:00:00,2025-12-21T14:16:00
2109,1,visit,84,Kirundo,2025-12-21T14:16:00,2025-12-21T14:33:00
2110,1,travel,84,Kirundo,2026-01-06T09:00:00,2026-01-06T09:14:00
2111,1,visit,84,Kirundo,2026-01-06T09:14:00,2026-01-06T09:45:00
2112,1,travel,84,Kirundo,2026-02-03T10:00:00,2026-02-03T10:13:00
2113,1,visit,84,Kirundo,2026-02-03T10:13:00,2026-02-03T10:38:00
2114,1,travel,84,Kirundo,2026-03-03T13:00:00,2026-03-03T13:14:00
2115,1,visit,84,Kirundo,2026-03-03T13:14:00,2026-03-03T13:34:00
2116,1,travel,84,Kirundo,2026-03-25T12:00:00,2026-03-25T12:19:00
2117,1,visit,84,Kirundo,2026-03-25T12:19:00,2026-03-25T12:58:00
2118,1,travel,84,Kirundo,2026-04-15T09:00:00,2026-04-15T09:10:00
2119,1,visit,84,Kirundo,2026-04-15T09:10:00,2026-04-15T09:29:00
2120,1,travel,84,Kirundo,2026-04-30T12:00:00,2026-04-30T12:15:00
2121,1,visit,84,Kirundo,2026-04-30T12:15:00,2026-04-30T12:37:00
2122,1,travel,84,Kirundo,2026-05-27T12:00:00,2026-05-27T12:09:00
2123,1,visit,84,Kirundo,2026-05-27T12:09:00,2026-05-27T12:32:00
2124,1,travel,84,Kirundo,2026-06-22T13:00:00,2026-06-22T13:10:00
2125,1,visit,84,Kirundo,2026-06-22T13:10:00,2026-06-22T13:33:00
2126,1,travel,84,Kirundo,2026-07-07T11:00:00,2026-07-07T11:21:00
2127,1,visit,84,Kirundo,2026-07-07T11:21:00,2026-07-07T11:45:00
2128,1,travel,85,Kirundo,2025-10-28T13:00:00,2025-10-28T13:18:00
2129,1,visit,85,Kirundo,2025-10-28T13:18:00,2025-10-28T13:50:00
2130,1,travel,85,Kirundo,2025-11-18T08:00:00,2025-11-18T08:15:00
2131,1,visit,85,Kirundo,2025-11-18T08:15:00,2025-11-18T08:45:00
2132,1,travel,85,Kirundo,2025-12-15T11:00:00,2025-12-15T11:16:00
2133,1,visit,85,Kirundo,2025-12-15T11:16:00,2025-12-15T11:44:00
2134,1,travel,85,Kirundo,2026-01-04T13:00:00,2026-01-04T13:14:00
2135,1,visit,85,Kirundo,2026-01-04T13:14:00,2026-01-04T13:41:00
2136,1,travel,85,Kirundo,2026-01-26T09:00:00,2026-01-26T09:13:00
2137,1,visit,85,Kirundo,2026-01-26T09:13:00,2026-01-26T09:36:00
2138,1,travel,85,Kirundo,2026-02-15T12:00:00,2026-02-15T12:13:00
2139,1,visit,85,Kirundo,2026-02-15T12:13:00,2026-02-15T12:48:00
2140,1,travel,85,Kirundo,2026-03-13T13:00:00,2026-03-13T13:15:00
2141,1,visit,85,Kirundo,2026-03-13T13:15:00,2026-03-13T13:40:00
2142,1,travel,86,Cibitoke,2025-10-26T11:00:00,2025-10-26T11:50:00
2143,1,visit,86,Cibitoke,2025-10-26T11:50:00,2025-10-26T12:32:00
2144,1,travel,86,Cibitoke,2025-11-22T10:00:00,2025-11-22T10:51:00
2145,1,visit,86,Cibitoke,2025-11-22T10:51:00,2025-11-22T11:13:00
2146,1,travel,86,Cibitoke,2025-12-11T10:00:00,2025-12-11T10:49:00
2147,1,visit,86,Cibitoke,2025-12-11T10:49:00,2025-12-11T11:30:00
2148,1,travel,86,Cibitoke,2026-01-06T09:00:00,2026-01-06T10:11:00
2149,1,visit,86,Cibitoke,2026-01-06T10:11:00,2026-01-06T10:46:00
2150,1,travel,86,Cibitoke,2026-01-30T14:00:00,2026-01-30T14:47:00
2151,1,visit,86,Cibitoke,2026-01-30T14:47:00,2026-01-30T15:19:00
2152,1,travel,86,Cibitoke,2026-02-15T11:00:00,2026-02-15T11:58:00
2153,1,visit,86,Cibitoke,2026-02-15T11:58:00,2026-02-15T12:36:00
2154,1,travel,86,Cibitoke,2026-03-04T12:00:00,2026-03-04T12:50:00
2155,1,visit,86,Cibitoke,2026-03-04T12:50:00,2026-03-04T13:18:00
2156,1,travel,86,Cibitoke,2026-03-26T11:00:00,2026-03-26T11:56:00
2157,1,visit,86,Cibitoke,2026-03-26T11:56:00,2026-03-26T12:48:00
2158,1,travel,86,Cibitoke,2026-04-09T10:00:00,2026-04-09T11:05:00
2159,1,visit,86,Cibitoke,2026-04-09T11:05:00,2026-04-09T11:40:00
2160,1,travel,86,Cibitoke,2026-04-27T14:00:00,2026-04-27T14:46:00
2161,1,visit,86,Cibitoke,2026-04-27T14:46:00,2026-04-27T15:29:00
2162,1,travel,87,Muyinga,2025-10-31T08:00:00,2025-10-31T08:41:00
2163,1,visit,87,Muyinga,2025-10-31T08:41:00,2025-10-31T09:13:00
2164,1,travel,87,Muyinga,2025-11-16T09:00:00,2025-11-16T09:43:00
2165,1,visit,87,Muyinga,2025-11-16T09:43:00,2025-11-16T10:26:00
2166,1,travel,87,Muyinga,2025-12-05T13:00:00,2025-12-05T13:36:00
2167,1,visit,87,Muyinga,2025-12-05T13:36:00,2025-12-05T14:17:00
2168,1,travel,87,Muyinga,2025-12-29T10:00:00,2025-12-29T10:41:00
2169,1,visit,87,Muyinga,2025-12-29T10:41:00,2025-12-29T11:06:00
2170,1,travel,87,Muyinga,2026-01-26T11:00:00,2026-01-26T11:43:00
2171,1,visit,87,Muyinga,2026-01-26T11:43:00,2026-01-26T12:18:00
2172,1,travel,87,Muyinga,2026-02-22T11:00:00,2026-02-22T11:50:00
2173,1,visit,87,Muyinga,2026-02-22T11:50:00,2026-02-22T12:22:00
2174,1,travel,87,Muyinga,2026-03-10T11:00:00,2026-03-10T11:33:00
2175,1,visit,87,Muyinga,2026-03-10T11:33:00,2026-03-10T12:06:00
2176,1,travel,88,Rutana,2025-11-19T08:00:00,2025-11-19T08:36:00
2177,1,visit,88,Rutana,2025-11-19T08:36:00,2025-11-19T09:05:00
2178,1,travel,88,Rutana,2025-12-16T09:00:00,2025-12-16T09:39:00
2179,1,visit,88,Rutana,2025-12-16T09:39:00,2025-12-16T10:02:00
2180,1,travel,88,Rutana,2026-01-07T12:00:00,2026-01-07T12:38:00
2181,1,visit,88,Rutana,2026-01-07T12:38:00,2026-01-07T13:03:00
2182,1,travel,88,Rutana,2026-01-28T14:00:00,2026-01-28T14:33:00
2183,1,visit,88,Rutana,2026-01-28T14:33:00,2026-01-28T14:58:00
2184,1,travel,88,Rutana,2026-02-11T11:00:00,2026-02-11T11:36:00
2185,1,visit,88,Rutana,2026-02-11T11:36:00,2026-02-11T12:11:00
2186,1,travel,88,Rutana,2026-03-01T11:00:00,2026-03-01T11:27:00
2187,1,visit,88,Rutana,2026-03-01T11:27:00,2026-03-01T11:53:00
2188,1,travel,88,Rutana,2026-03-22T13:00:00,2026-03-22T13:26:00
2189,1,visit,88,Rutana,2026-03-22T13:26:00,2026-03-22T13:53:00
2190,1,travel,88,Rutana,2026-04-07T08:00:00,2026-04-07T08:36:00
2191,1,visit,88,Rutana,2026-04-07T08:36:00,2026-04-07T09:02:00
2192,1,travel,88,Rutana,2026-05-02T12:00:00,2026-05-02T12:47:00
2193,1,visit,88,Rutana,2026-05-02T12:47:00,2026-05-02T13:10:00
2194,1,travel,88,Rutana,2026-05-26T11:00:00,2026-05-26T11:42:00
2195,1,visit,88,Rutana,2026-05-26T11:42:00,2026-05-26T12:20:00
2196,1,travel,89,Gitega,2025-11-07T13:00:00,2025-11-07T13:25:00
2197,1,visit,89,Gitega,2025-11-07T13:25:00,2025-11-07T13:49:00
2198,1,travel,89,Gitega,2025-11-28T10:00:00,2025-11-28T10:26:00
2199,1,visit,89,Gitega,2025-11-28T10:26:00,2025-11-28T10:37:00
2200,1,travel,89,Gitega,2025-12-12T11:00:00,2025-12-12T11:17:00
2201,1,visit,89,Gitega,2025-12-12T11:17:00,2025-12-12T11:37:00
2202,1,travel,89,Gitega,2026-01-09T11:00:00,2026-01-09T11:26:00
2203,1,visit,89,Gitega,2026-01-09T11:26:00,2026-01-09T11:43:00
2204,1,travel,89,Gitega,2026-02-05T10:00:00,2026-02-05T10:19:00
2205,1,visit,89,Gitega,2026-02-05T10:19:00,2026-02-05T10:48:00
2206,1,travel,89,Gitega,2026-02-21T08:00:00,2026-02-21T08:10:00
2207,1,visit,89,Gitega,2026-02-21T08:10:00,2026-02-21T08:42:00
2208,1,travel,89,Gitega,2026-03-07T10:00:00,2026-03-07T10:15:00
2209,1,visit,89,Gitega,2026-03-07T10:15:00,2026-03-07T10:36:00
2210,1,travel,89,Gitega,2026-03-23T13:00:00,2026-03-23T13:21:00
2211,1,visit,89,Gitega,2026-03-23T13:21:00,2026-03-23T13:50:00
2212,1,travel,89,Gitega,2026-04-14T09:00:00,2026-04-14T09:28:00
2213,1,visit,89,Gitega,2026-04-14T09:28:00,2026-04-14T09:55:00
2214,1,travel,89,Gitega,2026-05-03T14:00:00,2026-05-03T14:15:00
2215,1,visit,89,Gitega,2026-05-03T14:15:00,2026-05-03T14:46:00
2216,1,travel,90,Ngozi,2025-10-24T08:00:00,2025-10-24T08:24:00
2217,1,visit,90,Ngozi,2025-10-24T08:24:00,2025-10-24T08:51:00
2218,1,travel,90,Ngozi,2025-11-18T11:00:00,2025-11-18T11:18:00
2219,1,visit,90,Ngozi,2025-11-18T11:18:00,2025-11-18T11:45:00
2220,1,travel,90,Ngozi,2025-12-14T09:00:00,2025-12-14T09:26:00
2221,1,visit,90,Ngozi,2025-12-14T09:26:00,2025-12-14T09:49:00
2222,1,travel,90,Ngozi,2026-01-02T13:00:00,2026-01-02T13:22:00
2223,1,visit,90,Ngozi,2026-01-02T13:22:00,2026-01-02T13:53:00
2224,1,travel,90,Ngozi,2026-01-26T09:00:00,2026-01-26T09:22:00
2225,1,visit,90,Ngozi,2026-01-26T09:22:00,2026-01-26T09:58:00
2226,1,travel,90,Ngozi,2026-02-16T14:00:00,2026-02-16T14:28:00
2227,1,visit,90,Ngozi,2026-02-16T14:28:00,2026-02-16T15:00:00
2228,1,travel,90,Ngozi,2026-03-10T11:00:00,2026-03-10T11:21:00
2229,1,visit,90,Ngozi,2026-03-10T11:21:00,2026-03-10T11:48:00
2230,1,travel,90,Ngozi,2026-04-01T09:00:00,2026-04-01T09:27:00
2231,1,visit,90,Ngozi,2026-04-01T09:27:00,2026-04-01T09:56:00
2232,1,travel,90,Ngozi,2026-04-24T09:00:00,2026-04-24T09:21:00
2233,1,visit,90,Ngozi,2026-04-24T09:21:00,2026-04-24T09:53:00
2234,1,travel,90,Ngozi,2026-05-16T09:00:00,2026-05-16T09:22:00
2235,1,visit,90,Ngozi,2026-05-16T09:22:00,2026-05-16T10:01:00
2236,1,travel,90,Ngozi,2026-06-08T09:00:00,2026-06-08T09:32:00
2237,1,visit,90,Ngozi,2026-06-08T09:32:00,2026-06-08T09:52:00
2238,1,admin,,,2026-04-06T07:00:00,2026-04-06T08:00:00
2239,1,admin,,,2026-04-13T07:00:00,2026-04-13T08:00:00
2240,1,admin,,,2026-04-20T07:00:00,2026-04-20T08:00:00
2241,1,admin,,,2026-04-27T07:00:00,2026-04-27T08:00:00
2242,1,admin,,,2026-05-04T07:00:00,2026-05-04T08:00:00
2243,1,admin,,,2026-05-11T07:00:00,2026-05-11T08:00:00
2244,1,admin,,,2026-05-18T07:00:00,2026-05-18T08:00:00
2245,1,admin,,,2026-05-25T07:00:00,2026-05-25T08:00:00
2246,1,admin,,,2026-06-01T07:00:00,2026-06-01T08:00:00
2247,1,admin,,,2026-06-08T07:00:00,2026-06-08T08:00:00
2248,1,admin,,,2026-06-15T07:00:00,2026-06-15T08:00:00
2249,1,admin,,,2026-06-22T07:00:00,2026-06-22T08:00:00
2250,1,admin,,,2026-06-29T07:00:00,2026-06-29T08:00:00
2251,1,admin,,,2026-07-06T07:00:00,2026-07-06T08:00:00
2252,1,admin,,,2026-07-13T07:00:00,2026-07-13T08:00:00
2253,1,admin,,,2026-07-20T07:00:00,2026-07-20T08:00:00
2254,1,admin,,,2026-07-27T07:00:00,2026-07-27T08:00:00
2255,1,admin,,,2026-08-03T07:00:00,2026-08-03T08:00:00
2256,1,admin,,,2026-08-10T07:00:00,2026-08-10T08:00:00
2257,1,admin,,,2026-08-17T07:00:00,2026-08-17T08:00:00
2258,1,admin,,,2026-08-24T07:00:00,2026-08-24T08:00:00
2259,1,admin,,,2026-08-31T07:00:00,2026-08-31T08:00:00
2260,1,admin,,,2026-09-07T07:00:00,2026-09-07T08:00:00
2261,1,admin,,,2026-09-14T07:00:00,2026-09-14T08:00:00
2262,1,admin,,,2026-09-21T07:00:00,2026-09-21T08:00:00
2263,1,admin,,,2026-09-28T07:00:00,2026-09-28T08:00:00
