encounter_id,patient_id,date,source,state,rule_default,text_modifier,modifier_source,text_modifier_reason,gold_context_codes,gold_action,deteriorates_30d,score,latest_sbp,change_sbp,slope_sbp,threshold_flag,trend_flag,symptom_flag,missed_meds,silent_30_days,overdue_followup,missed_appointment,low_understanding
1,1,2026-04-12,clinic,"Flags: none.
Rule default: routine.
Medicine taken at the last three contacts: yes.
Days since last contact: 0.",routine,none,,,[],routine,0,2.0,124,0.0,0.0,0,0,0,0,0,0,0,0
2,1,2026-04-28,sms,"Flags: none.
Rule default: routine.
Medicine taken at the last three contacts: yes.
Days since last contact: 0.
Patient messages:
""presha leo 126/80""",routine,none,,,[],routine,0,2.0,126,1.0,2.0,0,0,0,0,0,0,0,0
3,1,2026-05-16,chw,"Flags: none.
Rule default: routine.
Medicine taken at the last three contacts: yes, yes.
Days since last contact: 0.
CHW notes:
""Mgonjwa yuko sawa, anakunywa dawa.""
Patient messages:
""presha leo 126/80""",routine,none,,,[],routine,0,2.0,125,0.0,0.5,0,0,0,0,0,0,0,0
4,1,2026-06-06,sms,"Flags: none.
Rule default: routine.
Medicine taken at the last three contacts: yes, yes, yes.
Days since last contact: 0.
CHW notes:
""Mgonjwa yuko sawa, anakunywa dawa.""
Patient messages:
""presha leo 126/80""
""Mimi ni mzima. Presha ni 127/80, nakunywa dawa kila siku.""",routine,none,,,[],routine,0,2.0,127,2.0,0.8,0,0,0,0,0,0,0,0
5,1,2026-06-27,clinic,"Flags: none.
Rule default: routine.
Medicine taken at the last three contacts: yes, yes, yes.
Days since last contact: 0.
Patient messages:
""presha leo 126/80""
""Mimi ni mzima. Presha ni 127/80, nakunywa dawa kila siku.""",routine,none,,,[],routine,0,2.0,128,3.0,0.9,0,0,0,0,0,0,0,0
6,1,2026-07-19,sms,"Flags: none.
Rule default: routine.
Medicine taken at the last three contacts: yes, yes, yes.
Days since last contact: 0.
Patient messages:
""presha leo 126/80""
""Mimi ni mzima. Presha ni 127/80, nakunywa dawa kila siku.""
""Habari daktari, presha yangu ni 130 kwa 83. Nimekunywa dawa zangu.""",routine,none,,,[],routine,0,2.0,130,5.0,1.09,0,0,0,0,0,0,0,0
7,1,2026-08-10,chw,"Flags: none.
Rule default: routine.
Medicine taken at the last three contacts: yes, yes, yes.
Days since last contact: 0.
CHW notes:
""Mgonjwa yuko sawa, anakunywa dawa.""
Patient messages:
""presha leo 126/80""
""Mimi ni mzima. Presha ni 127/80, nakunywa dawa kila siku.""
""Habari daktari, presha yangu ni 130 kwa 83. Nimekunywa dawa zangu.""",routine,none,,,[],routine,0,2.0,132,7.0,1.31,0,0,0,0,0,0,0,0
8,1,2026-09-03,sms,"Flag borderline: Borderline: 3 readings in a row in the band just under the goal 140/90 (130-139 systolic or 85-89 diastolic): 130/83, 132/84, 135/86 (2026-07-19 to 2026-09-03). No threshold crossed; recheck and ask for a weekly reading.
Rule default: recheck_7_days.
Medicine taken at the last three contacts: yes, yes, yes.
Days since last contact: 0.
CHW notes:
""Mgonjwa yuko sawa, anakunywa dawa.""
Patient messages:
""Mimi ni mzima. Presha ni 127/80, nakunywa dawa kila siku.""
""Habari daktari, presha yangu ni 130 kwa 83. Nimekunywa dawa zangu.""
""Mimi ni mzima. Presha ni 135/86, nakunywa dawa kila siku.""",recheck_7_days,none,,,[],recheck_7_days,0,4.0,135,10.0,1.91,0,0,0,0,0,0,0,0
9,1,2026-09-29,chw,"Flag borderline: Borderline: 4 readings in a row in the band just under the goal 140/90 (130-139 systolic or 85-89 diastolic): 130/83, 132/84, 135/86, 136/87 (2026-07-19 to 2026-09-29). No threshold crossed; recheck and ask for a weekly reading.
Rule default: recheck_7_days.
Medicine taken at the last three contacts: yes, yes, yes.
Days since last contact: 0.
CHW notes:
""Mgonjwa yuko sawa, anakunywa dawa.""
Patient messages:
""Mimi ni mzima. Presha ni 127/80, nakunywa dawa kila siku.""
""Habari daktari, presha yangu ni 130 kwa 83. Nimekunywa dawa zangu.""
""Mimi ni mzima. Presha ni 135/86, nakunywa dawa kila siku.""",recheck_7_days,none,,,[],recheck_7_days,0,4.0,136,11.0,1.94,0,0,0,0,0,0,0,0
10,2,2026-04-15,clinic,"Flags: none.
Rule default: routine.
Medicine taken at the last three contacts: yes, yes.
Days since last contact: 0.
CHW notes:
""Home visit, no complaints.""",routine,none,,,[],routine,0,7.0,126,4.0,8.0,0,0,0,0,0,0,0,0
13,2,2026-04-15,chw,"Flags: none.
Rule default: routine.
Medicine taken at the last three contacts: yes, yes.
Days since last contact: 0.
CHW notes:
""Home visit, no complaints.""",routine,none,,,[],routine,0,7.0,126,4.0,8.0,0,0,0,0,0,0,0,0
22,2,2026-04-19,sms,"Flags: none.
Rule default: routine.
Medicine taken at the last three contacts: yes, yes.
Days since last contact: 0.
CHW notes:
""Home visit, no complaints.""
Patient messages:
""presha leo 122/75""",routine,none,,,[],routine,0,7.0,122,0.0,2.0,0,0,0,0,0,0,0,0
23,2,2026-04-26,sms,"Flags: none.
Rule default: routine.
Medicine taken at the last three contacts: yes, yes, yes.
Days since last contact: 0.
Patient messages:
""presha leo 122/75""
""Shikamoo. Nimepima leo 122/70, dawa nimekunywa asubuhi.""",routine,none,,,[],routine,0,7.0,122,0.0,0.8,0,0,0,0,0,0,0,0
24,2,2026-05-06,sms,"Flags: none.
Rule default: routine.
Medicine taken at the last three contacts: yes, yes, yes.
Days since last contact: 0.
Patient messages:
""Shikamoo. Nimepima leo 122/70, dawa nimekunywa asubuhi.""
""Asante sana kwa ujumbe.""
""125/80 leo. Asante""",routine,none,,,[],routine,0,7.0,125,3.0,1.0,0,0,0,0,0,0,0,0
14,2,2026-05-12,chw,"Flags: none.
Rule default: routine.
Medicine taken at the last three contacts: yes, yes, yes.
Days since last contact: 0.
CHW notes:
""Patient well, taking medicine.""
Patient messages:
""Shikamoo. Nimepima leo 122/70, dawa nimekunywa asubuhi.""
""Asante sana kwa ujumbe.""
""125/80 leo. Asante""",routine,none,,,[],routine,0,7.0,123,1.0,0.63,0,0,0,0,0,0,0,0
25,2,2026-05-27,sms,"Flags: none.
Rule default: routine.
Medicine taken at the last three contacts: partial, yes, yes.
Days since last contact: 0.
CHW notes:
""Patient well, taking medicine.""
Patient messages:
""Asante sana kwa ujumbe.""
""125/80 leo. Asante""
""Pressure yangu ni 130/79, nimekunywa nusu dozi kwa sababu dawa zinakaribia kuisha.""",routine,up,note,"missed_meds (generator note or message): Pressure yangu ni 130/79, nimekunywa nusu dozi kwa sababu dawa zinakaribia kuisha.",[],recheck_7_days,0,9.0,130,8.0,0.74,0,0,0,2,0,0,0,0
15,2,2026-05-30,chw,"Flags: none.
Rule default: routine.
Medicine taken at the last three contacts: yes, partial, yes.
Days since last contact: 0.
CHW notes:
""Home visit, no complaints.""
Patient messages:
""Asante sana kwa ujumbe.""
""125/80 leo. Asante""
""Pressure yangu ni 130/79, nimekunywa nusu dozi kwa sababu dawa zinakaribia kuisha.""",routine,up,note,"missed_meds (generator note or message): Pressure yangu ni 130/79, nimekunywa nusu dozi kwa sababu dawa zinakaribia kuisha.",[],recheck_7_days,0,7.0,120,-2.0,0.34,0,0,0,0,0,0,0,0
26,2,2026-06-14,sms,"Flags: none.
Rule default: routine.
Medicine taken at the last three contacts: yes, partial, yes.
Days since last contact: 0.
CHW notes:
""Home visit, no complaints.""
Patient messages:
""125/80 leo. Asante""
""Pressure yangu ni 130/79, nimekunywa nusu dozi kwa sababu dawa zinakaribia kuisha.""
""presha leo 132/74""",routine,up,note,"missed_meds (generator note or message): Pressure yangu ni 130/79, nimekunywa nusu dozi kwa sababu dawa zinakaribia kuisha.",[],recheck_7_days,0,7.0,132,10.0,1.2,0,0,0,0,0,0,0,0
16,2,2026-06-26,chw,"Flags: none.
Rule default: routine.
Medicine taken at the last three contacts: yes, yes, partial.
Days since last contact: 0.
CHW notes:
""Patient bien, prend ses médicaments.""
Patient messages:
""Pressure yangu ni 130/79, nimekunywa nusu dozi kwa sababu dawa zinakaribia kuisha.""
""presha leo 132/74""
""120/74 leo. Asante""",routine,up,note,"missed_meds (generator note or message): Pressure yangu ni 130/79, nimekunywa nusu dozi kwa sababu dawa zinakaribia kuisha.",[],recheck_7_days,0,7.0,120,-2.0,-0.94,0,0,0,0,0,0,0,0
27,2,2026-06-26,sms,"Flags: none.
Rule default: routine.
Medicine taken at the last three contacts: yes, yes, partial.
Days since last contact: 0.
CHW notes:
""Patient bien, prend ses médicaments.""
Patient messages:
""Pressure yangu ni 130/79, nimekunywa nusu dozi kwa sababu dawa zinakaribia kuisha.""
""presha leo 132/74""
""120/74 leo. Asante""",routine,up,note,"missed_meds (generator note or message): Pressure yangu ni 130/79, nimekunywa nusu dozi kwa sababu dawa zinakaribia kuisha.",[],recheck_7_days,0,7.0,120,-2.0,-0.94,0,0,0,0,0,0,0,0
11,2,2026-07-02,clinic,"Flags: none.
Rule default: routine.
Medicine taken at the last three contacts: yes, yes, yes.
Days since last contact: 0.
Patient messages:
""presha leo 132/74""
""120/74 leo. Asante""
""Sawa, nimeelewa.""",routine,none,,,[],routine,0,7.0,134,12.0,0.23,0,0,0,0,0,0,0,0
28,2,2026-07-08,sms,"Flags: none.
Rule default: routine.
Medicine taken at the last three contacts: yes, yes, yes.
Days since last contact: 0.
Patient messages:
""120/74 leo. Asante""
""Sawa, nimeelewa.""
""Shikamoo. Nimepima leo 119/75, dawa nimekunywa asubuhi.""",routine,none,,,[],routine,0,5.5,119,-3.0,0.03,0,0,0,0,0,0,0,0
17,2,2026-07-10,chw,"Flags: none.
Rule default: routine.
Medicine taken at the last three contacts: partial, yes, yes.
Days since last contact: 0.
CHW notes:
""Patient ran out of tablets last week.""
Patient messages:
""120/74 leo. Asante""
""Sawa, nimeelewa.""
""Shikamoo. Nimepima leo 119/75, dawa nimekunywa asubuhi.""",routine,up,note,missed_meds (generator note or message): Patient ran out of tablets last week.,[],recheck_7_days,0,9.0,131,9.0,0.17,0,0,0,2,0,0,0,0
29,2,2026-07-17,sms,"Flags: none.
Rule default: routine.
Medicine taken at the last three contacts: yes, partial, yes.
Days since last contact: 0.
CHW notes:
""Patient ran out of tablets last week.""
Patient messages:
""Sawa, nimeelewa.""
""Shikamoo. Nimepima leo 119/75, dawa nimekunywa asubuhi.""
""Shikamoo. Nimepima leo 124/70, dawa nimekunywa asubuhi.""",routine,up,note,missed_meds (generator note or message): Patient ran out of tablets last week.,[],recheck_7_days,0,7.0,124,2.0,1.09,0,0,0,0,0,0,0,0
18,2,2026-08-04,chw,"Flags: none.
Rule default: routine.
Medicine taken at the last three contacts: yes, yes, partial.
Days since last contact: 0.
CHW notes:
""Patient bien, prend ses médicaments.""
Patient messages:
""Sawa, nimeelewa.""
""Shikamoo. Nimepima leo 119/75, dawa nimekunywa asubuhi.""
""Shikamoo. Nimepima leo 124/70, dawa nimekunywa asubuhi.""",routine,none,,,[],routine,0,5.5,116,-6.0,-1.09,0,0,0,0,0,0,0,0
30,2,2026-08-07,sms,"Flags: none.
Rule default: routine.
Medicine taken at the last three contacts: yes, yes, yes.
Days since last contact: 0.
CHW notes:
""Patient bien, prend ses médicaments.""
Patient messages:
""Shikamoo. Nimepima leo 119/75, dawa nimekunywa asubuhi.""
""Shikamoo. Nimepima leo 124/70, dawa nimekunywa asubuhi.""
""Mimi ni mzima. Presha ni 126/68, nakunywa dawa kila siku.""",routine,none,,,[],routine,0,7.0,126,4.0,-1.6,0,0,0,0,0,0,0,0
31,2,2026-08-16,sms,"Flags: none.
Rule default: routine.
Medicine taken at the last three contacts: yes, yes, yes.
Days since last contact: 0.
Patient messages:
""Shikamoo. Nimepima leo 124/70, dawa nimekunywa asubuhi.""
""Mimi ni mzima. Presha ni 126/68, nakunywa dawa kila siku.""
""113/68 leo. Asante""",routine,none,,,[],routine,0,5.5,113,-9.0,-1.51,0,0,0,0,0,0,0,0
19,2,2026-08-19,chw,"Flags: none.
Rule default: routine.
Medicine taken at the last three contacts: yes, yes, yes.
Days since last contact: 0.
CHW notes:
""Patient well, taking medicine.""
Patient messages:
""Shikamoo. Nimepima leo 124/70, dawa nimekunywa asubuhi.""
""Mimi ni mzima. Presha ni 126/68, nakunywa dawa kila siku.""
""113/68 leo. Asante""",routine,none,,,[],routine,0,7.0,123,1.0,-1.8,0,0,0,0,0,0,0,0
32,2,2026-09-01,sms,"Flags: none.
Rule default: routine.
Medicine taken at the last three contacts: yes, yes, yes.
Days since last contact: 0.
CHW notes:
""Patient well, taking medicine.""
Patient messages:
""Mimi ni mzima. Presha ni 126/68, nakunywa dawa kila siku.""
""113/68 leo. Asante""
""Shikamoo. Nimepima leo 130/76, dawa nimekunywa asubuhi.""",routine,none,,,[],routine,0,7.0,130,8.0,1.09,0,0,0,0,0,0,0,0
20,2,2026-09-02,chw,"Flags: none.
Rule default: routine.
Medicine taken at the last three contacts: yes, yes, yes.
Days since last contact: 0.
CHW notes:
""Patient bien, prend ses médicaments.""
Patient messages:
""Mimi ni mzima. Presha ni 126/68, nakunywa dawa kila siku.""
""113/68 leo. Asante""
""Shikamoo. Nimepima leo 130/76, dawa nimekunywa asubuhi.""",routine,none,,,[],routine,0,7.0,127,5.0,2.2,0,0,0,0,0,0,0,0
12,2,2026-09-10,clinic,"Flags: none.
Rule default: routine.
Medicine taken at the last three contacts: yes, yes, yes.
Days since last contact: 0.
CHW notes:
""Patient bien, prend ses médicaments.""
Patient messages:
""Mimi ni mzima. Presha ni 126/68, nakunywa dawa kila siku.""
""113/68 leo. Asante""
""Shikamoo. Nimepima leo 130/76, dawa nimekunywa asubuhi.""",routine,none,,,[],routine,0,7.0,124,2.0,1.11,0,0,0,0,0,0,0,0
33,2,2026-09-17,sms,"Flags: none.
Rule default: routine.
Medicine taken at the last three contacts: yes, yes, yes.
Days since last contact: 0.
Patient messages:
""113/68 leo. Asante""
""Shikamoo. Nimepima leo 130/76, dawa nimekunywa asubuhi.""
""121/72 leo. Asante""",routine,none,,,[],routine,0,7.0,121,-1.0,1.14,0,0,0,0,0,0,0,0
21,2,2026-09-24,chw,"Flags: none.
Rule default: routine.
Medicine taken at the last three contacts: yes, yes, yes.
Days since last contact: 0.
CHW notes:
""Home visit, no complaints.""
Patient messages:
""113/68 leo. Asante""
""Shikamoo. Nimepima leo 130/76, dawa nimekunywa asubuhi.""
""121/72 leo. Asante""",routine,none,,,[],routine,0,7.0,120,-2.0,-1.29,0,0,0,0,0,0,0,0
34,2,2026-09-26,sms,"Flags: none.
Rule default: routine.
Medicine taken at the last three contacts: yes, yes, yes.
Days since last contact: 0.
CHW notes:
""Home visit, no complaints.""
Patient messages:
""Shikamoo. Nimepima leo 130/76, dawa nimekunywa asubuhi.""
""121/72 leo. Asante""
""Habari daktari, presha yangu ni 123 kwa 66. Nimekunywa dawa zangu.""",routine,none,,,[],routine,0,7.0,123,1.0,-1.69,0,0,0,0,0,0,0,0
37,3,2026-04-12,chw,"Flags: none.
Rule default: routine.
Medicine taken at the last three contacts: partial.
Days since last contact: 0.
CHW notes:
""Takes medicine only when feeling unwell.""",routine,up,note,missed_meds (generator note or message): Takes medicine only when feeling unwell.,"[{""code"": ""side_effect"", ""quote"": ""Pieds et chevilles gonflés depuis le début du nouveau médicament""}]",recheck_7_days,0,6.5,119,0.0,0.0,0,0,0,2,0,0,0,0
45,3,2026-04-18,sms,"Flags: none.
Rule default: routine.
Medicine taken at the last three contacts: partial.
Days since last contact: 0.
CHW notes:
""Takes medicine only when feeling unwell.""
Patient messages:
""Bjr, tension 120 sur 68 ce matin""",routine,up,note,missed_meds (generator note or message): Takes medicine only when feeling unwell.,"[{""code"": ""side_effect"", ""quote"": ""Pieds et chevilles gonflés depuis le début du nouveau médicament""}]",recheck_7_days,0,5.5,120,0.5,1.0,0,0,0,0,0,0,0,0
35,3,2026-04-24,clinic,"Flags: none.
Rule default: routine.
Medicine taken at the last three contacts: yes, partial.
Days since last contact: 0.
Patient messages:
""Bjr, tension 120 sur 68 ce matin""",routine,up,note,missed_meds (generator note or message): Renouvellement du traitement,"[{""code"": ""side_effect"", ""quote"": ""Pieds et chevilles gonflés depuis le début du nouveau médicament""}]",recheck_7_days,0,5.5,120,0.3,0.5,0,0,0,0,0,0,0,0
38,3,2026-04-29,chw,"Flags: none.
Rule default: routine.
Medicine taken at the last three contacts: yes, yes, partial.
Days since last contact: 0.
CHW notes:
""Patient bien, prend ses médicaments.""
Patient messages:
""Bjr, tension 120 sur 68 ce matin""",routine,up,note,missed_meds (generator note or message): Renouvellement du traitement,"[{""code"": ""side_effect"", ""quote"": ""Pieds et chevilles gonflés depuis le début du nouveau médicament""}]",recheck_7_days,0,5.5,125,5.3,1.8,0,0,0,0,0,0,0,0
46,3,2026-05-07,sms,"Flags: none.
Rule default: routine.
Medicine taken at the last three contacts: yes, yes, yes.
Days since last contact: 0.
CHW notes:
""Patient bien, prend ses médicaments.""
Patient messages:
""Bjr, tension 120 sur 68 ce matin""
""J'ai mesuré au centre de santé : 123/77. Médicaments pris.""",routine,none,,,[],routine,0,5.5,123,3.3,1.3,0,0,0,0,0,0,0,0
47,3,2026-05-19,sms,"Flags: none.
Rule default: routine.
Medicine taken at the last three contacts: yes, yes, yes.
Days since last contact: 0.
Patient messages:
""Bjr, tension 120 sur 68 ce matin""
""J'ai mesuré au centre de santé : 123/77. Médicaments pris.""
""Ma tension est 128 sur 70, je prends bien mes médicaments chaque jour.""",routine,none,,,[],routine,0,5.5,128,8.3,1.69,0,0,0,0,0,0,0,0
39,3,2026-05-25,chw,"Flags: none.
Rule default: routine.
Medicine taken at the last three contacts: yes, yes, yes.
Days since last contact: 0.
CHW notes:
""Home visit, no complaints.""
Patient messages:
""Bjr, tension 120 sur 68 ce matin""
""J'ai mesuré au centre de santé : 123/77. Médicaments pris.""
""Ma tension est 128 sur 70, je prends bien mes médicaments chaque jour.""",routine,none,,,[],routine,0,5.5,121,1.3,0.77,0,0,0,0,0,0,0,0
48,3,2026-05-30,sms,"Flags: none.
Rule default: routine.
Medicine taken at the last three contacts: yes, yes, yes.
Days since last contact: 0.
CHW notes:
""Home visit, no complaints.""
Patient messages:
""J'ai mesuré au centre de santé : 123/77. Médicaments pris.""
""Ma tension est 128 sur 70, je prends bien mes médicaments chaque jour.""
""Bjr, tension 119 sur 74 ce matin""",routine,none,,,[],routine,0,4.5,119,-0.7,-0.34,0,0,0,0,0,0,0,0
49,3,2026-06-13,sms,"Flags: none.
Rule default: routine.
Medicine taken at the last three contacts: yes, yes, yes.
Days since last contact: 0.
Patient messages:
""Ma tension est 128 sur 70, je prends bien mes médicaments chaque jour.""
""Bjr, tension 119 sur 74 ce matin""
""J'ai mesuré au centre de santé : 128/78. Médicaments pris.""",routine,none,,,[],routine,0,5.5,128,8.3,-0.11,0,0,0,0,0,0,0,0
40,3,2026-06-17,chw,"Flags: none.
Rule default: routine.
Medicine taken at the last three contacts: yes, yes, yes.
Days since last contact: 0.
CHW notes:
""Home visit, no complaints.""
Patient messages:
""Ma tension est 128 sur 70, je prends bien mes médicaments chaque jour.""
""Bjr, tension 119 sur 74 ce matin""
""J'ai mesuré au centre de santé : 128/78. Médicaments pris.""",routine,none,,,[],routine,0,5.5,134,14.3,1.51,0,0,0,0,0,0,0,0
50,3,2026-06-21,sms,"Flags: none.
Rule default: routine.
Medicine taken at the last three contacts: yes, yes, yes.
Days since last contact: 0.
CHW notes:
""Home visit, no complaints.""
Patient messages:
""Bjr, tension 119 sur 74 ce matin""
""J'ai mesuré au centre de santé : 128/78. Médicaments pris.""
""tension 115/71""",routine,none,,,[],routine,0,4.5,115,-4.7,-0.49,0,0,0,0,0,0,0,0
36,3,2026-07-09,clinic,"Flags: none.
Rule default: routine.
Medicine taken at the last three contacts: yes, yes, yes.
Days since last contact: 0.
Patient messages:
""Bjr, tension 119 sur 74 ce matin""
""J'ai mesuré au centre de santé : 128/78. Médicaments pris.""
""tension 115/71""",routine,none,,,[],routine,0,5.5,130,10.3,1.11,0,0,0,0,0,0,0,0
51,3,2026-07-11,sms,"Flags: none.
Rule default: routine.
Medicine taken at the last three contacts: yes, yes, yes.
Days since last contact: 0.
Patient messages:
""J'ai mesuré au centre de santé : 128/78. Médicaments pris.""
""tension 115/71""
""Bonjour, ma tension aujourd'hui est 116/74. J'ai pris mes médicaments.""",routine,none,,,[],routine,0,4.5,116,-3.7,-0.8,0,0,0,0,0,0,0,0
41,3,2026-07-12,chw,"Flags: none.
Rule default: routine.
Medicine taken at the last three contacts: yes, yes, yes.
Days since last contact: 0.
CHW notes:
""Patient bien, prend ses médicaments.""
Patient messages:
""J'ai mesuré au centre de santé : 128/78. Médicaments pris.""
""tension 115/71""
""Bonjour, ma tension aujourd'hui est 116/74. J'ai pris mes médicaments.""",routine,none,,,[],routine,0,4.5,118,-1.7,-2.54,0,0,0,0,0,0,0,0
52,3,2026-07-24,sms,"Flags: none.
Rule default: routine.
Medicine taken at the last three contacts: yes, yes, yes.
Days since last contact: 0.
CHW notes:
""Patient bien, prend ses médicaments.""
Patient messages:
""tension 115/71""
""Bonjour, ma tension aujourd'hui est 116/74. J'ai pris mes médicaments.""
""Bonjour, ma tension aujourd'hui est 137/79. J'ai pris mes médicaments.""",routine,none,,,[],routine,0,5.5,137,17.3,0.29,0,0,0,0,0,0,0,0
42,3,2026-08-03,chw,"Flags: none.
Rule default: routine.
Medicine taken at the last three contacts: yes, yes, yes.
Days since last contact: 0.
CHW notes:
""Home visit, no complaints.""
Patient messages:
""tension 115/71""
""Bonjour, ma tension aujourd'hui est 116/74. J'ai pris mes médicaments.""
""Bonjour, ma tension aujourd'hui est 137/79. J'ai pris mes médicaments.""",routine,none,,,[],routine,0,5.5,120,0.3,1.37,0,0,0,0,0,0,0,0
53,3,2026-08-06,sms,"Flags: none.
Rule default: routine.
Medicine taken at the last three contacts: yes, yes, yes.
Days since last contact: 0.
CHW notes:
""Home visit, no complaints.""
Patient messages:
""Bonjour, ma tension aujourd'hui est 116/74. J'ai pris mes médicaments.""
""Bonjour, ma tension aujourd'hui est 137/79. J'ai pris mes médicaments.""
""Bjr, tension 125 sur 74 ce matin""",routine,none,,,[],routine,0,5.5,125,5.3,0.17,0,0,0,0,0,0,0,0
54,3,2026-08-13,sms,"Flags: none.
Rule default: routine.
Medicine taken at the last three contacts: yes, yes, yes.
Days since last contact: 0.
Patient messages:
""Bonjour, ma tension aujourd'hui est 137/79. J'ai pris mes médicaments.""
""Bjr, tension 125 sur 74 ce matin""
""Bonjour, ma tension aujourd'hui est 128/76. J'ai pris mes médicaments.""",routine,none,,,[],routine,0,5.5,128,8.3,1.83,0,0,0,0,0,0,0,0
43,3,2026-08-21,chw,"Flags: none.
Rule default: routine.
Medicine taken at the last three contacts: yes, yes, yes.
Days since last contact: 0.
CHW notes:
""Mgonjwa yuko sawa, anakunywa dawa.""
Patient messages:
""Bonjour, ma tension aujourd'hui est 137/79. J'ai pris mes médicaments.""
""Bjr, tension 125 sur 74 ce matin""
""Bonjour, ma tension aujourd'hui est 128/76. J'ai pris mes médicaments.""",routine,none,,,[],routine,0,5.5,120,0.3,-0.34,0,0,0,0,0,0,0,0
55,3,2026-08-27,sms,"Flags: none.
Rule default: routine.
Medicine taken at the last three contacts: yes, yes, yes.
Days since last contact: 0.
CHW notes:
""Mgonjwa yuko sawa, anakunywa dawa.""
Patient messages:
""Bjr, tension 125 sur 74 ce matin""
""Bonjour, ma tension aujourd'hui est 128/76. J'ai pris mes médicaments.""
""Bonjour, ma tension aujourd'hui est 122/72. J'ai pris mes médicaments.""",routine,none,,,[],routine,0,5.5,122,2.3,-2.06,0,0,0,0,0,0,0,0
56,3,2026-09-14,sms,"Flags: none.
Rule default: routine.
Medicine taken at the last three contacts: yes, yes, yes.
Days since last contact: 0.
Patient messages:
""Bonjour, ma tension aujourd'hui est 128/76. J'ai pris mes médicaments.""
""Bonjour, ma tension aujourd'hui est 122/72. J'ai pris mes médicaments.""
""tension 121/73""",routine,none,,,[],routine,0,5.5,121,1.3,-0.34,0,0,0,0,0,0,0,0
44,3,2026-09-15,chw,"Flags: none.
Rule default: routine.
Medicine taken at the last three contacts: partial, yes, yes.
Days since last contact: 0.
CHW notes:
""Patient ran out of tablets last week.""
Patient messages:
""Bonjour, ma tension aujourd'hui est 128/76. J'ai pris mes médicaments.""
""Bonjour, ma tension aujourd'hui est 122/72. J'ai pris mes médicaments.""
""tension 121/73""",routine,up,note,missed_meds (generator note or message): Patient ran out of tablets last week.,"[{""code"": ""side_effect"", ""quote"": ""Pieds et chevilles gonflés depuis le début du nouveau médicament""}]",recheck_7_days,0,7.5,134,14.3,0.74,0,0,0,2,0,0,0,0
57,3,2026-09-25,sms,"Flags: none.
Rule default: routine.
Medicine taken at the last three contacts: yes, partial, yes.
Days since last contact: 0.
CHW notes:
""Patient ran out of tablets last week.""
Patient messages:
""Bonjour, ma tension aujourd'hui est 122/72. J'ai pris mes médicaments.""
""tension 121/73""
""Ma tension est 133 sur 77, je prends bien mes médicaments chaque jour.""",routine,up,note,missed_meds (generator note or message): Patient ran out of tablets last week.,"[{""code"": ""side_effect"", ""quote"": ""Pieds et chevilles gonflés depuis le début du nouveau médicament""}]",recheck_7_days,0,5.5,133,13.3,1.89,0,0,0,0,0,0,0,0
1714,3,2026-10-01,chw,"Flag threshold: Latest BP 166/101 on 2026-10-01 is at or above the 'grade2' cut-off (160/100).
Flag trend: Trend rule: each of the last 3 readings (134, 133, 166, 2026-09-15 to 2026-10-01) is at least 10 mmHg above the baseline of 120; and the last 4 readings (2026-09-14 to 2026-10-01) average 138, 19 mmHg above the baseline of 120 (rule: at least 15 mmHg over 4 readings) (baseline = first 3 readings).
Rule default: visit_this_week.
Medicine taken at the last three contacts: yes, yes, partial.
Days since last contact: 0.
CHW notes:
""Pieds et chevilles gonflés depuis le début du nouveau médicament.""
Patient messages:
""Bonjour, ma tension aujourd'hui est 122/72. J'ai pris mes médicaments.""
""tension 121/73""
""Ma tension est 133 sur 77, je prends bien mes médicaments chaque jour.""",visit_this_week,up,case,side_effect: Pieds et chevilles gonflés depuis le début du nouveau médicament.,"[{""code"": ""side_effect"", ""quote"": ""Pieds et chevilles gonflés depuis le début du nouveau médicament""}]",refer_clinic,0,15.0,166,46.3,7.89,4,3,0,0,0,0,0,0
58,4,2026-04-10,clinic,"Flags: none.
Rule default: routine.
Medicine taken at the last three contacts: yes.
Days since last contact: 0.",routine,none,,,[],routine,0,1.5,139,0.0,0.0,0,0,0,0,0,0,0,0
61,4,2026-04-20,chw,"Flags: none.
Rule default: routine.
Medicine taken at the last three contacts: partial, yes, yes.
Days since last contact: 0.
CHW notes:
""Mgonjwa yuko sawa, anakunywa dawa.""
Patient messages:
""Pressure yangu ni 135/82, nimekunywa nusu dozi kwa sababu dawa zinakaribia kuisha.""",routine,up,note,"missed_meds (generator note or message): Pressure yangu ni 135/82, nimekunywa nusu dozi kwa sababu dawa zinakaribia kuisha.",[],recheck_7_days,0,3.5,135,-0.3,-2.0,0,0,0,2,0,0,0,0
70,4,2026-04-20,sms,"Flags: none.
Rule default: routine.
Medicine taken at the last three contacts: partial, yes, yes.
Days since last contact: 0.
CHW notes:
""Mgonjwa yuko sawa, anakunywa dawa.""
Patient messages:
""Pressure yangu ni 135/82, nimekunywa nusu dozi kwa sababu dawa zinakaribia kuisha.""",routine,up,note,"missed_meds (generator note or message): Pressure yangu ni 135/82, nimekunywa nusu dozi kwa sababu dawa zinakaribia kuisha.",[],recheck_7_days,0,3.5,135,-0.3,-2.0,0,0,0,2,0,0,0,0
62,4,2026-05-05,chw,"Flag borderline: Borderline: 3 readings in a row in the band just under the goal 140/90 (130-139 systolic or 85-89 diastolic): 139/89, 132/77, 135/82 (2026-04-10 to 2026-04-20). No threshold crossed; recheck and ask for a weekly reading.
Rule default: recheck_7_days.
Medicine taken at the last three contacts: yes, partial, yes.
Days since last contact: 0.
CHW notes:
""Mgonjwa yuko sawa, anakunywa dawa.""
Patient messages:
""Pressure yangu ni 135/82, nimekunywa nusu dozi kwa sababu dawa zinakaribia kuisha.""",recheck_7_days,up,note,"missed_meds (generator note or message): Pressure yangu ni 135/82, nimekunywa nusu dozi kwa sababu dawa zinakaribia kuisha.",[],visit_this_week,0,4.0,142,6.7,1.2,0,0,0,0,0,0,0,0
71,4,2026-05-07,sms,"Flag borderline: Borderline: 3 readings in a row in the band just under the goal 140/90 (130-139 systolic or 85-89 diastolic): 139/89, 132/77, 135/82 (2026-04-10 to 2026-04-20). No threshold crossed; recheck and ask for a weekly reading.
Rule default: recheck_7_days.
Medicine taken at the last three contacts: yes, partial, yes.
Days since last contact: 0.
CHW notes:
""Mgonjwa yuko sawa, anakunywa dawa.""
Patient messages:
""Pressure yangu ni 135/82, nimekunywa nusu dozi kwa sababu dawa zinakaribia kuisha.""
""141/89 leo. Asante""",recheck_7_days,up,note,"missed_meds (generator note or message): Pressure yangu ni 135/82, nimekunywa nusu dozi kwa sababu dawa zinakaribia kuisha.",[],visit_this_week,0,4.0,141,5.7,1.4,0,0,0,0,0,0,0,0
63,4,2026-05-19,chw,"Flag borderline: Borderline: 3 readings in a row in the band just under the goal 140/90 (130-139 systolic or 85-89 diastolic): 139/89, 132/77, 135/82 (2026-04-10 to 2026-04-20). No threshold crossed; recheck and ask for a weekly reading.
Rule default: recheck_7_days.
Medicine taken at the last three contacts: partial, yes, partial.
Days since last contact: 0.
CHW notes:
""N'a pas pris ses comprimés depuis 3 jours.""
Patient messages:
""Pressure yangu ni 135/82, nimekunywa nusu dozi kwa sababu dawa zinakaribia kuisha.""
""141/89 leo. Asante""",recheck_7_days,up,note,missed_meds (generator note or message): N'a pas pris ses comprimés depuis 3 jours.,[],visit_this_week,0,6.0,141,5.7,1.26,0,0,0,2,0,0,0,0
72,4,2026-05-28,sms,"Flag borderline: Borderline: the readings crossed the goal 140/90 2 times in the last 6 readings: 132/77, 135/82, 142/84, 141/89, 141/87, 134/82. No threshold crossed; recheck and ask for a weekly reading.
Rule default: recheck_7_days.
Medicine taken at the last three contacts: yes, partial, yes.
Days since last contact: 0.
CHW notes:
""N'a pas pris ses comprimés depuis 3 jours.""
Patient messages:
""Pressure yangu ni 135/82, nimekunywa nusu dozi kwa sababu dawa zinakaribia kuisha.""
""141/89 leo. Asante""
""Shikamoo. Nimepima leo 134/82, dawa nimekunywa asubuhi.""",recheck_7_days,up,note,missed_meds (generator note or message): N'a pas pris ses comprimés depuis 3 jours.,[],visit_this_week,0,3.5,134,-1.3,0.77,0,0,0,0,0,0,0,0
73,4,2026-06-06,sms,"Flag borderline: Borderline: the readings crossed the goal 140/90 2 times in the last 6 readings: 135/82, 142/84, 141/89, 141/87, 134/82, 137/83. No threshold crossed; recheck and ask for a weekly reading.
Rule default: recheck_7_days.
Medicine taken at the last three contacts: yes, partial, yes.
Days since last contact: 0.
Patient messages:
""141/89 leo. Asante""
""Shikamoo. Nimepima leo 134/82, dawa nimekunywa asubuhi.""
""presha leo 137/83""",recheck_7_days,none,,,[],recheck_7_days,0,3.5,137,1.7,-0.4,0,0,0,0,0,0,0,0
64,4,2026-06-15,chw,"Flag borderline: Borderline: the readings crossed the goal 140/90 2 times in the last 6 readings: 142/84, 141/89, 141/87, 134/82, 137/83, 140/84. No threshold crossed; recheck and ask for a weekly reading.
Rule default: recheck_7_days.
Medicine taken at the last three contacts: yes, yes, partial.
Days since last contact: 0.
CHW notes:
""Mgonjwa yuko sawa, anakunywa dawa.""
Patient messages:
""141/89 leo. Asante""
""Shikamoo. Nimepima leo 134/82, dawa nimekunywa asubuhi.""
""presha leo 137/83""",recheck_7_days,none,,,[],recheck_7_days,0,4.0,140,4.7,-0.83,0,0,0,0,0,0,0,0
59,4,2026-06-17,clinic,"Flag borderline: Borderline: the readings crossed the goal 140/90 3 times in the last 6 readings: 141/89, 141/87, 134/82, 137/83, 140/84, 137/84. No threshold crossed; recheck and ask for a weekly reading.
Rule default: recheck_7_days.
Medicine taken at the last three contacts: yes, yes, yes.
Days since last contact: 0.
CHW notes:
""Mgonjwa yuko sawa, anakunywa dawa.""
Patient messages:
""141/89 leo. Asante""
""Shikamoo. Nimepima leo 134/82, dawa nimekunywa asubuhi.""
""presha leo 137/83""",recheck_7_days,none,,,[],recheck_7_days,0,3.5,137,1.7,-0.57,0,0,0,0,0,0,0,0
74,4,2026-06-26,sms,"Flag borderline: Borderline: the readings crossed the goal 140/90 4 times in the last 6 readings: 141/87, 134/82, 137/83, 140/84, 137/84, 151/92. No threshold crossed; recheck and ask for a weekly reading.
Rule default: recheck_7_days.
Medicine taken at the last three contacts: yes, yes, yes.
Days since last contact: 0.
Patient messages:
""Shikamoo. Nimepima leo 134/82, dawa nimekunywa asubuhi.""
""presha leo 137/83""
""151/92 leo. Asante""",recheck_7_days,none,,,[],recheck_7_days,1,4.0,151,15.7,1.77,0,0,0,0,0,0,0,0
65,4,2026-07-04,chw,"Flag borderline: Borderline: the readings crossed the goal 140/90 3 times in the last 6 readings: 134/82, 137/83, 140/84, 137/84, 151/92, 149/88. No threshold crossed; recheck and ask for a weekly reading.
Rule default: recheck_7_days.
Medicine taken at the last three contacts: yes, yes, yes.
Days since last contact: 0.
CHW notes:
""Patient well, taking medicine.""
Patient messages:
""Shikamoo. Nimepima leo 134/82, dawa nimekunywa asubuhi.""
""presha leo 137/83""
""151/92 leo. Asante""",recheck_7_days,none,,,[],recheck_7_days,1,4.0,149,13.7,3.26,0,0,0,0,0,0,0,0
75,4,2026-07-17,sms,"Flag threshold: Latest BP 163/92 on 2026-07-17 is at or above the 'grade2' cut-off (160/100).
Flag trend: Trend rule: each of the last 3 readings (151, 149, 163, 2026-06-26 to 2026-07-17) is at least 10 mmHg above the baseline of 135 (baseline = first 3 readings).
Rule default: visit_this_week.
Medicine taken at the last three contacts: partial, yes, yes.
Days since last contact: 0.
CHW notes:
""Patient well, taking medicine.""
Patient messages:
""presha leo 137/83""
""151/92 leo. Asante""
""Nimepima dispensari 163/92. Nimekunywa dawa moja tu kati ya mbili.""",visit_this_week,up,note,missed_meds (generator note or message): Nimepima dispensari 163/92. Nimekunywa dawa moja tu kati ya mbili.,[],refer_clinic,1,11.5,163,27.7,4.89,4,3,0,2,0,0,0,0
66,4,2026-07-22,chw,"Flag threshold: Latest BP 167/98 on 2026-07-22 is at or above the 'grade2' cut-off (160/100).
Flag trend: Trend rule: each of the last 3 readings (149, 163, 167, 2026-07-04 to 2026-07-22) is at least 10 mmHg above the baseline of 135; and the last 4 readings (2026-06-26 to 2026-07-22) average 158, 22 mmHg above the baseline of 135 (rule: at least 15 mmHg over 4 readings) (baseline = first 3 readings).
Rule default: visit_this_week.
Medicine taken at the last three contacts: yes, partial, yes.
Days since last contact: 0.
CHW notes:
""Patient well, taking medicine.""
Patient messages:
""presha leo 137/83""
""151/92 leo. Asante""
""Nimepima dispensari 163/92. Nimekunywa dawa moja tu kati ya mbili.""",visit_this_week,up,note,missed_meds (generator note or message): Nimepima dispensari 163/92. Nimekunywa dawa moja tu kati ya mbili.,[],refer_clinic,1,9.5,167,31.7,6.03,4,3,0,0,0,0,0,0
81,4,2026-07-23,chw,"Flag threshold: Latest BP 177/102 on 2026-07-23 is at or above the 'grade2' cut-off (160/100).
Flag trend: Trend rule: each of the last 3 readings (163, 167, 177, 2026-07-17 to 2026-07-23) is at least 10 mmHg above the baseline of 135; and the last 4 readings (2026-07-04 to 2026-07-23) average 164, 29 mmHg above the baseline of 135 (rule: at least 15 mmHg over 4 readings) (baseline = first 3 readings).
Flag symptom: Symptom 'headache' reported on 2026-07-23; latest BP 177/102 is not under the goal 140/90 (bp_goal).
Rule default: visit_this_week.
Medicine taken at the last three contacts: partial, yes, partial.
Days since last contact: 0.
CHW notes:
""Patient well, taking medicine.""
""Patient complains of headache.""
Patient messages:
""presha leo 137/83""
""151/92 leo. Asante""
""Nimepima dispensari 163/92. Nimekunywa dawa moja tu kati ya mbili.""",visit_this_week,up,note,missed_meds (generator note or message): Nimepima dispensari 163/92. Nimekunywa dawa moja tu kati ya mbili.,[],refer_clinic,1,21.5,177,41.7,7.49,4,3,10,2,0,0,0,0
76,4,2026-08-05,sms,"Flag trend: Trend rule: the last 4 readings (2026-07-17 to 2026-08-05) average 160, 25 mmHg above the baseline of 135 (rule: at least 15 mmHg over 4 readings) (baseline = first 3 readings).
Rule default: recheck_7_days.
Medicine taken at the last three contacts: yes, partial, yes.
Days since last contact: 0.
CHW notes:
""Patient complains of headache.""
Patient messages:
""151/92 leo. Asante""
""Nimepima dispensari 163/92. Nimekunywa dawa moja tu kati ya mbili.""
""Shikamoo. Nimepima leo 135/82, dawa nimekunywa asubuhi.""",recheck_7_days,up,note,missed_meds (generator note or message): Nimepima dispensari 163/92. Nimekunywa dawa moja tu kati ya mbili.,[],visit_this_week,0,6.5,135,-0.3,0.23,0,3,0,0,0,0,0,2
67,4,2026-08-10,chw,"Flag trend: Trend rule: the last 4 readings (2026-07-22 to 2026-08-10) average 153, 18 mmHg above the baseline of 135 (rule: at least 15 mmHg over 4 readings) (baseline = first 3 readings).
Rule default: recheck_7_days.
Medicine taken at the last three contacts: yes, yes, partial.
Days since last contact: 0.
CHW notes:
""Patient well, taking medicine.""
Patient messages:
""151/92 leo. Asante""
""Nimepima dispensari 163/92. Nimekunywa dawa moja tu kati ya mbili.""
""Shikamoo. Nimepima leo 135/82, dawa nimekunywa asubuhi.""",recheck_7_days,up,note,missed_meds (generator note or message): Nimepima dispensari 163/92. Nimekunywa dawa moja tu kati ya mbili.,[],visit_this_week,0,6.5,133,-2.3,-4.4,0,3,0,0,0,0,0,2
77,4,2026-08-19,sms,"Flag borderline: Borderline: 3 readings in a row in the band just under the goal 140/90 (130-139 systolic or 85-89 diastolic): 135/82, 133/83, 136/83 (2026-08-05 to 2026-08-19). No threshold crossed; recheck and ask for a weekly reading.
Rule default: recheck_7_days.
Medicine taken at the last three contacts: yes, yes, partial.
Days since last contact: 0.
CHW notes:
""Patient well, taking medicine.""
Patient messages:
""Nimepima dispensari 163/92. Nimekunywa dawa moja tu kati ya mbili.""
""Shikamoo. Nimepima leo 135/82, dawa nimekunywa asubuhi.""
""presha leo 136/83""",recheck_7_days,none,,,[],recheck_7_days,0,5.5,136,0.7,-7.97,0,0,0,0,0,0,0,2
60,4,2026-08-23,clinic,"Flag borderline: Borderline: 4 readings in a row in the band just under the goal 140/90 (130-139 systolic or 85-89 diastolic): 135/82, 133/83, 136/83, 137/89 (2026-08-05 to 2026-08-23). No threshold crossed; recheck and ask for a weekly reading.
Rule default: recheck_7_days.
Medicine taken at the last three contacts: yes, yes, yes.
Days since last contact: 0.
Patient messages:
""Nimepima dispensari 163/92. Nimekunywa dawa moja tu kati ya mbili.""
""Shikamoo. Nimepima leo 135/82, dawa nimekunywa asubuhi.""
""presha leo 136/83""",recheck_7_days,none,,,[],recheck_7_days,0,5.5,137,1.7,-7.86,0,0,0,0,0,0,0,2
78,4,2026-09-05,sms,"Flag borderline: Borderline: 5 readings in a row in the band just under the goal 140/90 (130-139 systolic or 85-89 diastolic): 135/82, 133/83, 136/83, 137/89, 136/83 (2026-08-05 to 2026-09-05). No threshold crossed; recheck and ask for a weekly reading.
Rule default: recheck_7_days.
Medicine taken at the last three contacts: yes, yes, yes.
Days since last contact: 0.
Patient messages:
""Shikamoo. Nimepima leo 135/82, dawa nimekunywa asubuhi.""
""presha leo 136/83""
""presha leo 136/83""",recheck_7_days,none,,,[],recheck_7_days,0,5.5,136,0.7,-5.6,0,0,0,0,0,0,0,2
68,4,2026-09-07,chw,"Flag borderline: Borderline: 6 readings in a row in the band just under the goal 140/90 (130-139 systolic or 85-89 diastolic): 135/82, 133/83, 136/83, 137/89, 136/83, 136/85 (2026-08-05 to 2026-09-07). No threshold crossed; recheck and ask for a weekly reading.
Rule default: recheck_7_days.
Medicine taken at the last three contacts: yes, yes, yes.
Days since last contact: 0.
CHW notes:
""Patient well, taking medicine.""
Patient messages:
""presha leo 136/83""
""presha leo 136/83""
""Dawa hii inanifanya nikojoe sana, ni kawaida?""",recheck_7_days,none,,,[],recheck_7_days,0,5.5,136,0.7,0.43,0,0,0,0,0,0,0,2
79,4,2026-09-18,sms,"Flag borderline: Borderline: 6 readings in a row in the band just under the goal 140/90 (130-139 systolic or 85-89 diastolic): 133/83, 136/83, 137/89, 136/83, 136/85, 135/86 (2026-08-10 to 2026-09-18). No threshold crossed; recheck and ask for a weekly reading.
Rule default: recheck_7_days.
Medicine taken at the last three contacts: partial, yes, yes.
Days since last contact: 0.
CHW notes:
""Patient well, taking medicine.""
Patient messages:
""presha leo 136/83""
""Dawa hii inanifanya nikojoe sana, ni kawaida?""
""Pressure yangu ni 135/86, nimekunywa nusu dozi kwa sababu dawa zinakaribia kuisha.""",recheck_7_days,up,note,"missed_meds (generator note or message): Pressure yangu ni 135/86, nimekunywa nusu dozi kwa sababu dawa zinakaribia kuisha.",[],visit_this_week,0,7.5,135,-0.3,0.26,0,0,0,2,0,0,0,2
69,4,2026-09-22,chw,"Flag borderline: Borderline: 5 readings in a row in the band just under the goal 140/90 (130-139 systolic or 85-89 diastolic): 136/83, 137/89, 136/83, 136/85, 135/86 (2026-08-19 to 2026-09-18). No threshold crossed; recheck and ask for a weekly reading.
Rule default: recheck_7_days.
Medicine taken at the last three contacts: yes, partial, yes.
Days since last contact: 0.
CHW notes:
""Mgonjwa yuko sawa, anakunywa dawa.""
Patient messages:
""presha leo 136/83""
""Dawa hii inanifanya nikojoe sana, ni kawaida?""
""Pressure yangu ni 135/86, nimekunywa nusu dozi kwa sababu dawa zinakaribia kuisha.""",recheck_7_days,up,note,"missed_meds (generator note or message): Pressure yangu ni 135/86, nimekunywa nusu dozi kwa sababu dawa zinakaribia kuisha.",[],visit_this_week,0,6.0,140,4.7,0.4,0,0,0,0,0,0,0,2
80,4,2026-09-26,sms,"Flag borderline: Borderline: 4 readings in a row in the band just under the goal 140/90 (130-139 systolic or 85-89 diastolic): 137/89, 136/83, 136/85, 135/86 (2026-08-23 to 2026-09-18). No threshold crossed; recheck and ask for a weekly reading.
Rule default: recheck_7_days.
Medicine taken at the last three contacts: yes, partial, yes.
Days since last contact: 0.
CHW notes:
""Mgonjwa yuko sawa, anakunywa dawa.""
Patient messages:
""Dawa hii inanifanya nikojoe sana, ni kawaida?""
""Pressure yangu ni 135/86, nimekunywa nusu dozi kwa sababu dawa zinakaribia kuisha.""
""presha leo 129/76""",recheck_7_days,up,note,"missed_meds (generator note or message): Pressure yangu ni 135/86, nimekunywa nusu dozi kwa sababu dawa zinakaribia kuisha.",[],visit_this_week,0,5.5,129,-6.3,-0.83,0,0,0,0,0,0,0,2
94,5,2026-04-11,sms,"Flags: none.
Rule default: routine.
Medicine taken at the last three contacts: not recorded.
Days since last contact: 0.
Patient messages:
""presha leo 133/86""",routine,none,,,[],routine,0,5.5,133,0.0,0.0,0,0,0,0,0,0,0,0
85,5,2026-04-12,chw,"Flags: none.
Rule default: routine.
Medicine taken at the last three contacts: yes.
Days since last contact: 0.
CHW notes:
""Home visit, no complaints.""
Patient messages:
""presha leo 133/86""",routine,none,,,[],routine,0,5.5,132,-0.5,-1.0,0,0,0,0,0,0,0,0
82,5,2026-04-17,clinic,"Flags: none.
Rule default: routine.
Medicine taken at the last three contacts: yes, yes.
Days since last contact: 0.
CHW notes:
""Home visit, no complaints.""
Patient messages:
""presha leo 133/86""",routine,up,note,missed_meds (generator note or message): Dawa zimeisha,"[{""code"": ""ran_out_of_pills"", ""quote"": ""Dawa zangu ziliisha siku kumi zilizopita""}]",recheck_7_days,0,5.5,132,-0.3,-0.5,0,0,0,0,0,0,0,0
95,5,2026-04-21,sms,"Flag borderline: Borderline: 3 readings in a row in the band just under the goal 140/90 (130-139 systolic or 85-89 diastolic): 133/86, 132/81, 132/78 (2026-04-11 to 2026-04-17). No threshold crossed; recheck and ask for a weekly reading.
Rule default: recheck_7_days.
Medicine taken at the last three contacts: yes, yes.
Days since last contact: 0.
Patient messages:
""presha leo 133/86""
""presha leo 144/92""",recheck_7_days,up,note,missed_meds (generator note or message): Dawa zimeisha,"[{""code"": ""ran_out_of_pills"", ""quote"": ""Dawa zangu ziliisha siku kumi zilizopita""}]",visit_this_week,0,8.5,144,11.7,3.3,0,0,0,0,0,0,0,0
86,5,2026-05-01,chw,"Flag borderline: Borderline: 3 readings in a row in the band just under the goal 140/90 (130-139 systolic or 85-89 diastolic): 133/86, 132/81, 132/78 (2026-04-11 to 2026-04-17). No threshold crossed; recheck and ask for a weekly reading.
Rule default: recheck_7_days.
Medicine taken at the last three contacts: yes, yes, yes.
Days since last contact: 0.
CHW notes:
""Home visit, no complaints.""
Patient messages:
""presha leo 133/86""
""presha leo 144/92""",recheck_7_days,none,,,[],recheck_7_days,0,8.5,143,10.7,3.2,0,0,0,0,0,0,0,0
96,5,2026-05-07,sms,"Flag borderline: Borderline: 3 readings in a row in the band just under the goal 140/90 (130-139 systolic or 85-89 diastolic): 133/86, 132/81, 132/78 (2026-04-11 to 2026-04-17). No threshold crossed; recheck and ask for a weekly reading.
Rule default: recheck_7_days.
Medicine taken at the last three contacts: yes, yes, yes.
Days since last contact: 0.
CHW notes:
""Home visit, no complaints.""
Patient messages:
""presha leo 133/86""
""presha leo 144/92""
""142/89 leo. Asante""",recheck_7_days,none,,,[],recheck_7_days,0,8.5,142,9.7,2.57,0,0,0,0,0,0,0,0
97,5,2026-05-22,sms,"Flags: none.
Rule default: routine.
Medicine taken at the last three contacts: yes, yes, yes.
Days since last contact: 0.
Patient messages:
""presha leo 144/92""
""142/89 leo. Asante""
""147/97 leo. Asante""",routine,none,,,[],routine,0,6.5,147,14.7,2.97,0,0,0,0,0,0,0,0
87,5,2026-05-26,chw,"Flags: none.
Rule default: routine.
Medicine taken at the last three contacts: yes, yes, yes.
Days since last contact: 0.
CHW notes:
""Patient well, taking medicine.""
Patient messages:
""presha leo 144/92""
""142/89 leo. Asante""
""147/97 leo. Asante""",routine,none,,,[],routine,0,6.5,141,8.7,1.51,0,0,0,0,0,0,0,0
1728,5,2026-06-07,chw,"Flags: none.
Rule default: routine.
Medicine taken at the last three contacts: yes, yes, yes.
Days since last contact: 0.
CHW notes:
""Patient well, taking medicine.""
""Home visit, BP taken.""
Patient messages:
""142/89 leo. Asante""
""147/97 leo. Asante""
""Dawa zangu ziliisha siku kumi zilizopita, sijapata nyingine.""",routine,up,case,"pills_ran_out: Dawa zangu ziliisha siku kumi zilizopita, sijapata nyingine.","[{""code"": ""ran_out_of_pills"", ""quote"": ""Dawa zangu ziliisha siku kumi zilizopita""}]",recheck_7_days,0,6.5,146,13.7,0.26,0,0,0,0,0,0,0,0
88,5,2026-06-11,chw,"Flag trend: Trend rule: each of the last 3 readings (146, 152, 150, 2026-06-07 to 2026-06-11) is at least 10 mmHg above the baseline of 132 (baseline = first 3 readings).
Rule default: recheck_7_days.
Medicine taken at the last three contacts: yes, yes, yes.
Days since last contact: 0.
CHW notes:
""Patient well, taking medicine.""
Patient messages:
""147/97 leo. Asante""
""Dawa zangu ziliisha siku kumi zilizopita, sijapata nyingine.""
""Shikamoo. Nimepima leo 150/95, dawa nimekunywa asubuhi.""",recheck_7_days,none,,,[],recheck_7_days,0,9.5,150,17.7,1.71,0,3,0,0,0,0,0,0
98,5,2026-06-11,sms,"Flag trend: Trend rule: each of the last 3 readings (146, 152, 150, 2026-06-07 to 2026-06-11) is at least 10 mmHg above the baseline of 132 (baseline = first 3 readings).
Rule default: recheck_7_days.
Medicine taken at the last three contacts: yes, yes, yes.
Days since last contact: 0.
CHW notes:
""Patient well, taking medicine.""
Patient messages:
""147/97 leo. Asante""
""Dawa zangu ziliisha siku kumi zilizopita, sijapata nyingine.""
""Shikamoo. Nimepima leo 150/95, dawa nimekunywa asubuhi.""",recheck_7_days,none,,,[],recheck_7_days,0,9.5,150,17.7,1.71,0,3,0,0,0,0,0,0
83,5,2026-06-27,clinic,"Flag trend: Trend rule: each of the last 3 readings (152, 150, 149, 2026-06-11 to 2026-06-27) is at least 10 mmHg above the baseline of 132; and the last 4 readings (2026-06-07 to 2026-06-27) average 149, 17 mmHg above the baseline of 132 (rule: at least 15 mmHg over 4 readings) (baseline = first 3 readings).
Rule default: recheck_7_days.
Medicine taken at the last three contacts: yes, yes, yes.
Days since last contact: 0.
Patient messages:
""147/97 leo. Asante""
""Dawa zangu ziliisha siku kumi zilizopita, sijapata nyingine.""
""Shikamoo. Nimepima leo 150/95, dawa nimekunywa asubuhi.""",recheck_7_days,none,,,[],recheck_7_days,0,9.5,149,16.7,1.23,0,3,0,0,0,0,0,0
99,5,2026-06-29,sms,"Flag trend: Trend rule: each of the last 3 readings (150, 149, 152, 2026-06-11 to 2026-06-29) is at least 10 mmHg above the baseline of 132; and the last 4 readings (2026-06-11 to 2026-06-29) average 151, 18 mmHg above the baseline of 132 (rule: at least 15 mmHg over 4 readings) (baseline = first 3 readings).
Rule default: recheck_7_days.
Medicine taken at the last three contacts: yes, yes, yes.
Days since last contact: 0.
Patient messages:
""Dawa zangu ziliisha siku kumi zilizopita, sijapata nyingine.""
""Shikamoo. Nimepima leo 150/95, dawa nimekunywa asubuhi.""
""presha leo 152/94""",recheck_7_days,none,,,[],recheck_7_days,0,9.5,152,19.7,1.77,0,3,0,0,0,0,0,0
89,5,2026-07-07,chw,"Flag trend: Trend rule: each of the last 3 readings (149, 152, 146, 2026-06-27 to 2026-07-07) is at least 10 mmHg above the baseline of 132; and the last 4 readings (2026-06-11 to 2026-07-07) average 149, 17 mmHg above the baseline of 132 (rule: at least 15 mmHg over 4 readings) (baseline = first 3 readings).
Rule default: recheck_7_days.
Medicine taken at the last three contacts: yes, yes, yes.
Days since last contact: 0.
CHW notes:
""Patient bien, prend ses médicaments.""
Patient messages:
""Dawa zangu ziliisha siku kumi zilizopita, sijapata nyingine.""
""Shikamoo. Nimepima leo 150/95, dawa nimekunywa asubuhi.""
""presha leo 152/94""",recheck_7_days,none,,,[],recheck_7_days,0,9.5,146,13.7,-0.03,0,3,0,0,0,0,0,0
100,5,2026-07-11,sms,"Flag trend: Trend rule: each of the last 3 readings (152, 146, 150, 2026-06-29 to 2026-07-11) is at least 10 mmHg above the baseline of 132; and the last 4 readings (2026-06-27 to 2026-07-11) average 149, 17 mmHg above the baseline of 132 (rule: at least 15 mmHg over 4 readings) (baseline = first 3 readings).
Rule default: recheck_7_days.
Medicine taken at the last three contacts: yes, yes, yes.
Days since last contact: 0.
CHW notes:
""Patient bien, prend ses médicaments.""
Patient messages:
""Shikamoo. Nimepima leo 150/95, dawa nimekunywa asubuhi.""
""presha leo 152/94""
""Shikamoo. Nimepima leo 150/96, dawa nimekunywa asubuhi.""",recheck_7_days,none,,,[],recheck_7_days,0,9.5,150,17.7,-0.54,0,3,0,0,0,0,0,0
101,5,2026-07-19,sms,"Flag trend: Trend rule: each of the last 3 readings (146, 150, 148, 2026-07-07 to 2026-07-19) is at least 10 mmHg above the baseline of 132; and the last 4 readings (2026-06-29 to 2026-07-19) average 149, 17 mmHg above the baseline of 132 (rule: at least 15 mmHg over 4 readings) (baseline = first 3 readings).
Rule default: recheck_7_days.
Medicine taken at the last three contacts: partial, yes, yes.
Days since last contact: 0.
Patient messages:
""presha leo 152/94""
""Shikamoo. Nimepima leo 150/96, dawa nimekunywa asubuhi.""
""Nimepima dispensari 148/93. Nimekunywa dawa moja tu kati ya mbili.""",recheck_7_days,up,note,missed_meds (generator note or message): Nimepima dispensari 148/93. Nimekunywa dawa moja tu kati ya mbili.,"[{""code"": ""ran_out_of_pills"", ""quote"": ""Dawa zangu ziliisha siku kumi zilizopita""}]",visit_this_week,0,11.5,148,15.7,-0.37,0,3,0,2,0,0,0,0
90,5,2026-07-22,chw,"Flag threshold: Latest BP 157/100 on 2026-07-22 is at or above the 'grade2' cut-off (160/100).
Flag trend: Trend rule: each of the last 3 readings (150, 148, 157, 2026-07-11 to 2026-07-22) is at least 10 mmHg above the baseline of 132; and the last 4 readings (2026-07-07 to 2026-07-22) average 150, 18 mmHg above the baseline of 132 (rule: at least 15 mmHg over 4 readings) (baseline = first 3 readings).
Rule default: visit_this_week.
Medicine taken at the last three contacts: yes, partial, yes.
Days since last contact: 0.
CHW notes:
""Mgonjwa yuko sawa, anakunywa dawa.""
Patient messages:
""Shikamoo. Nimepima leo 150/96, dawa nimekunywa asubuhi.""
""Nimepima dispensari 148/93. Nimekunywa dawa moja tu kati ya mbili.""
""Mungu akubariki mhudumu.""",visit_this_week,up,note,missed_meds (generator note or message): Nimepima dispensari 148/93. Nimekunywa dawa moja tu kati ya mbili.,"[{""code"": ""ran_out_of_pills"", ""quote"": ""Dawa zangu ziliisha siku kumi zilizopita""}]",refer_clinic,0,13.5,157,24.7,0.91,4,3,0,0,0,0,0,0
102,5,2026-07-27,sms,"Flag trend: Trend rule: each of the last 3 readings (148, 157, 153, 2026-07-19 to 2026-07-27) is at least 10 mmHg above the baseline of 132; and the last 4 readings (2026-07-11 to 2026-07-27) average 152, 20 mmHg above the baseline of 132 (rule: at least 15 mmHg over 4 readings) (baseline = first 3 readings).
Rule default: recheck_7_days.
Medicine taken at the last three contacts: yes, yes, partial.
Days since last contact: 0.
CHW notes:
""Mgonjwa yuko sawa, anakunywa dawa.""
Patient messages:
""Nimepima dispensari 148/93. Nimekunywa dawa moja tu kati ya mbili.""
""Mungu akubariki mhudumu.""
""Habari daktari, presha yangu ni 153 kwa 96. Nimekunywa dawa zangu.""",recheck_7_days,up,note,missed_meds (generator note or message): Nimepima dispensari 148/93. Nimekunywa dawa moja tu kati ya mbili.,"[{""code"": ""ran_out_of_pills"", ""quote"": ""Dawa zangu ziliisha siku kumi zilizopita""}]",visit_this_week,0,9.5,153,20.7,1.03,0,3,0,0,0,0,0,0
91,5,2026-08-13,chw,"Flag trend: Trend rule: each of the last 3 readings (153, 165, 149, 2026-07-27 to 2026-08-13) is at least 10 mmHg above the baseline of 132; and the last 4 readings (2026-07-22 to 2026-08-13) average 156, 24 mmHg above the baseline of 132 (rule: at least 15 mmHg over 4 readings) (baseline = first 3 readings).
Rule default: recheck_7_days.
Medicine taken at the last three contacts: yes, yes, yes.
Days since last contact: 0.
CHW notes:
""Mgonjwa yuko sawa, anakunywa dawa.""
Patient messages:
""Mungu akubariki mhudumu.""
""Habari daktari, presha yangu ni 153 kwa 96. Nimekunywa dawa zangu.""
""149/93 leo. Asante""",recheck_7_days,none,,,[],recheck_7_days,0,9.5,149,16.7,1.2,0,3,0,0,0,0,0,0
103,5,2026-08-13,sms,"Flag trend: Trend rule: each of the last 3 readings (153, 165, 149, 2026-07-27 to 2026-08-13) is at least 10 mmHg above the baseline of 132; and the last 4 readings (2026-07-22 to 2026-08-13) average 156, 24 mmHg above the baseline of 132 (rule: at least 15 mmHg over 4 readings) (baseline = first 3 readings).
Rule default: recheck_7_days.
Medicine taken at the last three contacts: yes, yes, yes.
Days since last contact: 0.
CHW notes:
""Mgonjwa yuko sawa, anakunywa dawa.""
Patient messages:
""Mungu akubariki mhudumu.""
""Habari daktari, presha yangu ni 153 kwa 96. Nimekunywa dawa zangu.""
""149/93 leo. Asante""",recheck_7_days,none,,,[],recheck_7_days,0,9.5,149,16.7,1.2,0,3,0,0,0,0,0,0
104,5,2026-09-02,sms,"Flag threshold: Latest BP 156/103 on 2026-09-02 is at or above the 'grade2' cut-off (160/100).
Flag trend: Trend rule: each of the last 3 readings (165, 149, 156, 2026-08-13 to 2026-09-02) is at least 10 mmHg above the baseline of 132; and the last 4 readings (2026-07-27 to 2026-09-02) average 156, 23 mmHg above the baseline of 132 (rule: at least 15 mmHg over 4 readings) (baseline = first 3 readings).
Rule default: visit_this_week.
Medicine taken at the last three contacts: yes, yes, yes.
Days since last contact: 0.
Patient messages:
""Habari daktari, presha yangu ni 153 kwa 96. Nimekunywa dawa zangu.""
""149/93 leo. Asante""
""Habari daktari, presha yangu ni 156 kwa 103. Nimekunywa dawa zangu.""",visit_this_week,none,,,[],visit_this_week,0,13.5,156,23.7,0.8,4,3,0,0,0,0,0,0
92,5,2026-09-04,chw,"Flag threshold: Latest BP 160/100 on 2026-09-04 is at or above the 'grade2' cut-off (160/100).
Flag trend: Trend rule: each of the last 3 readings (149, 156, 160, 2026-08-13 to 2026-09-04) is at least 10 mmHg above the baseline of 132; and the last 4 readings (2026-08-13 to 2026-09-04) average 158, 25 mmHg above the baseline of 132 (rule: at least 15 mmHg over 4 readings) (baseline = first 3 readings).
Rule default: visit_this_week.
Medicine taken at the last three contacts: yes, yes, yes.
Days since last contact: 0.
CHW notes:
""Patient well, taking medicine.""
Patient messages:
""Habari daktari, presha yangu ni 153 kwa 96. Nimekunywa dawa zangu.""
""149/93 leo. Asante""
""Habari daktari, presha yangu ni 156 kwa 103. Nimekunywa dawa zangu.""",visit_this_week,none,,,[],visit_this_week,0,15.0,160,27.7,0.23,4,3,0,0,0,0,0,0
84,5,2026-09-05,clinic,"Flag threshold: Latest BP 160/100 on 2026-09-05 is at or above the 'grade2' cut-off (160/100).
Flag trend: Trend rule: each of the last 3 readings (156, 160, 160, 2026-09-02 to 2026-09-05) is at least 10 mmHg above the baseline of 132; and the last 4 readings (2026-08-13 to 2026-09-05) average 156, 24 mmHg above the baseline of 132 (rule: at least 15 mmHg over 4 readings) (baseline = first 3 readings).
Rule default: visit_this_week.
Medicine taken at the last three contacts: yes, yes, yes.
Days since last contact: 0.
CHW notes:
""Patient well, taking medicine.""
Patient messages:
""Habari daktari, presha yangu ni 153 kwa 96. Nimekunywa dawa zangu.""
""149/93 leo. Asante""
""Habari daktari, presha yangu ni 156 kwa 103. Nimekunywa dawa zangu.""",visit_this_week,none,,,[],visit_this_week,0,15.0,160,27.7,0.77,4,3,0,0,0,0,0,0
105,5,2026-09-11,sms,"Flag trend: Trend rule: each of the last 3 readings (160, 160, 157, 2026-09-04 to 2026-09-11) is at least 10 mmHg above the baseline of 132; and the last 4 readings (2026-09-02 to 2026-09-11) average 158, 26 mmHg above the baseline of 132 (rule: at least 15 mmHg over 4 readings) (baseline = first 3 readings).
Rule default: recheck_7_days.
Medicine taken at the last three contacts: yes, yes, yes.
Days since last contact: 0.
Patient messages:
""149/93 leo. Asante""
""Habari daktari, presha yangu ni 156 kwa 103. Nimekunywa dawa zangu.""
""Shikamoo. Nimepima leo 157/97, dawa nimekunywa asubuhi.""",recheck_7_days,none,,,[],recheck_7_days,0,9.5,157,24.7,-0.09,0,3,0,0,0,0,0,0
93,5,2026-09-18,chw,"Flag trend: Trend rule: each of the last 3 readings (157, 158, 154, 2026-09-11 to 2026-09-18) is at least 10 mmHg above the baseline of 132; and the last 4 readings (2026-09-05 to 2026-09-18) average 157, 25 mmHg above the baseline of 132 (rule: at least 15 mmHg over 4 readings) (baseline = first 3 readings).
Rule default: recheck_7_days.
Medicine taken at the last three contacts: yes, yes, yes.
Days since last contact: 0.
CHW notes:
""Patient well, taking medicine.""
Patient messages:
""Shikamoo. Nimepima leo 157/97, dawa nimekunywa asubuhi.""
""Habari za asubuhi, niko safarini wiki hii.""
""154/95 leo. Asante""",recheck_7_days,none,,,[],recheck_7_days,0,9.5,154,21.7,-0.54,0,3,0,0,0,0,0,0
106,5,2026-09-18,sms,"Flag trend: Trend rule: each of the last 3 readings (157, 158, 154, 2026-09-11 to 2026-09-18) is at least 10 mmHg above the baseline of 132; and the last 4 readings (2026-09-05 to 2026-09-18) average 157, 25 mmHg above the baseline of 132 (rule: at least 15 mmHg over 4 readings) (baseline = first 3 readings).
Rule default: recheck_7_days.
Medicine taken at the last three contacts: yes, yes, yes.
Days since last contact: 0.
CHW notes:
""Patient well, taking medicine.""
Patient messages:
""Shikamoo. Nimepima leo 157/97, dawa nimekunywa asubuhi.""
""Habari za asubuhi, niko safarini wiki hii.""
""154/95 leo. Asante""",recheck_7_days,none,,,[],recheck_7_days,0,9.5,154,21.7,-0.54,0,3,0,0,0,0,0,0
107,5,2026-09-25,sms,"Flag threshold: Latest BP 161/103 on 2026-09-25 is at or above the 'grade2' cut-off (160/100).
Flag trend: Trend rule: each of the last 3 readings (158, 154, 161, 2026-09-18 to 2026-09-25) is at least 10 mmHg above the baseline of 132; and the last 4 readings (2026-09-11 to 2026-09-25) average 158, 25 mmHg above the baseline of 132 (rule: at least 15 mmHg over 4 readings) (baseline = first 3 readings).
Rule default: visit_this_week.
Medicine taken at the last three contacts: yes, yes, yes.
Days since last contact: 0.
Patient messages:
""Habari za asubuhi, niko safarini wiki hii.""
""154/95 leo. Asante""
""Shikamoo. Nimepima leo 161/103, dawa nimekunywa asubuhi.""",visit_this_week,none,,,[],visit_this_week,0,15.0,161,28.7,-0.34,4,3,0,0,0,0,0,0
111,6,2026-04-13,chw,"Flags: none.
Rule default: routine.
Medicine taken at the last three contacts: yes.
Days since last contact: 0.
CHW notes:
""Mgonjwa yuko sawa, anakunywa dawa.""",routine,none,,,[],routine,0,4.0,134,0.0,0.0,0,0,0,0,0,0,0,0
119,6,2026-04-17,sms,"Flags: none.
Rule default: routine.
Medicine taken at the last three contacts: yes.
Days since last contact: 0.
CHW notes:
""Mgonjwa yuko sawa, anakunywa dawa.""
Patient messages:
""140/82 leo. Asante""",routine,none,,,[],routine,0,5.0,140,3.0,6.0,0,0,0,0,0,0,0,0
108,6,2026-04-22,clinic,"Flags: none.
Rule default: routine.
Medicine taken at the last three contacts: yes, yes.
Days since last contact: 0.
Patient messages:
""140/82 leo. Asante""",routine,up,note,missed_meds (generator note or message): Dawa zimeisha,[],recheck_7_days,0,5.0,145,5.3,5.5,0,0,0,0,0,0,0,0
120,6,2026-04-24,sms,"Flag borderline: Borderline: the readings crossed the goal 140/90 2 times in the last 4 readings: 134/84, 140/82, 145/92, 136/86. No threshold crossed; recheck and ask for a weekly reading.
Rule default: recheck_7_days.
Medicine taken at the last three contacts: yes, yes, yes.
Days since last contact: 0.
Patient messages:
""140/82 leo. Asante""
""Shikamoo. Nimepima leo 136/86, dawa nimekunywa asubuhi.""",recheck_7_days,up,note,missed_meds (generator note or message): Dawa zimeisha,[],visit_this_week,0,6.0,136,-3.7,1.1,0,0,0,0,0,0,0,0
112,6,2026-04-27,chw,"Flag borderline: Borderline: the readings crossed the goal 140/90 3 times in the last 5 readings: 134/84, 140/82, 145/92, 136/86, 140/91. No threshold crossed; recheck and ask for a weekly reading.
Rule default: recheck_7_days.
Medicine taken at the last three contacts: yes, yes, yes.
Days since last contact: 0.
CHW notes:
""Patient bien, prend ses médicaments.""
Patient messages:
""140/82 leo. Asante""
""Shikamoo. Nimepima leo 136/86, dawa nimekunywa asubuhi.""",recheck_7_days,none,,,[],recheck_7_days,0,7.0,140,0.3,0.8,0,0,0,0,0,0,0,0
121,6,2026-05-10,sms,"Flag borderline: Borderline: the readings crossed the goal 140/90 3 times in the last 6 readings: 134/84, 140/82, 145/92, 136/86, 140/91, 140/85. No threshold crossed; recheck and ask for a weekly reading.
Rule default: recheck_7_days.
Medicine taken at the last three contacts: yes, yes, yes.
Days since last contact: 0.
CHW notes:
""Patient bien, prend ses médicaments.""
Patient messages:
""140/82 leo. Asante""
""Shikamoo. Nimepima leo 136/86, dawa nimekunywa asubuhi.""
""Mimi ni mzima. Presha ni 140/85, nakunywa dawa kila siku.""",recheck_7_days,none,,,[],recheck_7_days,0,7.0,140,0.3,0.6,0,0,0,0,0,0,0,0
113,6,2026-05-11,chw,"Flag borderline: Borderline: the readings crossed the goal 140/90 2 times in the last 6 readings: 140/82, 145/92, 136/86, 140/91, 140/85, 140/84. No threshold crossed; recheck and ask for a weekly reading.
Rule default: recheck_7_days.
Medicine taken at the last three contacts: yes, yes, yes.
Days since last contact: 0.
CHW notes:
""Mgonjwa yuko sawa, anakunywa dawa.""
Patient messages:
""140/82 leo. Asante""
""Shikamoo. Nimepima leo 136/86, dawa nimekunywa asubuhi.""
""Mimi ni mzima. Presha ni 140/85, nakunywa dawa kila siku.""",recheck_7_days,none,,,[],recheck_7_days,0,7.0,140,0.3,-0.31,0,0,0,0,0,0,0,0
114,6,2026-05-31,chw,"Flag borderline: Borderline: the readings crossed the goal 140/90 3 times in the last 6 readings: 136/86, 140/91, 140/85, 140/84, 136/85, 147/86. No threshold crossed; recheck and ask for a weekly reading.
Rule default: recheck_7_days.
Medicine taken at the last three contacts: yes, yes, yes.
Days since last contact: 0.
CHW notes:
""Patient well, taking medicine.""
Patient messages:
""Shikamoo. Nimepima leo 136/86, dawa nimekunywa asubuhi.""
""Mimi ni mzima. Presha ni 140/85, nakunywa dawa kila siku.""
""presha leo 147/86""",recheck_7_days,none,,,[],recheck_7_days,0,7.0,147,7.3,1.23,0,0,0,0,0,0,0,0
122,6,2026-05-31,sms,"Flag borderline: Borderline: the readings crossed the goal 140/90 3 times in the last 6 readings: 136/86, 140/91, 140/85, 140/84, 136/85, 147/86. No threshold crossed; recheck and ask for a weekly reading.
Rule default: recheck_7_days.
Medicine taken at the last three contacts: yes, yes, yes.
Days since last contact: 0.
CHW notes:
""Patient well, taking medicine.""
Patient messages:
""Shikamoo. Nimepima leo 136/86, dawa nimekunywa asubuhi.""
""Mimi ni mzima. Presha ni 140/85, nakunywa dawa kila siku.""
""presha leo 147/86""",recheck_7_days,none,,,[],recheck_7_days,0,7.0,147,7.3,1.23,0,0,0,0,0,0,0,0
123,6,2026-06-12,sms,"Flag borderline: Borderline: the readings crossed the goal 140/90 2 times in the last 6 readings: 140/91, 140/85, 140/84, 136/85, 147/86, 145/79. No threshold crossed; recheck and ask for a weekly reading.
Rule default: recheck_7_days.
Medicine taken at the last three contacts: yes, yes, yes.
Days since last contact: 0.
Patient messages:
""presha leo 147/86""
""Je, niendelee kunywa dawa hata kama najisikia vizuri?""
""Mimi ni mzima. Presha ni 145/79, nakunywa dawa kila siku.""",recheck_7_days,none,,,[],recheck_7_days,0,7.0,145,5.3,1.2,0,0,0,0,0,0,0,0
124,6,2026-06-19,sms,"Flag borderline: Borderline: the readings crossed the goal 140/90 2 times in the last 6 readings: 140/85, 140/84, 136/85, 147/86, 145/79, 140/83. No threshold crossed; recheck and ask for a weekly reading.
Rule default: recheck_7_days.
Medicine taken at the last three contacts: yes, yes, yes.
Days since last contact: 0.
Patient messages:
""Je, niendelee kunywa dawa hata kama najisikia vizuri?""
""Mimi ni mzima. Presha ni 145/79, nakunywa dawa kila siku.""
""Habari daktari, presha yangu ni 140 kwa 83. Nimekunywa dawa zangu.""",recheck_7_days,none,,,[],recheck_7_days,0,7.0,140,0.3,0.74,0,0,0,0,0,0,0,0
115,6,2026-06-27,chw,"Flag borderline: Borderline: the readings crossed the goal 140/90 2 times in the last 6 readings: 140/84, 136/85, 147/86, 145/79, 140/83, 142/88. No threshold crossed; recheck and ask for a weekly reading.
Rule default: recheck_7_days.
Medicine taken at the last three contacts: partial, yes, yes.
Days since last contact: 0.
CHW notes:
""Patient bien, prend ses médicaments.""
Patient messages:
""Je, niendelee kunywa dawa hata kama najisikia vizuri?""
""Mimi ni mzima. Presha ni 145/79, nakunywa dawa kila siku.""
""Habari daktari, presha yangu ni 140 kwa 83. Nimekunywa dawa zangu.""",recheck_7_days,none,,,[],recheck_7_days,0,9.0,142,2.3,0.57,0,0,0,2,0,0,0,0
125,6,2026-07-08,sms,"Flags: none.
Rule default: routine.
Medicine taken at the last three contacts: partial, yes, yes.
Days since last contact: 0.
CHW notes:
""Patient bien, prend ses médicaments.""
Patient messages:
""Mimi ni mzima. Presha ni 145/79, nakunywa dawa kila siku.""
""Habari daktari, presha yangu ni 140 kwa 83. Nimekunywa dawa zangu.""
""presha leo 151/92""",routine,none,,,[],routine,0,5.0,151,11.3,1.57,0,0,0,0,0,0,0,0
109,6,2026-07-17,clinic,"Flag trend: Trend rule: each of the last 3 readings (151, 155, 151, 2026-07-08 to 2026-07-17) is at least 10 mmHg above the baseline of 140 (baseline = first 3 readings).
Rule default: recheck_7_days.
Medicine taken at the last three contacts: partial, partial, yes.
Days since last contact: 0.
Patient messages:
""Habari daktari, presha yangu ni 140 kwa 83. Nimekunywa dawa zangu.""
""presha leo 151/92""
""151/89 leo. Asante""",recheck_7_days,up,note,missed_meds (generator note or message): Dawa zimeisha,[],visit_this_week,1,8.0,151,11.3,2.4,0,3,0,0,0,0,0,0
126,6,2026-07-17,sms,"Flag trend: Trend rule: each of the last 3 readings (151, 155, 151, 2026-07-08 to 2026-07-17) is at least 10 mmHg above the baseline of 140 (baseline = first 3 readings).
Rule default: recheck_7_days.
Medicine taken at the last three contacts: partial, partial, yes.
Days since last contact: 0.
Patient messages:
""Habari daktari, presha yangu ni 140 kwa 83. Nimekunywa dawa zangu.""
""presha leo 151/92""
""151/89 leo. Asante""",recheck_7_days,up,note,missed_meds (generator note or message): Dawa zimeisha,[],visit_this_week,1,8.0,151,11.3,2.4,0,3,0,0,0,0,0,0
116,6,2026-07-24,chw,"Flags: none.
Rule default: routine.
Medicine taken at the last three contacts: partial, partial, partial.
Days since last contact: 0.
CHW notes:
""Patient bien, prend ses médicaments.""
Patient messages:
""Habari daktari, presha yangu ni 140 kwa 83. Nimekunywa dawa zangu.""
""presha leo 151/92""
""151/89 leo. Asante""",routine,none,,,[],routine,1,9.0,148,8.3,2.03,0,0,0,2,0,0,0,2
127,6,2026-07-31,sms,"Flag threshold: Latest BP 159/101 on 2026-07-31 is at or above the 'grade2' cut-off (160/100).
Rule default: visit_this_week.
Medicine taken at the last three contacts: partial, partial, partial.
Days since last contact: 0.
CHW notes:
""Patient bien, prend ses médicaments.""
Patient messages:
""presha leo 151/92""
""151/89 leo. Asante""
""159/101 leo. Asante""",visit_this_week,none,,,[],visit_this_week,1,11.0,159,19.3,2.06,4,0,0,0,0,0,0,2
132,6,2026-08-07,chw,"Flag threshold: Latest BP 172/102 on 2026-08-07 is at or above the 'grade2' cut-off (160/100).
Flag trend: Trend rule: the last 4 readings (2026-07-17 to 2026-08-07) average 158, 18 mmHg above the baseline of 140 (rule: at least 15 mmHg over 4 readings) (baseline = first 3 readings).
Flag symptom: Symptom 'headache' reported on 2026-08-07; latest BP 172/102 is not under the goal 140/90 (bp_goal).
Rule default: visit_this_week.
Medicine taken at the last three contacts: yes, partial, partial.
Days since last contact: 0.
CHW notes:
""Patient complains of headache.""
Patient messages:
""presha leo 151/92""
""151/89 leo. Asante""
""159/101 leo. Asante""",visit_this_week,none,,,[],visit_this_week,1,25.0,172,32.3,3.26,4,3,10,0,0,0,0,2
128,6,2026-08-15,sms,"Flag trend: Trend rule: the last 4 readings (2026-07-24 to 2026-08-15) average 155, 16 mmHg above the baseline of 140 (rule: at least 15 mmHg over 4 readings) (baseline = first 3 readings).
Rule default: recheck_7_days.
Medicine taken at the last three contacts: yes, yes, partial.
Days since last contact: 0.
CHW notes:
""Patient complains of headache.""
Patient messages:
""151/89 leo. Asante""
""159/101 leo. Asante""
""Shikamoo. Nimepima leo 142/84, dawa nimekunywa asubuhi.""",recheck_7_days,none,,,[],recheck_7_days,0,10.0,142,2.3,0.26,0,3,0,0,0,0,0,2
117,6,2026-08-21,chw,"Flags: none.
Rule default: routine.
Medicine taken at the last three contacts: yes, yes, yes.
Days since last contact: 0.
CHW notes:
""Home visit, no complaints.""
Patient messages:
""151/89 leo. Asante""
""159/101 leo. Asante""
""Shikamoo. Nimepima leo 142/84, dawa nimekunywa asubuhi.""",routine,none,,,[],routine,0,6.0,125,-14.7,-3.86,0,0,0,0,0,0,0,2
129,6,2026-08-27,sms,"Flags: none.
Rule default: routine.
Medicine taken at the last three contacts: yes, yes, yes.
Days since last contact: 0.
CHW notes:
""Home visit, no complaints.""
Patient messages:
""159/101 leo. Asante""
""Shikamoo. Nimepima leo 142/84, dawa nimekunywa asubuhi.""
""presha leo 139/85""",routine,none,,,[],routine,0,6.0,139,-0.7,-5.06,0,0,0,0,0,0,0,2
118,6,2026-09-09,chw,"Flags: none.
Rule default: routine.
Medicine taken at the last three contacts: yes, yes, yes.
Days since last contact: 0.
CHW notes:
""Patient bien, prend ses médicaments.""
Patient messages:
""159/101 leo. Asante""
""Shikamoo. Nimepima leo 142/84, dawa nimekunywa asubuhi.""
""presha leo 139/85""",routine,none,,,[],routine,0,6.0,130,-9.7,-7.46,0,0,0,0,0,0,0,2
130,6,2026-09-14,sms,"Flag borderline: Borderline: the readings crossed the goal 140/90 2 times in the last 6 readings: 172/102, 142/84, 125/76, 139/85, 130/78, 141/92. No threshold crossed; recheck and ask for a weekly reading.
Rule default: recheck_7_days.
Medicine taken at the last three contacts: partial, yes, yes.
Days since last contact: 0.
CHW notes:
""Patient bien, prend ses médicaments.""
Patient messages:
""Shikamoo. Nimepima leo 142/84, dawa nimekunywa asubuhi.""
""presha leo 139/85""
""Pressure yangu ni 141/92, nimekunywa nusu dozi kwa sababu dawa zinakaribia kuisha.""",recheck_7_days,up,note,"missed_meds (generator note or message): Pressure yangu ni 141/92, nimekunywa nusu dozi kwa sababu dawa zinakaribia kuisha.",[],visit_this_week,0,11.0,141,1.3,-5.06,0,0,0,2,0,0,0,2
131,6,2026-09-30,sms,"Flag borderline: Borderline: the readings crossed the goal 140/90 3 times in the last 6 readings: 142/84, 125/76, 139/85, 130/78, 141/92, 133/79. No threshold crossed; recheck and ask for a weekly reading.
Rule default: recheck_7_days.
Medicine taken at the last three contacts: partial, yes, yes.
Days since last contact: 0.
Patient messages:
""presha leo 139/85""
""Pressure yangu ni 141/92, nimekunywa nusu dozi kwa sababu dawa zinakaribia kuisha.""
""presha leo 133/79""",recheck_7_days,up,note,"missed_meds (generator note or message): Pressure yangu ni 141/92, nimekunywa nusu dozi kwa sababu dawa zinakaribia kuisha.",[],visit_this_week,0,10.0,133,-6.7,-0.17,0,0,0,0,0,2,0,2
110,6,2026-10-02,clinic,"Flag borderline: Borderline: the readings crossed the goal 140/90 2 times in the last 6 readings: 125/76, 139/85, 130/78, 141/92, 133/79, 137/85. No threshold crossed; recheck and ask for a weekly reading.
Rule default: recheck_7_days.
Medicine taken at the last three contacts: partial, partial, yes.
Days since last contact: 0.
Patient messages:
""presha leo 139/85""
""Pressure yangu ni 141/92, nimekunywa nusu dozi kwa sababu dawa zinakaribia kuisha.""
""presha leo 133/79""",recheck_7_days,up,note,"missed_meds (generator note or message): Pressure yangu ni 141/92, nimekunywa nusu dozi kwa sababu dawa zinakaribia kuisha.",[],visit_this_week,0,12.0,137,-2.7,1.51,0,0,0,2,0,2,0,2
145,7,2026-04-12,sms,"Flags: none.
Rule default: routine.
Medicine taken at the last three contacts: yes.
Days since last contact: 0.
Patient messages:
""Mimi ni mzima. Presha ni 141/88, nakunywa dawa kila siku.""",routine,none,,,[],routine,0,9.0,141,0.0,0.0,0,0,0,0,0,0,0,0
133,7,2026-04-13,clinic,"Flags: none.
Rule default: routine.
Medicine taken at the last three contacts: yes, yes.
Days since last contact: 0.
Patient messages:
""Mimi ni mzima. Presha ni 141/88, nakunywa dawa kila siku.""",routine,none,,,[],routine,0,7.5,132,-4.5,-9.0,0,0,0,0,0,0,0,0
136,7,2026-04-19,chw,"Flags: none.
Rule default: routine.
Medicine taken at the last three contacts: yes, yes, yes.
Days since last contact: 0.
CHW notes:
""Home visit, no complaints.""
Patient messages:
""Mimi ni mzima. Presha ni 141/88, nakunywa dawa kila siku.""",routine,none,,,[],routine,0,7.5,137,0.3,-2.0,0,0,0,0,0,0,0,0
146,7,2026-04-22,sms,"Flag borderline: Borderline: the readings crossed the goal 140/90 3 times in the last 4 readings: 141/88, 132/85, 137/91, 136/89. No threshold crossed; recheck and ask for a weekly reading.
Rule default: recheck_7_days.
Medicine taken at the last three contacts: yes, yes, yes.
Days since last contact: 0.
CHW notes:
""Home visit, no complaints.""
Patient messages:
""Mimi ni mzima. Presha ni 141/88, nakunywa dawa kila siku.""
""Mimi ni mzima. Presha ni 136/89, nakunywa dawa kila siku.""",recheck_7_days,none,,,[],recheck_7_days,0,9.5,136,-0.7,-1.0,0,0,0,0,0,0,0,0
147,7,2026-05-04,sms,"Flag borderline: Borderline: the readings crossed the goal 140/90 3 times in the last 5 readings: 141/88, 132/85, 137/91, 136/89, 134/87. No threshold crossed; recheck and ask for a weekly reading.
Rule default: recheck_7_days.
Medicine taken at the last three contacts: yes, yes, yes.
Days since last contact: 0.
Patient messages:
""Mimi ni mzima. Presha ni 141/88, nakunywa dawa kila siku.""
""Mimi ni mzima. Presha ni 136/89, nakunywa dawa kila siku.""
""Shikamoo. Nimepima leo 134/87, dawa nimekunywa asubuhi.""",recheck_7_days,none,,,[],recheck_7_days,0,9.5,134,-2.7,-1.0,0,0,0,0,0,0,0,0
137,7,2026-05-11,chw,"Flag borderline: Borderline: 3 readings in a row in the band just under the goal 140/90 (130-139 systolic or 85-89 diastolic): 136/89, 134/87, 139/85 (2026-04-22 to 2026-05-11). No threshold crossed; recheck and ask for a weekly reading.
Rule default: recheck_7_days.
Medicine taken at the last three contacts: yes, yes, yes.
Days since last contact: 0.
CHW notes:
""Home visit, no complaints.""
Patient messages:
""Mimi ni mzima. Presha ni 141/88, nakunywa dawa kila siku.""
""Mimi ni mzima. Presha ni 136/89, nakunywa dawa kila siku.""
""Shikamoo. Nimepima leo 134/87, dawa nimekunywa asubuhi.""",recheck_7_days,none,,,[],recheck_7_days,0,9.5,139,2.3,-0.14,0,0,0,0,0,0,0,0
148,7,2026-05-17,sms,"Flag borderline: Borderline: 4 readings in a row in the band just under the goal 140/90 (130-139 systolic or 85-89 diastolic): 136/89, 134/87, 139/85, 139/86 (2026-04-22 to 2026-05-17). No threshold crossed; recheck and ask for a weekly reading.
Rule default: recheck_7_days.
Medicine taken at the last three contacts: yes, yes, yes.
Days since last contact: 0.
CHW notes:
""Home visit, no complaints.""
Patient messages:
""Mimi ni mzima. Presha ni 136/89, nakunywa dawa kila siku.""
""Shikamoo. Nimepima leo 134/87, dawa nimekunywa asubuhi.""
""Shikamoo. Nimepima leo 139/86, dawa nimekunywa asubuhi.""",recheck_7_days,none,,,[],recheck_7_days,0,9.5,139,2.3,1.11,0,0,0,0,0,0,0,0
138,7,2026-06-04,chw,"Flag borderline: Borderline: 4 readings in a row in the band just under the goal 140/90 (130-139 systolic or 85-89 diastolic): 136/89, 134/87, 139/85, 139/86 (2026-04-22 to 2026-05-17). No threshold crossed; recheck and ask for a weekly reading.
Rule default: recheck_7_days.
Medicine taken at the last three contacts: yes, yes, yes.
Days since last contact: 0.
CHW notes:
""Home visit, no complaints.""
Patient messages:
""Shikamoo. Nimepima leo 134/87, dawa nimekunywa asubuhi.""
""Shikamoo. Nimepima leo 139/86, dawa nimekunywa asubuhi.""
""Sawa, nimeelewa.""",recheck_7_days,none,,,[],recheck_7_days,0,9.5,134,-2.7,-0.03,0,0,0,0,0,0,0,0
149,7,2026-06-06,sms,"Flag borderline: Borderline: 4 readings in a row in the band just under the goal 140/90 (130-139 systolic or 85-89 diastolic): 136/89, 134/87, 139/85, 139/86 (2026-04-22 to 2026-05-17). No threshold crossed; recheck and ask for a weekly reading.
Rule default: recheck_7_days.
Medicine taken at the last three contacts: yes, yes, yes.
Days since last contact: 0.
CHW notes:
""Home visit, no complaints.""
Patient messages:
""Shikamoo. Nimepima leo 139/86, dawa nimekunywa asubuhi.""
""Sawa, nimeelewa.""
""presha leo 135/85""",recheck_7_days,none,,,[],recheck_7_days,0,9.5,135,-1.7,-0.14,0,0,0,0,0,0,0,0
139,7,2026-06-18,chw,"Flag borderline: Borderline: 3 readings in a row in the band just under the goal 140/90 (130-139 systolic or 85-89 diastolic): 134/87, 139/85, 139/86 (2026-05-04 to 2026-05-17). No threshold crossed; recheck and ask for a weekly reading.
Rule default: recheck_7_days.
Medicine taken at the last three contacts: partial, yes, yes.
Days since last contact: 0.
CHW notes:
""N'a pas pris ses comprimés depuis 3 jours.""
Patient messages:
""Shikamoo. Nimepima leo 139/86, dawa nimekunywa asubuhi.""
""Sawa, nimeelewa.""
""presha leo 135/85""",recheck_7_days,up,note,missed_meds (generator note or message): N'a pas pris ses comprimés depuis 3 jours.,"[{""code"": ""lives_alone"", ""quote"": ""Vit seule""}, {""code"": ""cannot_read"", ""quote"": ""ne sait pas lire""}]",visit_this_week,0,11.5,139,2.3,0.23,0,0,0,2,0,0,0,0
150,7,2026-06-23,sms,"Flag borderline: Borderline: 3 readings in a row in the band just under the goal 140/90 (130-139 systolic or 85-89 diastolic): 135/85, 139/83, 134/88 (2026-06-06 to 2026-06-23). No threshold crossed; recheck and ask for a weekly reading.
Rule default: recheck_7_days.
Medicine taken at the last three contacts: yes, partial, yes.
Days since last contact: 0.
CHW notes:
""N'a pas pris ses comprimés depuis 3 jours.""
Patient messages:
""Sawa, nimeelewa.""
""presha leo 135/85""
""Mimi ni mzima. Presha ni 134/88, nakunywa dawa kila siku.""",recheck_7_days,up,note,missed_meds (generator note or message): N'a pas pris ses comprimés depuis 3 jours.,"[{""code"": ""lives_alone"", ""quote"": ""Vit seule""}, {""code"": ""cannot_read"", ""quote"": ""ne sait pas lire""}]",visit_this_week,0,9.5,134,-2.7,-0.69,0,0,0,0,0,0,0,0
1730,7,2026-06-24,chw,"Flag borderline: Borderline: 4 readings in a row in the band just under the goal 140/90 (130-139 systolic or 85-89 diastolic): 135/85, 139/83, 134/88, 132/82 (2026-06-06 to 2026-06-24). No threshold crossed; recheck and ask for a weekly reading.
Flag symptom: Symptom 'headache' reported on 2026-06-24; latest BP 132/82 is under the goal 140/90 (bp_goal).
Rule default: recheck_7_days.
Medicine taken at the last three contacts: yes, yes, partial.
Days since last contact: 0.
CHW notes:
""Vit seule, ne sait pas lire, n'utilise pas les SMS.""
Patient messages:
""Sawa, nimeelewa.""
""presha leo 135/85""
""Mimi ni mzima. Presha ni 134/88, nakunywa dawa kila siku.""",recheck_7_days,up,case,"lives_alone: Vit seule, ne sait pas lire, n'utilise pas les SMS.","[{""code"": ""lives_alone"", ""quote"": ""Vit seule""}, {""code"": ""cannot_read"", ""quote"": ""ne sait pas lire""}]",visit_this_week,0,19.5,132,-4.7,-0.89,0,0,10,0,0,0,0,0
134,7,2026-07-03,clinic,"Flag borderline: Borderline: 4 readings in a row in the band just under the goal 140/90 (130-139 systolic or 85-89 diastolic): 135/85, 139/83, 134/88, 132/82 (2026-06-06 to 2026-06-24). No threshold crossed; recheck and ask for a weekly reading.
Rule default: recheck_7_days.
Medicine taken at the last three contacts: partial, yes, yes.
Days since last contact: 0.
CHW notes:
""Vit seule, ne sait pas lire, n'utilise pas les SMS.""
Patient messages:
""Sawa, nimeelewa.""
""presha leo 135/85""
""Mimi ni mzima. Presha ni 134/88, nakunywa dawa kila siku.""",recheck_7_days,none,,,[],recheck_7_days,0,11.5,136,-0.7,-0.11,0,0,0,2,0,0,0,0
151,7,2026-07-08,sms,"Flag borderline: Borderline: 4 readings in a row in the band just under the goal 140/90 (130-139 systolic or 85-89 diastolic): 135/85, 139/83, 134/88, 132/82 (2026-06-06 to 2026-06-24). No threshold crossed; recheck and ask for a weekly reading.
Rule default: recheck_7_days.
Medicine taken at the last three contacts: yes, partial, yes.
Days since last contact: 0.
Patient messages:
""presha leo 135/85""
""Mimi ni mzima. Presha ni 134/88, nakunywa dawa kila siku.""
""Habari daktari, presha yangu ni 135 kwa 87. Nimekunywa dawa zangu.""",recheck_7_days,none,,,[],recheck_7_days,0,9.5,135,-1.7,-0.31,0,0,0,0,0,0,0,0
140,7,2026-07-09,chw,"Flag borderline: Borderline: 3 readings in a row in the band just under the goal 140/90 (130-139 systolic or 85-89 diastolic): 139/83, 134/88, 132/82 (2026-06-18 to 2026-06-24). No threshold crossed; recheck and ask for a weekly reading.
Rule default: recheck_7_days.
Medicine taken at the last three contacts: yes, yes, partial.
Days since last contact: 0.
CHW notes:
""Home visit, no complaints.""
Patient messages:
""presha leo 135/85""
""Mimi ni mzima. Presha ni 134/88, nakunywa dawa kila siku.""
""Habari daktari, presha yangu ni 135 kwa 87. Nimekunywa dawa zangu.""",recheck_7_days,none,,,[],recheck_7_days,0,9.5,134,-2.7,-0.51,0,0,0,0,0,0,0,0
152,7,2026-07-25,sms,"Flag borderline: Borderline: 3 readings in a row in the band just under the goal 140/90 (130-139 systolic or 85-89 diastolic): 135/87, 134/82, 135/81 (2026-07-08 to 2026-07-25). No threshold crossed; recheck and ask for a weekly reading.
Rule default: recheck_7_days.
Medicine taken at the last three contacts: yes, yes, yes.
Days since last contact: 0.
CHW notes:
""Home visit, no complaints.""
Patient messages:
""Mimi ni mzima. Presha ni 134/88, nakunywa dawa kila siku.""
""Habari daktari, presha yangu ni 135 kwa 87. Nimekunywa dawa zangu.""
""Mimi ni mzima. Presha ni 135/81, nakunywa dawa kila siku.""",recheck_7_days,none,,,[],recheck_7_days,0,9.5,135,-1.7,0.29,0,0,0,0,0,0,0,0
141,7,2026-07-28,chw,"Flag borderline: Borderline: 3 readings in a row in the band just under the goal 140/90 (130-139 systolic or 85-89 diastolic): 135/87, 134/82, 135/81 (2026-07-08 to 2026-07-25). No threshold crossed; recheck and ask for a weekly reading.
Rule default: recheck_7_days.
Medicine taken at the last three contacts: yes, yes, yes.
Days since last contact: 0.
CHW notes:
""Patient well, taking medicine.""
Patient messages:
""Habari daktari, presha yangu ni 135 kwa 87. Nimekunywa dawa zangu.""
""Mimi ni mzima. Presha ni 135/81, nakunywa dawa kila siku.""
""Sawa, nimeelewa.""",recheck_7_days,none,,,[],recheck_7_days,0,9.5,136,-0.7,0.46,0,0,0,0,0,0,0,0
153,7,2026-08-10,sms,"Flag borderline: Borderline: 3 readings in a row in the band just under the goal 140/90 (130-139 systolic or 85-89 diastolic): 135/87, 134/82, 135/81 (2026-07-08 to 2026-07-25). No threshold crossed; recheck and ask for a weekly reading.
Rule default: recheck_7_days.
Medicine taken at the last three contacts: yes, yes, yes.
Days since last contact: 0.
CHW notes:
""Patient well, taking medicine.""
Patient messages:
""Mimi ni mzima. Presha ni 135/81, nakunywa dawa kila siku.""
""Sawa, nimeelewa.""
""136/89 leo. Asante""",recheck_7_days,none,,,[],recheck_7_days,0,9.5,136,-0.7,0.11,0,0,0,0,0,0,0,0
142,7,2026-08-15,chw,"Flag borderline: Borderline: 3 readings in a row in the band just under the goal 140/90 (130-139 systolic or 85-89 diastolic): 135/87, 134/82, 135/81 (2026-07-08 to 2026-07-25). No threshold crossed; recheck and ask for a weekly reading.
Rule default: recheck_7_days.
Medicine taken at the last three contacts: partial, yes, yes.
Days since last contact: 0.
CHW notes:
""Patient ran out of tablets last week.""
Patient messages:
""Mimi ni mzima. Presha ni 135/81, nakunywa dawa kila siku.""
""Sawa, nimeelewa.""
""136/89 leo. Asante""",recheck_7_days,up,note,missed_meds (generator note or message): Patient ran out of tablets last week.,"[{""code"": ""lives_alone"", ""quote"": ""Vit seule""}, {""code"": ""cannot_read"", ""quote"": ""ne sait pas lire""}]",visit_this_week,0,13.0,144,7.3,1.49,0,0,0,2,0,0,0,0
154,7,2026-08-21,sms,"Flag borderline: Borderline: the readings crossed the goal 140/90 3 times in the last 6 readings: 134/82, 135/81, 136/91, 136/89, 144/87, 138/94. No threshold crossed; recheck and ask for a weekly reading.
Rule default: recheck_7_days.
Medicine taken at the last three contacts: yes, partial, yes.
Days since last contact: 0.
CHW notes:
""Patient ran out of tablets last week.""
Patient messages:
""Sawa, nimeelewa.""
""136/89 leo. Asante""
""Habari daktari, presha yangu ni 138 kwa 94. Nimekunywa dawa zangu.""",recheck_7_days,up,note,missed_meds (generator note or message): Patient ran out of tablets last week.,"[{""code"": ""lives_alone"", ""quote"": ""Vit seule""}, {""code"": ""cannot_read"", ""quote"": ""ne sait pas lire""}]",visit_this_week,0,9.5,138,1.3,1.34,0,0,0,0,0,0,0,0
155,7,2026-08-28,sms,"Flag borderline: Borderline: the readings crossed the goal 140/90 4 times in the last 6 readings: 135/81, 136/91, 136/89, 144/87, 138/94, 135/87. No threshold crossed; recheck and ask for a weekly reading.
Rule default: recheck_7_days.
Medicine taken at the last three contacts: yes, yes, partial.
Days since last contact: 0.
Patient messages:
""136/89 leo. Asante""
""Habari daktari, presha yangu ni 138 kwa 94. Nimekunywa dawa zangu.""
""Shikamoo. Nimepima leo 135/87, dawa nimekunywa asubuhi.""",recheck_7_days,none,,,[],recheck_7_days,0,9.5,135,-1.7,0.4,0,0,0,0,0,0,0,0
143,7,2026-09-08,chw,"Flag borderline: Borderline: the readings crossed the goal 140/90 4 times in the last 6 readings: 136/91, 136/89, 144/87, 138/94, 135/87, 140/92. No threshold crossed; recheck and ask for a weekly reading.
Rule default: recheck_7_days.
Medicine taken at the last three contacts: yes, yes, yes.
Days since last contact: 0.
CHW notes:
""Home visit, no complaints.""
Patient messages:
""136/89 leo. Asante""
""Habari daktari, presha yangu ni 138 kwa 94. Nimekunywa dawa zangu.""
""Shikamoo. Nimepima leo 135/87, dawa nimekunywa asubuhi.""",recheck_7_days,none,,,[],recheck_7_days,0,11.0,140,3.3,0.31,0,0,0,0,0,0,0,0
135,7,2026-09-16,clinic,"Flag borderline: Borderline: the readings crossed the goal 140/90 2 times in the last 6 readings: 144/87, 138/94, 135/87, 140/92, 141/88, 136/90. No threshold crossed; recheck and ask for a weekly reading.
Rule default: recheck_7_days.
Medicine taken at the last three contacts: yes, yes, yes.
Days since last contact: 0.
Patient messages:
""Habari daktari, presha yangu ni 138 kwa 94. Nimekunywa dawa zangu.""
""Shikamoo. Nimepima leo 135/87, dawa nimekunywa asubuhi.""
""Habari daktari, presha yangu ni 136 kwa 90. Nimekunywa dawa zangu.""",recheck_7_days,none,,,[],recheck_7_days,0,9.5,136,-0.7,-0.74,0,0,0,0,0,0,0,0
156,7,2026-09-16,sms,"Flag borderline: Borderline: the readings crossed the goal 140/90 2 times in the last 6 readings: 144/87, 138/94, 135/87, 140/92, 141/88, 136/90. No threshold crossed; recheck and ask for a weekly reading.
Rule default: recheck_7_days.
Medicine taken at the last three contacts: yes, yes, yes.
Days since last contact: 0.
Patient messages:
""Habari daktari, presha yangu ni 138 kwa 94. Nimekunywa dawa zangu.""
""Shikamoo. Nimepima leo 135/87, dawa nimekunywa asubuhi.""
""Habari daktari, presha yangu ni 136 kwa 90. Nimekunywa dawa zangu.""",recheck_7_days,none,,,[],recheck_7_days,0,9.5,136,-0.7,-0.74,0,0,0,0,0,0,0,0
157,7,2026-09-30,sms,"Flag borderline: Borderline: the readings crossed the goal 140/90 3 times in the last 6 readings: 138/94, 135/87, 140/92, 141/88, 136/90, 139/89. No threshold crossed; recheck and ask for a weekly reading.
Rule default: recheck_7_days.
Medicine taken at the last three contacts: yes, yes, yes.
Days since last contact: 0.
Patient messages:
""Habari daktari, presha yangu ni 136 kwa 90. Nimekunywa dawa zangu.""
""Habari za asubuhi, niko safarini wiki hii.""
""Habari daktari, presha yangu ni 139 kwa 89. Nimekunywa dawa zangu.""",recheck_7_days,none,,,[],recheck_7_days,0,9.5,139,2.3,0.26,0,0,0,0,0,0,0,0
144,7,2026-10-02,chw,"Flag borderline: Borderline: the readings crossed the goal 140/90 2 times in the last 6 readings: 135/87, 140/92, 141/88, 136/90, 139/89, 136/82. No threshold crossed; recheck and ask for a weekly reading.
Rule default: recheck_7_days.
Medicine taken at the last three contacts: yes, yes, yes.
Days since last contact: 0.
CHW notes:
""Patient bien, prend ses médicaments.""
Patient messages:
""Habari daktari, presha yangu ni 136 kwa 90. Nimekunywa dawa zangu.""
""Habari za asubuhi, niko safarini wiki hii.""
""Habari daktari, presha yangu ni 139 kwa 89. Nimekunywa dawa zangu.""",recheck_7_days,none,,,[],recheck_7_days,0,9.5,136,-0.7,-0.09,0,0,0,0,0,0,0,0
160,8,2026-04-11,chw,"Flags: none.
Rule default: routine.
Medicine taken at the last three contacts: partial.
Days since last contact: 0.
CHW notes:
""Home visit, no complaints.""",routine,none,,,[],routine,0,3.0,135,0.0,0.0,0,0,0,2,0,0,0,0
158,8,2026-04-14,clinic,"Flags: none.
Rule default: routine.
Medicine taken at the last three contacts: yes, partial.
Days since last contact: 0.
CHW notes:
""Home visit, no complaints.""",routine,none,,,[],routine,0,1.0,132,-1.5,-3.0,0,0,0,0,0,0,0,0
168,8,2026-04-15,sms,"Flags: none.
Rule default: routine.
Medicine taken at the last three contacts: partial, yes, partial.
Days since last contact: 0.
Patient messages:
""Nimepima dispensari 145/89. Nimekunywa dawa moja tu kati ya mbili.""",routine,up,note,missed_meds (generator note or message): Nimepima dispensari 145/89. Nimekunywa dawa moja tu kati ya mbili.,"[{""code"": ""side_effect"", ""quote"": ""Feet and ankles swollen since the new tablets started""}]",recheck_7_days,0,3.5,145,7.7,5.0,0,0,0,2,0,0,0,0
169,8,2026-04-25,sms,"Flag borderline: Borderline: the readings crossed the goal 140/90 2 times in the last 4 readings: 135/80, 132/76, 145/89, 134/84. No threshold crossed; recheck and ask for a weekly reading.
Rule default: recheck_7_days.
Medicine taken at the last three contacts: partial, yes, partial.
Days since last contact: 0.
Patient messages:
""Nimepima dispensari 145/89. Nimekunywa dawa moja tu kati ya mbili.""
""presha leo 134/84""",recheck_7_days,up,note,missed_meds (generator note or message): Nimepima dispensari 145/89. Nimekunywa dawa moja tu kati ya mbili.,"[{""code"": ""side_effect"", ""quote"": ""Feet and ankles swollen since the new tablets started""}]",visit_this_week,0,3.0,134,-3.3,1.0,0,0,0,0,0,0,0,0
170,8,2026-05-04,sms,"Flag borderline: Borderline: the readings crossed the goal 140/90 2 times in the last 5 readings: 135/80, 132/76, 145/89, 134/84, 130/79. No threshold crossed; recheck and ask for a weekly reading.
Rule default: recheck_7_days.
Medicine taken at the last three contacts: yes, partial, yes.
Days since last contact: 0.
Patient messages:
""Nimepima dispensari 145/89. Nimekunywa dawa moja tu kati ya mbili.""
""presha leo 134/84""
""Shikamoo. Nimepima leo 130/79, dawa nimekunywa asubuhi.""",recheck_7_days,up,note,missed_meds (generator note or message): Nimepima dispensari 145/89. Nimekunywa dawa moja tu kati ya mbili.,"[{""code"": ""side_effect"", ""quote"": ""Feet and ankles swollen since the new tablets started""}]",visit_this_week,0,3.0,130,-7.3,-0.8,0,0,0,0,0,0,0,0
161,8,2026-05-09,chw,"Flag borderline: Borderline: 3 readings in a row in the band just under the goal 140/90 (130-139 systolic or 85-89 diastolic): 134/84, 130/79, 134/79 (2026-04-25 to 2026-05-09). No threshold crossed; recheck and ask for a weekly reading.
Rule default: recheck_7_days.
Medicine taken at the last three contacts: yes, yes, partial.
Days since last contact: 0.
CHW notes:
""Home visit, no complaints.""
Patient messages:
""presha leo 134/84""
""Shikamoo. Nimepima leo 130/79, dawa nimekunywa asubuhi.""
""Mungu akubariki mhudumu.""",recheck_7_days,none,,,[],recheck_7_days,0,3.0,134,-3.3,-0.63,0,0,0,0,0,0,0,0
171,8,2026-05-18,sms,"Flag borderline: Borderline: 4 readings in a row in the band just under the goal 140/90 (130-139 systolic or 85-89 diastolic): 134/84, 130/79, 134/79, 136/81 (2026-04-25 to 2026-05-18). No threshold crossed; recheck and ask for a weekly reading.
Rule default: recheck_7_days.
Medicine taken at the last three contacts: yes, yes, partial.
Days since last contact: 0.
CHW notes:
""Home visit, no complaints.""
Patient messages:
""Shikamoo. Nimepima leo 130/79, dawa nimekunywa asubuhi.""
""Mungu akubariki mhudumu.""
""136/81 leo. Asante""",recheck_7_days,none,,,[],recheck_7_days,0,3.0,136,-1.3,-0.49,0,0,0,0,0,0,0,0
172,8,2026-05-28,sms,"Flag borderline: Borderline: 5 readings in a row in the band just under the goal 140/90 (130-139 systolic or 85-89 diastolic): 134/84, 130/79, 134/79, 136/81, 134/81 (2026-04-25 to 2026-05-28). No threshold crossed; recheck and ask for a weekly reading.
Rule default: recheck_7_days.
Medicine taken at the last three contacts: yes, yes, yes.
Days since last contact: 0.
Patient messages:
""Mungu akubariki mhudumu.""
""136/81 leo. Asante""
""Habari daktari, presha yangu ni 134 kwa 81. Nimekunywa dawa zangu.""",recheck_7_days,none,,,[],recheck_7_days,0,3.0,134,-3.3,-1.29,0,0,0,0,0,0,0,0
162,8,2026-05-30,chw,"Flag borderline: Borderline: 6 readings in a row in the band just under the goal 140/90 (130-139 systolic or 85-89 diastolic): 134/84, 130/79, 134/79, 136/81, 134/81, 136/83 (2026-04-25 to 2026-05-30). No threshold crossed; recheck and ask for a weekly reading.
Rule default: recheck_7_days.
Medicine taken at the last three contacts: yes, yes, yes.
Days since last contact: 0.
CHW notes:
""Mgonjwa yuko sawa, anakunywa dawa.""
Patient messages:
""Mungu akubariki mhudumu.""
""136/81 leo. Asante""
""Habari daktari, presha yangu ni 134 kwa 81. Nimekunywa dawa zangu.""",recheck_7_days,none,,,[],recheck_7_days,0,3.0,136,-1.3,0.69,0,0,0,0,0,0,0,0
173,8,2026-06-16,sms,"Flag borderline: Borderline: 5 readings in a row in the band just under the goal 140/90 (130-139 systolic or 85-89 diastolic): 130/79, 134/79, 136/81, 134/81, 136/83 (2026-05-04 to 2026-05-30). No threshold crossed; recheck and ask for a weekly reading.
Rule default: recheck_7_days.
Medicine taken at the last three contacts: yes, yes, yes.
Days since last contact: 0.
CHW notes:
""Mgonjwa yuko sawa, anakunywa dawa.""
Patient messages:
""136/81 leo. Asante""
""Habari daktari, presha yangu ni 134 kwa 81. Nimekunywa dawa zangu.""
""presha leo 128/76""",recheck_7_days,none,,,[],recheck_7_days,0,3.0,128,-9.3,-0.17,0,0,0,0,0,0,0,0
163,8,2026-06-24,chw,"Flag borderline: Borderline: 4 readings in a row in the band just under the goal 140/90 (130-139 systolic or 85-89 diastolic): 134/79, 136/81, 134/81, 136/83 (2026-05-09 to 2026-05-30). No threshold crossed; recheck and ask for a weekly reading.
Rule default: recheck_7_days.
Medicine taken at the last three contacts: yes, yes, yes.
Days since last contact: 0.
CHW notes:
""Mgonjwa yuko sawa, anakunywa dawa.""
Patient messages:
""Habari daktari, presha yangu ni 134 kwa 81. Nimekunywa dawa zangu.""
""presha leo 128/76""
""Je, niendelee kunywa dawa hata kama najisikia vizuri?""",recheck_7_days,none,,,[],recheck_7_days,0,3.0,137,-0.3,-0.2,0,0,0,0,0,0,0,0
1720,8,2026-06-29,chw,"Flag threshold: Latest BP 166/101 on 2026-06-29 is at or above the 'grade2' cut-off (160/100).
Rule default: visit_this_week.
Medicine taken at the last three contacts: yes, yes, yes.
Days since last contact: 0.
CHW notes:
""Mgonjwa yuko sawa, anakunywa dawa.""
""Feet and ankles swollen since the new tablets started two weeks ago.""
Patient messages:
""Habari daktari, presha yangu ni 134 kwa 81. Nimekunywa dawa zangu.""
""presha leo 128/76""
""Je, niendelee kunywa dawa hata kama najisikia vizuri?""",visit_this_week,up,case,side_effect: Feet and ankles swollen since the new tablets started two weeks ago.,"[{""code"": ""side_effect"", ""quote"": ""Feet and ankles swollen since the new tablets started""}]",refer_clinic,0,6.0,166,28.7,4.31,4,0,0,0,0,0,0,0
174,8,2026-07-02,sms,"Flag borderline: Borderline: the readings crossed the goal 140/90 2 times in the last 6 readings: 134/81, 136/83, 128/76, 137/87, 166/101, 132/84. No threshold crossed; recheck and ask for a weekly reading.
Rule default: recheck_7_days.
Medicine taken at the last three contacts: yes, yes, yes.
Days since last contact: 0.
CHW notes:
""Feet and ankles swollen since the new tablets started two weeks ago.""
Patient messages:
""presha leo 128/76""
""Je, niendelee kunywa dawa hata kama najisikia vizuri?""
""Habari daktari, presha yangu ni 132 kwa 84. Nimekunywa dawa zangu.""",recheck_7_days,none,,,[],recheck_7_days,0,3.0,132,-5.3,2.54,0,0,0,0,0,0,0,0
159,8,2026-07-07,clinic,"Flag borderline: Borderline: the readings crossed the goal 140/90 2 times in the last 6 readings: 136/83, 128/76, 137/87, 166/101, 132/84, 132/84. No threshold crossed; recheck and ask for a weekly reading.
Rule default: recheck_7_days.
Medicine taken at the last three contacts: partial, yes, yes.
Days since last contact: 0.
Patient messages:
""Je, niendelee kunywa dawa hata kama najisikia vizuri?""
""Habari daktari, presha yangu ni 132 kwa 84. Nimekunywa dawa zangu.""
""Mungu akubariki mhudumu.""",recheck_7_days,none,,,[],recheck_7_days,0,5.0,132,-5.3,0.6,0,0,0,2,0,0,0,0
175,8,2026-07-11,sms,"Flag borderline: Borderline: the readings crossed the goal 140/90 2 times in the last 6 readings: 128/76, 137/87, 166/101, 132/84, 132/84, 127/78. No threshold crossed; recheck and ask for a weekly reading.
Rule default: recheck_7_days.
Medicine taken at the last three contacts: partial, yes, yes.
Days since last contact: 0.
Patient messages:
""Habari daktari, presha yangu ni 132 kwa 84. Nimekunywa dawa zangu.""
""Mungu akubariki mhudumu.""
""presha leo 127/78""",recheck_7_days,none,,,[],recheck_7_days,0,3.0,127,-10.3,-1.54,0,0,0,0,0,0,0,0
164,8,2026-07-12,chw,"Flag borderline: Borderline: the readings crossed the goal 140/90 2 times in the last 6 readings: 137/87, 166/101, 132/84, 132/84, 127/78, 131/82. No threshold crossed; recheck and ask for a weekly reading.
Rule default: recheck_7_days.
Medicine taken at the last three contacts: yes, partial, yes.
Days since last contact: 0.
CHW notes:
""Patient bien, prend ses médicaments.""
Patient messages:
""Habari daktari, presha yangu ni 132 kwa 84. Nimekunywa dawa zangu.""
""Mungu akubariki mhudumu.""
""presha leo 127/78""",recheck_7_days,none,,,[],recheck_7_days,0,3.0,131,-6.3,-4.2,0,0,0,0,0,0,0,0
176,8,2026-07-22,sms,"Flag borderline: Borderline: the readings crossed the goal 140/90 2 times in the last 6 readings: 166/101, 132/84, 132/84, 127/78, 131/82, 141/83. No threshold crossed; recheck and ask for a weekly reading.
Rule default: recheck_7_days.
Medicine taken at the last three contacts: yes, partial, yes.
Days since last contact: 0.
CHW notes:
""Patient bien, prend ses médicaments.""
Patient messages:
""Mungu akubariki mhudumu.""
""presha leo 127/78""
""141/83 leo. Asante""",recheck_7_days,none,,,[],recheck_7_days,0,3.5,141,3.7,-3.8,0,0,0,0,0,0,0,0
165,8,2026-07-28,chw,"Flag borderline: Borderline: the readings crossed the goal 140/90 2 times in the last 6 readings: 132/84, 132/84, 127/78, 131/82, 141/83, 131/83. No threshold crossed; recheck and ask for a weekly reading.
Rule default: recheck_7_days.
Medicine taken at the last three contacts: yes, yes, partial.
Days since last contact: 0.
CHW notes:
""Patient well, taking medicine.""
Patient messages:
""Mungu akubariki mhudumu.""
""presha leo 127/78""
""141/83 leo. Asante""",recheck_7_days,none,,,[],recheck_7_days,0,3.0,131,-6.3,0.74,0,0,0,0,0,0,0,0
177,8,2026-07-30,sms,"Flag borderline: Borderline: the readings crossed the goal 140/90 3 times in the last 6 readings: 132/84, 127/78, 131/82, 141/83, 131/83, 140/84. No threshold crossed; recheck and ask for a weekly reading.
Rule default: recheck_7_days.
Medicine taken at the last three contacts: yes, yes, partial.
Days since last contact: 0.
CHW notes:
""Patient well, taking medicine.""
Patient messages:
""presha leo 127/78""
""141/83 leo. Asante""
""presha leo 140/84""",recheck_7_days,none,,,[],recheck_7_days,0,3.5,140,2.7,1.77,0,0,0,0,0,0,0,0
178,8,2026-08-20,sms,"Flag borderline: Borderline: the readings crossed the goal 140/90 4 times in the last 6 readings: 127/78, 131/82, 141/83, 131/83, 140/84, 130/85. No threshold crossed; recheck and ask for a weekly reading.
Rule default: recheck_7_days.
Medicine taken at the last three contacts: yes, yes, yes.
Days since last contact: 0.
Patient messages:
""141/83 leo. Asante""
""presha leo 140/84""
""Habari daktari, presha yangu ni 130 kwa 85. Nimekunywa dawa zangu.""",recheck_7_days,none,,,[],recheck_7_days,0,3.0,130,-7.3,0.91,0,0,0,0,0,0,0,0
166,8,2026-08-21,chw,"Flag borderline: Borderline: the readings crossed the goal 140/90 4 times in the last 6 readings: 131/82, 141/83, 131/83, 140/84, 130/85, 132/81. No threshold crossed; recheck and ask for a weekly reading.
Rule default: recheck_7_days.
Medicine taken at the last three contacts: yes, yes, yes.
Days since last contact: 0.
CHW notes:
""Patient well, taking medicine.""
Patient messages:
""141/83 leo. Asante""
""presha leo 140/84""
""Habari daktari, presha yangu ni 130 kwa 85. Nimekunywa dawa zangu.""",recheck_7_days,none,,,[],recheck_7_days,0,3.0,132,-5.3,-0.54,0,0,0,0,0,0,0,0
179,8,2026-09-03,sms,"Flag borderline: Borderline: 3 readings in a row in the band just under the goal 140/90 (130-139 systolic or 85-89 diastolic): 130/85, 132/81, 132/85 (2026-08-20 to 2026-09-03). No threshold crossed; recheck and ask for a weekly reading.
Rule default: recheck_7_days.
Medicine taken at the last three contacts: yes, yes, yes.
Days since last contact: 0.
CHW notes:
""Patient well, taking medicine.""
Patient messages:
""presha leo 140/84""
""Habari daktari, presha yangu ni 130 kwa 85. Nimekunywa dawa zangu.""
""presha leo 132/85""",recheck_7_days,none,,,[],recheck_7_days,0,3.0,132,-5.3,-1.49,0,0,0,0,0,0,0,0
167,8,2026-09-15,chw,"Flag borderline: Borderline: 3 readings in a row in the band just under the goal 140/90 (130-139 systolic or 85-89 diastolic): 130/85, 132/81, 132/85 (2026-08-20 to 2026-09-03). No threshold crossed; recheck and ask for a weekly reading.
Rule default: recheck_7_days.
Medicine taken at the last three contacts: yes, yes, yes.
Days since last contact: 0.
CHW notes:
""Patient bien, prend ses médicaments.""
Patient messages:
""presha leo 140/84""
""Habari daktari, presha yangu ni 130 kwa 85. Nimekunywa dawa zangu.""
""presha leo 132/85""",recheck_7_days,none,,,[],recheck_7_days,0,3.0,125,-12.3,-1.49,0,0,0,0,0,0,0,0
180,8,2026-09-24,sms,"Flag borderline: Borderline: 3 readings in a row in the band just under the goal 140/90 (130-139 systolic or 85-89 diastolic): 130/85, 132/81, 132/85 (2026-08-20 to 2026-09-03). No threshold crossed; recheck and ask for a weekly reading.
Rule default: recheck_7_days.
Medicine taken at the last three contacts: partial, yes, yes.
Days since last contact: 0.
CHW notes:
""Patient bien, prend ses médicaments.""
Patient messages:
""Habari daktari, presha yangu ni 130 kwa 85. Nimekunywa dawa zangu.""
""presha leo 132/85""
""Nimepima dispensari 135/87. Nimekunywa dawa moja tu kati ya mbili.""",recheck_7_days,up,note,missed_meds (generator note or message): Nimepima dispensari 135/87. Nimekunywa dawa moja tu kati ya mbili.,"[{""code"": ""side_effect"", ""quote"": ""Feet and ankles swollen since the new tablets started""}]",visit_this_week,0,5.0,135,-2.3,-1.14,0,0,0,2,0,0,0,0
184,9,2026-04-09,chw,"Flags: none.
Rule default: routine.
Medicine taken at the last three contacts: yes.
Days since last contact: 0.
CHW notes:
""Home visit, no complaints.""",routine,none,,,[],routine,0,1.0,135,0.0,0.0,0,0,0,0,0,0,0,0
192,9,2026-04-16,sms,"Flags: none.
Rule default: routine.
Medicine taken at the last three contacts: yes, yes.
Days since last contact: 0.
CHW notes:
""Home visit, no complaints.""
Patient messages:
""Hi, my BP today is 142/88. I took my medicine.""",routine,none,,,[],routine,0,1.0,142,3.5,7.0,0,0,0,0,0,0,0,0
181,9,2026-04-18,clinic,"Flags: none.
Rule default: routine.
Medicine taken at the last three contacts: yes, yes, yes.
Days since last contact: 0.
Patient messages:
""Hi, my BP today is 142/88. I took my medicine.""
""Hello, I am travelling this week.""",routine,up,note,missed_meds (generator note or message): Needs refill of medicine,[],recheck_7_days,0,1.0,135,-2.3,0.0,0,0,0,0,0,0,0,0
193,9,2026-05-01,sms,"Flag borderline: Borderline: the readings crossed the goal 140/90 2 times in the last 4 readings: 135/83, 142/88, 135/83, 134/80. No threshold crossed; recheck and ask for a weekly reading.
Rule default: recheck_7_days.
Medicine taken at the last three contacts: yes, yes, yes.
Days since last contact: 0.
Patient messages:
""Hi, my BP today is 142/88. I took my medicine.""
""Hello, I am travelling this week.""
""bp 134/80""",recheck_7_days,up,note,missed_meds (generator note or message): Needs refill of medicine,[],visit_this_week,0,3.0,134,-3.3,-1.0,0,0,0,0,0,0,0,0
185,9,2026-05-06,chw,"Flag borderline: Borderline: the readings crossed the goal 140/90 3 times in the last 5 readings: 135/83, 142/88, 135/83, 134/80, 143/85. No threshold crossed; recheck and ask for a weekly reading.
Rule default: recheck_7_days.
Medicine taken at the last three contacts: yes, yes, yes.
Days since last contact: 0.
CHW notes:
""Patient bien, prend ses médicaments.""
Patient messages:
""Hi, my BP today is 142/88. I took my medicine.""
""Hello, I am travelling this week.""
""bp 134/80""",recheck_7_days,none,,,[],recheck_7_days,0,3.0,143,5.7,0.8,0,0,0,0,0,0,0,0
194,9,2026-05-12,sms,"Flag borderline: Borderline: the readings crossed the goal 140/90 3 times in the last 6 readings: 135/83, 142/88, 135/83, 134/80, 143/85, 143/86. No threshold crossed; recheck and ask for a weekly reading.
Rule default: recheck_7_days.
Medicine taken at the last three contacts: yes, yes, yes.
Days since last contact: 0.
CHW notes:
""Patient bien, prend ses médicaments.""
Patient messages:
""Hello, I am travelling this week.""
""bp 134/80""
""bp 143/86""",recheck_7_days,none,,,[],recheck_7_days,0,3.0,143,5.7,1.2,0,0,0,0,0,0,0,0
195,9,2026-05-22,sms,"Flag borderline: Borderline: the readings crossed the goal 140/90 3 times in the last 6 readings: 142/88, 135/83, 134/80, 143/85, 143/86, 132/85. No threshold crossed; recheck and ask for a weekly reading.
Rule default: recheck_7_days.
Medicine taken at the last three contacts: yes, yes, yes.
Days since last contact: 0.
Patient messages:
""bp 143/86""
""My medicine is finished, where can I get more?""
""My pressure is 132 over 85 this morning""",recheck_7_days,none,,,[],recheck_7_days,0,3.0,132,-5.3,-0.49,0,0,0,0,0,0,0,0
186,9,2026-05-25,chw,"Flag borderline: Borderline: the readings crossed the goal 140/90 3 times in the last 6 readings: 135/83, 134/80, 143/85, 143/86, 132/85, 143/91. No threshold crossed; recheck and ask for a weekly reading.
Rule default: recheck_7_days.
Medicine taken at the last three contacts: yes, yes, yes.
Days since last contact: 0.
CHW notes:
""Patient well, taking medicine.""
Patient messages:
""My medicine is finished, where can I get more?""
""My pressure is 132 over 85 this morning""
""Ok, I understand.""",recheck_7_days,none,,,[],recheck_7_days,0,3.0,143,5.7,0.97,0,0,0,0,0,0,0,0
196,9,2026-06-05,sms,"Flag borderline: Borderline: the readings crossed the goal 140/90 3 times in the last 6 readings: 134/80, 143/85, 143/86, 132/85, 143/91, 144/90. No threshold crossed; recheck and ask for a weekly reading.
Rule default: recheck_7_days.
Medicine taken at the last three contacts: yes, yes, yes.
Days since last contact: 0.
CHW notes:
""Patient well, taking medicine.""
Patient messages:
""My pressure is 132 over 85 this morning""
""Ok, I understand.""
""My BP is 144 over 90, taking my medicine every day.""",recheck_7_days,none,,,[],recheck_7_days,0,3.0,144,6.7,1.11,0,0,0,0,0,0,0,0
187,9,2026-06-10,chw,"Flag borderline: Borderline: the readings crossed the goal 140/90 2 times in the last 6 readings: 143/85, 143/86, 132/85, 143/91, 144/90, 143/88. No threshold crossed; recheck and ask for a weekly reading.
Rule default: recheck_7_days.
Medicine taken at the last three contacts: partial, yes, yes.
Days since last contact: 0.
CHW notes:
""Patient ran out of tablets last week.""
Patient messages:
""My pressure is 132 over 85 this morning""
""Ok, I understand.""
""My BP is 144 over 90, taking my medicine every day.""",recheck_7_days,up,note,missed_meds (generator note or message): Patient ran out of tablets last week.,[],visit_this_week,0,5.0,143,5.7,0.4,0,0,0,2,0,0,0,0
197,9,2026-06-21,sms,"Flag borderline: Borderline: the readings crossed the goal 140/90 2 times in the last 6 readings: 143/86, 132/85, 143/91, 144/90, 143/88, 142/89. No threshold crossed; recheck and ask for a weekly reading.
Rule default: recheck_7_days.
Medicine taken at the last three contacts: yes, partial, yes.
Days since last contact: 0.
CHW notes:
""Patient ran out of tablets last week.""
Patient messages:
""Ok, I understand.""
""My BP is 144 over 90, taking my medicine every day.""
""My BP is 142 over 89, taking my medicine every day.""",recheck_7_days,up,note,missed_meds (generator note or message): Patient ran out of tablets last week.,[],visit_this_week,0,3.0,142,4.7,0.83,0,0,0,0,0,0,0,0
188,9,2026-06-30,chw,"Flags: none.
Rule default: routine.
Medicine taken at the last three contacts: yes, yes, partial.
Days since last contact: 0.
CHW notes:
""Mgonjwa yuko sawa, anakunywa dawa.""
Patient messages:
""Ok, I understand.""
""My BP is 144 over 90, taking my medicine every day.""
""My BP is 142 over 89, taking my medicine every day.""",routine,none,,,[],routine,0,1.0,143,5.7,1.46,0,0,0,0,0,0,0,0
198,9,2026-07-10,sms,"Flags: none.
Rule default: routine.
Medicine taken at the last three contacts: yes, yes, yes.
Days since last contact: 0.
CHW notes:
""Mgonjwa yuko sawa, anakunywa dawa.""
Patient messages:
""My BP is 144 over 90, taking my medicine every day.""
""My BP is 142 over 89, taking my medicine every day.""
""Checked at the health centre: 139/85. Meds taken.""",routine,none,,,[],routine,0,1.0,139,1.7,-0.69,0,0,0,0,0,0,0,0
182,9,2026-07-13,clinic,"Flag borderline: Borderline: the readings crossed the goal 140/90 2 times in the last 6 readings: 144/90, 143/88, 142/89, 143/90, 139/85, 144/88. No threshold crossed; recheck and ask for a weekly reading.
Rule default: recheck_7_days.
Medicine taken at the last three contacts: yes, yes, yes.
Days since last contact: 0.
Patient messages:
""My BP is 144 over 90, taking my medicine every day.""
""My BP is 142 over 89, taking my medicine every day.""
""Checked at the health centre: 139/85. Meds taken.""",recheck_7_days,none,,,[],recheck_7_days,0,3.0,144,6.7,-0.31,0,0,0,0,0,0,0,0
199,9,2026-07-24,sms,"Flag borderline: Borderline: the readings crossed the goal 140/90 3 times in the last 6 readings: 143/88, 142/89, 143/90, 139/85, 144/88, 131/79. No threshold crossed; recheck and ask for a weekly reading.
Rule default: recheck_7_days.
Medicine taken at the last three contacts: yes, yes, yes.
Days since last contact: 0.
Patient messages:
""My BP is 142 over 89, taking my medicine every day.""
""Checked at the health centre: 139/85. Meds taken.""
""My pressure is 131 over 79 this morning""",recheck_7_days,none,,,[],recheck_7_days,0,3.0,131,-6.3,-1.66,0,0,0,0,0,0,0,0
189,9,2026-07-25,chw,"Flag borderline: Borderline: the readings crossed the goal 140/90 4 times in the last 6 readings: 142/89, 143/90, 139/85, 144/88, 131/79, 140/86. No threshold crossed; recheck and ask for a weekly reading.
Rule default: recheck_7_days.
Medicine taken at the last three contacts: partial, yes, yes.
Days since last contact: 0.
CHW notes:
""Home visit, no complaints.""
Patient messages:
""My BP is 142 over 89, taking my medicine every day.""
""Checked at the health centre: 139/85. Meds taken.""
""My pressure is 131 over 79 this morning""",recheck_7_days,none,,,[],recheck_7_days,0,5.0,140,2.7,-1.17,0,0,0,2,0,0,0,0
200,9,2026-08-11,sms,"Flag borderline: Borderline: the readings crossed the goal 140/90 4 times in the last 6 readings: 143/90, 139/85, 144/88, 131/79, 140/86, 140/84. No threshold crossed; recheck and ask for a weekly reading.
Rule default: recheck_7_days.
Medicine taken at the last three contacts: partial, yes, yes.
Days since last contact: 0.
CHW notes:
""Home visit, no complaints.""
Patient messages:
""Checked at the health centre: 139/85. Meds taken.""
""My pressure is 131 over 79 this morning""
""My pressure is 140 over 84 this morning""",recheck_7_days,none,,,[],recheck_7_days,0,3.0,140,2.7,-0.71,0,0,0,0,0,0,0,0
190,9,2026-08-16,chw,"Flag borderline: Borderline: the readings crossed the goal 140/90 3 times in the last 6 readings: 139/85, 144/88, 131/79, 140/86, 140/84, 140/86. No threshold crossed; recheck and ask for a weekly reading.
Rule default: recheck_7_days.
Medicine taken at the last three contacts: partial, partial, yes.
Days since last contact: 0.
CHW notes:
""Mgonjwa yuko sawa, anakunywa dawa.""
Patient messages:
""Checked at the health centre: 139/85. Meds taken.""
""My pressure is 131 over 79 this morning""
""My pressure is 140 over 84 this morning""",recheck_7_days,none,,,[],recheck_7_days,0,5.0,140,2.7,0.06,0,0,0,2,0,0,0,0
201,9,2026-08-30,sms,"Flag borderline: Borderline: the readings crossed the goal 140/90 2 times in the last 6 readings: 144/88, 131/79, 140/86, 140/84, 140/86, 144/90. No threshold crossed; recheck and ask for a weekly reading.
Rule default: recheck_7_days.
Medicine taken at the last three contacts: partial, partial, yes.
Days since last contact: 0.
CHW notes:
""Mgonjwa yuko sawa, anakunywa dawa.""
Patient messages:
""My pressure is 131 over 79 this morning""
""My pressure is 140 over 84 this morning""
""bp 144/90""",recheck_7_days,none,,,[],recheck_7_days,0,3.0,144,6.7,0.77,0,0,0,0,0,0,0,0
191,9,2026-09-12,chw,"Flags: none.
Rule default: routine.
Medicine taken at the last three contacts: yes, partial, partial.
Days since last contact: 0.
CHW notes:
""Mgonjwa yuko sawa, anakunywa dawa.""
Patient messages:
""My pressure is 140 over 84 this morning""
""bp 144/90""
""Can I take my tablets with traditional medicine?""",routine,none,,,[],routine,1,1.0,155,17.7,3.77,0,0,0,0,0,0,0,0
202,9,2026-09-19,sms,"Flag threshold: Latest BP 161/96 on 2026-09-19 is at or above the 'grade2' cut-off (160/100).
Rule default: visit_this_week.
Medicine taken at the last three contacts: yes, yes, partial.
Days since last contact: 0.
CHW notes:
""Mgonjwa yuko sawa, anakunywa dawa.""
Patient messages:
""bp 144/90""
""Can I take my tablets with traditional medicine?""
""My BP is 161 over 96, taking my medicine every day.""",visit_this_week,none,,,[],visit_this_week,1,5.5,161,23.7,4.4,4,0,0,0,0,0,0,0
183,9,2026-09-27,clinic,"Flag trend: Trend rule: each of the last 3 readings (155, 161, 159, 2026-09-12 to 2026-09-27) is at least 10 mmHg above the baseline of 137; and the last 4 readings (2026-08-30 to 2026-09-27) average 155, 17 mmHg above the baseline of 137 (rule: at least 15 mmHg over 4 readings) (baseline = first 3 readings).
Rule default: recheck_7_days.
Medicine taken at the last three contacts: yes, yes, yes.
Days since last contact: 0.
Patient messages:
""bp 144/90""
""Can I take my tablets with traditional medicine?""
""My BP is 161 over 96, taking my medicine every day.""",recheck_7_days,up,note,missed_meds (generator note or message): Renouvellement du traitement,[],visit_this_week,1,4.0,159,21.7,4.83,0,3,0,0,0,0,0,0
203,9,2026-10-01,chw,"Flag threshold: Latest BP 172/97 on 2026-10-01 is at or above the 'grade2' cut-off (160/100).
Flag trend: Trend rule: each of the last 3 readings (161, 159, 172, 2026-09-19 to 2026-10-01) is at least 10 mmHg above the baseline of 137; and the last 4 readings (2026-09-12 to 2026-10-01) average 162, 24 mmHg above the baseline of 137 (rule: at least 15 mmHg over 4 readings) (baseline = first 3 readings).
Flag symptom: Symptom 'headache' reported on 2026-10-01; latest BP 172/97 is not under the goal 140/90 (bp_goal).
Rule default: visit_this_week.
Medicine taken at the last three contacts: yes, yes, yes.
Days since last contact: 0.
CHW notes:
""Feeling unwell, headache.""
Patient messages:
""bp 144/90""
""Can I take my tablets with traditional medicine?""
""My BP is 161 over 96, taking my medicine every day.""",visit_this_week,up,note,missed_meds (generator note or message): Renouvellement du traitement,[],refer_clinic,1,18.5,172,34.7,6.03,4,3,10,0,0,0,0,0
207,10,2026-04-09,chw,"Flags: none.
Rule default: routine.
Medicine taken at the last three contacts: yes.
Days since last contact: 0.
CHW notes:
""Mgonjwa yuko sawa, anakunywa dawa.""",routine,none,,,[],routine,0,5.0,144,0.0,0.0,0,0,0,0,0,0,0,0
216,10,2026-04-18,sms,"Flags: none.
Rule default: routine.
Medicine taken at the last three contacts: yes.
Days since last contact: 0.
CHW notes:
""Mgonjwa yuko sawa, anakunywa dawa.""
Patient messages:
""tension 134/83""",routine,none,,,[],routine,0,4.0,134,-5.0,-10.0,0,0,0,0,0,0,0,0
204,10,2026-04-25,clinic,"Flag borderline: Borderline: the readings crossed the goal 140/90 2 times in the last 4 readings: 144/88, 134/83, 142/92, 143/89. No threshold crossed; recheck and ask for a weekly reading.
Rule default: recheck_7_days.
Medicine taken at the last three contacts: yes, yes, yes.
Days since last contact: 0.
CHW notes:
""Patient bien, prend ses médicaments.""
Patient messages:
""tension 134/83""",recheck_7_days,up,note,missed_meds (generator note or message): Renouvellement du traitement,[],visit_this_week,0,7.0,143,3.0,0.5,0,0,0,0,0,0,0,0
208,10,2026-04-25,chw,"Flag borderline: Borderline: the readings crossed the goal 140/90 2 times in the last 4 readings: 144/88, 134/83, 142/92, 143/89. No threshold crossed; recheck and ask for a weekly reading.
Rule default: recheck_7_days.
Medicine taken at the last three contacts: yes, yes, yes.
Days since last contact: 0.
CHW notes:
""Patient bien, prend ses médicaments.""
Patient messages:
""tension 134/83""",recheck_7_days,up,note,missed_meds (generator note or message): Renouvellement du traitement,[],visit_this_week,0,7.0,143,3.0,0.5,0,0,0,0,0,0,0,0
217,10,2026-05-01,sms,"Flag borderline: Borderline: the readings crossed the goal 140/90 2 times in the last 5 readings: 144/88, 134/83, 142/92, 143/89, 143/85. No threshold crossed; recheck and ask for a weekly reading.
Rule default: recheck_7_days.
Medicine taken at the last three contacts: yes, yes, yes.
Days since last contact: 0.
CHW notes:
""Patient bien, prend ses médicaments.""
Patient messages:
""tension 134/83""
""Ma tension est 143 sur 85, je prends bien mes médicaments chaque jour.""",recheck_7_days,none,,,[],recheck_7_days,0,7.0,143,3.0,0.7,0,0,0,0,0,0,0,0
218,10,2026-05-11,sms,"Flag borderline: Borderline: the readings crossed the goal 140/90 2 times in the last 6 readings: 144/88, 134/83, 142/92, 143/89, 143/85, 141/82. No threshold crossed; recheck and ask for a weekly reading.
Rule default: recheck_7_days.
Medicine taken at the last three contacts: yes, yes, yes.
Days since last contact: 0.
Patient messages:
""tension 134/83""
""Ma tension est 143 sur 85, je prends bien mes médicaments chaque jour.""
""J'ai mesuré au centre de santé : 141/82. Médicaments pris.""",recheck_7_days,none,,,[],recheck_7_days,0,7.0,141,1.0,0.37,0,0,0,0,0,0,0,0
209,10,2026-05-17,chw,"Flags: none.
Rule default: routine.
Medicine taken at the last three contacts: yes, yes, yes.
Days since last contact: 0.
CHW notes:
""Home visit, no complaints.""
Patient messages:
""tension 134/83""
""Ma tension est 143 sur 85, je prends bien mes médicaments chaque jour.""
""J'ai mesuré au centre de santé : 141/82. Médicaments pris.""",routine,none,,,[],routine,0,5.0,142,2.0,1.06,0,0,0,0,0,0,0,0
219,10,2026-05-31,sms,"Flags: none.
Rule default: routine.
Medicine taken at the last three contacts: yes, yes, yes.
Days since last contact: 0.
CHW notes:
""Home visit, no complaints.""
Patient messages:
""Ma tension est 143 sur 85, je prends bien mes médicaments chaque jour.""
""J'ai mesuré au centre de santé : 141/82. Médicaments pris.""
""Bonjour, ma tension aujourd'hui est 148/90. J'ai pris mes médicaments.""",routine,none,,,[],routine,0,5.0,148,8.0,0.71,0,0,0,0,0,0,0,0
210,10,2026-06-13,chw,"Flags: none.
Rule default: routine.
Medicine taken at the last three contacts: yes, yes, yes.
Days since last contact: 0.
CHW notes:
""Patient bien, prend ses médicaments.""
Patient messages:
""J'ai mesuré au centre de santé : 141/82. Médicaments pris.""
""Bonjour, ma tension aujourd'hui est 148/90. J'ai pris mes médicaments.""
""Le médicament me fait gonfler les pieds, c'est normal ?""",routine,none,,,[],routine,0,4.0,134,-6.0,-0.83,0,0,0,0,0,0,0,0
220,10,2026-06-19,sms,"Flag borderline: Borderline: the readings crossed the goal 140/90 2 times in the last 6 readings: 143/85, 141/82, 142/85, 148/90, 134/79, 140/81. No threshold crossed; recheck and ask for a weekly reading.
Rule default: recheck_7_days.
Medicine taken at the last three contacts: yes, yes, yes.
Days since last contact: 0.
CHW notes:
""Patient bien, prend ses médicaments.""
Patient messages:
""Bonjour, ma tension aujourd'hui est 148/90. J'ai pris mes médicaments.""
""Le médicament me fait gonfler les pieds, c'est normal ?""
""Ma tension est 140 sur 81, je prends bien mes médicaments chaque jour.""",recheck_7_days,none,,,[],recheck_7_days,0,7.0,140,0.0,-0.86,0,0,0,0,0,0,0,0
211,10,2026-06-29,chw,"Flag borderline: Borderline: the readings crossed the goal 140/90 2 times in the last 6 readings: 141/82, 142/85, 148/90, 134/79, 140/81, 140/88. No threshold crossed; recheck and ask for a weekly reading.
Rule default: recheck_7_days.
Medicine taken at the last three contacts: yes, yes, yes.
Days since last contact: 0.
CHW notes:
""Home visit, no complaints.""
Patient messages:
""Bonjour, ma tension aujourd'hui est 148/90. J'ai pris mes médicaments.""
""Le médicament me fait gonfler les pieds, c'est normal ?""
""Ma tension est 140 sur 81, je prends bien mes médicaments chaque jour.""",recheck_7_days,none,,,[],recheck_7_days,0,7.0,140,0.0,-0.71,0,0,0,0,0,0,0,0
221,10,2026-07-01,sms,"Flag borderline: Borderline: the readings crossed the goal 140/90 3 times in the last 6 readings: 142/85, 148/90, 134/79, 140/81, 140/88, 138/88. No threshold crossed; recheck and ask for a weekly reading.
Rule default: recheck_7_days.
Medicine taken at the last three contacts: yes, yes, yes.
Days since last contact: 0.
CHW notes:
""Home visit, no complaints.""
Patient messages:
""Le médicament me fait gonfler les pieds, c'est normal ?""
""Ma tension est 140 sur 81, je prends bien mes médicaments chaque jour.""
""tension 138/88""",recheck_7_days,none,,,[],recheck_7_days,0,6.0,138,-2.0,-1.09,0,0,0,0,0,0,0,0
205,10,2026-07-06,clinic,"Flag borderline: Borderline: the readings crossed the goal 140/90 3 times in the last 6 readings: 148/90, 134/79, 140/81, 140/88, 138/88, 139/82. No threshold crossed; recheck and ask for a weekly reading.
Rule default: recheck_7_days.
Medicine taken at the last three contacts: yes, yes, yes.
Days since last contact: 0.
Patient messages:
""Le médicament me fait gonfler les pieds, c'est normal ?""
""Ma tension est 140 sur 81, je prends bien mes médicaments chaque jour.""
""tension 138/88""",recheck_7_days,none,,,[],recheck_7_days,0,6.0,139,-1.0,-0.94,0,0,0,0,0,0,0,0
222,10,2026-07-14,sms,"Flag borderline: Borderline: 3 readings in a row in the band just under the goal 140/90 (130-139 systolic or 85-89 diastolic): 138/88, 139/82, 138/85 (2026-07-01 to 2026-07-14). No threshold crossed; recheck and ask for a weekly reading.
Rule default: recheck_7_days.
Medicine taken at the last three contacts: yes, yes, yes.
Days since last contact: 0.
Patient messages:
""Ma tension est 140 sur 81, je prends bien mes médicaments chaque jour.""
""tension 138/88""
""Bonjour, ma tension aujourd'hui est 138/85. J'ai pris mes médicaments.""",recheck_7_days,none,,,[],recheck_7_days,0,6.0,138,-2.0,0.43,0,0,0,0,0,0,0,0
212,10,2026-07-21,chw,"Flag borderline: Borderline: 4 readings in a row in the band just under the goal 140/90 (130-139 systolic or 85-89 diastolic): 138/88, 139/82, 138/85, 138/83 (2026-07-01 to 2026-07-21). No threshold crossed; recheck and ask for a weekly reading.
Rule default: recheck_7_days.
Medicine taken at the last three contacts: yes, yes, yes.
Days since last contact: 0.
CHW notes:
""Patient bien, prend ses médicaments.""
Patient messages:
""Ma tension est 140 sur 81, je prends bien mes médicaments chaque jour.""
""tension 138/88""
""Bonjour, ma tension aujourd'hui est 138/85. J'ai pris mes médicaments.""",recheck_7_days,none,,,[],recheck_7_days,0,6.0,138,-2.0,-0.43,0,0,0,0,0,0,0,0
223,10,2026-07-28,sms,"Flag borderline: Borderline: 5 readings in a row in the band just under the goal 140/90 (130-139 systolic or 85-89 diastolic): 138/88, 139/82, 138/85, 138/83, 135/84 (2026-07-01 to 2026-07-28). No threshold crossed; recheck and ask for a weekly reading.
Rule default: recheck_7_days.
Medicine taken at the last three contacts: yes, yes, yes.
Days since last contact: 0.
CHW notes:
""Patient bien, prend ses médicaments.""
Patient messages:
""tension 138/88""
""Bonjour, ma tension aujourd'hui est 138/85. J'ai pris mes médicaments.""
""Ma tension est 135 sur 84, je prends bien mes médicaments chaque jour.""",recheck_7_days,none,,,[],recheck_7_days,0,6.0,135,-5.0,-0.74,0,0,0,0,0,0,0,0
213,10,2026-08-09,chw,"Flag borderline: Borderline: 6 readings in a row in the band just under the goal 140/90 (130-139 systolic or 85-89 diastolic): 138/88, 139/82, 138/85, 138/83, 135/84, 139/85 (2026-07-01 to 2026-08-09). No threshold crossed; recheck and ask for a weekly reading.
Rule default: recheck_7_days.
Medicine taken at the last three contacts: yes, yes, yes.
Days since last contact: 0.
CHW notes:
""Home visit, no complaints.""
Patient messages:
""Bonjour, ma tension aujourd'hui est 138/85. J'ai pris mes médicaments.""
""Ma tension est 135 sur 84, je prends bien mes médicaments chaque jour.""
""Que Dieu vous bénisse.""",recheck_7_days,none,,,[],recheck_7_days,0,6.0,139,-1.0,-0.2,0,0,0,0,0,0,0,0
224,10,2026-08-12,sms,"Flag borderline: Borderline: 5 readings in a row in the band just under the goal 140/90 (130-139 systolic or 85-89 diastolic): 139/82, 138/85, 138/83, 135/84, 139/85 (2026-07-06 to 2026-08-09). No threshold crossed; recheck and ask for a weekly reading.
Rule default: recheck_7_days.
Medicine taken at the last three contacts: yes, yes, yes.
Days since last contact: 0.
CHW notes:
""Home visit, no complaints.""
Patient messages:
""Ma tension est 135 sur 84, je prends bien mes médicaments chaque jour.""
""Que Dieu vous bénisse.""
""J'ai mesuré au centre de santé : 142/83. Médicaments pris.""",recheck_7_days,none,,,[],recheck_7_days,0,7.0,142,2.0,0.43,0,0,0,0,0,0,0,0
225,10,2026-08-28,sms,"Flag borderline: Borderline: 4 readings in a row in the band just under the goal 140/90 (130-139 systolic or 85-89 diastolic): 138/85, 138/83, 135/84, 139/85 (2026-07-14 to 2026-08-09). No threshold crossed; recheck and ask for a weekly reading.
Rule default: recheck_7_days.
Medicine taken at the last three contacts: yes, yes, yes.
Days since last contact: 0.
Patient messages:
""Que Dieu vous bénisse.""
""J'ai mesuré au centre de santé : 142/83. Médicaments pris.""
""Bonjour, ma tension aujourd'hui est 142/86. J'ai pris mes médicaments.""",recheck_7_days,none,,,[],recheck_7_days,0,7.0,142,2.0,1.03,0,0,0,0,0,0,0,0
214,10,2026-09-06,chw,"Flag borderline: Borderline: 3 readings in a row in the band just under the goal 140/90 (130-139 systolic or 85-89 diastolic): 138/83, 135/84, 139/85 (2026-07-21 to 2026-08-09). No threshold crossed; recheck and ask for a weekly reading.
Rule default: recheck_7_days.
Medicine taken at the last three contacts: yes, yes, yes.
Days since last contact: 0.
CHW notes:
""Patient bien, prend ses médicaments.""
Patient messages:
""J'ai mesuré au centre de santé : 142/83. Médicaments pris.""
""Bonjour, ma tension aujourd'hui est 142/86. J'ai pris mes médicaments.""
""Mes médicaments sont finis, où je peux en avoir ?""",recheck_7_days,none,,,[],recheck_7_days,1,7.0,147,7.0,1.97,0,0,0,0,0,0,0,0
206,10,2026-09-11,clinic,"Flags: none.
Rule default: routine.
Medicine taken at the last three contacts: yes, yes, yes.
Days since last contact: 0.
CHW notes:
""Patient bien, prend ses médicaments.""
Patient messages:
""J'ai mesuré au centre de santé : 142/83. Médicaments pris.""
""Bonjour, ma tension aujourd'hui est 142/86. J'ai pris mes médicaments.""
""Mes médicaments sont finis, où je peux en avoir ?""",routine,none,,,[],routine,1,5.0,154,14.0,3.4,0,0,0,0,0,0,0,0
226,10,2026-09-18,sms,"Flags: none.
Rule default: routine.
Medicine taken at the last three contacts: yes, yes, yes.
Days since last contact: 0.
Patient messages:
""Bonjour, ma tension aujourd'hui est 142/86. J'ai pris mes médicaments.""
""Mes médicaments sont finis, où je peux en avoir ?""
""Bonjour, ma tension aujourd'hui est 157/97. J'ai pris mes médicaments.""",routine,none,,,[],routine,1,5.0,157,17.0,3.74,0,0,0,0,0,0,0,0
215,10,2026-09-21,chw,"Flag threshold: Latest BP 164/95 on 2026-09-21 is at or above the 'grade2' cut-off (160/100).
Flag trend: Trend rule: each of the last 3 readings (154, 157, 164, 2026-09-11 to 2026-09-21) is at least 10 mmHg above the baseline of 140; and the last 4 readings (2026-09-06 to 2026-09-21) average 156, 16 mmHg above the baseline of 140 (rule: at least 15 mmHg over 4 readings) (baseline = first 3 readings).
Rule default: visit_this_week.
Medicine taken at the last three contacts: yes, yes, yes.
Days since last contact: 0.
CHW notes:
""Home visit, no complaints.""
Patient messages:
""Bonjour, ma tension aujourd'hui est 142/86. J'ai pris mes médicaments.""
""Mes médicaments sont finis, où je peux en avoir ?""
""Bonjour, ma tension aujourd'hui est 157/97. J'ai pris mes médicaments.""",visit_this_week,none,,,[],visit_this_week,1,13.5,164,24.0,4.63,4,3,0,0,0,0,0,0
227,10,2026-10-01,sms,"Flag threshold: Latest BP 170/100 on 2026-10-01 is at or above the 'grade2' cut-off (160/100).
Flag trend: Trend rule: each of the last 3 readings (164, 181, 170, 2026-09-21 to 2026-10-01) is at least 10 mmHg above the baseline of 140; and the last 4 readings (2026-09-18 to 2026-10-01) average 168, 28 mmHg above the baseline of 140 (rule: at least 15 mmHg over 4 readings) (baseline = first 3 readings).
Rule default: visit_this_week.
Medicine taken at the last three contacts: yes, yes, yes.
Days since last contact: 0.
CHW notes:
""Feeling unwell, headache.""
Patient messages:
""Mes médicaments sont finis, où je peux en avoir ?""
""Bonjour, ma tension aujourd'hui est 157/97. J'ai pris mes médicaments.""
""Ma tension est 181 sur 106, je prends bien mes médicaments chaque jour.""",visit_this_week,none,,,[],visit_this_week,1,13.5,170,30.0,5.8,4,3,0,0,0,0,0,0
228,10,2026-10-01,chw,"Flag threshold: Latest BP 170/100 on 2026-10-01 is at or above the 'grade2' cut-off (160/100).
Flag trend: Trend rule: each of the last 3 readings (164, 181, 170, 2026-09-21 to 2026-10-01) is at least 10 mmHg above the baseline of 140; and the last 4 readings (2026-09-18 to 2026-10-01) average 168, 28 mmHg above the baseline of 140 (rule: at least 15 mmHg over 4 readings) (baseline = first 3 readings).
Rule default: visit_this_week.
Medicine taken at the last three contacts: yes, yes, yes.
Days since last contact: 0.
CHW notes:
""Feeling unwell, headache.""
Patient messages:
""Mes médicaments sont finis, où je peux en avoir ?""
""Bonjour, ma tension aujourd'hui est 157/97. J'ai pris mes médicaments.""
""Ma tension est 181 sur 106, je prends bien mes médicaments chaque jour.""",visit_this_week,none,,,[],visit_this_week,1,13.5,170,30.0,5.8,4,3,0,0,0,0,0,0
229,11,2026-04-06,clinic,"Flag threshold: Latest BP 150/101 on 2026-04-06 is at or above the 'grade2' cut-off (160/100).
Rule default: visit_this_week.
Medicine taken at the last three contacts: no.
Days since last contact: 0.",visit_this_week,none,,,[],visit_this_week,0,7.5,150,0.0,0.0,4,0,0,2,0,0,0,0
241,11,2026-04-14,sms,"Flags: none.
Rule default: routine.
Medicine taken at the last three contacts: partial, no.
Days since last contact: 0.
Patient messages:
""Pressure yangu ni 139/91, nimekunywa nusu dozi kwa sababu dawa zinakaribia kuisha.""",routine,up,note,"missed_meds (generator note or message): Pressure yangu ni 139/91, nimekunywa nusu dozi kwa sababu dawa zinakaribia kuisha.","[{""code"": ""new_symptom"", ""quote"": ""Kifua kinauma sana""}]",recheck_7_days,0,3.0,139,-5.5,-11.0,0,0,0,2,0,0,0,0
232,11,2026-04-16,chw,"Flag threshold: Latest BP 147/100 on 2026-04-16 is at or above the 'grade2' cut-off (160/100).
Rule default: visit_this_week.
Medicine taken at the last three contacts: partial, partial, no.
Days since last contact: 0.
CHW notes:
""Patient well, taking medicine.""
Patient messages:
""Pressure yangu ni 139/91, nimekunywa nusu dozi kwa sababu dawa zinakaribia kuisha.""",visit_this_week,up,note,"missed_meds (generator note or message): Pressure yangu ni 139/91, nimekunywa nusu dozi kwa sababu dawa zinakaribia kuisha.","[{""code"": ""new_symptom"", ""quote"": ""Kifua kinauma sana""}]",refer_clinic,0,7.5,147,1.7,-1.5,4,0,0,2,0,0,0,0
242,11,2026-04-21,sms,"Flags: none.
Rule default: routine.
Medicine taken at the last three contacts: partial, partial, partial.
Days since last contact: 0.
CHW notes:
""Patient well, taking medicine.""
Patient messages:
""Pressure yangu ni 139/91, nimekunywa nusu dozi kwa sababu dawa zinakaribia kuisha.""
""Nimepima dispensari 148/96. Nimekunywa dawa moja tu kati ya mbili.""",routine,up,note,missed_meds (generator note or message): Nimepima dispensari 148/96. Nimekunywa dawa moja tu kati ya mbili.,"[{""code"": ""new_symptom"", ""quote"": ""Kifua kinauma sana""}]",recheck_7_days,0,3.5,148,2.7,0.2,0,0,0,2,0,0,0,0
243,11,2026-05-04,sms,"Flag threshold: Latest BP 148/101 on 2026-05-04 is at or above the 'grade2' cut-off (160/100).
Rule default: visit_this_week.
Medicine taken at the last three contacts: partial, partial, partial.
Days since last contact: 0.
Patient messages:
""Pressure yangu ni 139/91, nimekunywa nusu dozi kwa sababu dawa zinakaribia kuisha.""
""Nimepima dispensari 148/96. Nimekunywa dawa moja tu kati ya mbili.""
""148/101 leo. Asante""",visit_this_week,up,note,missed_meds (generator note or message): Nimepima dispensari 148/96. Nimekunywa dawa moja tu kati ya mbili.,"[{""code"": ""new_symptom"", ""quote"": ""Kifua kinauma sana""}]",refer_clinic,0,5.5,148,2.7,0.5,4,0,0,0,0,0,0,0
233,11,2026-05-05,chw,"Flag threshold: Latest BP 146/101 on 2026-05-05 is at or above the 'grade2' cut-off (160/100).
Rule default: visit_this_week.
Medicine taken at the last three contacts: yes, partial, partial.
Days since last contact: 0.
CHW notes:
""Patient bien, prend ses médicaments.""
Patient messages:
""Pressure yangu ni 139/91, nimekunywa nusu dozi kwa sababu dawa zinakaribia kuisha.""
""Nimepima dispensari 148/96. Nimekunywa dawa moja tu kati ya mbili.""
""148/101 leo. Asante""",visit_this_week,up,note,missed_meds (generator note or message): Nimepima dispensari 148/96. Nimekunywa dawa moja tu kati ya mbili.,"[{""code"": ""new_symptom"", ""quote"": ""Kifua kinauma sana""}]",refer_clinic,0,5.5,146,0.7,0.23,4,0,0,0,0,0,0,0
244,11,2026-05-16,sms,"Flags: none.
Rule default: routine.
Medicine taken at the last three contacts: yes, yes, partial.
Days since last contact: 0.
CHW notes:
""Patient bien, prend ses médicaments.""
Patient messages:
""Nimepima dispensari 148/96. Nimekunywa dawa moja tu kati ya mbili.""
""148/101 leo. Asante""
""Mimi ni mzima. Presha ni 139/94, nakunywa dawa kila siku.""",routine,up,note,missed_meds (generator note or message): Nimepima dispensari 148/96. Nimekunywa dawa moja tu kati ya mbili.,"[{""code"": ""new_symptom"", ""quote"": ""Kifua kinauma sana""}]",recheck_7_days,0,1.0,139,-6.3,-0.09,0,0,0,0,0,0,0,0
234,11,2026-05-21,chw,"Flags: none.
Rule default: routine.
Medicine taken at the last three contacts: no, yes, yes.
Days since last contact: 0.
CHW notes:
""N'a pas pris ses comprimés depuis 3 jours.""
Patient messages:
""Nimepima dispensari 148/96. Nimekunywa dawa moja tu kati ya mbili.""
""148/101 leo. Asante""
""Mimi ni mzima. Presha ni 139/94, nakunywa dawa kila siku.""",routine,up,note,missed_meds (generator note or message): N'a pas pris ses comprimés depuis 3 jours.,"[{""code"": ""new_symptom"", ""quote"": ""Kifua kinauma sana""}]",recheck_7_days,0,3.5,144,-1.3,-1.26,0,0,0,2,0,0,0,0
1725,11,2026-06-01,chw,"Flags: none.
Rule default: routine.
Medicine taken at the last three contacts: yes, no, yes.
Days since last contact: 0.
CHW notes:
""N'a pas pris ses comprimés depuis 3 jours.""
""Home visit, BP taken.""
Patient messages:
""148/101 leo. Asante""
""Mimi ni mzima. Presha ni 139/94, nakunywa dawa kila siku.""
""Kifua kinauma sana tangu asubuhi na napumua kwa shida.""",routine,up,case,chest_pain_sms: Kifua kinauma sana tangu asubuhi na napumua kwa shida.,"[{""code"": ""new_symptom"", ""quote"": ""Kifua kinauma sana""}]",emergency_now,0,1.0,136,-9.3,-2.26,0,0,0,0,0,0,0,0
245,11,2026-06-05,sms,"Flag threshold: Latest BP 151/103 on 2026-06-05 is at or above the 'grade2' cut-off (160/100).
Rule default: visit_this_week.
Medicine taken at the last three contacts: partial, yes, no.
Days since last contact: 0.
CHW notes:
""Home visit, BP taken.""
Patient messages:
""Mimi ni mzima. Presha ni 139/94, nakunywa dawa kila siku.""
""Kifua kinauma sana tangu asubuhi na napumua kwa shida.""
""Pressure yangu ni 151/103, nimekunywa nusu dozi kwa sababu dawa zinakaribia kuisha.""",visit_this_week,up,note,"missed_meds (generator note or message): Pressure yangu ni 151/103, nimekunywa nusu dozi kwa sababu dawa zinakaribia kuisha.","[{""code"": ""new_symptom"", ""quote"": ""Kifua kinauma sana""}]",refer_clinic,0,7.5,151,5.7,-0.29,4,0,0,2,0,0,0,0
235,11,2026-06-06,chw,"Flag borderline: Borderline: the readings crossed the goal 140/90 2 times in the last 6 readings: 146/101, 139/94, 144/94, 136/84, 151/103, 149/99. No threshold crossed; recheck and ask for a weekly reading.
Rule default: recheck_7_days.
Medicine taken at the last three contacts: partial, partial, yes.
Days since last contact: 0.
CHW notes:
""Takes medicine only when feeling unwell.""
Patient messages:
""Mimi ni mzima. Presha ni 139/94, nakunywa dawa kila siku.""
""Kifua kinauma sana tangu asubuhi na napumua kwa shida.""
""Pressure yangu ni 151/103, nimekunywa nusu dozi kwa sababu dawa zinakaribia kuisha.""",recheck_7_days,up,note,missed_meds (generator note or message): Takes medicine only when feeling unwell.,"[{""code"": ""new_symptom"", ""quote"": ""Kifua kinauma sana""}]",visit_this_week,0,5.5,149,3.7,1.23,0,0,0,2,0,0,0,0
246,11,2026-06-15,sms,"Flag borderline: Borderline: the readings crossed the goal 140/90 2 times in the last 6 readings: 139/94, 144/94, 136/84, 151/103, 149/99, 146/98. No threshold crossed; recheck and ask for a weekly reading.
Rule default: recheck_7_days.
Medicine taken at the last three contacts: partial, partial, partial.
Days since last contact: 0.
CHW notes:
""Takes medicine only when feeling unwell.""
Patient messages:
""Kifua kinauma sana tangu asubuhi na napumua kwa shida.""
""Pressure yangu ni 151/103, nimekunywa nusu dozi kwa sababu dawa zinakaribia kuisha.""
""Pressure yangu ni 146/98, nimekunywa nusu dozi kwa sababu dawa zinakaribia kuisha.""",recheck_7_days,up,note,missed_meds (generator note or message): Takes medicine only when feeling unwell.,"[{""code"": ""new_symptom"", ""quote"": ""Kifua kinauma sana""}]",visit_this_week,0,5.5,146,0.7,1.86,0,0,0,2,0,0,0,0
230,11,2026-06-30,clinic,"Flag threshold: Latest BP 154/106 on 2026-06-30 is at or above the 'grade2' cut-off (160/100).
Rule default: visit_this_week.
Medicine taken at the last three contacts: partial, partial, partial.
Days since last contact: 0.
Patient messages:
""Pressure yangu ni 151/103, nimekunywa nusu dozi kwa sababu dawa zinakaribia kuisha.""
""Pressure yangu ni 146/98, nimekunywa nusu dozi kwa sababu dawa zinakaribia kuisha.""
""Je, niendelee kunywa dawa hata kama najisikia vizuri?""",visit_this_week,up,note,"missed_meds (generator note or message): Pressure yangu ni 146/98, nimekunywa nusu dozi kwa sababu dawa zinakaribia kuisha.","[{""code"": ""new_symptom"", ""quote"": ""Kifua kinauma sana""}]",refer_clinic,0,7.5,154,8.7,2.23,4,0,0,2,0,0,0,0
236,11,2026-07-02,chw,"Flag threshold: Latest BP 156/106 on 2026-07-02 is at or above the 'grade2' cut-off (160/100).
Rule default: visit_this_week.
Medicine taken at the last three contacts: partial, partial, partial.
Days since last contact: 0.
CHW notes:
""Patient ran out of tablets last week.""
Patient messages:
""Pressure yangu ni 151/103, nimekunywa nusu dozi kwa sababu dawa zinakaribia kuisha.""
""Pressure yangu ni 146/98, nimekunywa nusu dozi kwa sababu dawa zinakaribia kuisha.""
""Je, niendelee kunywa dawa hata kama najisikia vizuri?""",visit_this_week,up,note,missed_meds (generator note or message): Patient ran out of tablets last week.,"[{""code"": ""new_symptom"", ""quote"": ""Kifua kinauma sana""}]",refer_clinic,0,7.5,156,10.7,3.03,4,0,0,2,0,0,0,0
247,11,2026-07-04,sms,"Flags: none.
Rule default: routine.
Medicine taken at the last three contacts: partial, partial, partial.
Days since last contact: 0.
CHW notes:
""Patient ran out of tablets last week.""
Patient messages:
""Pressure yangu ni 146/98, nimekunywa nusu dozi kwa sababu dawa zinakaribia kuisha.""
""Je, niendelee kunywa dawa hata kama najisikia vizuri?""
""presha leo 144/96""",routine,up,note,missed_meds (generator note or message): Patient ran out of tablets last week.,"[{""code"": ""new_symptom"", ""quote"": ""Kifua kinauma sana""}]",recheck_7_days,0,1.5,144,-1.3,-0.17,0,0,0,0,0,0,0,0
248,11,2026-07-15,sms,"Flag threshold: Latest BP 156/105 on 2026-07-15 is at or above the 'grade2' cut-off (160/100).
Rule default: visit_this_week.
Medicine taken at the last three contacts: no, partial, partial.
Days since last contact: 0.
Patient messages:
""Je, niendelee kunywa dawa hata kama najisikia vizuri?""
""presha leo 144/96""
""Leo 156/105. Dawa zimeisha sijanywa.""",visit_this_week,up,note,missed_meds (generator note or message): Leo 156/105. Dawa zimeisha sijanywa.,"[{""code"": ""new_symptom"", ""quote"": ""Kifua kinauma sana""}]",refer_clinic,0,7.5,156,10.7,0.89,4,0,0,2,0,0,0,0
237,11,2026-07-23,chw,"Flags: none.
Rule default: routine.
Medicine taken at the last three contacts: yes, no, partial.
Days since last contact: 0.
CHW notes:
""Mgonjwa yuko sawa, anakunywa dawa.""
Patient messages:
""presha leo 144/96""
""Leo 156/105. Dawa zimeisha sijanywa.""
""Je, niendelee kunywa dawa hata kama najisikia vizuri?""",routine,up,note,missed_meds (generator note or message): Leo 156/105. Dawa zimeisha sijanywa.,"[{""code"": ""new_symptom"", ""quote"": ""Kifua kinauma sana""}]",recheck_7_days,0,1.5,142,-3.3,-0.74,0,0,0,0,0,0,0,0
249,11,2026-08-03,sms,"Flag threshold: Latest BP 153/103 on 2026-08-03 is at or above the 'grade2' cut-off (160/100).
Rule default: visit_this_week.
Medicine taken at the last three contacts: yes, no, partial.
Days since last contact: 0.
CHW notes:
""Mgonjwa yuko sawa, anakunywa dawa.""
Patient messages:
""Leo 156/105. Dawa zimeisha sijanywa.""
""Je, niendelee kunywa dawa hata kama najisikia vizuri?""
""presha leo 153/103""",visit_this_week,up,note,missed_meds (generator note or message): Leo 156/105. Dawa zimeisha sijanywa.,"[{""code"": ""new_symptom"", ""quote"": ""Kifua kinauma sana""}]",refer_clinic,0,5.5,153,7.7,-1.0,4,0,0,0,0,0,0,0
250,11,2026-08-10,sms,"Flag threshold: Latest BP 151/102 on 2026-08-10 is at or above the 'grade2' cut-off (160/100).
Rule default: visit_this_week.
Medicine taken at the last three contacts: yes, no, partial.
Days since last contact: 0.
Patient messages:
""Je, niendelee kunywa dawa hata kama najisikia vizuri?""
""presha leo 153/103""
""presha leo 151/102""",visit_this_week,none,,,[],visit_this_week,0,7.5,151,5.7,-0.34,4,0,0,0,0,0,0,2
238,11,2026-08-16,chw,"Flag threshold: Latest BP 157/103 on 2026-08-16 is at or above the 'grade2' cut-off (160/100).
Rule default: visit_this_week.
Medicine taken at the last three contacts: yes, yes, no.
Days since last contact: 0.
CHW notes:
""Patient bien, prend ses médicaments.""
Patient messages:
""presha leo 153/103""
""presha leo 151/102""
""Je, niendelee kunywa dawa hata kama najisikia vizuri?""",visit_this_week,none,,,[],visit_this_week,0,7.5,157,11.7,1.74,4,0,0,0,0,0,0,2
251,11,2026-08-21,sms,"Flag threshold: Latest BP 154/103 on 2026-08-21 is at or above the 'grade2' cut-off (160/100).
Rule default: visit_this_week.
Medicine taken at the last three contacts: yes, yes, no.
Days since last contact: 0.
CHW notes:
""Patient bien, prend ses médicaments.""
Patient messages:
""presha leo 151/102""
""Je, niendelee kunywa dawa hata kama najisikia vizuri?""
""154/103 leo. Asante""",visit_this_week,none,,,[],visit_this_week,0,7.5,154,8.7,0.94,4,0,0,0,0,0,0,2
239,11,2026-09-11,chw,"Flag threshold: Latest BP 156/106 on 2026-09-11 is at or above the 'grade2' cut-off (160/100).
Rule default: visit_this_week.
Medicine taken at the last three contacts: partial, partial, yes.
Days since last contact: 0.
CHW notes:
""Takes medicine only when feeling unwell.""
Patient messages:
""Je, niendelee kunywa dawa hata kama najisikia vizuri?""
""154/103 leo. Asante""
""Nimepima dispensari 156/106. Nimekunywa dawa moja tu kati ya mbili.""",visit_this_week,up,note,missed_meds (generator note or message): Takes medicine only when feeling unwell.,"[{""code"": ""new_symptom"", ""quote"": ""Kifua kinauma sana""}]",refer_clinic,0,9.5,156,10.7,1.03,4,0,0,2,0,0,0,2
252,11,2026-09-11,sms,"Flag threshold: Latest BP 156/106 on 2026-09-11 is at or above the 'grade2' cut-off (160/100).
Rule default: visit_this_week.
Medicine taken at the last three contacts: partial, partial, yes.
Days since last contact: 0.
CHW notes:
""Takes medicine only when feeling unwell.""
Patient messages:
""Je, niendelee kunywa dawa hata kama najisikia vizuri?""
""154/103 leo. Asante""
""Nimepima dispensari 156/106. Nimekunywa dawa moja tu kati ya mbili.""",visit_this_week,up,note,missed_meds (generator note or message): Takes medicine only when feeling unwell.,"[{""code"": ""new_symptom"", ""quote"": ""Kifua kinauma sana""}]",refer_clinic,0,9.5,156,10.7,1.03,4,0,0,2,0,0,0,2
231,11,2026-09-13,clinic,"Flag threshold: Latest BP 156/103 on 2026-09-13 is at or above the 'grade2' cut-off (160/100).
Flag trend: Trend rule: each of the last 3 readings (159, 156, 156, 2026-09-11 to 2026-09-13) is at least 10 mmHg above the baseline of 145 (baseline = first 3 readings).
Rule default: visit_this_week.
Medicine taken at the last three contacts: partial, partial, partial.
Days since last contact: 0.
Patient messages:
""Je, niendelee kunywa dawa hata kama najisikia vizuri?""
""154/103 leo. Asante""
""Nimepima dispensari 156/106. Nimekunywa dawa moja tu kati ya mbili.""",visit_this_week,up,note,missed_meds (generator note or message): Nimepima dispensari 156/106. Nimekunywa dawa moja tu kati ya mbili.,"[{""code"": ""new_symptom"", ""quote"": ""Kifua kinauma sana""}]",refer_clinic,0,12.5,156,10.7,0.77,4,3,0,2,0,0,0,2
253,11,2026-09-21,sms,"Flag threshold: Latest BP 160/104 on 2026-09-21 is at or above the 'grade2' cut-off (160/100).
Flag trend: Trend rule: each of the last 3 readings (156, 156, 160, 2026-09-11 to 2026-09-21) is at least 10 mmHg above the baseline of 145 (baseline = first 3 readings).
Rule default: visit_this_week.
Medicine taken at the last three contacts: partial, partial, partial.
Days since last contact: 0.
Patient messages:
""154/103 leo. Asante""
""Nimepima dispensari 156/106. Nimekunywa dawa moja tu kati ya mbili.""
""160/104 leo. Asante""",visit_this_week,up,note,missed_meds (generator note or message): Nimepima dispensari 156/106. Nimekunywa dawa moja tu kati ya mbili.,"[{""code"": ""new_symptom"", ""quote"": ""Kifua kinauma sana""}]",refer_clinic,0,11.0,160,14.7,0.51,4,3,0,0,0,0,0,2
240,11,2026-09-27,chw,"Flag threshold: Latest BP 161/109 on 2026-09-27 is at or above the 'grade2' cut-off (160/100).
Flag trend: Trend rule: each of the last 3 readings (156, 160, 161, 2026-09-13 to 2026-09-27) is at least 10 mmHg above the baseline of 145 (baseline = first 3 readings).
Rule default: visit_this_week.
Medicine taken at the last three contacts: yes, partial, partial.
Days since last contact: 0.
CHW notes:
""Patient well, taking medicine.""
Patient messages:
""Nimepima dispensari 156/106. Nimekunywa dawa moja tu kati ya mbili.""
""160/104 leo. Asante""
""Sawa, nimeelewa.""",visit_this_week,up,note,missed_meds (generator note or message): Nimepima dispensari 156/106. Nimekunywa dawa moja tu kati ya mbili.,"[{""code"": ""new_symptom"", ""quote"": ""Kifua kinauma sana""}]",refer_clinic,0,11.0,161,15.7,1.09,4,3,0,0,0,0,0,2
256,12,2026-04-12,chw,"Flags: none.
Rule default: routine.
Medicine taken at the last three contacts: yes.
Days since last contact: 0.
CHW notes:
""Home visit, no complaints.""",routine,none,,,[],routine,0,2.0,128,0.0,0.0,0,0,0,0,0,0,0,0
254,12,2026-04-18,clinic,"Flags: none.
Rule default: routine.
Medicine taken at the last three contacts: yes, yes.
Days since last contact: 0.
CHW notes:
""Home visit, no complaints.""",routine,none,,,[],routine,0,2.0,139,5.5,11.0,0,0,0,0,0,0,0,0
264,12,2026-04-19,sms,"Flags: none.
Rule default: routine.
Medicine taken at the last three contacts: yes, yes.
Days since last contact: 0.
Patient messages:
""134/87 leo. Asante""",routine,none,,,[],routine,0,2.0,134,0.3,3.0,0,0,0,0,0,0,0,0
265,12,2026-04-28,sms,"Flag borderline: Borderline: the readings crossed the goal 140/90 2 times in the last 4 readings: 128/83, 139/92, 134/87, 135/87. No threshold crossed; recheck and ask for a weekly reading.
Rule default: recheck_7_days.
Medicine taken at the last three contacts: partial, yes, yes.
Days since last contact: 0.
Patient messages:
""134/87 leo. Asante""
""Nimepima dispensari 135/87. Nimekunywa dawa moja tu kati ya mbili.""",recheck_7_days,up,note,missed_meds (generator note or message): Nimepima dispensari 135/87. Nimekunywa dawa moja tu kati ya mbili.,"[{""code"": ""side_effect"", ""quote"": ""Pieds et chevilles gonflés depuis le début du nouveau médicament""}]",visit_this_week,0,6.0,135,1.3,1.6,0,0,0,2,0,0,0,0
257,12,2026-05-02,chw,"Flag borderline: Borderline: the readings crossed the goal 140/90 3 times in the last 5 readings: 128/83, 139/92, 134/87, 135/87, 138/90. No threshold crossed; recheck and ask for a weekly reading.
Rule default: recheck_7_days.
Medicine taken at the last three contacts: yes, partial, yes.
Days since last contact: 0.
CHW notes:
""Patient bien, prend ses médicaments.""
Patient messages:
""134/87 leo. Asante""
""Nimepima dispensari 135/87. Nimekunywa dawa moja tu kati ya mbili.""
""Mungu akubariki mhudumu.""",recheck_7_days,up,note,missed_meds (generator note or message): Nimepima dispensari 135/87. Nimekunywa dawa moja tu kati ya mbili.,"[{""code"": ""side_effect"", ""quote"": ""Pieds et chevilles gonflés depuis le début du nouveau médicament""}]",visit_this_week,0,4.0,138,4.3,1.6,0,0,0,0,0,0,0,0
266,12,2026-05-11,sms,"Flag borderline: Borderline: the readings crossed the goal 140/90 3 times in the last 6 readings: 128/83, 139/92, 134/87, 135/87, 138/90, 146/88. No threshold crossed; recheck and ask for a weekly reading.
Rule default: recheck_7_days.
Medicine taken at the last three contacts: partial, yes, partial.
Days since last contact: 0.
CHW notes:
""Patient bien, prend ses médicaments.""
Patient messages:
""Nimepima dispensari 135/87. Nimekunywa dawa moja tu kati ya mbili.""
""Mungu akubariki mhudumu.""
""Pressure yangu ni 146/88, nimekunywa nusu dozi kwa sababu dawa zinakaribia kuisha.""",recheck_7_days,up,note,"missed_meds (generator note or message): Pressure yangu ni 146/88, nimekunywa nusu dozi kwa sababu dawa zinakaribia kuisha.","[{""code"": ""side_effect"", ""quote"": ""Pieds et chevilles gonflés depuis le début du nouveau médicament""}]",visit_this_week,0,7.0,146,12.3,2.51,0,0,0,2,0,0,0,0
258,12,2026-05-20,chw,"Flag borderline: Borderline: the readings crossed the goal 140/90 2 times in the last 6 readings: 134/87, 135/87, 138/90, 146/88, 143/91, 134/86. No threshold crossed; recheck and ask for a weekly reading.
Rule default: recheck_7_days.
Medicine taken at the last three contacts: yes, yes, partial.
Days since last contact: 0.
CHW notes:
""Patient well, taking medicine.""
Patient messages:
""Mungu akubariki mhudumu.""
""Pressure yangu ni 146/88, nimekunywa nusu dozi kwa sababu dawa zinakaribia kuisha.""
""Mimi ni mzima. Presha ni 134/86, nakunywa dawa kila siku.""",recheck_7_days,up,note,"missed_meds (generator note or message): Pressure yangu ni 146/88, nimekunywa nusu dozi kwa sababu dawa zinakaribia kuisha.","[{""code"": ""side_effect"", ""quote"": ""Pieds et chevilles gonflés depuis le début du nouveau médicament""}]",visit_this_week,0,4.0,134,0.3,0.91,0,0,0,0,0,0,0,0
267,12,2026-05-20,sms,"Flag borderline: Borderline: the readings crossed the goal 140/90 2 times in the last 6 readings: 134/87, 135/87, 138/90, 146/88, 143/91, 134/86. No threshold crossed; recheck and ask for a weekly reading.
Rule default: recheck_7_days.
Medicine taken at the last three contacts: yes, yes, partial.
Days since last contact: 0.
CHW notes:
""Patient well, taking medicine.""
Patient messages:
""Mungu akubariki mhudumu.""
""Pressure yangu ni 146/88, nimekunywa nusu dozi kwa sababu dawa zinakaribia kuisha.""
""Mimi ni mzima. Presha ni 134/86, nakunywa dawa kila siku.""",recheck_7_days,up,note,"missed_meds (generator note or message): Pressure yangu ni 146/88, nimekunywa nusu dozi kwa sababu dawa zinakaribia kuisha.","[{""code"": ""side_effect"", ""quote"": ""Pieds et chevilles gonflés depuis le début du nouveau médicament""}]",visit_this_week,0,4.0,134,0.3,0.91,0,0,0,0,0,0,0,0
268,12,2026-05-31,sms,"Flag borderline: Borderline: the readings crossed the goal 140/90 3 times in the last 6 readings: 135/87, 138/90, 146/88, 143/91, 134/86, 142/91. No threshold crossed; recheck and ask for a weekly reading.
Rule default: recheck_7_days.
Medicine taken at the last three contacts: yes, yes, yes.
Days since last contact: 0.
Patient messages:
""Pressure yangu ni 146/88, nimekunywa nusu dozi kwa sababu dawa zinakaribia kuisha.""
""Mimi ni mzima. Presha ni 134/86, nakunywa dawa kila siku.""
""Shikamoo. Nimepima leo 142/91, dawa nimekunywa asubuhi.""",recheck_7_days,up,note,"missed_meds (generator note or message): Pressure yangu ni 146/88, nimekunywa nusu dozi kwa sababu dawa zinakaribia kuisha.","[{""code"": ""side_effect"", ""quote"": ""Pieds et chevilles gonflés depuis le début du nouveau médicament""}]",visit_this_week,0,5.0,142,8.3,0.57,0,0,0,0,0,0,0,0
269,12,2026-06-15,sms,"Flag borderline: Borderline: the readings crossed the goal 140/90 2 times in the last 6 readings: 138/90, 146/88, 143/91, 134/86, 142/91, 143/94. No threshold crossed; recheck and ask for a weekly reading.
Rule default: recheck_7_days.
Medicine taken at the last three contacts: yes, yes, yes.
Days since last contact: 0.
Patient messages:
""Mimi ni mzima. Presha ni 134/86, nakunywa dawa kila siku.""
""Shikamoo. Nimepima leo 142/91, dawa nimekunywa asubuhi.""
""Habari daktari, presha yangu ni 143 kwa 94. Nimekunywa dawa zangu.""",recheck_7_days,none,,,[],recheck_7_days,0,5.0,143,9.3,0.11,0,0,0,0,0,0,0,0
259,12,2026-06-16,chw,"Flag borderline: Borderline: the readings crossed the goal 140/90 2 times in the last 6 readings: 146/88, 143/91, 134/86, 142/91, 143/94, 145/93. No threshold crossed; recheck and ask for a weekly reading.
Rule default: recheck_7_days.
Medicine taken at the last three contacts: yes, yes, yes.
Days since last contact: 0.
CHW notes:
""Home visit, no complaints.""
Patient messages:
""Mimi ni mzima. Presha ni 134/86, nakunywa dawa kila siku.""
""Shikamoo. Nimepima leo 142/91, dawa nimekunywa asubuhi.""
""Habari daktari, presha yangu ni 143 kwa 94. Nimekunywa dawa zangu.""",recheck_7_days,none,,,[],recheck_7_days,0,5.0,145,11.3,0.09,0,0,0,0,0,0,0,0
270,12,2026-06-28,sms,"Flag borderline: Borderline: the readings crossed the goal 140/90 2 times in the last 6 readings: 143/91, 134/86, 142/91, 143/94, 145/93, 146/94. No threshold crossed; recheck and ask for a weekly reading.
Rule default: recheck_7_days.
Medicine taken at the last three contacts: yes, yes, yes.
Days since last contact: 0.
CHW notes:
""Home visit, no complaints.""
Patient messages:
""Shikamoo. Nimepima leo 142/91, dawa nimekunywa asubuhi.""
""Habari daktari, presha yangu ni 143 kwa 94. Nimekunywa dawa zangu.""
""presha leo 146/94""",recheck_7_days,none,,,[],recheck_7_days,0,5.0,146,12.3,1.4,0,0,0,0,0,0,0,0
255,12,2026-07-10,clinic,"Flag borderline: Borderline: the readings crossed the goal 140/90 2 times in the last 6 readings: 134/86, 142/91, 143/94, 145/93, 146/94, 138/89. No threshold crossed; recheck and ask for a weekly reading.
Rule default: recheck_7_days.
Medicine taken at the last three contacts: yes, yes, yes.
Days since last contact: 0.
Patient messages:
""Shikamoo. Nimepima leo 142/91, dawa nimekunywa asubuhi.""
""Habari daktari, presha yangu ni 143 kwa 94. Nimekunywa dawa zangu.""
""presha leo 146/94""",recheck_7_days,none,,,[],recheck_7_days,0,4.0,138,4.3,0.97,0,0,0,0,0,0,0,0
271,12,2026-07-12,sms,"Flags: none.
Rule default: routine.
Medicine taken at the last three contacts: yes, yes, yes.
Days since last contact: 0.
Patient messages:
""Habari daktari, presha yangu ni 143 kwa 94. Nimekunywa dawa zangu.""
""presha leo 146/94""
""Habari daktari, presha yangu ni 138 kwa 87. Nimekunywa dawa zangu.""",routine,none,,,[],routine,0,2.0,138,4.3,-0.97,0,0,0,0,0,0,0,0
260,12,2026-07-13,chw,"Flag borderline: Borderline: the readings crossed the goal 140/90 2 times in the last 6 readings: 143/94, 145/93, 146/94, 138/89, 138/87, 147/96. No threshold crossed; recheck and ask for a weekly reading.
Rule default: recheck_7_days.
Medicine taken at the last three contacts: yes, yes, yes.
Days since last contact: 0.
CHW notes:
""Mgonjwa yuko sawa, anakunywa dawa.""
Patient messages:
""Habari daktari, presha yangu ni 143 kwa 94. Nimekunywa dawa zangu.""
""presha leo 146/94""
""Habari daktari, presha yangu ni 138 kwa 87. Nimekunywa dawa zangu.""",recheck_7_days,none,,,[],recheck_7_days,0,5.0,147,13.3,-0.26,0,0,0,0,0,0,0,0
1732,12,2026-07-14,chw,"Flag threshold: Latest BP 166/101 on 2026-07-14 is at or above the 'grade2' cut-off (160/100).
Rule default: visit_this_week.
Medicine taken at the last three contacts: yes, yes, yes.
Days since last contact: 0.
CHW notes:
""Mgonjwa yuko sawa, anakunywa dawa.""
""Pieds et chevilles gonflés depuis le début du nouveau médicament.""
Patient messages:
""Habari daktari, presha yangu ni 143 kwa 94. Nimekunywa dawa zangu.""
""presha leo 146/94""
""Habari daktari, presha yangu ni 138 kwa 87. Nimekunywa dawa zangu.""",visit_this_week,up,case,side_effect: Pieds et chevilles gonflés depuis le début du nouveau médicament.,"[{""code"": ""side_effect"", ""quote"": ""Pieds et chevilles gonflés depuis le début du nouveau médicament""}]",refer_clinic,0,8.0,166,32.3,3.09,4,0,0,0,0,0,0,0
261,12,2026-07-27,chw,"Flag trend: Trend rule: each of the last 3 readings (147, 166, 149, 2026-07-13 to 2026-07-27) is at least 10 mmHg above the baseline of 134; and the last 4 readings (2026-07-12 to 2026-07-27) average 150, 16 mmHg above the baseline of 134 (rule: at least 15 mmHg over 4 readings) (baseline = first 3 readings).
Flag borderline: Borderline: the readings crossed the goal 140/90 2 times in the last 6 readings: 146/94, 138/89, 138/87, 147/96, 166/101, 149/95. No threshold crossed; recheck and ask for a weekly reading.
Rule default: recheck_7_days.
Medicine taken at the last three contacts: yes, yes, yes.
Days since last contact: 0.
CHW notes:
""Pieds et chevilles gonflés depuis le début du nouveau médicament.""
""Mgonjwa yuko sawa, anakunywa dawa.""
Patient messages:
""Habari daktari, presha yangu ni 143 kwa 94. Nimekunywa dawa zangu.""
""presha leo 146/94""
""Habari daktari, presha yangu ni 138 kwa 87. Nimekunywa dawa zangu.""",recheck_7_days,none,,,[],recheck_7_days,0,8.0,149,15.3,3.09,0,3,0,0,0,0,0,0
272,12,2026-07-29,sms,"Flag trend: Trend rule: each of the last 3 readings (166, 149, 152, 2026-07-14 to 2026-07-29) is at least 10 mmHg above the baseline of 134; and the last 4 readings (2026-07-13 to 2026-07-29) average 154, 20 mmHg above the baseline of 134 (rule: at least 15 mmHg over 4 readings) (baseline = first 3 readings).
Rule default: recheck_7_days.
Medicine taken at the last three contacts: yes, yes, yes.
Days since last contact: 0.
CHW notes:
""Mgonjwa yuko sawa, anakunywa dawa.""
Patient messages:
""presha leo 146/94""
""Habari daktari, presha yangu ni 138 kwa 87. Nimekunywa dawa zangu.""
""Habari daktari, presha yangu ni 152 kwa 97. Nimekunywa dawa zangu.""",recheck_7_days,none,,,[],recheck_7_days,0,6.0,152,18.3,3.49,0,3,0,0,0,0,0,0
273,12,2026-08-10,sms,"Flag threshold: Latest BP 150/103 on 2026-08-10 is at or above the 'grade2' cut-off (160/100).
Flag trend: Trend rule: each of the last 3 readings (149, 152, 150, 2026-07-27 to 2026-08-10) is at least 10 mmHg above the baseline of 134; and the last 4 readings (2026-07-14 to 2026-08-10) average 154, 21 mmHg above the baseline of 134 (rule: at least 15 mmHg over 4 readings) (baseline = first 3 readings).
Rule default: visit_this_week.
Medicine taken at the last three contacts: yes, yes, yes.
Days since last contact: 0.
Patient messages:
""Habari daktari, presha yangu ni 138 kwa 87. Nimekunywa dawa zangu.""
""Habari daktari, presha yangu ni 152 kwa 97. Nimekunywa dawa zangu.""
""150/103 leo. Asante""",visit_this_week,none,,,[],visit_this_week,0,10.0,150,16.3,1.66,4,3,0,0,0,0,0,0
262,12,2026-08-24,chw,"Flag trend: Trend rule: each of the last 3 readings (152, 150, 151, 2026-07-29 to 2026-08-24) is at least 10 mmHg above the baseline of 134; and the last 4 readings (2026-07-27 to 2026-08-24) average 150, 17 mmHg above the baseline of 134 (rule: at least 15 mmHg over 4 readings) (baseline = first 3 readings).
Rule default: recheck_7_days.
Medicine taken at the last three contacts: yes, yes, yes.
Days since last contact: 0.
CHW notes:
""Mgonjwa yuko sawa, anakunywa dawa.""
Patient messages:
""Habari daktari, presha yangu ni 138 kwa 87. Nimekunywa dawa zangu.""
""Habari daktari, presha yangu ni 152 kwa 97. Nimekunywa dawa zangu.""
""150/103 leo. Asante""",recheck_7_days,none,,,[],recheck_7_days,0,6.0,151,17.3,-0.71,0,3,0,0,0,0,0,0
274,12,2026-08-29,sms,"Flag trend: Trend rule: each of the last 3 readings (150, 151, 150, 2026-08-10 to 2026-08-29) is at least 10 mmHg above the baseline of 134; and the last 4 readings (2026-07-29 to 2026-08-29) average 151, 17 mmHg above the baseline of 134 (rule: at least 15 mmHg over 4 readings) (baseline = first 3 readings).
Rule default: recheck_7_days.
Medicine taken at the last three contacts: partial, yes, yes.
Days since last contact: 0.
CHW notes:
""Mgonjwa yuko sawa, anakunywa dawa.""
Patient messages:
""Habari daktari, presha yangu ni 152 kwa 97. Nimekunywa dawa zangu.""
""150/103 leo. Asante""
""Nimepima dispensari 150/98. Nimekunywa dawa moja tu kati ya mbili.""",recheck_7_days,up,note,missed_meds (generator note or message): Nimepima dispensari 150/98. Nimekunywa dawa moja tu kati ya mbili.,"[{""code"": ""side_effect"", ""quote"": ""Pieds et chevilles gonflés depuis le début du nouveau médicament""}]",visit_this_week,0,8.0,150,16.3,-2.17,0,3,0,2,0,0,0,0
275,12,2026-09-14,sms,"Flag threshold: Latest BP 163/103 on 2026-09-14 is at or above the 'grade2' cut-off (160/100).
Flag trend: Trend rule: each of the last 3 readings (151, 150, 163, 2026-08-24 to 2026-09-14) is at least 10 mmHg above the baseline of 134; and the last 4 readings (2026-08-10 to 2026-09-14) average 154, 20 mmHg above the baseline of 134 (rule: at least 15 mmHg over 4 readings) (baseline = first 3 readings).
Rule default: visit_this_week.
Medicine taken at the last three contacts: partial, yes, yes.
Days since last contact: 0.
Patient messages:
""150/103 leo. Asante""
""Nimepima dispensari 150/98. Nimekunywa dawa moja tu kati ya mbili.""
""presha leo 163/103""",visit_this_week,up,note,missed_meds (generator note or message): Nimepima dispensari 150/98. Nimekunywa dawa moja tu kati ya mbili.,"[{""code"": ""side_effect"", ""quote"": ""Pieds et chevilles gonflés depuis le début du nouveau médicament""}]",refer_clinic,0,11.0,163,29.3,1.86,4,3,0,0,0,0,0,0
263,12,2026-09-15,chw,"Flag trend: Trend rule: each of the last 3 readings (150, 163, 154, 2026-08-29 to 2026-09-15) is at least 10 mmHg above the baseline of 134; and the last 4 readings (2026-08-24 to 2026-09-15) average 154, 21 mmHg above the baseline of 134 (rule: at least 15 mmHg over 4 readings) (baseline = first 3 readings).
Rule default: recheck_7_days.
Medicine taken at the last three contacts: yes, partial, yes.
Days since last contact: 0.
CHW notes:
""Patient bien, prend ses médicaments.""
Patient messages:
""150/103 leo. Asante""
""Nimepima dispensari 150/98. Nimekunywa dawa moja tu kati ya mbili.""
""presha leo 163/103""",recheck_7_days,up,note,missed_meds (generator note or message): Nimepima dispensari 150/98. Nimekunywa dawa moja tu kati ya mbili.,"[{""code"": ""side_effect"", ""quote"": ""Pieds et chevilles gonflés depuis le début du nouveau médicament""}]",visit_this_week,0,6.0,154,20.3,1.37,0,3,0,0,0,0,0,0
276,12,2026-09-28,sms,"Flag trend: Trend rule: each of the last 3 readings (163, 154, 150, 2026-09-14 to 2026-09-28) is at least 10 mmHg above the baseline of 134; and the last 4 readings (2026-08-29 to 2026-09-28) average 154, 21 mmHg above the baseline of 134 (rule: at least 15 mmHg over 4 readings) (baseline = first 3 readings).
Rule default: recheck_7_days.
Medicine taken at the last three contacts: yes, yes, partial.
Days since last contact: 0.
CHW notes:
""Patient bien, prend ses médicaments.""
Patient messages:
""Nimepima dispensari 150/98. Nimekunywa dawa moja tu kati ya mbili.""
""presha leo 163/103""
""Habari daktari, presha yangu ni 150 kwa 96. Nimekunywa dawa zangu.""",recheck_7_days,up,note,missed_meds (generator note or message): Nimepima dispensari 150/98. Nimekunywa dawa moja tu kati ya mbili.,"[{""code"": ""side_effect"", ""quote"": ""Pieds et chevilles gonflés depuis le début du nouveau médicament""}]",visit_this_week,0,6.0,150,16.3,0.63,0,3,0,0,0,0,0,0
289,13,2026-04-14,sms,"Flags: none.
Rule default: routine.
Medicine taken at the last three contacts: not recorded.
Days since last contact: 0.
Patient messages:
""Bjr, tension 142 sur 90 ce matin""",routine,none,,,[],routine,0,8.5,142,0.0,0.0,0,0,0,0,0,0,0,0
280,13,2026-04-16,chw,"Flags: none.
Rule default: routine.
Medicine taken at the last three contacts: partial.
Days since last contact: 0.
CHW notes:
""Home visit, no complaints.""
Patient messages:
""Bjr, tension 142 sur 90 ce matin""",routine,none,,,[],routine,0,9.0,137,-2.5,-5.0,0,0,0,2,0,0,0,0
277,13,2026-04-24,clinic,"Flags: none.
Rule default: routine.
Medicine taken at the last three contacts: partial, partial.
Days since last contact: 0.
CHW notes:
""Home visit, no complaints.""
Patient messages:
""Bjr, tension 142 sur 90 ce matin""",routine,up,note,missed_meds (generator note or message): Renouvellement du traitement,[],recheck_7_days,0,10.5,140,0.3,-1.0,0,0,0,2,0,0,0,0
290,13,2026-04-27,sms,"Flag borderline: Borderline: the readings crossed the goal 140/90 2 times in the last 4 readings: 142/90, 137/85, 140/84, 151/88. No threshold crossed; recheck and ask for a weekly reading.
Rule default: recheck_7_days.
Medicine taken at the last three contacts: partial, partial, partial.
Days since last contact: 0.
Patient messages:
""Bjr, tension 142 sur 90 ce matin""
""Bonsoir. Tension 151/88, j'ai pris seulement la moitié du comprimé.""",recheck_7_days,up,note,missed_meds (generator note or message): Renouvellement du traitement,[],visit_this_week,0,12.5,151,11.3,3.0,0,0,0,2,0,0,0,0
291,13,2026-05-05,sms,"Flag borderline: Borderline: the readings crossed the goal 140/90 2 times in the last 5 readings: 142/90, 137/85, 140/84, 151/88, 141/85. No threshold crossed; recheck and ask for a weekly reading.
Rule default: recheck_7_days.
Medicine taken at the last three contacts: yes, partial, partial.
Days since last contact: 0.
Patient messages:
""Bonsoir. Tension 151/88, j'ai pris seulement la moitié du comprimé.""
""Merci beaucoup.""
""Bonjour, ma tension aujourd'hui est 141/85. J'ai pris mes médicaments.""",recheck_7_days,up,note,"missed_meds (generator note or message): Bonsoir. Tension 151/88, j'ai pris seulement la moitié du comprimé.",[],visit_this_week,0,10.5,141,1.3,1.2,0,0,0,0,0,0,0,0
281,13,2026-05-09,chw,"Flag borderline: Borderline: the readings crossed the goal 140/90 3 times in the last 6 readings: 142/90, 137/85, 140/84, 151/88, 141/85, 131/76. No threshold crossed; recheck and ask for a weekly reading.
Rule default: recheck_7_days.
Medicine taken at the last three contacts: yes, yes, partial.
Days since last contact: 0.
CHW notes:
""Patient well, taking medicine.""
Patient messages:
""Bonsoir. Tension 151/88, j'ai pris seulement la moitié du comprimé.""
""Merci beaucoup.""
""Bonjour, ma tension aujourd'hui est 141/85. J'ai pris mes médicaments.""",recheck_7_days,up,note,"missed_meds (generator note or message): Bonsoir. Tension 151/88, j'ai pris seulement la moitié du comprimé.",[],visit_this_week,0,9.0,131,-8.7,-0.91,0,0,0,0,0,0,0,0
292,13,2026-05-24,sms,"Flag borderline: Borderline: the readings crossed the goal 140/90 3 times in the last 6 readings: 137/85, 140/84, 151/88, 141/85, 131/76, 154/94. No threshold crossed; recheck and ask for a weekly reading.
Rule default: recheck_7_days.
Medicine taken at the last three contacts: yes, yes, partial.
Days since last contact: 0.
CHW notes:
""Patient well, taking medicine.""
Patient messages:
""Merci beaucoup.""
""Bonjour, ma tension aujourd'hui est 141/85. J'ai pris mes médicaments.""
""tension 154/94""",recheck_7_days,none,,,[],recheck_7_days,0,10.5,154,14.3,1.37,0,0,0,0,0,0,0,0
282,13,2026-05-27,chw,"Flag borderline: Borderline: the readings crossed the goal 140/90 2 times in the last 6 readings: 140/84, 151/88, 141/85, 131/76, 154/94, 148/86. No threshold crossed; recheck and ask for a weekly reading.
Rule default: recheck_7_days.
Medicine taken at the last three contacts: partial, yes, yes.
Days since last contact: 0.
CHW notes:
""Patient well, taking medicine.""
Patient messages:
""Merci beaucoup.""
""Bonjour, ma tension aujourd'hui est 141/85. J'ai pris mes médicaments.""
""tension 154/94""",recheck_7_days,none,,,[],recheck_7_days,1,12.5,148,8.3,1.11,0,0,0,2,0,0,0,0
293,13,2026-06-05,sms,"Flag borderline: Borderline: the readings crossed the goal 140/90 2 times in the last 6 readings: 151/88, 141/85, 131/76, 154/94, 148/86, 157/94. No threshold crossed; recheck and ask for a weekly reading.
Rule default: recheck_7_days.
Medicine taken at the last three contacts: yes, partial, yes.
Days since last contact: 0.
CHW notes:
""Patient well, taking medicine.""
Patient messages:
""Bonjour, ma tension aujourd'hui est 141/85. J'ai pris mes médicaments.""
""tension 154/94""
""Bonjour, ma tension aujourd'hui est 157/94. J'ai pris mes médicaments.""",recheck_7_days,none,,,[],recheck_7_days,1,10.5,157,17.3,2.11,0,0,0,0,0,0,0,0
283,13,2026-06-13,chw,"Flag threshold: Latest BP 167/90 on 2026-06-13 is at or above the 'grade2' cut-off (160/100).
Flag who_risk: WHO 10-year CVD risk 21% (man, non-smoker, age 70-74, SBP 160-179, BMI 20-24 (24.7)) on the reading of 2026-06-13: at or above the 'high' level (20%). Note: age 75 is above the chart: read as 70-74, so the risk is likely higher.
Flag trend: Trend rule: the last 4 readings (2026-05-24 to 2026-06-13) average 156, 17 mmHg above the baseline of 140 (rule: at least 15 mmHg over 4 readings) (baseline = first 3 readings).
Rule default: visit_this_week.
Medicine taken at the last three contacts: partial, yes, partial.
Days since last contact: 0.
CHW notes:
""Takes medicine only when feeling unwell.""
Patient messages:
""Bonjour, ma tension aujourd'hui est 141/85. J'ai pris mes médicaments.""
""tension 154/94""
""Bonjour, ma tension aujourd'hui est 157/94. J'ai pris mes médicaments.""",visit_this_week,up,note,missed_meds (generator note or message): Takes medicine only when feeling unwell.,[],refer_clinic,1,19.5,167,27.3,5.77,4,3,0,2,0,0,0,0
294,13,2026-06-16,sms,"Flag threshold: Latest BP 176/98 on 2026-06-16 is at or above the 'grade2' cut-off (160/100).
Flag who_risk: WHO 10-year CVD risk 21% (man, non-smoker, age 70-74, SBP 160-179, BMI 20-24 (24.7)) on the reading of 2026-06-16: at or above the 'high' level (20%). Note: age 75 is above the chart: read as 70-74, so the risk is likely higher.
Flag trend: Trend rule: each of the last 3 readings (157, 167, 176, 2026-06-05 to 2026-06-16) is at least 10 mmHg above the baseline of 140; and the last 4 readings (2026-05-27 to 2026-06-16) average 162, 22 mmHg above the baseline of 140 (rule: at least 15 mmHg over 4 readings) (baseline = first 3 readings).
Rule default: visit_this_week.
Medicine taken at the last three contacts: partial, yes, partial.
Days since last contact: 0.
CHW notes:
""Takes medicine only when feeling unwell.""
Patient messages:
""tension 154/94""
""Bonjour, ma tension aujourd'hui est 157/94. J'ai pris mes médicaments.""
""Bjr, tension 176 sur 98 ce matin""",visit_this_week,up,note,missed_meds (generator note or message): Takes medicine only when feeling unwell.,[],refer_clinic,1,17.5,176,36.3,7.8,4,3,0,0,0,0,0,0
301,13,2026-06-23,chw,"Flag threshold: Latest BP 176/101 on 2026-06-23 is at or above the 'grade2' cut-off (160/100).
Flag who_risk: WHO 10-year CVD risk 21% (man, non-smoker, age 70-74, SBP 160-179, BMI 20-24 (24.7)) on the reading of 2026-06-23: at or above the 'high' level (20%). Note: age 75 is above the chart: read as 70-74, so the risk is likely higher.
Flag trend: Trend rule: each of the last 3 readings (167, 176, 176, 2026-06-13 to 2026-06-23) is at least 10 mmHg above the baseline of 140; and the last 4 readings (2026-06-05 to 2026-06-23) average 169, 29 mmHg above the baseline of 140 (rule: at least 15 mmHg over 4 readings) (baseline = first 3 readings).
Rule default: visit_this_week.
Medicine taken at the last three contacts: yes, partial, yes.
Days since last contact: 0.
CHW notes:
""Patient complains of headache.""
Patient messages:
""tension 154/94""
""Bonjour, ma tension aujourd'hui est 157/94. J'ai pris mes médicaments.""
""Bjr, tension 176 sur 98 ce matin""",visit_this_week,none,,,[],visit_this_week,1,17.5,176,36.3,5.83,4,3,0,0,0,0,0,0
284,13,2026-06-29,chw,"Flag trend: Trend rule: the last 4 readings (2026-06-13 to 2026-06-29) average 165, 25 mmHg above the baseline of 140 (rule: at least 15 mmHg over 4 readings) (baseline = first 3 readings).
Rule default: recheck_7_days.
Medicine taken at the last three contacts: partial, yes, partial.
Days since last contact: 0.
CHW notes:
""Patient complains of headache.""
""Takes medicine only when feeling unwell.""
Patient messages:
""tension 154/94""
""Bonjour, ma tension aujourd'hui est 157/94. J'ai pris mes médicaments.""
""Bjr, tension 176 sur 98 ce matin""",recheck_7_days,up,note,missed_meds (generator note or message): Takes medicine only when feeling unwell.,[],visit_this_week,0,13.5,140,0.3,0.74,0,3,0,2,0,0,0,0
295,13,2026-07-07,sms,"Flag trend: Trend rule: the last 4 readings (2026-06-16 to 2026-07-07) average 157, 17 mmHg above the baseline of 140 (rule: at least 15 mmHg over 4 readings) (baseline = first 3 readings).
Rule default: recheck_7_days.
Medicine taken at the last three contacts: yes, partial, yes.
Days since last contact: 0.
CHW notes:
""Takes medicine only when feeling unwell.""
Patient messages:
""Bonjour, ma tension aujourd'hui est 157/94. J'ai pris mes médicaments.""
""Bjr, tension 176 sur 98 ce matin""
""Ma tension est 136 sur 83, je prends bien mes médicaments chaque jour.""",recheck_7_days,up,note,missed_meds (generator note or message): Takes medicine only when feeling unwell.,[],visit_this_week,0,10.0,136,-3.7,-5.31,0,3,0,0,0,0,0,0
285,13,2026-07-13,chw,"Flags: none.
Rule default: routine.
Medicine taken at the last three contacts: yes, yes, partial.
Days since last contact: 0.
CHW notes:
""Home visit, no complaints.""
Patient messages:
""Bonjour, ma tension aujourd'hui est 157/94. J'ai pris mes médicaments.""
""Bjr, tension 176 sur 98 ce matin""
""Ma tension est 136 sur 83, je prends bien mes médicaments chaque jour.""",routine,none,,,[],routine,0,7.0,138,-1.7,-8.6,0,0,0,0,0,0,0,0
278,13,2026-07-16,clinic,"Flag borderline: Borderline: the readings crossed the goal 140/90 2 times in the last 6 readings: 176/98, 176/101, 140/83, 136/83, 138/89, 141/84. No threshold crossed; recheck and ask for a weekly reading.
Rule default: recheck_7_days.
Medicine taken at the last three contacts: yes, yes, yes.
Days since last contact: 0.
CHW notes:
""Home visit, no complaints.""
Patient messages:
""Bonjour, ma tension aujourd'hui est 157/94. J'ai pris mes médicaments.""
""Bjr, tension 176 sur 98 ce matin""
""Ma tension est 136 sur 83, je prends bien mes médicaments chaque jour.""",recheck_7_days,none,,,[],recheck_7_days,0,10.5,141,1.3,-8.37,0,0,0,0,0,0,0,0
296,13,2026-07-20,sms,"Flag borderline: Borderline: the readings crossed the goal 140/90 2 times in the last 6 readings: 176/101, 140/83, 136/83, 138/89, 141/84, 143/82. No threshold crossed; recheck and ask for a weekly reading.
Rule default: recheck_7_days.
Medicine taken at the last three contacts: no, yes, yes.
Days since last contact: 0.
Patient messages:
""Bjr, tension 176 sur 98 ce matin""
""Ma tension est 136 sur 83, je prends bien mes médicaments chaque jour.""
""Bonjour agent, 143 sur 82, j'ai oublié mes comprimés aujourd'hui.""",recheck_7_days,up,note,"missed_meds (generator note or message): Bonjour agent, 143 sur 82, j'ai oublié mes comprimés aujourd'hui.",[],visit_this_week,0,12.5,143,3.3,-4.57,0,0,0,2,0,0,0,0
286,13,2026-08-07,chw,"Flag borderline: Borderline: the readings crossed the goal 140/90 2 times in the last 6 readings: 136/83, 138/89, 141/84, 143/82, 132/81, 132/75. No threshold crossed; recheck and ask for a weekly reading.
Rule default: recheck_7_days.
Medicine taken at the last three contacts: partial, yes, no.
Days since last contact: 0.
CHW notes:
""Patient bien, prend ses médicaments.""
Patient messages:
""Bonjour agent, 143 sur 82, j'ai oublié mes comprimés aujourd'hui.""
""Est-ce que je peux prendre mes comprimés avec les médicaments traditionnels ?""
""Bonsoir. Tension 132/75, j'ai pris seulement la moitié du comprimé.""",recheck_7_days,up,note,"missed_meds (generator note or message): Bonsoir. Tension 132/75, j'ai pris seulement la moitié du comprimé.",[],visit_this_week,0,11.0,132,-7.7,-1.03,0,0,0,2,0,0,0,0
297,13,2026-08-07,sms,"Flag borderline: Borderline: the readings crossed the goal 140/90 2 times in the last 6 readings: 136/83, 138/89, 141/84, 143/82, 132/81, 132/75. No threshold crossed; recheck and ask for a weekly reading.
Rule default: recheck_7_days.
Medicine taken at the last three contacts: partial, yes, no.
Days since last contact: 0.
CHW notes:
""Patient bien, prend ses médicaments.""
Patient messages:
""Bonjour agent, 143 sur 82, j'ai oublié mes comprimés aujourd'hui.""
""Est-ce que je peux prendre mes comprimés avec les médicaments traditionnels ?""
""Bonsoir. Tension 132/75, j'ai pris seulement la moitié du comprimé.""",recheck_7_days,up,note,"missed_meds (generator note or message): Bonsoir. Tension 132/75, j'ai pris seulement la moitié du comprimé.",[],visit_this_week,0,11.0,132,-7.7,-1.03,0,0,0,2,0,0,0,0
298,13,2026-08-18,sms,"Flag borderline: Borderline: 3 readings in a row in the band just under the goal 140/90 (130-139 systolic or 85-89 diastolic): 132/81, 132/75, 136/78 (2026-08-07 to 2026-08-18). No threshold crossed; recheck and ask for a weekly reading.
Rule default: recheck_7_days.
Medicine taken at the last three contacts: partial, yes, no.
Days since last contact: 0.
Patient messages:
""Est-ce que je peux prendre mes comprimés avec les médicaments traditionnels ?""
""Bonsoir. Tension 132/75, j'ai pris seulement la moitié du comprimé.""
""Bjr, tension 136 sur 78 ce matin""",recheck_7_days,up,note,"missed_meds (generator note or message): Bonsoir. Tension 132/75, j'ai pris seulement la moitié du comprimé.",[],visit_this_week,0,11.0,136,-3.7,-1.37,0,0,0,0,0,0,0,2
287,13,2026-08-22,chw,"Flag borderline: Borderline: 3 readings in a row in the band just under the goal 140/90 (130-139 systolic or 85-89 diastolic): 132/81, 132/75, 136/78 (2026-08-07 to 2026-08-18). No threshold crossed; recheck and ask for a weekly reading.
Rule default: recheck_7_days.
Medicine taken at the last three contacts: yes, partial, yes.
Days since last contact: 0.
CHW notes:
""Mgonjwa yuko sawa, anakunywa dawa.""
Patient messages:
""Est-ce que je peux prendre mes comprimés avec les médicaments traditionnels ?""
""Bonsoir. Tension 132/75, j'ai pris seulement la moitié du comprimé.""
""Bjr, tension 136 sur 78 ce matin""",recheck_7_days,up,note,"missed_meds (generator note or message): Bonsoir. Tension 132/75, j'ai pris seulement la moitié du comprimé.",[],visit_this_week,0,12.5,140,0.3,-0.74,0,0,0,0,0,0,0,2
299,13,2026-09-02,sms,"Flag borderline: Borderline: 3 readings in a row in the band just under the goal 140/90 (130-139 systolic or 85-89 diastolic): 132/81, 132/75, 136/78 (2026-08-07 to 2026-08-18). No threshold crossed; recheck and ask for a weekly reading.
Rule default: recheck_7_days.
Medicine taken at the last three contacts: yes, partial, yes.
Days since last contact: 0.
CHW notes:
""Mgonjwa yuko sawa, anakunywa dawa.""
Patient messages:
""Bonsoir. Tension 132/75, j'ai pris seulement la moitié du comprimé.""
""Bjr, tension 136 sur 78 ce matin""
""tension 140/84""",recheck_7_days,up,note,"missed_meds (generator note or message): Bonsoir. Tension 132/75, j'ai pris seulement la moitié du comprimé.",[],visit_this_week,0,12.5,140,0.3,0.37,0,0,0,0,0,0,0,2
288,13,2026-09-17,chw,"Flag borderline: Borderline: 3 readings in a row in the band just under the goal 140/90 (130-139 systolic or 85-89 diastolic): 132/81, 132/75, 136/78 (2026-08-07 to 2026-08-18). No threshold crossed; recheck and ask for a weekly reading.
Rule default: recheck_7_days.
Medicine taken at the last three contacts: partial, yes, partial.
Days since last contact: 0.
CHW notes:
""N'a pas pris ses comprimés depuis 3 jours.""
Patient messages:
""Bonsoir. Tension 132/75, j'ai pris seulement la moitié du comprimé.""
""Bjr, tension 136 sur 78 ce matin""
""tension 140/84""",recheck_7_days,up,note,missed_meds (generator note or message): N'a pas pris ses comprimés depuis 3 jours.,[],visit_this_week,0,13.0,139,-0.7,1.8,0,0,0,2,0,0,0,2
300,13,2026-09-18,sms,"Flag borderline: Borderline: the readings crossed the goal 140/90 2 times in the last 6 readings: 132/75, 136/78, 140/79, 140/84, 139/86, 136/79. No threshold crossed; recheck and ask for a weekly reading.
Rule default: recheck_7_days.
Medicine taken at the last three contacts: partial, partial, yes.
Days since last contact: 0.
CHW notes:
""N'a pas pris ses comprimés depuis 3 jours.""
Patient messages:
""Bjr, tension 136 sur 78 ce matin""
""tension 140/84""
""Tension 136/79. J'ai pris un seul médicament sur les deux.""",recheck_7_days,up,note,missed_meds (generator note or message): N'a pas pris ses comprimés depuis 3 jours.,[],visit_this_week,0,13.0,136,-3.7,0.83,0,0,0,2,0,0,0,2
279,13,2026-10-02,clinic,"Flag borderline: Borderline: the readings crossed the goal 140/90 3 times in the last 6 readings: 136/78, 140/79, 140/84, 139/86, 136/79, 140/86. No threshold crossed; recheck and ask for a weekly reading.
Rule default: recheck_7_days.
Medicine taken at the last three contacts: no, partial, partial.
Days since last contact: 0.
Patient messages:
""Bjr, tension 136 sur 78 ce matin""
""tension 140/84""
""Tension 136/79. J'ai pris un seul médicament sur les deux.""",recheck_7_days,up,note,missed_meds (generator note or message): Tension 136/79. J'ai pris un seul médicament sur les deux.,[],visit_this_week,0,14.5,140,0.3,0.2,0,0,0,2,0,0,0,2
313,14,2026-04-11,sms,"Flags: none.
Rule default: routine.
Medicine taken at the last three contacts: not recorded.
Days since last contact: 0.
Patient messages:
""bp 138/88""",routine,none,,,[],routine,0,7.0,138,0.0,0.0,0,0,0,0,0,0,0,0
302,14,2026-04-13,clinic,"Flags: none.
Rule default: routine.
Medicine taken at the last three contacts: yes.
Days since last contact: 0.
Patient messages:
""bp 138/88""
""Hello, I am travelling this week.""",routine,up,note,missed_meds (generator note or message): Needs refill of medicine,[],recheck_7_days,0,7.0,130,-4.0,-8.0,0,0,0,0,0,0,0,0
305,14,2026-04-19,chw,"Flags: none.
Rule default: routine.
Medicine taken at the last three contacts: yes, yes.
Days since last contact: 0.
CHW notes:
""Patient well, taking medicine.""
Patient messages:
""bp 138/88""
""Hello, I am travelling this week.""",routine,up,note,missed_meds (generator note or message): Needs refill of medicine,[],recheck_7_days,0,7.0,124,-6.7,-7.0,0,0,0,0,0,0,0,0
314,14,2026-04-27,sms,"Flags: none.
Rule default: routine.
Medicine taken at the last three contacts: yes, yes.
Days since last contact: 0.
CHW notes:
""Patient well, taking medicine.""
Patient messages:
""bp 138/88""
""Hello, I am travelling this week.""
""bp 127/85""",routine,none,,,[],routine,0,7.0,127,-3.7,-3.9,0,0,0,0,0,0,0,0
306,14,2026-05-12,chw,"Flags: none.
Rule default: routine.
Medicine taken at the last three contacts: yes, yes, yes.
Days since last contact: 0.
CHW notes:
""Home visit, no complaints.""
Patient messages:
""bp 138/88""
""Hello, I am travelling this week.""
""bp 127/85""",routine,none,,,[],routine,0,7.0,131,0.3,-1.7,0,0,0,0,0,0,0,0
315,14,2026-05-13,sms,"Flags: none.
Rule default: routine.
Medicine taken at the last three contacts: yes, yes, yes.
Days since last contact: 0.
CHW notes:
""Home visit, no complaints.""
Patient messages:
""Hello, I am travelling this week.""
""bp 127/85""
""My pressure is 129 over 82 this morning""",routine,none,,,[],routine,0,7.0,129,-1.7,-1.11,0,0,0,0,0,0,0,0
316,14,2026-05-20,sms,"Flags: none.
Rule default: routine.
Medicine taken at the last three contacts: partial, yes, yes.
Days since last contact: 0.
Patient messages:
""bp 127/85""
""My pressure is 129 over 82 this morning""
""Good evening. BP 135/86, I only took half of my tablets.""",routine,up,note,"missed_meds (generator note or message): Good evening. BP 135/86, I only took half of my tablets.",[],recheck_7_days,0,9.0,135,4.3,1.26,0,0,0,2,0,0,0,0
317,14,2026-06-05,sms,"Flags: none.
Rule default: routine.
Medicine taken at the last three contacts: yes, partial, yes.
Days since last contact: 0.
Patient messages:
""Good evening. BP 135/86, I only took half of my tablets.""
""Ok, I understand.""
""Checked at the health centre: 124/84. Meds taken.""",routine,up,note,"missed_meds (generator note or message): Good evening. BP 135/86, I only took half of my tablets.",[],recheck_7_days,0,7.0,124,-6.7,0.63,0,0,0,0,0,0,0,0
307,14,2026-06-07,chw,"Flags: none.
Rule default: routine.
Medicine taken at the last three contacts: yes, yes, partial.
Days since last contact: 0.
CHW notes:
""Mgonjwa yuko sawa, anakunywa dawa.""
Patient messages:
""Good evening. BP 135/86, I only took half of my tablets.""
""Ok, I understand.""
""Checked at the health centre: 124/84. Meds taken.""",routine,up,note,"missed_meds (generator note or message): Good evening. BP 135/86, I only took half of my tablets.",[],recheck_7_days,0,7.0,124,-6.7,-0.86,0,0,0,0,0,0,0,0
303,14,2026-06-21,clinic,"Flags: none.
Rule default: routine.
Medicine taken at the last three contacts: yes, yes, yes.
Days since last contact: 0.
CHW notes:
""Mgonjwa yuko sawa, anakunywa dawa.""
Patient messages:
""Good evening. BP 135/86, I only took half of my tablets.""
""Ok, I understand.""
""Checked at the health centre: 124/84. Meds taken.""",routine,up,note,missed_meds (generator note or message): Needs refill of medicine,[],recheck_7_days,0,7.0,139,8.3,0.4,0,0,0,0,0,0,0,0
318,14,2026-06-22,sms,"Flags: none.
Rule default: routine.
Medicine taken at the last three contacts: yes, yes, yes.
Days since last contact: 0.
Patient messages:
""Ok, I understand.""
""Checked at the health centre: 124/84. Meds taken.""
""My BP is 131 over 84, taking my medicine every day.""",routine,up,note,missed_meds (generator note or message): Needs refill of medicine,[],recheck_7_days,0,7.0,131,0.3,0.63,0,0,0,0,0,0,0,0
308,14,2026-06-30,chw,"Flags: none.
Rule default: routine.
Medicine taken at the last three contacts: partial, yes, yes.
Days since last contact: 0.
CHW notes:
""Home visit, no complaints.""
Patient messages:
""Ok, I understand.""
""Checked at the health centre: 124/84. Meds taken.""
""My BP is 131 over 84, taking my medicine every day.""",routine,none,,,[],routine,1,11.0,148,17.3,2.89,0,0,0,2,0,0,0,0
319,14,2026-07-06,sms,"Flags: none.
Rule default: routine.
Medicine taken at the last three contacts: yes, partial, yes.
Days since last contact: 0.
CHW notes:
""Home visit, no complaints.""
Patient messages:
""Checked at the health centre: 124/84. Meds taken.""
""My BP is 131 over 84, taking my medicine every day.""
""Checked at the health centre: 152/93. Meds taken.""",routine,none,,,[],routine,1,9.0,152,21.3,5.83,0,0,0,0,0,0,0,0
309,14,2026-07-16,chw,"Flag threshold: Latest BP 162/102 on 2026-07-16 is at or above the 'grade2' cut-off (160/100).
Flag who_risk: WHO 10-year CVD risk 22% (man, smoker, age 65-69, SBP 160-179, BMI 20-24 (23.5)) on the reading of 2026-07-16: at or above the 'high' level (20%).
Flag trend: Trend rule: each of the last 3 readings (148, 152, 162, 2026-06-30 to 2026-07-16) is at least 10 mmHg above the baseline of 131; and the last 4 readings (2026-06-22 to 2026-07-16) average 148, 18 mmHg above the baseline of 131 (rule: at least 15 mmHg over 4 readings) (baseline = first 3 readings).
Rule default: visit_this_week.
Medicine taken at the last three contacts: yes, yes, partial.
Days since last contact: 0.
CHW notes:
""Mgonjwa yuko sawa, anakunywa dawa.""
Patient messages:
""Checked at the health centre: 124/84. Meds taken.""
""My BP is 131 over 84, taking my medicine every day.""
""Checked at the health centre: 152/93. Meds taken.""",visit_this_week,none,,,[],visit_this_week,1,18.0,162,31.3,7.03,4,3,0,0,0,0,0,0
326,14,2026-07-23,chw,"Flag threshold: Latest BP 164/98 on 2026-07-23 is at or above the 'grade2' cut-off (160/100).
Flag who_risk: WHO 10-year CVD risk 22% (man, smoker, age 65-69, SBP 160-179, BMI 20-24 (23.5)) on the reading of 2026-07-23: at or above the 'high' level (20%).
Flag trend: Trend rule: each of the last 3 readings (152, 162, 164, 2026-07-06 to 2026-07-23) is at least 10 mmHg above the baseline of 131; and the last 4 readings (2026-06-30 to 2026-07-23) average 156, 26 mmHg above the baseline of 131 (rule: at least 15 mmHg over 4 readings) (baseline = first 3 readings).
Flag symptom: Symptom 'headache' reported on 2026-07-23; latest BP 164/98 is not under the goal 140/90 (bp_goal).
Rule default: visit_this_week.
Medicine taken at the last three contacts: yes, yes, yes.
Days since last contact: 0.
CHW notes:
""Mgonjwa yuko sawa, anakunywa dawa.""
""Patient complains of headache.""
Patient messages:
""Checked at the health centre: 124/84. Meds taken.""
""My BP is 131 over 84, taking my medicine every day.""
""Checked at the health centre: 152/93. Meds taken.""",visit_this_week,none,,,[],visit_this_week,1,28.0,164,33.3,6.34,4,3,10,0,0,0,0,0
320,14,2026-07-26,sms,"Flag trend: Trend rule: the last 4 readings (2026-07-06 to 2026-07-26) average 152, 21 mmHg above the baseline of 131 (rule: at least 15 mmHg over 4 readings) (baseline = first 3 readings).
Flag borderline: Borderline: the readings crossed the goal 140/90 2 times in the last 6 readings: 131/84, 148/97, 152/93, 162/102, 164/98, 128/81. No threshold crossed; recheck and ask for a weekly reading.
Rule default: recheck_7_days.
Medicine taken at the last three contacts: yes, yes, yes.
Days since last contact: 0.
CHW notes:
""Patient complains of headache.""
Patient messages:
""My BP is 131 over 84, taking my medicine every day.""
""Checked at the health centre: 152/93. Meds taken.""
""My pressure is 128 over 81 this morning""",recheck_7_days,none,,,[],recheck_7_days,0,12.0,128,-2.7,1.23,0,3,0,0,0,0,0,0
310,14,2026-08-08,chw,"Flags: none.
Rule default: routine.
Medicine taken at the last three contacts: yes, partial, yes.
Days since last contact: 0.
CHW notes:
""Patient bien, prend ses médicaments.""
Patient messages:
""My pressure is 128 over 81 this morning""
""Ok, I understand.""
""Checked at the health centre: 130/81. Meds taken.""",routine,none,,,[],routine,0,7.0,130,-0.7,-7.26,0,0,0,0,0,0,0,0
321,14,2026-08-08,sms,"Flags: none.
Rule default: routine.
Medicine taken at the last three contacts: yes, partial, yes.
Days since last contact: 0.
CHW notes:
""Patient bien, prend ses médicaments.""
Patient messages:
""My pressure is 128 over 81 this morning""
""Ok, I understand.""
""Checked at the health centre: 130/81. Meds taken.""",routine,none,,,[],routine,0,7.0,130,-0.7,-7.26,0,0,0,0,0,0,0,0
322,14,2026-08-26,sms,"Flags: none.
Rule default: routine.
Medicine taken at the last three contacts: yes, partial, yes.
Days since last contact: 0.
Patient messages:
""Ok, I understand.""
""Checked at the health centre: 130/81. Meds taken.""
""My pressure is 127 over 84 this morning""",routine,none,,,[],routine,0,7.0,127,-3.7,-7.97,0,0,0,0,0,0,0,0
311,14,2026-08-28,chw,"Flag borderline: Borderline: the readings crossed the goal 140/90 2 times in the last 6 readings: 164/98, 128/81, 126/83, 130/81, 127/84, 135/91. No threshold crossed; recheck and ask for a weekly reading.
Rule default: recheck_7_days.
Medicine taken at the last three contacts: yes, yes, partial.
Days since last contact: 0.
CHW notes:
""Patient well, taking medicine.""
Patient messages:
""Ok, I understand.""
""Checked at the health centre: 130/81. Meds taken.""
""My pressure is 127 over 84 this morning""",recheck_7_days,none,,,[],recheck_7_days,0,9.0,135,4.3,-4.11,0,0,0,0,0,0,0,0
304,14,2026-09-07,clinic,"Flag borderline: Borderline: the readings crossed the goal 140/90 2 times in the last 6 readings: 126/83, 130/81, 127/84, 135/91, 127/79, 134/85. No threshold crossed; recheck and ask for a weekly reading.
Rule default: recheck_7_days.
Medicine taken at the last three contacts: yes, yes, yes.
Days since last contact: 0.
Patient messages:
""Checked at the health centre: 130/81. Meds taken.""
""My pressure is 127 over 84 this morning""
""Hi, my BP today is 134/85. I took my medicine.""",recheck_7_days,none,,,[],recheck_7_days,0,9.0,134,3.3,1.11,0,0,0,0,0,0,0,0
323,14,2026-09-07,sms,"Flag borderline: Borderline: the readings crossed the goal 140/90 2 times in the last 6 readings: 126/83, 130/81, 127/84, 135/91, 127/79, 134/85. No threshold crossed; recheck and ask for a weekly reading.
Rule default: recheck_7_days.
Medicine taken at the last three contacts: yes, yes, yes.
Days since last contact: 0.
Patient messages:
""Checked at the health centre: 130/81. Meds taken.""
""My pressure is 127 over 84 this morning""
""Hi, my BP today is 134/85. I took my medicine.""",recheck_7_days,none,,,[],recheck_7_days,0,9.0,134,3.3,1.11,0,0,0,0,0,0,0,0
312,14,2026-09-12,chw,"Flag borderline: Borderline: the readings crossed the goal 140/90 2 times in the last 6 readings: 130/81, 127/84, 135/91, 127/79, 134/85, 131/83. No threshold crossed; recheck and ask for a weekly reading.
Rule default: recheck_7_days.
Medicine taken at the last three contacts: yes, yes, yes.
Days since last contact: 0.
CHW notes:
""Mgonjwa yuko sawa, anakunywa dawa.""
Patient messages:
""Checked at the health centre: 130/81. Meds taken.""
""My pressure is 127 over 84 this morning""
""Hi, my BP today is 134/85. I took my medicine.""",recheck_7_days,none,,,[],recheck_7_days,0,9.0,131,0.3,0.51,0,0,0,0,0,0,0,0
324,14,2026-09-15,sms,"Flag borderline: Borderline: the readings crossed the goal 140/90 2 times in the last 6 readings: 127/84, 135/91, 127/79, 134/85, 131/83, 128/83. No threshold crossed; recheck and ask for a weekly reading.
Rule default: recheck_7_days.
Medicine taken at the last three contacts: yes, yes, yes.
Days since last contact: 0.
CHW notes:
""Mgonjwa yuko sawa, anakunywa dawa.""
Patient messages:
""My pressure is 127 over 84 this morning""
""Hi, my BP today is 134/85. I took my medicine.""
""My pressure is 128 over 83 this morning""",recheck_7_days,none,,,[],recheck_7_days,0,9.0,128,-2.7,0.0,0,0,0,0,0,0,0,0
325,14,2026-09-26,sms,"Flags: none.
Rule default: routine.
Medicine taken at the last three contacts: yes, yes, yes.
Days since last contact: 0.
Patient messages:
""My pressure is 128 over 83 this morning""
""Hello, I am travelling this week.""
""My pressure is 124 over 82 this morning""",routine,none,,,[],routine,0,7.0,124,-6.7,-1.57,0,0,0,0,0,0,0,0
327,15,2026-04-06,clinic,"Flags: none.
Rule default: routine.
Medicine taken at the last three contacts: yes.
Days since last contact: 0.",routine,none,,,[],routine,0,4.5,114,0.0,0.0,0,0,0,0,0,0,0,0
330,15,2026-04-17,chw,"Flags: none.
Rule default: routine.
Medicine taken at the last three contacts: yes, yes.
Days since last contact: 0.
CHW notes:
""Home visit, no complaints.""",routine,none,,,[],routine,0,5.5,120,3.0,6.0,0,0,0,0,0,0,0,0
331,15,2026-05-22,chw,"Flags: none.
Rule default: routine.
Medicine taken at the last three contacts: yes, yes, yes.
Days since last contact: 0.
CHW notes:
""Home visit, no complaints.""
""Mgonjwa yuko sawa, anakunywa dawa.""",routine,none,,,[],routine,0,4.5,111,-4.0,-1.5,0,0,0,0,0,0,0,0
328,15,2026-07-05,clinic,"Flags: none.
Rule default: routine.
Medicine taken at the last three contacts: yes, yes, yes.
Days since last contact: 0.
CHW notes:
""Mgonjwa yuko sawa, anakunywa dawa.""",routine,none,,,[],routine,0,4.5,117,2.0,0.0,0,0,0,0,0,0,0,0
332,15,2026-07-08,chw,"Flags: none.
Rule default: routine.
Medicine taken at the last three contacts: yes, yes, yes.
Days since last contact: 0.
CHW notes:
""Mgonjwa yuko sawa, anakunywa dawa.""",routine,none,,,[],routine,0,5.5,125,10.0,1.9,0,0,0,0,0,0,0,0
329,15,2026-09-10,clinic,"Flags: none.
Rule default: routine.
Medicine taken at the last three contacts: partial, yes, yes.
Days since last contact: 0.
CHW notes:
""Mgonjwa yuko sawa, anakunywa dawa.""",routine,none,,,[],routine,0,8.5,116,1.0,0.89,0,0,0,2,0,2,0,0
336,16,2026-04-11,chw,"Flags: none.
Rule default: routine.
Medicine taken at the last three contacts: yes.
Days since last contact: 0.
CHW notes:
""Patient bien, prend ses médicaments.""",routine,none,,,[],routine,0,5.5,125,0.0,0.0,0,0,0,0,0,0,0,0
333,16,2026-04-14,clinic,"Flags: none.
Rule default: routine.
Medicine taken at the last three contacts: yes, yes.
Days since last contact: 0.
CHW notes:
""Patient bien, prend ses médicaments.""",routine,up,note,missed_meds (generator note or message): Renouvellement du traitement,[],recheck_7_days,0,4.5,119,-3.0,-6.0,0,0,0,0,0,0,0,0
337,16,2026-05-29,chw,"Flags: none.
Rule default: routine.
Medicine taken at the last three contacts: yes, yes, yes.
Days since last contact: 0.
CHW notes:
""Patient bien, prend ses médicaments.""",routine,none,,,[],routine,0,5.5,125,2.0,0.0,0,0,0,0,0,0,0,0
334,16,2026-06-14,clinic,"Flags: none.
Rule default: routine.
Medicine taken at the last three contacts: yes, yes, yes.
Days since last contact: 0.
CHW notes:
""Patient bien, prend ses médicaments.""",routine,none,,,[],routine,0,4.5,110,-13.0,-3.9,0,0,0,0,0,0,0,0
338,16,2026-07-22,chw,"Flags: none.
Rule default: routine.
Medicine taken at the last three contacts: yes, yes, yes.
Days since last contact: 0.
CHW notes:
""Mgonjwa yuko sawa, anakunywa dawa.""",routine,none,,,[],routine,0,4.5,109,-14.0,-4.1,0,0,0,0,0,0,0,0
335,16,2026-08-22,clinic,"Flags: none.
Rule default: routine.
Medicine taken at the last three contacts: yes, yes, yes.
Days since last contact: 0.
CHW notes:
""Mgonjwa yuko sawa, anakunywa dawa.""",routine,up,note,missed_meds (generator note or message): Needs refill of medicine,[],recheck_7_days,0,5.5,121,-2.0,-1.86,0,0,0,0,0,0,0,0
342,17,2026-04-19,chw,"Flags: none.
Rule default: routine.
Medicine taken at the last three contacts: yes.
Days since last contact: 0.
CHW notes:
""Mgonjwa yuko sawa, anakunywa dawa.""",routine,none,,,[],routine,0,1.5,144,0.0,0.0,0,0,0,0,0,0,0,0
351,17,2026-04-21,sms,"Flag threshold: Latest BP 141/100 on 2026-04-21 is at or above the 'grade2' cut-off (160/100).
Rule default: visit_this_week.
Medicine taken at the last three contacts: yes.
Days since last contact: 0.
CHW notes:
""Mgonjwa yuko sawa, anakunywa dawa.""
Patient messages:
""141/100 leo. Asante""",visit_this_week,none,,,[],visit_this_week,0,5.5,141,-1.5,-3.0,4,0,0,0,0,0,0,0
339,17,2026-04-25,clinic,"Flags: none.
Rule default: routine.
Medicine taken at the last three contacts: yes, yes.
Days since last contact: 0.
Patient messages:
""141/100 leo. Asante""",routine,up,note,missed_meds (generator note or message): Dawa zimeisha,"[{""code"": ""measured_after_exertion"", ""quote"": ""Tension prise juste après une longue marche""}, {""code"": ""repeat_reading_normal"", ""quote"": ""Contrôle après 10 minutes de repos : 136/84""}]",recheck_7_days,0,1.5,145,1.7,0.5,0,0,0,0,0,0,0,0
352,17,2026-05-03,sms,"Flags: none.
Rule default: routine.
Medicine taken at the last three contacts: yes, yes.
Days since last contact: 0.
Patient messages:
""141/100 leo. Asante""
""143/93 leo. Asante""",routine,up,note,missed_meds (generator note or message): Dawa zimeisha,"[{""code"": ""measured_after_exertion"", ""quote"": ""Tension prise juste après une longue marche""}, {""code"": ""repeat_reading_normal"", ""quote"": ""Contrôle après 10 minutes de repos : 136/84""}]",recheck_7_days,0,1.5,143,-0.3,0.1,0,0,0,0,0,0,0,0
343,17,2026-05-10,chw,"Flags: none.
Rule default: routine.
Medicine taken at the last three contacts: yes, yes, yes.
Days since last contact: 0.
CHW notes:
""Home visit, no complaints.""
Patient messages:
""141/100 leo. Asante""
""143/93 leo. Asante""
""Habari daktari, presha yangu ni 142 kwa 97. Nimekunywa dawa zangu.""",routine,none,,,[],routine,0,1.5,142,-1.3,0.0,0,0,0,0,0,0,0,0
353,17,2026-05-10,sms,"Flags: none.
Rule default: routine.
Medicine taken at the last three contacts: yes, yes, yes.
Days since last contact: 0.
CHW notes:
""Home visit, no complaints.""
Patient messages:
""141/100 leo. Asante""
""143/93 leo. Asante""
""Habari daktari, presha yangu ni 142 kwa 97. Nimekunywa dawa zangu.""",routine,none,,,[],routine,0,1.5,142,-1.3,0.0,0,0,0,0,0,0,0,0
354,17,2026-05-17,sms,"Flags: none.
Rule default: routine.
Medicine taken at the last three contacts: partial, yes, yes.
Days since last contact: 0.
Patient messages:
""143/93 leo. Asante""
""Habari daktari, presha yangu ni 142 kwa 97. Nimekunywa dawa zangu.""
""Nimepima dispensari 145/96. Nimekunywa dawa moja tu kati ya mbili.""",routine,up,note,missed_meds (generator note or message): Nimepima dispensari 145/96. Nimekunywa dawa moja tu kati ya mbili.,"[{""code"": ""measured_after_exertion"", ""quote"": ""Tension prise juste après une longue marche""}, {""code"": ""repeat_reading_normal"", ""quote"": ""Contrôle après 10 minutes de repos : 136/84""}]",recheck_7_days,0,3.5,145,1.7,0.37,0,0,0,2,0,0,0,0
344,17,2026-05-24,chw,"Flags: none.
Rule default: routine.
Medicine taken at the last three contacts: yes, partial, yes.
Days since last contact: 0.
CHW notes:
""Patient bien, prend ses médicaments.""
Patient messages:
""143/93 leo. Asante""
""Habari daktari, presha yangu ni 142 kwa 97. Nimekunywa dawa zangu.""
""Nimepima dispensari 145/96. Nimekunywa dawa moja tu kati ya mbili.""",routine,up,note,missed_meds (generator note or message): Nimepima dispensari 145/96. Nimekunywa dawa moja tu kati ya mbili.,"[{""code"": ""measured_after_exertion"", ""quote"": ""Tension prise juste après une longue marche""}, {""code"": ""repeat_reading_normal"", ""quote"": ""Contrôle après 10 minutes de repos : 136/84""}]",recheck_7_days,0,1.5,145,1.7,0.09,0,0,0,0,0,0,0,0
355,17,2026-06-05,sms,"Flags: none.
Rule default: routine.
Medicine taken at the last three contacts: yes, yes, partial.
Days since last contact: 0.
CHW notes:
""Patient bien, prend ses médicaments.""
Patient messages:
""Habari daktari, presha yangu ni 142 kwa 97. Nimekunywa dawa zangu.""
""Nimepima dispensari 145/96. Nimekunywa dawa moja tu kati ya mbili.""
""Habari daktari, presha yangu ni 144 kwa 87. Nimekunywa dawa zangu.""",routine,up,note,missed_meds (generator note or message): Nimepima dispensari 145/96. Nimekunywa dawa moja tu kati ya mbili.,"[{""code"": ""measured_after_exertion"", ""quote"": ""Tension prise juste après une longue marche""}, {""code"": ""repeat_reading_normal"", ""quote"": ""Contrôle après 10 minutes de repos : 136/84""}]",recheck_7_days,0,1.5,144,0.7,0.23,0,0,0,0,0,0,0,0
345,17,2026-06-08,chw,"Flags: none.
Rule default: routine.
Medicine taken at the last three contacts: yes, yes, yes.
Days since last contact: 0.
CHW notes:
""Patient bien, prend ses médicaments.""
Patient messages:
""Habari daktari, presha yangu ni 142 kwa 97. Nimekunywa dawa zangu.""
""Nimepima dispensari 145/96. Nimekunywa dawa moja tu kati ya mbili.""
""Habari daktari, presha yangu ni 144 kwa 87. Nimekunywa dawa zangu.""",routine,up,note,missed_meds (generator note or message): Nimepima dispensari 145/96. Nimekunywa dawa moja tu kati ya mbili.,"[{""code"": ""measured_after_exertion"", ""quote"": ""Tension prise juste après une longue marche""}, {""code"": ""repeat_reading_normal"", ""quote"": ""Contrôle après 10 minutes de repos : 136/84""}]",recheck_7_days,0,1.5,147,3.7,0.46,0,0,0,0,0,0,0,0
356,17,2026-06-24,sms,"Flag threshold: Latest BP 151/103 on 2026-06-24 is at or above the 'grade2' cut-off (160/100).
Rule default: visit_this_week.
Medicine taken at the last three contacts: yes, yes, yes.
Days since last contact: 0.
CHW notes:
""Patient bien, prend ses médicaments.""
Patient messages:
""Nimepima dispensari 145/96. Nimekunywa dawa moja tu kati ya mbili.""
""Habari daktari, presha yangu ni 144 kwa 87. Nimekunywa dawa zangu.""
""151/103 leo. Asante""",visit_this_week,none,,,[],visit_this_week,0,5.5,151,7.7,1.43,4,0,0,0,0,0,0,0
346,17,2026-06-28,chw,"Flags: none.
Rule default: routine.
Medicine taken at the last three contacts: yes, yes, yes.
Days since last contact: 0.
CHW notes:
""Patient well, taking medicine.""
Patient messages:
""Nimepima dispensari 145/96. Nimekunywa dawa moja tu kati ya mbili.""
""Habari daktari, presha yangu ni 144 kwa 87. Nimekunywa dawa zangu.""
""151/103 leo. Asante""",routine,none,,,[],routine,0,1.5,153,9.7,1.74,0,0,0,0,0,0,0,0
357,17,2026-07-10,sms,"Flags: none.
Rule default: routine.
Medicine taken at the last three contacts: yes, yes, yes.
Days since last contact: 0.
CHW notes:
""Patient well, taking medicine.""
Patient messages:
""Habari daktari, presha yangu ni 144 kwa 87. Nimekunywa dawa zangu.""
""151/103 leo. Asante""
""146/97 leo. Asante""",routine,none,,,[],routine,0,1.5,146,2.7,1.03,0,0,0,0,0,0,0,0
347,17,2026-07-14,chw,"Flags: none.
Rule default: routine.
Medicine taken at the last three contacts: partial, yes, yes.
Days since last contact: 0.
CHW notes:
""Home visit, no complaints.""
Patient messages:
""151/103 leo. Asante""
""146/97 leo. Asante""
""Habari za asubuhi, niko safarini wiki hii.""",routine,none,,,[],routine,0,3.5,152,8.7,1.11,0,0,0,2,0,0,0,0
340,17,2026-07-21,clinic,"Flags: none.
Rule default: routine.
Medicine taken at the last three contacts: yes, yes, partial.
Days since last contact: 0.
Patient messages:
""146/97 leo. Asante""
""Habari za asubuhi, niko safarini wiki hii.""
""Shikamoo. Nimepima leo 150/97, dawa nimekunywa asubuhi.""",routine,none,,,[],routine,0,1.5,150,6.7,-0.49,0,0,0,0,0,0,0,0
358,17,2026-07-21,sms,"Flags: none.
Rule default: routine.
Medicine taken at the last three contacts: yes, yes, partial.
Days since last contact: 0.
Patient messages:
""146/97 leo. Asante""
""Habari za asubuhi, niko safarini wiki hii.""
""Shikamoo. Nimepima leo 150/97, dawa nimekunywa asubuhi.""",routine,none,,,[],routine,0,1.5,150,6.7,-0.49,0,0,0,0,0,0,0,0
359,17,2026-08-09,sms,"Flags: none.
Rule default: routine.
Medicine taken at the last three contacts: yes, yes, yes.
Days since last contact: 0.
Patient messages:
""Habari za asubuhi, niko safarini wiki hii.""
""Shikamoo. Nimepima leo 150/97, dawa nimekunywa asubuhi.""
""Mimi ni mzima. Presha ni 148/97, nakunywa dawa kila siku.""",routine,none,,,[],routine,0,1.5,148,4.7,-0.51,0,0,0,0,0,0,0,0
348,17,2026-08-11,chw,"Flags: none.
Rule default: routine.
Medicine taken at the last three contacts: yes, yes, yes.
Days since last contact: 0.
CHW notes:
""Home visit, no complaints.""
Patient messages:
""Habari za asubuhi, niko safarini wiki hii.""
""Shikamoo. Nimepima leo 150/97, dawa nimekunywa asubuhi.""
""Mimi ni mzima. Presha ni 148/97, nakunywa dawa kila siku.""",routine,none,,,[],routine,0,1.5,149,5.7,0.17,0,0,0,0,0,0,0,0
360,17,2026-08-19,sms,"Flags: none.
Rule default: routine.
Medicine taken at the last three contacts: yes, yes, yes.
Days since last contact: 0.
CHW notes:
""Home visit, no complaints.""
Patient messages:
""Shikamoo. Nimepima leo 150/97, dawa nimekunywa asubuhi.""
""Mimi ni mzima. Presha ni 148/97, nakunywa dawa kila siku.""
""Mimi ni mzima. Presha ni 152/99, nakunywa dawa kila siku.""",routine,none,,,[],routine,0,1.5,152,8.7,0.11,0,0,0,0,0,0,0,0
349,17,2026-09-07,chw,"Flag threshold: Latest BP 164/106 on 2026-09-07 is at or above the 'grade2' cut-off (160/100).
Rule default: visit_this_week.
Medicine taken at the last three contacts: yes, yes, yes.
Days since last contact: 0.
CHW notes:
""Home visit, no complaints.""
Patient messages:
""Shikamoo. Nimepima leo 150/97, dawa nimekunywa asubuhi.""
""Mimi ni mzima. Presha ni 148/97, nakunywa dawa kila siku.""
""Mimi ni mzima. Presha ni 152/99, nakunywa dawa kila siku.""",visit_this_week,none,,,[],visit_this_week,0,6.0,164,20.7,2.63,4,0,0,0,0,0,0,0
361,17,2026-09-09,sms,"Flags: none.
Rule default: routine.
Medicine taken at the last three contacts: yes, yes, yes.
Days since last contact: 0.
CHW notes:
""Home visit, no complaints.""
Patient messages:
""Mimi ni mzima. Presha ni 148/97, nakunywa dawa kila siku.""
""Mimi ni mzima. Presha ni 152/99, nakunywa dawa kila siku.""
""150/98 leo. Asante""",routine,none,,,[],routine,0,1.5,150,6.7,1.46,0,0,0,0,0,0,0,0
350,17,2026-09-22,chw,"Flag threshold: Latest BP 161/103 on 2026-09-22 is at or above the 'grade2' cut-off (160/100).
Rule default: visit_this_week.
Medicine taken at the last three contacts: partial, partial, yes.
Days since last contact: 0.
CHW notes:
""Patient bien, prend ses médicaments.""
Patient messages:
""Mimi ni mzima. Presha ni 152/99, nakunywa dawa kila siku.""
""150/98 leo. Asante""
""Nimepima dispensari 161/103. Nimekunywa dawa moja tu kati ya mbili.""",visit_this_week,up,note,missed_meds (generator note or message): Nimepima dispensari 161/103. Nimekunywa dawa moja tu kati ya mbili.,"[{""code"": ""measured_after_exertion"", ""quote"": ""Tension prise juste après une longue marche""}, {""code"": ""repeat_reading_normal"", ""quote"": ""Contrôle après 10 minutes de repos : 136/84""}]",refer_clinic,0,8.0,161,17.7,1.4,4,0,0,2,0,0,0,0
362,17,2026-09-22,sms,"Flag threshold: Latest BP 161/103 on 2026-09-22 is at or above the 'grade2' cut-off (160/100).
Rule default: visit_this_week.
Medicine taken at the last three contacts: partial, partial, yes.
Days since last contact: 0.
CHW notes:
""Patient bien, prend ses médicaments.""
Patient messages:
""Mimi ni mzima. Presha ni 152/99, nakunywa dawa kila siku.""
""150/98 leo. Asante""
""Nimepima dispensari 161/103. Nimekunywa dawa moja tu kati ya mbili.""",visit_this_week,up,note,missed_meds (generator note or message): Nimepima dispensari 161/103. Nimekunywa dawa moja tu kati ya mbili.,"[{""code"": ""measured_after_exertion"", ""quote"": ""Tension prise juste après une longue marche""}, {""code"": ""repeat_reading_normal"", ""quote"": ""Contrôle après 10 minutes de repos : 136/84""}]",refer_clinic,0,8.0,161,17.7,1.4,4,0,0,2,0,0,0,0
341,17,2026-09-29,clinic,"Flags: none.
Rule default: routine.
Medicine taken at the last three contacts: yes, partial, partial.
Days since last contact: 0.
Patient messages:
""Mimi ni mzima. Presha ni 152/99, nakunywa dawa kila siku.""
""150/98 leo. Asante""
""Nimepima dispensari 161/103. Nimekunywa dawa moja tu kati ya mbili.""",routine,up,note,missed_meds (generator note or message): Nimepima dispensari 161/103. Nimekunywa dawa moja tu kati ya mbili.,"[{""code"": ""measured_after_exertion"", ""quote"": ""Tension prise juste après une longue marche""}, {""code"": ""repeat_reading_normal"", ""quote"": ""Contrôle après 10 minutes de repos : 136/84""}]",recheck_7_days,0,1.5,152,8.7,-0.17,0,0,0,0,0,0,0,0
1703,17,2026-10-01,chw,"Flag threshold: Latest BP 166/102 on 2026-10-01 is at or above the 'grade2' cut-off (160/100).
Rule default: visit_this_week.
Medicine taken at the last three contacts: yes, yes, partial.
Days since last contact: 0.
CHW notes:
""Tension prise juste après une longue marche avec de l'eau. Contrôle après 10 minutes de repos : 136/84.""
Patient messages:
""Mimi ni mzima. Presha ni 152/99, nakunywa dawa kila siku.""
""150/98 leo. Asante""
""Nimepima dispensari 161/103. Nimekunywa dawa moja tu kati ya mbili.""",visit_this_week,down,case,exertion: Tension prise juste après une longue marche avec de l'eau. Contrôle après 10 minutes de repos : 136/84.,"[{""code"": ""measured_after_exertion"", ""quote"": ""Tension prise juste après une longue marche""}, {""code"": ""repeat_reading_normal"", ""quote"": ""Contrôle après 10 minutes de repos : 136/84""}]",recheck_7_days,0,6.0,166,22.7,0.69,4,0,0,0,0,0,0,0
366,18,2026-04-12,chw,"Flags: none.
Rule default: routine.
Medicine taken at the last three contacts: yes.
Days since last contact: 0.
CHW notes:
""Home visit, no complaints.""",routine,none,,,[],routine,0,7.0,134,0.0,0.0,0,0,0,0,0,0,0,0
363,18,2026-04-26,clinic,"Flags: none.
Rule default: routine.
Medicine taken at the last three contacts: yes, yes.
Days since last contact: 0.
CHW notes:
""Home visit, no complaints.""",routine,none,,,[],routine,0,7.0,135,0.5,1.0,0,0,0,0,0,0,0,0
367,18,2026-05-19,chw,"Flags: none.
Rule default: routine.
Medicine taken at the last three contacts: yes, yes, yes.
Days since last contact: 0.
CHW notes:
""Mgonjwa yuko sawa, anakunywa dawa.""",routine,none,,,[],routine,0,8.5,140,3.7,3.0,0,0,0,0,0,0,0,0
368,18,2026-06-27,chw,"Flags: none.
Rule default: routine.
Medicine taken at the last three contacts: yes, yes, yes.
Days since last contact: 0.
CHW notes:
""Mgonjwa yuko sawa, anakunywa dawa.""
""Patient bien, prend ses médicaments.""",routine,none,,,[],routine,0,8.5,145,8.7,3.8,0,0,0,0,0,0,0,0
364,18,2026-07-03,clinic,"Flags: none.
Rule default: routine.
Medicine taken at the last three contacts: yes, yes, yes.
Days since last contact: 0.
CHW notes:
""Patient bien, prend ses médicaments.""",routine,none,,,[],routine,0,8.5,150,13.7,4.2,0,0,0,0,0,0,0,0
365,18,2026-09-05,clinic,"Flags: none.
Rule default: routine.
Medicine taken at the last three contacts: yes, yes, yes.
Days since last contact: 0.",routine,none,,,[],routine,0,10.5,151,14.7,3.86,0,0,0,0,0,2,0,0
369,19,2026-04-10,clinic,"Flags: none.
Rule default: routine.
Medicine taken at the last three contacts: yes.
Days since last contact: 0.",routine,none,,,[],routine,0,5.5,128,0.0,0.0,0,0,0,0,0,0,0,0
372,19,2026-04-12,chw,"Flags: none.
Rule default: routine.
Medicine taken at the last three contacts: yes, yes.
Days since last contact: 0.
CHW notes:
""Mgonjwa yuko sawa, anakunywa dawa.""",routine,none,,,[],routine,0,5.5,131,1.5,3.0,0,0,0,0,0,0,0,0
382,19,2026-04-20,sms,"Flags: none.
Rule default: routine.
Medicine taken at the last three contacts: partial, yes, yes.
Days since last contact: 0.
CHW notes:
""Mgonjwa yuko sawa, anakunywa dawa.""
Patient messages:
""Nimepima dispensari 140/83. Nimekunywa dawa moja tu kati ya mbili.""",routine,up,note,missed_meds (generator note or message): Nimepima dispensari 140/83. Nimekunywa dawa moja tu kati ya mbili.,"[{""code"": ""travelling"", ""quote"": ""anasafiri kwenda Bujumbura kwa wiki mbili""}]",recheck_7_days,0,8.5,140,7.0,6.0,0,0,0,2,0,0,0,0
383,19,2026-05-06,sms,"Flag borderline: Borderline: the readings crossed the goal 140/90 2 times in the last 4 readings: 128/81, 131/85, 140/83, 136/87. No threshold crossed; recheck and ask for a weekly reading.
Rule default: recheck_7_days.
Medicine taken at the last three contacts: partial, yes, yes.
Days since last contact: 0.
Patient messages:
""Nimepima dispensari 140/83. Nimekunywa dawa moja tu kati ya mbili.""
""presha leo 136/87""",recheck_7_days,up,note,missed_meds (generator note or message): Nimepima dispensari 140/83. Nimekunywa dawa moja tu kati ya mbili.,"[{""code"": ""travelling"", ""quote"": ""anasafiri kwenda Bujumbura kwa wiki mbili""}]",visit_this_week,0,7.5,136,3.0,3.3,0,0,0,0,0,0,0,0
373,19,2026-05-09,chw,"Flag borderline: Borderline: the readings crossed the goal 140/90 2 times in the last 5 readings: 128/81, 131/85, 140/83, 136/87, 133/81. No threshold crossed; recheck and ask for a weekly reading.
Rule default: recheck_7_days.
Medicine taken at the last three contacts: yes, partial, yes.
Days since last contact: 0.
CHW notes:
""Mgonjwa yuko sawa, anakunywa dawa.""
Patient messages:
""Nimepima dispensari 140/83. Nimekunywa dawa moja tu kati ya mbili.""
""presha leo 136/87""",recheck_7_days,up,note,missed_meds (generator note or message): Nimepima dispensari 140/83. Nimekunywa dawa moja tu kati ya mbili.,"[{""code"": ""travelling"", ""quote"": ""anasafiri kwenda Bujumbura kwa wiki mbili""}]",visit_this_week,0,7.5,133,0.0,1.5,0,0,0,0,0,0,0,0
384,19,2026-05-21,sms,"Flag borderline: Borderline: 3 readings in a row in the band just under the goal 140/90 (130-139 systolic or 85-89 diastolic): 136/87, 133/81, 138/83 (2026-05-06 to 2026-05-21). No threshold crossed; recheck and ask for a weekly reading.
Rule default: recheck_7_days.
Medicine taken at the last three contacts: yes, yes, partial.
Days since last contact: 0.
CHW notes:
""Mgonjwa yuko sawa, anakunywa dawa.""
Patient messages:
""Nimepima dispensari 140/83. Nimekunywa dawa moja tu kati ya mbili.""
""presha leo 136/87""
""Mimi ni mzima. Presha ni 138/83, nakunywa dawa kila siku.""",recheck_7_days,none,,,[],recheck_7_days,0,7.5,138,5.0,1.49,0,0,0,0,0,0,0,0
374,19,2026-05-23,chw,"Flag borderline: Borderline: 3 readings in a row in the band just under the goal 140/90 (130-139 systolic or 85-89 diastolic): 136/87, 133/81, 138/83 (2026-05-06 to 2026-05-21). No threshold crossed; recheck and ask for a weekly reading.
Rule default: recheck_7_days.
Medicine taken at the last three contacts: yes, yes, yes.
Days since last contact: 0.
CHW notes:
""Patient bien, prend ses médicaments.""
Patient messages:
""Nimepima dispensari 140/83. Nimekunywa dawa moja tu kati ya mbili.""
""presha leo 136/87""
""Mimi ni mzima. Presha ni 138/83, nakunywa dawa kila siku.""",recheck_7_days,none,,,[],recheck_7_days,0,8.5,142,9.0,1.31,0,0,0,0,0,0,0,0
375,19,2026-06-06,chw,"Flag borderline: Borderline: 3 readings in a row in the band just under the goal 140/90 (130-139 systolic or 85-89 diastolic): 136/87, 133/81, 138/83 (2026-05-06 to 2026-05-21). No threshold crossed; recheck and ask for a weekly reading.
Rule default: recheck_7_days.
Medicine taken at the last three contacts: yes, yes, yes.
Days since last contact: 0.
CHW notes:
""Patient bien, prend ses médicaments.""
""Patient well, taking medicine.""
Patient messages:
""Nimepima dispensari 140/83. Nimekunywa dawa moja tu kati ya mbili.""
""presha leo 136/87""
""Mimi ni mzima. Presha ni 138/83, nakunywa dawa kila siku.""",recheck_7_days,none,,,[],recheck_7_days,0,8.5,140,7.0,0.66,0,0,0,0,0,0,0,0
385,19,2026-06-11,sms,"Flag borderline: Borderline: 3 readings in a row in the band just under the goal 140/90 (130-139 systolic or 85-89 diastolic): 136/87, 133/81, 138/83 (2026-05-06 to 2026-05-21). No threshold crossed; recheck and ask for a weekly reading.
Rule default: recheck_7_days.
Medicine taken at the last three contacts: yes, yes, yes.
Days since last contact: 0.
CHW notes:
""Patient well, taking medicine.""
Patient messages:
""presha leo 136/87""
""Mimi ni mzima. Presha ni 138/83, nakunywa dawa kila siku.""
""Shikamoo. Nimepima leo 152/93, dawa nimekunywa asubuhi.""",recheck_7_days,none,,,[],recheck_7_days,0,8.5,152,19.0,3.0,0,0,0,0,0,0,0,0
386,19,2026-06-21,sms,"Flags: none.
Rule default: routine.
Medicine taken at the last three contacts: yes, yes, yes.
Days since last contact: 0.
Patient messages:
""Mimi ni mzima. Presha ni 138/83, nakunywa dawa kila siku.""
""Shikamoo. Nimepima leo 152/93, dawa nimekunywa asubuhi.""
""Mimi ni mzima. Presha ni 144/90, nakunywa dawa kila siku.""",routine,none,,,[],routine,0,6.5,144,11.0,2.71,0,0,0,0,0,0,0,0
376,19,2026-06-22,chw,"Flag borderline: Borderline: the readings crossed the goal 140/90 2 times in the last 6 readings: 138/83, 142/95, 140/92, 152/93, 144/90, 133/85. No threshold crossed; recheck and ask for a weekly reading.
Rule default: recheck_7_days.
Medicine taken at the last three contacts: yes, yes, yes.
Days since last contact: 0.
CHW notes:
""Patient bien, prend ses médicaments.""
Patient messages:
""Shikamoo. Nimepima leo 152/93, dawa nimekunywa asubuhi.""
""Mimi ni mzima. Presha ni 144/90, nakunywa dawa kila siku.""
""Je, niendelee kunywa dawa hata kama najisikia vizuri?""",recheck_7_days,none,,,[],recheck_7_days,0,7.5,133,0.0,-0.2,0,0,0,0,0,0,0,0
370,19,2026-06-23,clinic,"Flag borderline: Borderline: the readings crossed the goal 140/90 2 times in the last 6 readings: 142/95, 140/92, 152/93, 144/90, 133/85, 147/92. No threshold crossed; recheck and ask for a weekly reading.
Rule default: recheck_7_days.
Medicine taken at the last three contacts: yes, yes, yes.
Days since last contact: 0.
CHW notes:
""Patient bien, prend ses médicaments.""
Patient messages:
""Shikamoo. Nimepima leo 152/93, dawa nimekunywa asubuhi.""
""Mimi ni mzima. Presha ni 144/90, nakunywa dawa kila siku.""
""Je, niendelee kunywa dawa hata kama najisikia vizuri?""",recheck_7_days,none,,,[],recheck_7_days,0,8.5,147,14.0,-0.11,0,0,0,0,0,0,0,0
387,19,2026-07-11,sms,"Flag borderline: Borderline: the readings crossed the goal 140/90 2 times in the last 6 readings: 140/92, 152/93, 144/90, 133/85, 147/92, 138/91. No threshold crossed; recheck and ask for a weekly reading.
Rule default: recheck_7_days.
Medicine taken at the last three contacts: yes, yes, yes.
Days since last contact: 0.
Patient messages:
""Mimi ni mzima. Presha ni 144/90, nakunywa dawa kila siku.""
""Je, niendelee kunywa dawa hata kama najisikia vizuri?""
""presha leo 138/91""",recheck_7_days,none,,,[],recheck_7_days,0,7.5,138,5.0,-1.03,0,0,0,0,0,0,0,0
377,19,2026-07-16,chw,"Flag borderline: Borderline: the readings crossed the goal 140/90 2 times in the last 6 readings: 152/93, 144/90, 133/85, 147/92, 138/91, 147/90. No threshold crossed; recheck and ask for a weekly reading.
Rule default: recheck_7_days.
Medicine taken at the last three contacts: partial, yes, yes.
Days since last contact: 0.
CHW notes:
""Patient ran out of tablets last week.""
Patient messages:
""Mimi ni mzima. Presha ni 144/90, nakunywa dawa kila siku.""
""Je, niendelee kunywa dawa hata kama najisikia vizuri?""
""presha leo 138/91""",recheck_7_days,up,note,missed_meds (generator note or message): Patient ran out of tablets last week.,"[{""code"": ""travelling"", ""quote"": ""anasafiri kwenda Bujumbura kwa wiki mbili""}]",visit_this_week,0,10.5,147,14.0,-0.83,0,0,0,2,0,0,0,0
388,19,2026-07-22,sms,"Flag borderline: Borderline: the readings crossed the goal 140/90 2 times in the last 6 readings: 144/90, 133/85, 147/92, 138/91, 147/90, 150/93. No threshold crossed; recheck and ask for a weekly reading.
Rule default: recheck_7_days.
Medicine taken at the last three contacts: yes, partial, yes.
Days since last contact: 0.
CHW notes:
""Patient ran out of tablets last week.""
Patient messages:
""Je, niendelee kunywa dawa hata kama najisikia vizuri?""
""presha leo 138/91""
""Shikamoo. Nimepima leo 150/93, dawa nimekunywa asubuhi.""",recheck_7_days,up,note,missed_meds (generator note or message): Patient ran out of tablets last week.,"[{""code"": ""travelling"", ""quote"": ""anasafiri kwenda Bujumbura kwa wiki mbili""}]",visit_this_week,0,8.5,150,17.0,1.8,0,0,0,0,0,0,0,0
378,19,2026-08-09,chw,"Flags: none.
Rule default: routine.
Medicine taken at the last three contacts: yes, yes, partial.
Days since last contact: 0.
CHW notes:
""Mgonjwa yuko sawa, anakunywa dawa.""
Patient messages:
""presha leo 138/91""
""Shikamoo. Nimepima leo 150/93, dawa nimekunywa asubuhi.""
""138/90 leo. Asante""",routine,none,,,[],routine,0,5.5,138,5.0,-0.43,0,0,0,0,0,0,0,0
389,19,2026-08-09,sms,"Flags: none.
Rule default: routine.
Medicine taken at the last three contacts: yes, yes, partial.
Days since last contact: 0.
CHW notes:
""Mgonjwa yuko sawa, anakunywa dawa.""
Patient messages:
""presha leo 138/91""
""Shikamoo. Nimepima leo 150/93, dawa nimekunywa asubuhi.""
""138/90 leo. Asante""",routine,none,,,[],routine,0,5.5,138,5.0,-0.43,0,0,0,0,0,0,0,0
390,19,2026-08-24,sms,"Flags: none.
Rule default: routine.
Medicine taken at the last three contacts: yes, yes, partial.
Days since last contact: 0.
Patient messages:
""Shikamoo. Nimepima leo 150/93, dawa nimekunywa asubuhi.""
""138/90 leo. Asante""
""presha leo 150/92""",routine,none,,,[],routine,0,6.5,150,17.0,0.86,0,0,0,0,0,0,0,0
379,19,2026-08-25,chw,"Flags: none.
Rule default: routine.
Medicine taken at the last three contacts: yes, yes, yes.
Days since last contact: 0.
CHW notes:
""Patient well, taking medicine.""
Patient messages:
""138/90 leo. Asante""
""presha leo 150/92""
""Sawa, nimeelewa.""",routine,none,,,[],routine,0,6.5,151,18.0,0.31,0,0,0,0,0,0,0,0
380,19,2026-09-14,chw,"Flag trend: Trend rule: each of the last 3 readings (151, 153, 151, 2026-08-25 to 2026-09-14) is at least 10 mmHg above the baseline of 133; and the last 4 readings (2026-08-24 to 2026-09-14) average 151, 18 mmHg above the baseline of 133 (rule: at least 15 mmHg over 4 readings) (baseline = first 3 readings).
Rule default: recheck_7_days.
Medicine taken at the last three contacts: yes, yes, yes.
Days since last contact: 0.
CHW notes:
""Home visit, no complaints.""
Patient messages:
""presha leo 150/92""
""Sawa, nimeelewa.""
""presha leo 151/97""",recheck_7_days,none,,,[],recheck_7_days,0,9.5,151,18.0,1.89,0,3,0,0,0,0,0,0
391,19,2026-09-14,sms,"Flag trend: Trend rule: each of the last 3 readings (151, 153, 151, 2026-08-25 to 2026-09-14) is at least 10 mmHg above the baseline of 133; and the last 4 readings (2026-08-24 to 2026-09-14) average 151, 18 mmHg above the baseline of 133 (rule: at least 15 mmHg over 4 readings) (baseline = first 3 readings).
Rule default: recheck_7_days.
Medicine taken at the last three contacts: yes, yes, yes.
Days since last contact: 0.
CHW notes:
""Home visit, no complaints.""
Patient messages:
""presha leo 150/92""
""Sawa, nimeelewa.""
""presha leo 151/97""",recheck_7_days,none,,,[],recheck_7_days,0,9.5,151,18.0,1.89,0,3,0,0,0,0,0,0
371,19,2026-09-18,clinic,"Flag trend: Trend rule: each of the last 3 readings (153, 151, 150, 2026-09-14 to 2026-09-18) is at least 10 mmHg above the baseline of 133; and the last 4 readings (2026-08-25 to 2026-09-18) average 151, 18 mmHg above the baseline of 133 (rule: at least 15 mmHg over 4 readings) (baseline = first 3 readings).
Rule default: recheck_7_days.
Medicine taken at the last three contacts: partial, yes, yes.
Days since last contact: 0.
Patient messages:
""presha leo 150/92""
""Sawa, nimeelewa.""
""presha leo 151/97""",recheck_7_days,none,,,[],recheck_7_days,0,11.5,150,17.0,1.86,0,3,0,2,0,0,0,0
392,19,2026-09-29,sms,"Flag trend: Trend rule: each of the last 3 readings (151, 150, 158, 2026-09-14 to 2026-09-29) is at least 10 mmHg above the baseline of 133; and the last 4 readings (2026-09-14 to 2026-09-29) average 153, 20 mmHg above the baseline of 133 (rule: at least 15 mmHg over 4 readings) (baseline = first 3 readings).
Rule default: recheck_7_days.
Medicine taken at the last three contacts: partial, partial, yes.
Days since last contact: 0.
Patient messages:
""Sawa, nimeelewa.""
""presha leo 151/97""
""Pressure yangu ni 158/98, nimekunywa nusu dozi kwa sababu dawa zinakaribia kuisha.""",recheck_7_days,up,note,"missed_meds (generator note or message): Pressure yangu ni 158/98, nimekunywa nusu dozi kwa sababu dawa zinakaribia kuisha.","[{""code"": ""travelling"", ""quote"": ""anasafiri kwenda Bujumbura kwa wiki mbili""}]",visit_this_week,0,11.5,158,25.0,1.0,0,3,0,2,0,0,0,0
381,19,2026-09-30,chw,"Flag threshold: Latest BP 159/107 on 2026-09-30 is at or above the 'grade2' cut-off (160/100).
Flag trend: Trend rule: each of the last 3 readings (150, 158, 159, 2026-09-18 to 2026-09-30) is at least 10 mmHg above the baseline of 133; and the last 4 readings (2026-09-14 to 2026-09-30) average 154, 22 mmHg above the baseline of 133 (rule: at least 15 mmHg over 4 readings) (baseline = first 3 readings).
Rule default: visit_this_week.
Medicine taken at the last three contacts: yes, partial, partial.
Days since last contact: 0.
CHW notes:
""Patient bien, prend ses médicaments.""
Patient messages:
""Sawa, nimeelewa.""
""presha leo 151/97""
""Pressure yangu ni 158/98, nimekunywa nusu dozi kwa sababu dawa zinakaribia kuisha.""",visit_this_week,up,note,"missed_meds (generator note or message): Pressure yangu ni 158/98, nimekunywa nusu dozi kwa sababu dawa zinakaribia kuisha.","[{""code"": ""travelling"", ""quote"": ""anasafiri kwenda Bujumbura kwa wiki mbili""}]",refer_clinic,0,13.5,159,26.0,1.54,4,3,0,0,0,0,0,0
1705,19,2026-10-01,chw,"Flag threshold: Latest BP 164/101 on 2026-10-01 is at or above the 'grade2' cut-off (160/100).
Flag trend: Trend rule: each of the last 3 readings (158, 159, 164, 2026-09-29 to 2026-10-01) is at least 10 mmHg above the baseline of 133; and the last 4 readings (2026-09-18 to 2026-10-01) average 158, 25 mmHg above the baseline of 133 (rule: at least 15 mmHg over 4 readings) (baseline = first 3 readings).
Rule default: visit_this_week.
Medicine taken at the last three contacts: yes, yes, partial.
Days since last contact: 0.
CHW notes:
""Patient bien, prend ses médicaments.""
""Mgonjwa anasafiri kwenda Bujumbura kwa wiki mbili; ana simu na anajibu SMS.""
Patient messages:
""Sawa, nimeelewa.""
""presha leo 151/97""
""Pressure yangu ni 158/98, nimekunywa nusu dozi kwa sababu dawa zinakaribia kuisha.""",visit_this_week,down,case,travelling: Mgonjwa anasafiri kwenda Bujumbura kwa wiki mbili; ana simu na anajibu SMS.,"[{""code"": ""travelling"", ""quote"": ""anasafiri kwenda Bujumbura kwa wiki mbili""}]",recheck_7_days,0,14.5,164,31.0,2.49,4,3,0,0,0,0,0,0
396,20,2026-04-16,chw,"Flags: none.
Rule default: routine.
Medicine taken at the last three contacts: yes.
Days since last contact: 0.
CHW notes:
""Mgonjwa yuko sawa, anakunywa dawa.""",routine,none,,,[],routine,0,1.5,137,0.0,0.0,0,0,0,0,0,0,0,0
405,20,2026-04-17,sms,"Flags: none.
Rule default: routine.
Medicine taken at the last three contacts: yes, yes.
Days since last contact: 0.
CHW notes:
""Mgonjwa yuko sawa, anakunywa dawa.""
Patient messages:
""Ma tension est 138 sur 81, je prends bien mes médicaments chaque jour.""",routine,none,,,[],routine,0,1.5,138,0.5,1.0,0,0,0,0,0,0,0,0
393,20,2026-04-25,clinic,"Flags: none.
Rule default: routine.
Medicine taken at the last three contacts: yes, yes, yes.
Days since last contact: 0.
Patient messages:
""Ma tension est 138 sur 81, je prends bien mes médicaments chaque jour.""",routine,up,note,missed_meds (generator note or message): Renouvellement du traitement,"[{""code"": ""travelling"", ""quote"": ""leaves tomorrow to visit family in Bujumbura for two weeks""}]",recheck_7_days,0,1.5,130,-5.0,-3.5,0,0,0,0,0,0,0,0
406,20,2026-04-27,sms,"Flag borderline: Borderline: 4 readings in a row in the band just under the goal 140/90 (130-139 systolic or 85-89 diastolic): 137/81, 138/81, 130/77, 135/78 (2026-04-16 to 2026-04-27). No threshold crossed; recheck and ask for a weekly reading.
Rule default: recheck_7_days.
Medicine taken at the last three contacts: yes, yes, yes.
Days since last contact: 0.
Patient messages:
""Ma tension est 138 sur 81, je prends bien mes médicaments chaque jour.""
""J'ai mesuré au centre de santé : 135/78. Médicaments pris.""",recheck_7_days,up,note,missed_meds (generator note or message): Renouvellement du traitement,"[{""code"": ""travelling"", ""quote"": ""leaves tomorrow to visit family in Bujumbura for two weeks""}]",visit_this_week,0,3.5,135,0.0,-1.4,0,0,0,0,0,0,0,0
397,20,2026-05-07,chw,"Flag borderline: Borderline: 5 readings in a row in the band just under the goal 140/90 (130-139 systolic or 85-89 diastolic): 137/81, 138/81, 130/77, 135/78, 137/86 (2026-04-16 to 2026-05-07). No threshold crossed; recheck and ask for a weekly reading.
Rule default: recheck_7_days.
Medicine taken at the last three contacts: yes, yes, yes.
Days since last contact: 0.
CHW notes:
""Patient bien, prend ses médicaments.""
Patient messages:
""Ma tension est 138 sur 81, je prends bien mes médicaments chaque jour.""
""J'ai mesuré au centre de santé : 135/78. Médicaments pris.""",recheck_7_days,none,,,[],recheck_7_days,0,3.5,137,2.0,-0.3,0,0,0,0,0,0,0,0
407,20,2026-05-13,sms,"Flag borderline: Borderline: 5 readings in a row in the band just under the goal 140/90 (130-139 systolic or 85-89 diastolic): 137/81, 138/81, 130/77, 135/78, 137/86 (2026-04-16 to 2026-05-07). No threshold crossed; recheck and ask for a weekly reading.
Rule default: recheck_7_days.
Medicine taken at the last three contacts: yes, yes, yes.
Days since last contact: 0.
CHW notes:
""Patient bien, prend ses médicaments.""
Patient messages:
""Ma tension est 138 sur 81, je prends bien mes médicaments chaque jour.""
""J'ai mesuré au centre de santé : 135/78. Médicaments pris.""
""tension 140/82""",recheck_7_days,none,,,[],recheck_7_days,0,4.0,140,5.0,0.49,0,0,0,0,0,0,0,0
398,20,2026-05-21,chw,"Flag borderline: Borderline: 4 readings in a row in the band just under the goal 140/90 (130-139 systolic or 85-89 diastolic): 138/81, 130/77, 135/78, 137/86 (2026-04-17 to 2026-05-07). No threshold crossed; recheck and ask for a weekly reading.
Rule default: recheck_7_days.
Medicine taken at the last three contacts: yes, yes, yes.
Days since last contact: 0.
CHW notes:
""Home visit, no complaints.""
Patient messages:
""Ma tension est 138 sur 81, je prends bien mes médicaments chaque jour.""
""J'ai mesuré au centre de santé : 135/78. Médicaments pris.""
""tension 140/82""",recheck_7_days,none,,,[],recheck_7_days,0,3.5,138,3.0,0.91,0,0,0,0,0,0,0,0
408,20,2026-05-29,sms,"Flag borderline: Borderline: 3 readings in a row in the band just under the goal 140/90 (130-139 systolic or 85-89 diastolic): 130/77, 135/78, 137/86 (2026-04-25 to 2026-05-07). No threshold crossed; recheck and ask for a weekly reading.
Rule default: recheck_7_days.
Medicine taken at the last three contacts: yes, yes, yes.
Days since last contact: 0.
CHW notes:
""Home visit, no complaints.""
Patient messages:
""J'ai mesuré au centre de santé : 135/78. Médicaments pris.""
""tension 140/82""
""tension 137/79""",recheck_7_days,none,,,[],recheck_7_days,0,3.5,137,2.0,1.34,0,0,0,0,0,0,0,0
399,20,2026-06-06,chw,"Flag borderline: Borderline: the readings crossed the goal 140/90 3 times in the last 6 readings: 135/78, 137/86, 140/82, 138/84, 137/79, 140/80. No threshold crossed; recheck and ask for a weekly reading.
Rule default: recheck_7_days.
Medicine taken at the last three contacts: yes, yes, yes.
Days since last contact: 0.
CHW notes:
""Home visit, no complaints.""
Patient messages:
""J'ai mesuré au centre de santé : 135/78. Médicaments pris.""
""tension 140/82""
""tension 137/79""",recheck_7_days,none,,,[],recheck_7_days,0,4.0,140,5.0,0.66,0,0,0,0,0,0,0,0
409,20,2026-06-12,sms,"Flag borderline: Borderline: the readings crossed the goal 140/90 3 times in the last 6 readings: 137/86, 140/82, 138/84, 137/79, 140/80, 143/90. No threshold crossed; recheck and ask for a weekly reading.
Rule default: recheck_7_days.
Medicine taken at the last three contacts: yes, yes, yes.
Days since last contact: 0.
CHW notes:
""Home visit, no complaints.""
Patient messages:
""tension 140/82""
""tension 137/79""
""Bonjour, ma tension aujourd'hui est 143/90. J'ai pris mes médicaments.""",recheck_7_days,none,,,[],recheck_7_days,0,4.0,143,8.0,0.83,0,0,0,0,0,0,0,0
400,20,2026-06-24,chw,"Flag borderline: Borderline: the readings crossed the goal 140/90 3 times in the last 6 readings: 140/82, 138/84, 137/79, 140/80, 143/90, 138/82. No threshold crossed; recheck and ask for a weekly reading.
Rule default: recheck_7_days.
Medicine taken at the last three contacts: yes, yes, yes.
Days since last contact: 0.
CHW notes:
""Patient bien, prend ses médicaments.""
Patient messages:
""tension 140/82""
""tension 137/79""
""Bonjour, ma tension aujourd'hui est 143/90. J'ai pris mes médicaments.""",recheck_7_days,none,,,[],recheck_7_days,0,3.5,138,3.0,0.23,0,0,0,0,0,0,0,0
410,20,2026-06-25,sms,"Flag borderline: Borderline: the readings crossed the goal 140/90 2 times in the last 6 readings: 138/84, 137/79, 140/80, 143/90, 138/82, 132/82. No threshold crossed; recheck and ask for a weekly reading.
Rule default: recheck_7_days.
Medicine taken at the last three contacts: yes, yes, yes.
Days since last contact: 0.
CHW notes:
""Patient bien, prend ses médicaments.""
Patient messages:
""tension 137/79""
""Bonjour, ma tension aujourd'hui est 143/90. J'ai pris mes médicaments.""
""Ma tension est 132 sur 82, je prends bien mes médicaments chaque jour.""",recheck_7_days,none,,,[],recheck_7_days,0,3.5,132,-3.0,-0.69,0,0,0,0,0,0,0,0
394,20,2026-06-28,clinic,"Flag borderline: Borderline: 3 readings in a row in the band just under the goal 140/90 (130-139 systolic or 85-89 diastolic): 138/82, 132/82, 138/76 (2026-06-24 to 2026-06-28). No threshold crossed; recheck and ask for a weekly reading.
Rule default: recheck_7_days.
Medicine taken at the last three contacts: partial, yes, yes.
Days since last contact: 0.
Patient messages:
""tension 137/79""
""Bonjour, ma tension aujourd'hui est 143/90. J'ai pris mes médicaments.""
""Ma tension est 132 sur 82, je prends bien mes médicaments chaque jour.""",recheck_7_days,up,note,missed_meds (generator note or message): Renouvellement du traitement,"[{""code"": ""travelling"", ""quote"": ""leaves tomorrow to visit family in Bujumbura for two weeks""}]",visit_this_week,0,5.5,138,3.0,-0.69,0,0,0,2,0,0,0,0
411,20,2026-07-09,sms,"Flag borderline: Borderline: 4 readings in a row in the band just under the goal 140/90 (130-139 systolic or 85-89 diastolic): 138/82, 132/82, 138/76, 137/77 (2026-06-24 to 2026-07-09). No threshold crossed; recheck and ask for a weekly reading.
Rule default: recheck_7_days.
Medicine taken at the last three contacts: yes, partial, yes.
Days since last contact: 0.
Patient messages:
""Bonjour, ma tension aujourd'hui est 143/90. J'ai pris mes médicaments.""
""Ma tension est 132 sur 82, je prends bien mes médicaments chaque jour.""
""Ma tension est 137 sur 77, je prends bien mes médicaments chaque jour.""",recheck_7_days,up,note,missed_meds (generator note or message): Renouvellement du traitement,"[{""code"": ""travelling"", ""quote"": ""leaves tomorrow to visit family in Bujumbura for two weeks""}]",visit_this_week,0,3.5,137,2.0,-1.03,0,0,0,0,0,0,0,0
401,20,2026-07-22,chw,"Flag borderline: Borderline: 5 readings in a row in the band just under the goal 140/90 (130-139 systolic or 85-89 diastolic): 138/82, 132/82, 138/76, 137/77, 138/86 (2026-06-24 to 2026-07-22). No threshold crossed; recheck and ask for a weekly reading.
Rule default: recheck_7_days.
Medicine taken at the last three contacts: yes, yes, partial.
Days since last contact: 0.
CHW notes:
""Home visit, no complaints.""
Patient messages:
""Bonjour, ma tension aujourd'hui est 143/90. J'ai pris mes médicaments.""
""Ma tension est 132 sur 82, je prends bien mes médicaments chaque jour.""
""Ma tension est 137 sur 77, je prends bien mes médicaments chaque jour.""",recheck_7_days,none,,,[],recheck_7_days,0,3.5,138,3.0,-0.63,0,0,0,0,0,0,0,0
412,20,2026-07-27,sms,"Flag borderline: Borderline: 5 readings in a row in the band just under the goal 140/90 (130-139 systolic or 85-89 diastolic): 138/82, 132/82, 138/76, 137/77, 138/86 (2026-06-24 to 2026-07-22). No threshold crossed; recheck and ask for a weekly reading.
Rule default: recheck_7_days.
Medicine taken at the last three contacts: yes, yes, partial.
Days since last contact: 0.
CHW notes:
""Home visit, no complaints.""
Patient messages:
""Ma tension est 132 sur 82, je prends bien mes médicaments chaque jour.""
""Ma tension est 137 sur 77, je prends bien mes médicaments chaque jour.""
""tension 141/85""",recheck_7_days,none,,,[],recheck_7_days,0,4.0,141,6.0,0.91,0,0,0,0,0,0,0,0
413,20,2026-08-09,sms,"Flag borderline: Borderline: 4 readings in a row in the band just under the goal 140/90 (130-139 systolic or 85-89 diastolic): 132/82, 138/76, 137/77, 138/86 (2026-06-25 to 2026-07-22). No threshold crossed; recheck and ask for a weekly reading.
Rule default: recheck_7_days.
Medicine taken at the last three contacts: yes, yes, yes.
Days since last contact: 0.
Patient messages:
""Ma tension est 137 sur 77, je prends bien mes médicaments chaque jour.""
""tension 141/85""
""J'ai mesuré au centre de santé : 139/86. Médicaments pris.""",recheck_7_days,none,,,[],recheck_7_days,0,3.5,139,4.0,1.29,0,0,0,0,0,0,0,0
402,20,2026-08-14,chw,"Flag borderline: Borderline: 3 readings in a row in the band just under the goal 140/90 (130-139 systolic or 85-89 diastolic): 138/76, 137/77, 138/86 (2026-06-28 to 2026-07-22). No threshold crossed; recheck and ask for a weekly reading.
Rule default: recheck_7_days.
Medicine taken at the last three contacts: yes, yes, yes.
Days since last contact: 0.
CHW notes:
""Patient well, taking medicine.""
Patient messages:
""Ma tension est 137 sur 77, je prends bien mes médicaments chaque jour.""
""tension 141/85""
""J'ai mesuré au centre de santé : 139/86. Médicaments pris.""",recheck_7_days,none,,,[],recheck_7_days,0,4.0,140,5.0,0.54,0,0,0,0,0,0,0,0
414,20,2026-08-16,sms,"Flag borderline: Borderline: the readings crossed the goal 140/90 4 times in the last 6 readings: 137/77, 138/86, 141/85, 139/86, 140/84, 139/84. No threshold crossed; recheck and ask for a weekly reading.
Rule default: recheck_7_days.
Medicine taken at the last three contacts: yes, yes, yes.
Days since last contact: 0.
CHW notes:
""Patient well, taking medicine.""
Patient messages:
""tension 141/85""
""J'ai mesuré au centre de santé : 139/86. Médicaments pris.""
""Ma tension est 139 sur 84, je prends bien mes médicaments chaque jour.""",recheck_7_days,none,,,[],recheck_7_days,0,3.5,139,4.0,0.4,0,0,0,0,0,0,0,0
415,20,2026-08-28,sms,"Flag borderline: Borderline: the readings crossed the goal 140/90 5 times in the last 6 readings: 138/86, 141/85, 139/86, 140/84, 139/84, 138/92. No threshold crossed; recheck and ask for a weekly reading.
Rule default: recheck_7_days.
Medicine taken at the last three contacts: yes, yes, yes.
Days since last contact: 0.
Patient messages:
""J'ai mesuré au centre de santé : 139/86. Médicaments pris.""
""Ma tension est 139 sur 84, je prends bien mes médicaments chaque jour.""
""Bonjour, ma tension aujourd'hui est 138/92. J'ai pris mes médicaments.""",recheck_7_days,none,,,[],recheck_7_days,0,3.5,138,3.0,-0.14,0,0,0,0,0,0,0,0
395,20,2026-08-31,clinic,"Flag borderline: Borderline: the readings crossed the goal 140/90 5 times in the last 6 readings: 141/85, 139/86, 140/84, 139/84, 138/92, 125/70. No threshold crossed; recheck and ask for a weekly reading.
Rule default: recheck_7_days.
Medicine taken at the last three contacts: yes, yes, yes.
Days since last contact: 0.
Patient messages:
""J'ai mesuré au centre de santé : 139/86. Médicaments pris.""
""Ma tension est 139 sur 84, je prends bien mes médicaments chaque jour.""
""Bonjour, ma tension aujourd'hui est 138/92. J'ai pris mes médicaments.""",recheck_7_days,up,note,missed_meds (generator note or message): Renouvellement du traitement,"[{""code"": ""travelling"", ""quote"": ""leaves tomorrow to visit family in Bujumbura for two weeks""}]",visit_this_week,0,3.5,125,-10.0,-2.4,0,0,0,0,0,0,0,0
403,20,2026-09-11,chw,"Flag borderline: Borderline: the readings crossed the goal 140/90 4 times in the last 6 readings: 139/86, 140/84, 139/84, 138/92, 125/70, 126/70. No threshold crossed; recheck and ask for a weekly reading.
Rule default: recheck_7_days.
Medicine taken at the last three contacts: yes, yes, yes.
Days since last contact: 0.
CHW notes:
""Home visit, no complaints.""
Patient messages:
""J'ai mesuré au centre de santé : 139/86. Médicaments pris.""
""Ma tension est 139 sur 84, je prends bien mes médicaments chaque jour.""
""Bonjour, ma tension aujourd'hui est 138/92. J'ai pris mes médicaments.""",recheck_7_days,up,note,missed_meds (generator note or message): Renouvellement du traitement,"[{""code"": ""travelling"", ""quote"": ""leaves tomorrow to visit family in Bujumbura for two weeks""}]",visit_this_week,0,3.5,126,-9.0,-3.17,0,0,0,0,0,0,0,0
416,20,2026-09-12,sms,"Flag borderline: Borderline: the readings crossed the goal 140/90 4 times in the last 6 readings: 140/84, 139/84, 138/92, 125/70, 126/70, 144/88. No threshold crossed; recheck and ask for a weekly reading.
Rule default: recheck_7_days.
Medicine taken at the last three contacts: yes, yes, yes.
Days since last contact: 0.
CHW notes:
""Home visit, no complaints.""
Patient messages:
""Ma tension est 139 sur 84, je prends bien mes médicaments chaque jour.""
""Bonjour, ma tension aujourd'hui est 138/92. J'ai pris mes médicaments.""
""J'ai mesuré au centre de santé : 144/88. Médicaments pris.""",recheck_7_days,none,,,[],recheck_7_days,0,4.0,144,9.0,-0.91,0,0,0,0,0,0,0,0
404,20,2026-09-29,chw,"Flag borderline: Borderline: the readings crossed the goal 140/90 4 times in the last 6 readings: 139/84, 138/92, 125/70, 126/70, 144/88, 135/84. No threshold crossed; recheck and ask for a weekly reading.
Rule default: recheck_7_days.
Medicine taken at the last three contacts: yes, yes, yes.
Days since last contact: 0.
CHW notes:
""Patient bien, prend ses médicaments.""
Patient messages:
""Ma tension est 139 sur 84, je prends bien mes médicaments chaque jour.""
""Bonjour, ma tension aujourd'hui est 138/92. J'ai pris mes médicaments.""
""J'ai mesuré au centre de santé : 144/88. Médicaments pris.""",recheck_7_days,none,,,[],recheck_7_days,0,3.5,135,0.0,-0.03,0,0,0,0,0,0,0,0
417,20,2026-09-30,sms,"Flag threshold: Latest BP 164/101 on 2026-09-30 is at or above the 'grade2' cut-off (160/100).
Rule default: visit_this_week.
Medicine taken at the last three contacts: yes, yes, yes.
Days since last contact: 0.
CHW notes:
""Patient leaves tomorrow to visit family in Bujumbura for two weeks; has a phone and replies to SMS.""
Patient messages:
""Bonjour, ma tension aujourd'hui est 138/92. J'ai pris mes médicaments.""
""J'ai mesuré au centre de santé : 144/88. Médicaments pris.""
""Bjr, tension 139 sur 81 ce matin""",visit_this_week,none,,,[],visit_this_week,0,6.5,164,29.0,6.43,4,0,0,0,0,0,0,0
1711,20,2026-09-30,chw,"Flag threshold: Latest BP 164/101 on 2026-09-30 is at or above the 'grade2' cut-off (160/100).
Rule default: visit_this_week.
Medicine taken at the last three contacts: yes, yes, yes.
Days since last contact: 0.
CHW notes:
""Patient leaves tomorrow to visit family in Bujumbura for two weeks; has a phone and replies to SMS.""
Patient messages:
""Bonjour, ma tension aujourd'hui est 138/92. J'ai pris mes médicaments.""
""J'ai mesuré au centre de santé : 144/88. Médicaments pris.""
""Bjr, tension 139 sur 81 ce matin""",visit_this_week,down,case,travelling: Patient leaves tomorrow to visit family in Bujumbura for two weeks; has a phone and replies to SMS.,"[{""code"": ""travelling"", ""quote"": ""leaves tomorrow to visit family in Bujumbura for two weeks""}]",recheck_7_days,0,6.5,164,29.0,6.43,4,0,0,0,0,0,0,0
421,21,2026-04-18,chw,"Flags: none.
Rule default: routine.
Medicine taken at the last three contacts: yes.
Days since last contact: 0.
CHW notes:
""Home visit, no complaints.""",routine,none,,,[],routine,0,3.5,135,0.0,0.0,0,0,0,0,0,0,0,0
429,21,2026-04-19,sms,"Flags: none.
Rule default: routine.
Medicine taken at the last three contacts: yes.
Days since last contact: 0.
CHW notes:
""Home visit, no complaints.""
Patient messages:
""144/89 leo. Asante""",routine,none,,,[],routine,0,4.5,144,4.5,9.0,0,0,0,0,0,0,0,0
418,21,2026-04-26,clinic,"Flags: none.
Rule default: routine.
Medicine taken at the last three contacts: yes, yes.
Days since last contact: 0.
Patient messages:
""144/89 leo. Asante""",routine,none,,,[],routine,0,4.5,141,1.0,3.0,0,0,0,0,0,0,0,0
422,21,2026-05-06,chw,"Flags: none.
Rule default: routine.
Medicine taken at the last three contacts: yes, yes, yes.
Days since last contact: 0.
CHW notes:
""Patient bien, prend ses médicaments.""
Patient messages:
""144/89 leo. Asante""",routine,none,,,[],routine,0,3.5,131,-9.0,-1.5,0,0,0,0,0,0,0,0
430,21,2026-05-10,sms,"Flag borderline: Borderline: the readings crossed the goal 140/90 2 times in the last 5 readings: 135/90, 144/89, 141/96, 131/85, 145/88. No threshold crossed; recheck and ask for a weekly reading.
Rule default: recheck_7_days.
Medicine taken at the last three contacts: yes, yes, yes.
Days since last contact: 0.
CHW notes:
""Patient bien, prend ses médicaments.""
Patient messages:
""144/89 leo. Asante""
""Mimi ni mzima. Presha ni 145/88, nakunywa dawa kila siku.""",recheck_7_days,none,,,[],recheck_7_days,0,6.5,145,5.0,0.7,0,0,0,0,0,0,0,0
431,21,2026-05-28,sms,"Flag borderline: Borderline: the readings crossed the goal 140/90 2 times in the last 6 readings: 135/90, 144/89, 141/96, 131/85, 145/88, 140/92. No threshold crossed; recheck and ask for a weekly reading.
Rule default: recheck_7_days.
Medicine taken at the last three contacts: yes, yes, yes.
Days since last contact: 0.
Patient messages:
""Mimi ni mzima. Presha ni 145/88, nakunywa dawa kila siku.""
""Naweza kunywa dawa ya presha pamoja na chakula?""
""Habari daktari, presha yangu ni 140 kwa 92. Nimekunywa dawa zangu.""",recheck_7_days,none,,,[],recheck_7_days,0,6.5,140,0.0,0.51,0,0,0,0,0,0,0,0
423,21,2026-05-30,chw,"Flag borderline: Borderline: the readings crossed the goal 140/90 2 times in the last 6 readings: 144/89, 141/96, 131/85, 145/88, 140/92, 142/93. No threshold crossed; recheck and ask for a weekly reading.
Rule default: recheck_7_days.
Medicine taken at the last three contacts: yes, yes, yes.
Days since last contact: 0.
CHW notes:
""Mgonjwa yuko sawa, anakunywa dawa.""
Patient messages:
""Mimi ni mzima. Presha ni 145/88, nakunywa dawa kila siku.""
""Naweza kunywa dawa ya presha pamoja na chakula?""
""Habari daktari, presha yangu ni 140 kwa 92. Nimekunywa dawa zangu.""",recheck_7_days,none,,,[],recheck_7_days,0,6.5,142,2.0,0.03,0,0,0,0,0,0,0,0
432,21,2026-06-05,sms,"Flag borderline: Borderline: the readings crossed the goal 140/90 2 times in the last 6 readings: 141/96, 131/85, 145/88, 140/92, 142/93, 141/87. No threshold crossed; recheck and ask for a weekly reading.
Rule default: recheck_7_days.
Medicine taken at the last three contacts: yes, yes, yes.
Days since last contact: 0.
CHW notes:
""Mgonjwa yuko sawa, anakunywa dawa.""
Patient messages:
""Naweza kunywa dawa ya presha pamoja na chakula?""
""Habari daktari, presha yangu ni 140 kwa 92. Nimekunywa dawa zangu.""
""Shikamoo. Nimepima leo 141/87, dawa nimekunywa asubuhi.""",recheck_7_days,none,,,[],recheck_7_days,0,6.5,141,1.0,0.8,0,0,0,0,0,0,0,0
433,21,2026-06-14,sms,"Flags: none.
Rule default: routine.
Medicine taken at the last three contacts: yes, yes, yes.
Days since last contact: 0.
Patient messages:
""Shikamoo. Nimepima leo 141/87, dawa nimekunywa asubuhi.""
""Dawa zangu zimeisha, nitapata wapi zingine?""
""Mimi ni mzima. Presha ni 142/88, nakunywa dawa kila siku.""",routine,none,,,[],routine,0,4.5,142,2.0,1.29,0,0,0,0,0,0,0,0
424,21,2026-06-15,chw,"Flags: none.
Rule default: routine.
Medicine taken at the last three contacts: yes, yes, yes.
Days since last contact: 0.
CHW notes:
""Patient well, taking medicine.""
Patient messages:
""Shikamoo. Nimepima leo 141/87, dawa nimekunywa asubuhi.""
""Dawa zangu zimeisha, nitapata wapi zingine?""
""Mimi ni mzima. Presha ni 142/88, nakunywa dawa kila siku.""",routine,none,,,[],routine,0,3.5,136,-4.0,-1.14,0,0,0,0,0,0,0,0
434,21,2026-06-25,sms,"Flag borderline: Borderline: the readings crossed the goal 140/90 2 times in the last 6 readings: 140/92, 142/93, 141/87, 142/88, 136/88, 141/89. No threshold crossed; recheck and ask for a weekly reading.
Rule default: recheck_7_days.
Medicine taken at the last three contacts: yes, yes, yes.
Days since last contact: 0.
CHW notes:
""Patient well, taking medicine.""
Patient messages:
""Dawa zangu zimeisha, nitapata wapi zingine?""
""Mimi ni mzima. Presha ni 142/88, nakunywa dawa kila siku.""
""Shikamoo. Nimepima leo 141/89, dawa nimekunywa asubuhi.""",recheck_7_days,none,,,[],recheck_7_days,0,6.5,141,1.0,-0.34,0,0,0,0,0,0,0,0
419,21,2026-07-04,clinic,"Flag borderline: Borderline: the readings crossed the goal 140/90 3 times in the last 6 readings: 142/93, 141/87, 142/88, 136/88, 141/89, 135/87. No threshold crossed; recheck and ask for a weekly reading.
Rule default: recheck_7_days.
Medicine taken at the last three contacts: yes, yes, yes.
Days since last contact: 0.
Patient messages:
""Dawa zangu zimeisha, nitapata wapi zingine?""
""Mimi ni mzima. Presha ni 142/88, nakunywa dawa kila siku.""
""Shikamoo. Nimepima leo 141/89, dawa nimekunywa asubuhi.""",recheck_7_days,up,note,missed_meds (generator note or message): Dawa zimeisha,[],visit_this_week,0,5.5,135,-5.0,-1.17,0,0,0,0,0,0,0,0
435,21,2026-07-06,sms,"Flag borderline: Borderline: the readings crossed the goal 140/90 4 times in the last 6 readings: 141/87, 142/88, 136/88, 141/89, 135/87, 152/91. No threshold crossed; recheck and ask for a weekly reading.
Rule default: recheck_7_days.
Medicine taken at the last three contacts: yes, yes, yes.
Days since last contact: 0.
Patient messages:
""Mimi ni mzima. Presha ni 142/88, nakunywa dawa kila siku.""
""Shikamoo. Nimepima leo 141/89, dawa nimekunywa asubuhi.""
""Habari daktari, presha yangu ni 152 kwa 91. Nimekunywa dawa zangu.""",recheck_7_days,up,note,missed_meds (generator note or message): Dawa zimeisha,[],visit_this_week,0,6.5,152,12.0,1.11,0,0,0,0,0,0,0,0
425,21,2026-07-11,chw,"Flag borderline: Borderline: the readings crossed the goal 140/90 4 times in the last 6 readings: 142/88, 136/88, 141/89, 135/87, 152/91, 141/86. No threshold crossed; recheck and ask for a weekly reading.
Rule default: recheck_7_days.
Medicine taken at the last three contacts: yes, yes, yes.
Days since last contact: 0.
CHW notes:
""Home visit, no complaints.""
Patient messages:
""Mimi ni mzima. Presha ni 142/88, nakunywa dawa kila siku.""
""Shikamoo. Nimepima leo 141/89, dawa nimekunywa asubuhi.""
""Habari daktari, presha yangu ni 152 kwa 91. Nimekunywa dawa zangu.""",recheck_7_days,none,,,[],recheck_7_days,0,6.5,141,1.0,1.06,0,0,0,0,0,0,0,0
426,21,2026-07-27,chw,"Flag borderline: Borderline: the readings crossed the goal 140/90 2 times in the last 6 readings: 141/89, 135/87, 152/91, 141/86, 140/86, 145/91. No threshold crossed; recheck and ask for a weekly reading.
Rule default: recheck_7_days.
Medicine taken at the last three contacts: yes, yes, yes.
Days since last contact: 0.
CHW notes:
""Patient bien, prend ses médicaments.""
Patient messages:
""Shikamoo. Nimepima leo 141/89, dawa nimekunywa asubuhi.""
""Habari daktari, presha yangu ni 152 kwa 91. Nimekunywa dawa zangu.""
""Habari daktari, presha yangu ni 145 kwa 91. Nimekunywa dawa zangu.""",recheck_7_days,none,,,[],recheck_7_days,0,6.5,145,5.0,0.69,0,0,0,0,0,0,0,0
436,21,2026-07-27,sms,"Flag borderline: Borderline: the readings crossed the goal 140/90 2 times in the last 6 readings: 141/89, 135/87, 152/91, 141/86, 140/86, 145/91. No threshold crossed; recheck and ask for a weekly reading.
Rule default: recheck_7_days.
Medicine taken at the last three contacts: yes, yes, yes.
Days since last contact: 0.
CHW notes:
""Patient bien, prend ses médicaments.""
Patient messages:
""Shikamoo. Nimepima leo 141/89, dawa nimekunywa asubuhi.""
""Habari daktari, presha yangu ni 152 kwa 91. Nimekunywa dawa zangu.""
""Habari daktari, presha yangu ni 145 kwa 91. Nimekunywa dawa zangu.""",recheck_7_days,none,,,[],recheck_7_days,0,6.5,145,5.0,0.69,0,0,0,0,0,0,0,0
437,21,2026-08-05,sms,"Flags: none.
Rule default: routine.
Medicine taken at the last three contacts: yes, yes, yes.
Days since last contact: 0.
Patient messages:
""Habari daktari, presha yangu ni 152 kwa 91. Nimekunywa dawa zangu.""
""Habari daktari, presha yangu ni 145 kwa 91. Nimekunywa dawa zangu.""
""presha leo 141/87""",routine,none,,,[],routine,0,4.5,141,1.0,0.23,0,0,0,0,0,0,0,0
438,21,2026-08-12,sms,"Flags: none.
Rule default: routine.
Medicine taken at the last three contacts: yes, yes, yes.
Days since last contact: 0.
Patient messages:
""Habari daktari, presha yangu ni 145 kwa 91. Nimekunywa dawa zangu.""
""presha leo 141/87""
""145/86 leo. Asante""",routine,none,,,[],routine,0,4.5,145,5.0,-0.86,0,0,0,0,0,0,0,0
427,21,2026-08-22,chw,"Flags: none.
Rule default: routine.
Medicine taken at the last three contacts: yes, yes, yes.
Days since last contact: 0.
CHW notes:
""Home visit, no complaints.""
Patient messages:
""Habari daktari, presha yangu ni 145 kwa 91. Nimekunywa dawa zangu.""
""presha leo 141/87""
""145/86 leo. Asante""",routine,none,,,[],routine,0,4.5,142,2.0,0.46,0,0,0,0,0,0,0,0
439,21,2026-09-01,sms,"Flags: none.
Rule default: routine.
Medicine taken at the last three contacts: yes, yes, yes.
Days since last contact: 0.
CHW notes:
""Home visit, no complaints.""
Patient messages:
""presha leo 141/87""
""145/86 leo. Asante""
""presha leo 147/95""",routine,none,,,[],routine,0,4.5,147,7.0,0.86,0,0,0,0,0,0,0,0
428,21,2026-09-11,chw,"Flags: none.
Rule default: routine.
Medicine taken at the last three contacts: yes, yes, yes.
Days since last contact: 0.
CHW notes:
""Patient well, taking medicine.""
Patient messages:
""presha leo 141/87""
""145/86 leo. Asante""
""presha leo 147/95""",routine,none,,,[],routine,1,4.5,150,10.0,1.14,0,0,0,0,0,0,0,0
440,21,2026-09-15,sms,"Flags: none.
Rule default: routine.
Medicine taken at the last three contacts: yes, yes, yes.
Days since last contact: 0.
CHW notes:
""Patient well, taking medicine.""
Patient messages:
""145/86 leo. Asante""
""presha leo 147/95""
""Shikamoo. Nimepima leo 147/89, dawa nimekunywa asubuhi.""",routine,none,,,[],routine,1,4.5,147,7.0,1.43,0,0,0,0,0,0,0,0
420,21,2026-09-25,clinic,"Flag trend: Trend rule: the last 4 readings (2026-09-11 to 2026-09-25) average 156, 16 mmHg above the baseline of 140 (rule: at least 15 mmHg over 4 readings) (baseline = first 3 readings).
Rule default: recheck_7_days.
Medicine taken at the last three contacts: yes, yes, yes.
Days since last contact: 0.
Patient messages:
""presha leo 147/95""
""Shikamoo. Nimepima leo 147/89, dawa nimekunywa asubuhi.""
""Habari daktari, presha yangu ni 159 kwa 99. Nimekunywa dawa zangu.""",recheck_7_days,up,note,missed_meds (generator note or message): Dawa zimeisha,[],visit_this_week,1,7.5,159,19.0,3.97,0,3,0,0,0,0,0,0
441,21,2026-09-25,sms,"Flag trend: Trend rule: the last 4 readings (2026-09-11 to 2026-09-25) average 156, 16 mmHg above the baseline of 140 (rule: at least 15 mmHg over 4 readings) (baseline = first 3 readings).
Rule default: recheck_7_days.
Medicine taken at the last three contacts: yes, yes, yes.
Days since last contact: 0.
Patient messages:
""presha leo 147/95""
""Shikamoo. Nimepima leo 147/89, dawa nimekunywa asubuhi.""
""Habari daktari, presha yangu ni 159 kwa 99. Nimekunywa dawa zangu.""",recheck_7_days,up,note,missed_meds (generator note or message): Dawa zimeisha,[],visit_this_week,1,7.5,159,19.0,3.97,0,3,0,0,0,0,0,0
443,21,2026-10-01,chw,"Flag threshold: Latest BP 164/99 on 2026-10-01 is at or above the 'grade2' cut-off (160/100).
Flag trend: Trend rule: each of the last 3 readings (166, 159, 164, 2026-09-25 to 2026-10-01) is at least 10 mmHg above the baseline of 140; and the last 4 readings (2026-09-15 to 2026-10-01) average 159, 19 mmHg above the baseline of 140 (rule: at least 15 mmHg over 4 readings) (baseline = first 3 readings).
Flag symptom: Symptom 'headache' reported on 2026-10-01; latest BP 164/99 is not under the goal 140/90 (bp_goal).
Rule default: visit_this_week.
Medicine taken at the last three contacts: yes, yes, yes.
Days since last contact: 0.
CHW notes:
""Feeling unwell, headache.""
Patient messages:
""Shikamoo. Nimepima leo 147/89, dawa nimekunywa asubuhi.""
""Habari daktari, presha yangu ni 159 kwa 99. Nimekunywa dawa zangu.""
""Sawa, nimeelewa.""",visit_this_week,none,,,[],visit_this_week,1,25.0,164,24.0,3.74,4,3,10,0,0,2,0,0
442,21,2026-10-02,sms,"Flag threshold: Latest BP 172/103 on 2026-10-02 is at or above the 'grade2' cut-off (160/100).
Flag trend: Trend rule: each of the last 3 readings (159, 164, 172, 2026-09-25 to 2026-10-02) is at least 10 mmHg above the baseline of 140; and the last 4 readings (2026-09-25 to 2026-10-02) average 165, 25 mmHg above the baseline of 140 (rule: at least 15 mmHg over 4 readings) (baseline = first 3 readings).
Rule default: visit_this_week.
Medicine taken at the last three contacts: yes, yes, yes.
Days since last contact: 0.
CHW notes:
""Feeling unwell, headache.""
Patient messages:
""Habari daktari, presha yangu ni 159 kwa 99. Nimekunywa dawa zangu.""
""Sawa, nimeelewa.""
""Habari daktari, presha yangu ni 172 kwa 103. Nimekunywa dawa zangu.""",visit_this_week,none,,,[],visit_this_week,1,15.0,172,32.0,4.4,4,3,0,0,0,2,0,0
446,22,2026-04-11,chw,"Flags: none.
Rule default: routine.
Medicine taken at the last three contacts: yes.
Days since last contact: 0.
CHW notes:
""Home visit, no complaints.""",routine,none,,,[],routine,0,1.0,131,0.0,0.0,0,0,0,0,0,0,0,0
444,22,2026-04-15,clinic,"Flags: none.
Rule default: routine.
Medicine taken at the last three contacts: yes, yes.
Days since last contact: 0.
CHW notes:
""Home visit, no complaints.""",routine,up,note,missed_meds (generator note or message): Dawa zimeisha,"[{""code"": ""side_effect"", ""quote"": ""Pieds et chevilles gonflés depuis le début du nouveau médicament""}]",recheck_7_days,0,1.0,122,-4.5,-9.0,0,0,0,0,0,0,0,0
454,22,2026-04-19,sms,"Flags: none.
Rule default: routine.
Medicine taken at the last three contacts: yes, yes.
Days since last contact: 0.
Patient messages:
""presha leo 128/77""",routine,up,note,missed_meds (generator note or message): Dawa zimeisha,"[{""code"": ""side_effect"", ""quote"": ""Pieds et chevilles gonflés depuis le début du nouveau médicament""}]",recheck_7_days,0,1.0,128,1.0,-1.5,0,0,0,0,0,0,0,0
447,22,2026-05-03,chw,"Flags: none.
Rule default: routine.
Medicine taken at the last three contacts: yes, yes, yes.
Days since last contact: 0.
CHW notes:
""Patient bien, prend ses médicaments.""
Patient messages:
""presha leo 128/77""",routine,none,,,[],routine,0,1.0,125,-2.0,-1.2,0,0,0,0,0,0,0,0
455,22,2026-05-07,sms,"Flags: none.
Rule default: routine.
Medicine taken at the last three contacts: yes, yes, yes.
Days since last contact: 0.
CHW notes:
""Patient bien, prend ses médicaments.""
Patient messages:
""presha leo 128/77""
""Habari daktari, presha yangu ni 133 kwa 82. Nimekunywa dawa zangu.""",routine,none,,,[],routine,0,1.0,133,6.0,0.7,0,0,0,0,0,0,0,0
456,22,2026-05-22,sms,"Flags: none.
Rule default: routine.
Medicine taken at the last three contacts: yes, yes, yes.
Days since last contact: 0.
Patient messages:
""presha leo 128/77""
""Habari daktari, presha yangu ni 133 kwa 82. Nimekunywa dawa zangu.""
""Shikamoo. Nimepima leo 122/65, dawa nimekunywa asubuhi.""",routine,none,,,[],routine,0,1.0,122,-5.0,-0.43,0,0,0,0,0,0,0,0
448,22,2026-05-23,chw,"Flags: none.
Rule default: routine.
Medicine taken at the last three contacts: yes, yes, yes.
Days since last contact: 0.
CHW notes:
""Mgonjwa yuko sawa, anakunywa dawa.""
Patient messages:
""presha leo 128/77""
""Habari daktari, presha yangu ni 133 kwa 82. Nimekunywa dawa zangu.""
""Shikamoo. Nimepima leo 122/65, dawa nimekunywa asubuhi.""",routine,none,,,[],routine,0,1.0,130,3.0,0.86,0,0,0,0,0,0,0,0
457,22,2026-05-31,sms,"Flags: none.
Rule default: routine.
Medicine taken at the last three contacts: yes, yes, yes.
Days since last contact: 0.
CHW notes:
""Mgonjwa yuko sawa, anakunywa dawa.""
Patient messages:
""Habari daktari, presha yangu ni 133 kwa 82. Nimekunywa dawa zangu.""
""Shikamoo. Nimepima leo 122/65, dawa nimekunywa asubuhi.""
""presha leo 129/79""",routine,none,,,[],routine,0,1.0,129,2.0,0.26,0,0,0,0,0,0,0,0
449,22,2026-06-13,chw,"Flags: none.
Rule default: routine.
Medicine taken at the last three contacts: yes, yes, yes.
Days since last contact: 0.
CHW notes:
""Mgonjwa yuko sawa, anakunywa dawa.""
Patient messages:
""Habari daktari, presha yangu ni 133 kwa 82. Nimekunywa dawa zangu.""
""Shikamoo. Nimepima leo 122/65, dawa nimekunywa asubuhi.""
""presha leo 129/79""",routine,none,,,[],routine,0,1.0,125,-2.0,-0.11,0,0,0,0,0,0,0,0
458,22,2026-06-20,sms,"Flags: none.
Rule default: routine.
Medicine taken at the last three contacts: yes, yes, yes.
Days since last contact: 0.
CHW notes:
""Mgonjwa yuko sawa, anakunywa dawa.""
Patient messages:
""Shikamoo. Nimepima leo 122/65, dawa nimekunywa asubuhi.""
""presha leo 129/79""
""Shikamoo. Nimepima leo 130/80, dawa nimekunywa asubuhi.""",routine,none,,,[],routine,0,1.0,130,3.0,-0.2,0,0,0,0,0,0,0,0
459,22,2026-07-04,sms,"Flags: none.
Rule default: routine.
Medicine taken at the last three contacts: yes, yes, yes.
Days since last contact: 0.
Patient messages:
""presha leo 129/79""
""Shikamoo. Nimepima leo 130/80, dawa nimekunywa asubuhi.""
""Habari daktari, presha yangu ni 129 kwa 77. Nimekunywa dawa zangu.""",routine,none,,,[],routine,0,1.0,129,2.0,0.89,0,0,0,0,0,0,0,0
445,22,2026-07-10,clinic,"Flags: none.
Rule default: routine.
Medicine taken at the last three contacts: yes, yes, yes.
Days since last contact: 0.
Patient messages:
""presha leo 129/79""
""Shikamoo. Nimepima leo 130/80, dawa nimekunywa asubuhi.""
""Habari daktari, presha yangu ni 129 kwa 77. Nimekunywa dawa zangu.""",routine,none,,,[],routine,0,1.0,131,4.0,0.29,0,0,0,0,0,0,0,0
450,22,2026-07-11,chw,"Flags: none.
Rule default: routine.
Medicine taken at the last three contacts: yes, yes, yes.
Days since last contact: 0.
CHW notes:
""Patient well, taking medicine.""
Patient messages:
""presha leo 129/79""
""Shikamoo. Nimepima leo 130/80, dawa nimekunywa asubuhi.""
""Habari daktari, presha yangu ni 129 kwa 77. Nimekunywa dawa zangu.""",routine,none,,,[],routine,0,1.0,129,2.0,0.49,0,0,0,0,0,0,0,0
460,22,2026-07-14,sms,"Flags: none.
Rule default: routine.
Medicine taken at the last three contacts: yes, yes, yes.
Days since last contact: 0.
CHW notes:
""Patient well, taking medicine.""
Patient messages:
""Shikamoo. Nimepima leo 130/80, dawa nimekunywa asubuhi.""
""Habari daktari, presha yangu ni 129 kwa 77. Nimekunywa dawa zangu.""
""Habari daktari, presha yangu ni 127 kwa 81. Nimekunywa dawa zangu.""",routine,none,,,[],routine,0,1.0,127,0.0,0.26,0,0,0,0,0,0,0,0
461,22,2026-07-31,sms,"Flags: none.
Rule default: routine.
Medicine taken at the last three contacts: yes, yes, yes.
Days since last contact: 0.
Patient messages:
""Habari daktari, presha yangu ni 127 kwa 81. Nimekunywa dawa zangu.""
""Je, niendelee kunywa dawa hata kama najisikia vizuri?""
""Shikamoo. Nimepima leo 128/76, dawa nimekunywa asubuhi.""",routine,none,,,[],routine,0,3.0,128,1.0,-0.51,0,0,0,0,0,0,0,2
451,22,2026-08-04,chw,"Flags: none.
Rule default: routine.
Medicine taken at the last three contacts: yes, yes, yes.
Days since last contact: 0.
CHW notes:
""Patient well, taking medicine.""
Patient messages:
""Habari daktari, presha yangu ni 127 kwa 81. Nimekunywa dawa zangu.""
""Je, niendelee kunywa dawa hata kama najisikia vizuri?""
""Shikamoo. Nimepima leo 128/76, dawa nimekunywa asubuhi.""",routine,none,,,[],routine,0,3.0,135,8.0,0.54,0,0,0,0,0,0,0,2
462,22,2026-08-11,sms,"Flags: none.
Rule default: routine.
Medicine taken at the last three contacts: yes, yes, yes.
Days since last contact: 0.
CHW notes:
""Patient well, taking medicine.""
Patient messages:
""Je, niendelee kunywa dawa hata kama najisikia vizuri?""
""Shikamoo. Nimepima leo 128/76, dawa nimekunywa asubuhi.""
""Habari daktari, presha yangu ni 129 kwa 77. Nimekunywa dawa zangu.""",routine,none,,,[],routine,0,3.0,129,2.0,0.26,0,0,0,0,0,0,0,2
463,22,2026-08-19,sms,"Flags: none.
Rule default: routine.
Medicine taken at the last three contacts: yes, yes, yes.
Days since last contact: 0.
Patient messages:
""Shikamoo. Nimepima leo 128/76, dawa nimekunywa asubuhi.""
""Habari daktari, presha yangu ni 129 kwa 77. Nimekunywa dawa zangu.""
""133/83 leo. Asante""",routine,none,,,[],routine,0,3.0,133,6.0,0.94,0,0,0,0,0,0,0,2
452,22,2026-08-26,chw,"Flags: none.
Rule default: routine.
Medicine taken at the last three contacts: yes, yes, yes.
Days since last contact: 0.
CHW notes:
""Home visit, no complaints.""
Patient messages:
""Shikamoo. Nimepima leo 128/76, dawa nimekunywa asubuhi.""
""Habari daktari, presha yangu ni 129 kwa 77. Nimekunywa dawa zangu.""
""133/83 leo. Asante""",routine,none,,,[],routine,0,3.0,142,15.0,2.4,0,0,0,0,0,0,0,2
464,22,2026-08-27,sms,"Flag borderline: Borderline: the readings crossed the goal 140/90 2 times in the last 6 readings: 128/76, 135/84, 129/77, 133/83, 142/89, 121/75. No threshold crossed; recheck and ask for a weekly reading.
Rule default: recheck_7_days.
Medicine taken at the last three contacts: yes, yes, yes.
Days since last contact: 0.
CHW notes:
""Home visit, no complaints.""
Patient messages:
""Habari daktari, presha yangu ni 129 kwa 77. Nimekunywa dawa zangu.""
""133/83 leo. Asante""
""Mimi ni mzima. Presha ni 121/75, nakunywa dawa kila siku.""",recheck_7_days,none,,,[],recheck_7_days,0,5.0,121,-6.0,-0.29,0,0,0,0,0,0,0,2
465,22,2026-09-10,sms,"Flag borderline: Borderline: the readings crossed the goal 140/90 2 times in the last 6 readings: 135/84, 129/77, 133/83, 142/89, 121/75, 130/87. No threshold crossed; recheck and ask for a weekly reading.
Rule default: recheck_7_days.
Medicine taken at the last three contacts: yes, yes, yes.
Days since last contact: 0.
Patient messages:
""133/83 leo. Asante""
""Mimi ni mzima. Presha ni 121/75, nakunywa dawa kila siku.""
""Habari daktari, presha yangu ni 130 kwa 87. Nimekunywa dawa zangu.""",recheck_7_days,none,,,[],recheck_7_days,0,5.0,130,3.0,-1.14,0,0,0,0,0,0,0,2
453,22,2026-09-14,chw,"Flag borderline: Borderline: the readings crossed the goal 140/90 2 times in the last 6 readings: 129/77, 133/83, 142/89, 121/75, 130/87, 132/73. No threshold crossed; recheck and ask for a weekly reading.
Rule default: recheck_7_days.
Medicine taken at the last three contacts: yes, yes, yes.
Days since last contact: 0.
CHW notes:
""Home visit, no complaints.""
Patient messages:
""133/83 leo. Asante""
""Mimi ni mzima. Presha ni 121/75, nakunywa dawa kila siku.""
""Habari daktari, presha yangu ni 130 kwa 87. Nimekunywa dawa zangu.""",recheck_7_days,none,,,[],recheck_7_days,0,5.0,132,5.0,-0.43,0,0,0,0,0,0,0,2
466,22,2026-09-25,sms,"Flag borderline: Borderline: 3 readings in a row in the band just under the goal 140/90 (130-139 systolic or 85-89 diastolic): 130/87, 132/73, 131/83 (2026-09-10 to 2026-09-25). No threshold crossed; recheck and ask for a weekly reading.
Rule default: recheck_7_days.
Medicine taken at the last three contacts: yes, yes, yes.
Days since last contact: 0.
CHW notes:
""Home visit, no complaints.""
Patient messages:
""Mimi ni mzima. Presha ni 121/75, nakunywa dawa kila siku.""
""Habari daktari, presha yangu ni 130 kwa 87. Nimekunywa dawa zangu.""
""Habari daktari, presha yangu ni 131 kwa 83. Nimekunywa dawa zangu.""",recheck_7_days,none,,,[],recheck_7_days,0,5.0,131,4.0,-0.89,0,0,0,0,0,0,0,2
1708,22,2026-09-30,chw,"Flag threshold: Latest BP 166/101 on 2026-09-30 is at or above the 'grade2' cut-off (160/100).
Rule default: visit_this_week.
Medicine taken at the last three contacts: yes, yes, yes.
Days since last contact: 0.
CHW notes:
""Pieds et chevilles gonflés depuis le début du nouveau médicament.""
Patient messages:
""Mimi ni mzima. Presha ni 121/75, nakunywa dawa kila siku.""
""Habari daktari, presha yangu ni 130 kwa 87. Nimekunywa dawa zangu.""
""Habari daktari, presha yangu ni 131 kwa 83. Nimekunywa dawa zangu.""",visit_this_week,up,case,side_effect: Pieds et chevilles gonflés depuis le début du nouveau médicament.,"[{""code"": ""side_effect"", ""quote"": ""Pieds et chevilles gonflés depuis le début du nouveau médicament""}]",refer_clinic,0,7.5,166,39.0,4.34,4,0,0,0,0,0,0,2
469,23,2026-04-09,chw,"Flags: none.
Rule default: routine.
Medicine taken at the last three contacts: yes.
Days since last contact: 0.
CHW notes:
""Patient well, taking medicine.""",routine,none,,,[],routine,0,3.5,140,0.0,0.0,0,0,0,0,0,0,0,0
478,23,2026-04-11,sms,"Flags: none.
Rule default: routine.
Medicine taken at the last three contacts: yes.
Days since last contact: 0.
CHW notes:
""Patient well, taking medicine.""
Patient messages:
""148/89 leo. Asante""",routine,none,,,[],routine,0,3.5,148,4.0,8.0,0,0,0,0,0,0,0,0
479,23,2026-04-18,sms,"Flags: none.
Rule default: routine.
Medicine taken at the last three contacts: yes.
Days since last contact: 0.
Patient messages:
""148/89 leo. Asante""
""presha leo 141/83""",routine,none,,,[],routine,0,3.5,141,-2.0,0.5,0,0,0,0,0,0,0,0
467,23,2026-04-25,clinic,"Flags: none.
Rule default: routine.
Medicine taken at the last three contacts: yes, yes.
Days since last contact: 0.
Patient messages:
""148/89 leo. Asante""
""presha leo 141/83""
""Mungu akubariki mhudumu.""",routine,none,,,[],routine,0,3.5,143,0.0,0.2,0,0,0,0,0,0,0,0
480,23,2026-04-29,sms,"Flags: none.
Rule default: routine.
Medicine taken at the last three contacts: yes, yes.
Days since last contact: 0.
Patient messages:
""presha leo 141/83""
""Mungu akubariki mhudumu.""
""presha leo 147/93""",routine,none,,,[],routine,0,3.5,147,4.0,0.9,0,0,0,0,0,0,0,0
470,23,2026-05-04,chw,"Flags: none.
Rule default: routine.
Medicine taken at the last three contacts: partial, yes, yes.
Days since last contact: 0.
CHW notes:
""Patient ran out of tablets last week.""
Patient messages:
""Mungu akubariki mhudumu.""
""presha leo 147/93""
""Naweza kunywa dawa ya presha pamoja na chakula?""",routine,up,note,missed_meds (generator note or message): Patient ran out of tablets last week.,"[{""code"": ""new_symptom"", ""quote"": ""Kifua kinauma sana""}]",recheck_7_days,0,5.5,149,6.0,1.26,0,0,0,2,0,0,0,0
481,23,2026-05-07,sms,"Flags: none.
Rule default: routine.
Medicine taken at the last three contacts: yes, partial, yes.
Days since last contact: 0.
CHW notes:
""Patient ran out of tablets last week.""
Patient messages:
""presha leo 147/93""
""Naweza kunywa dawa ya presha pamoja na chakula?""
""Shikamoo. Nimepima leo 146/86, dawa nimekunywa asubuhi.""",routine,up,note,missed_meds (generator note or message): Patient ran out of tablets last week.,"[{""code"": ""new_symptom"", ""quote"": ""Kifua kinauma sana""}]",recheck_7_days,0,3.5,146,3.0,0.51,0,0,0,0,0,0,0,0
471,23,2026-05-21,chw,"Flags: none.
Rule default: routine.
Medicine taken at the last three contacts: yes, yes, partial.
Days since last contact: 0.
CHW notes:
""Home visit, no complaints.""
Patient messages:
""Naweza kunywa dawa ya presha pamoja na chakula?""
""Shikamoo. Nimepima leo 146/86, dawa nimekunywa asubuhi.""
""presha leo 139/90""",routine,none,,,[],routine,0,2.5,139,-4.0,-0.49,0,0,0,0,0,0,0,0
482,23,2026-05-21,sms,"Flags: none.
Rule default: routine.
Medicine taken at the last three contacts: yes, yes, partial.
Days since last contact: 0.
CHW notes:
""Home visit, no complaints.""
Patient messages:
""Naweza kunywa dawa ya presha pamoja na chakula?""
""Shikamoo. Nimepima leo 146/86, dawa nimekunywa asubuhi.""
""presha leo 139/90""",routine,none,,,[],routine,0,2.5,139,-4.0,-0.49,0,0,0,0,0,0,0,0
483,23,2026-06-03,sms,"Flags: none.
Rule default: routine.
Medicine taken at the last three contacts: yes, yes, partial.
Days since last contact: 0.
Patient messages:
""Shikamoo. Nimepima leo 146/86, dawa nimekunywa asubuhi.""
""presha leo 139/90""
""150/89 leo. Asante""",routine,none,,,[],routine,0,3.5,150,7.0,-0.34,0,0,0,0,0,0,0,0
472,23,2026-06-05,chw,"Flags: none.
Rule default: routine.
Medicine taken at the last three contacts: yes, yes, yes.
Days since last contact: 0.
CHW notes:
""Patient bien, prend ses médicaments.""
Patient messages:
""Shikamoo. Nimepima leo 146/86, dawa nimekunywa asubuhi.""
""presha leo 139/90""
""150/89 leo. Asante""",routine,none,,,[],routine,0,3.5,155,12.0,0.91,0,0,0,0,0,0,0,0
484,23,2026-06-10,sms,"Flags: none.
Rule default: routine.
Medicine taken at the last three contacts: yes, yes, yes.
Days since last contact: 0.
CHW notes:
""Patient bien, prend ses médicaments.""
Patient messages:
""presha leo 139/90""
""150/89 leo. Asante""
""Habari daktari, presha yangu ni 143 kwa 85. Nimekunywa dawa zangu.""",routine,none,,,[],routine,0,3.5,143,0.0,0.4,0,0,0,0,0,0,0,0
473,23,2026-06-24,chw,"Flags: none.
Rule default: routine.
Medicine taken at the last three contacts: yes, yes, yes.
Days since last contact: 0.
CHW notes:
""Patient well, taking medicine.""
Patient messages:
""presha leo 139/90""
""150/89 leo. Asante""
""Habari daktari, presha yangu ni 143 kwa 85. Nimekunywa dawa zangu.""",routine,none,,,[],routine,0,3.5,152,9.0,0.91,0,0,0,0,0,0,0,0
485,23,2026-06-29,sms,"Flags: none.
Rule default: routine.
Medicine taken at the last three contacts: yes, yes, yes.
Days since last contact: 0.
CHW notes:
""Patient well, taking medicine.""
Patient messages:
""150/89 leo. Asante""
""Habari daktari, presha yangu ni 143 kwa 85. Nimekunywa dawa zangu.""
""Habari daktari, presha yangu ni 151 kwa 93. Nimekunywa dawa zangu.""",routine,none,,,[],routine,0,3.5,151,8.0,1.54,0,0,0,0,0,0,0,0
1731,23,2026-07-15,chw,"Flags: none.
Rule default: routine.
Medicine taken at the last three contacts: yes, yes, yes.
Days since last contact: 0.
CHW notes:
""Home visit, BP taken.""
Patient messages:
""Habari daktari, presha yangu ni 143 kwa 85. Nimekunywa dawa zangu.""
""Habari daktari, presha yangu ni 151 kwa 93. Nimekunywa dawa zangu.""
""Kifua kinauma sana tangu asubuhi na napumua kwa shida.""",routine,up,case,chest_pain_sms: Kifua kinauma sana tangu asubuhi na napumua kwa shida.,"[{""code"": ""new_symptom"", ""quote"": ""Kifua kinauma sana""}]",emergency_now,0,2.5,136,-7.0,-2.09,0,0,0,0,0,0,0,0
474,23,2026-07-18,chw,"Flag borderline: Borderline: the readings crossed the goal 140/90 2 times in the last 6 readings: 143/85, 152/93, 151/93, 136/84, 152/93, 153/91. No threshold crossed; recheck and ask for a weekly reading.
Rule default: recheck_7_days.
Medicine taken at the last three contacts: yes, yes, yes.
Days since last contact: 0.
CHW notes:
""Patient bien, prend ses médicaments.""
Patient messages:
""Habari daktari, presha yangu ni 151 kwa 93. Nimekunywa dawa zangu.""
""Kifua kinauma sana tangu asubuhi na napumua kwa shida.""
""Shikamoo. Nimepima leo 153/91, dawa nimekunywa asubuhi.""",recheck_7_days,none,,,[],recheck_7_days,0,5.5,153,10.0,1.0,0,0,0,0,0,0,0,0
486,23,2026-07-18,sms,"Flag borderline: Borderline: the readings crossed the goal 140/90 2 times in the last 6 readings: 143/85, 152/93, 151/93, 136/84, 152/93, 153/91. No threshold crossed; recheck and ask for a weekly reading.
Rule default: recheck_7_days.
Medicine taken at the last three contacts: yes, yes, yes.
Days since last contact: 0.
CHW notes:
""Patient bien, prend ses médicaments.""
Patient messages:
""Habari daktari, presha yangu ni 151 kwa 93. Nimekunywa dawa zangu.""
""Kifua kinauma sana tangu asubuhi na napumua kwa shida.""
""Shikamoo. Nimepima leo 153/91, dawa nimekunywa asubuhi.""",recheck_7_days,none,,,[],recheck_7_days,0,5.5,153,10.0,1.0,0,0,0,0,0,0,0,0
487,23,2026-08-01,sms,"Flag threshold: Latest BP 162/98 on 2026-08-01 is at or above the 'grade2' cut-off (160/100).
Rule default: visit_this_week.
Medicine taken at the last three contacts: yes, yes, yes.
Days since last contact: 0.
Patient messages:
""Kifua kinauma sana tangu asubuhi na napumua kwa shida.""
""Shikamoo. Nimepima leo 153/91, dawa nimekunywa asubuhi.""
""Shikamoo. Nimepima leo 162/98, dawa nimekunywa asubuhi.""",visit_this_week,none,,,[],visit_this_week,0,12.5,162,19.0,2.06,4,0,0,0,0,0,2,2
475,23,2026-08-10,chw,"Flag trend: Trend rule: each of the last 3 readings (153, 162, 158, 2026-07-18 to 2026-08-10) is at least 10 mmHg above the baseline of 143 (baseline = first 3 readings).
Flag borderline: Borderline: the readings crossed the goal 140/90 2 times in the last 6 readings: 151/93, 136/84, 152/93, 153/91, 162/98, 158/94. No threshold crossed; recheck and ask for a weekly reading.
Rule default: recheck_7_days.
Medicine taken at the last three contacts: yes, yes, yes.
Days since last contact: 0.
CHW notes:
""Patient well, taking medicine.""
Patient messages:
""Kifua kinauma sana tangu asubuhi na napumua kwa shida.""
""Shikamoo. Nimepima leo 153/91, dawa nimekunywa asubuhi.""
""Shikamoo. Nimepima leo 162/98, dawa nimekunywa asubuhi.""",recheck_7_days,none,,,[],recheck_7_days,0,12.5,158,15.0,3.26,0,3,0,0,0,0,2,2
488,23,2026-08-19,sms,"Flag trend: Trend rule: each of the last 3 readings (162, 158, 153, 2026-08-01 to 2026-08-19) is at least 10 mmHg above the baseline of 143 (baseline = first 3 readings).
Rule default: recheck_7_days.
Medicine taken at the last three contacts: yes, yes, yes.
Days since last contact: 0.
CHW notes:
""Patient well, taking medicine.""
Patient messages:
""Shikamoo. Nimepima leo 153/91, dawa nimekunywa asubuhi.""
""Shikamoo. Nimepima leo 162/98, dawa nimekunywa asubuhi.""
""Shikamoo. Nimepima leo 153/90, dawa nimekunywa asubuhi.""",recheck_7_days,none,,,[],recheck_7_days,0,8.5,153,10.0,3.2,0,3,0,0,0,0,2,0
489,23,2026-08-26,sms,"Flag trend: Trend rule: each of the last 3 readings (158, 153, 159, 2026-08-10 to 2026-08-26) is at least 10 mmHg above the baseline of 143; and the last 4 readings (2026-08-01 to 2026-08-26) average 158, 15 mmHg above the baseline of 143 (rule: at least 15 mmHg over 4 readings) (baseline = first 3 readings).
Rule default: recheck_7_days.
Medicine taken at the last three contacts: yes, yes, yes.
Days since last contact: 0.
Patient messages:
""Shikamoo. Nimepima leo 162/98, dawa nimekunywa asubuhi.""
""Shikamoo. Nimepima leo 153/90, dawa nimekunywa asubuhi.""
""159/94 leo. Asante""",recheck_7_days,none,,,[],recheck_7_days,0,8.5,159,16.0,0.89,0,3,0,0,0,0,2,0
476,23,2026-09-04,chw,"Flag trend: Trend rule: each of the last 3 readings (153, 159, 155, 2026-08-19 to 2026-09-04) is at least 10 mmHg above the baseline of 143 (baseline = first 3 readings).
Rule default: recheck_7_days.
Medicine taken at the last three contacts: yes, yes, yes.
Days since last contact: 0.
CHW notes:
""Patient bien, prend ses médicaments.""
Patient messages:
""Shikamoo. Nimepima leo 153/90, dawa nimekunywa asubuhi.""
""159/94 leo. Asante""
""Habari za asubuhi, niko safarini wiki hii.""",recheck_7_days,none,,,[],recheck_7_days,0,8.5,155,12.0,-0.11,0,3,0,0,0,0,2,0
490,23,2026-09-07,sms,"Flags: none.
Rule default: routine.
Medicine taken at the last three contacts: yes, yes, yes.
Days since last contact: 0.
CHW notes:
""Patient bien, prend ses médicaments.""
Patient messages:
""159/94 leo. Asante""
""Habari za asubuhi, niko safarini wiki hii.""
""146/86 leo. Asante""",routine,none,,,[],routine,0,5.5,146,3.0,-2.37,0,0,0,0,0,0,2,0
491,23,2026-09-20,sms,"Flag threshold: Latest BP 161/98 on 2026-09-20 is at or above the 'grade2' cut-off (160/100).
Rule default: visit_this_week.
Medicine taken at the last three contacts: yes, yes, yes.
Days since last contact: 0.
Patient messages:
""Habari za asubuhi, niko safarini wiki hii.""
""146/86 leo. Asante""
""Shikamoo. Nimepima leo 161/98, dawa nimekunywa asubuhi.""",visit_this_week,none,,,[],visit_this_week,0,10.5,161,18.0,-0.29,4,0,0,0,0,0,2,0
468,23,2026-09-21,clinic,"Flag trend: Trend rule: each of the last 3 readings (161, 165, 158, 2026-09-20 to 2026-09-21) is at least 10 mmHg above the baseline of 143 (baseline = first 3 readings).
Rule default: recheck_7_days.
Medicine taken at the last three contacts: yes, yes, yes.
Days since last contact: 0.
CHW notes:
""Home visit, no complaints.""
Patient messages:
""Habari za asubuhi, niko safarini wiki hii.""
""146/86 leo. Asante""
""Shikamoo. Nimepima leo 161/98, dawa nimekunywa asubuhi.""",recheck_7_days,none,,,[],recheck_7_days,0,6.5,158,15.0,1.14,0,3,0,0,0,0,0,0
477,23,2026-09-21,chw,"Flag trend: Trend rule: each of the last 3 readings (161, 165, 158, 2026-09-20 to 2026-09-21) is at least 10 mmHg above the baseline of 143 (baseline = first 3 readings).
Rule default: recheck_7_days.
Medicine taken at the last three contacts: yes, yes, yes.
Days since last contact: 0.
CHW notes:
""Home visit, no complaints.""
Patient messages:
""Habari za asubuhi, niko safarini wiki hii.""
""146/86 leo. Asante""
""Shikamoo. Nimepima leo 161/98, dawa nimekunywa asubuhi.""",recheck_7_days,none,,,[],recheck_7_days,0,6.5,158,15.0,1.14,0,3,0,0,0,0,0,0
495,24,2026-04-15,chw,"Flags: none.
Rule default: routine.
Medicine taken at the last three contacts: partial.
Days since last contact: 0.
CHW notes:
""Patient bien, prend ses médicaments.""",routine,none,,,[],routine,0,6.0,142,0.0,0.0,0,0,0,2,0,0,0,0
504,24,2026-04-21,sms,"Flags: none.
Rule default: routine.
Medicine taken at the last three contacts: no, partial.
Days since last contact: 0.
CHW notes:
""Patient bien, prend ses médicaments.""
Patient messages:
""Bonjour agent, 140 sur 84, j'ai oublié mes comprimés aujourd'hui.""",routine,up,note,"missed_meds (generator note or message): Bonjour agent, 140 sur 84, j'ai oublié mes comprimés aujourd'hui.","[{""code"": ""lives_alone"", ""quote"": ""Lives alone""}, {""code"": ""cannot_read"", ""quote"": ""cannot read""}]",recheck_7_days,0,6.0,140,-1.0,-2.0,0,0,0,2,0,0,0,0
492,24,2026-04-22,clinic,"Flags: none.
Rule default: routine.
Medicine taken at the last three contacts: yes, no, partial.
Days since last contact: 0.
Patient messages:
""Bonjour agent, 140 sur 84, j'ai oublié mes comprimés aujourd'hui.""",routine,up,note,missed_meds (generator note or message): Renouvellement du traitement,"[{""code"": ""lives_alone"", ""quote"": ""Lives alone""}, {""code"": ""cannot_read"", ""quote"": ""cannot read""}]",recheck_7_days,0,3.0,137,-2.7,-2.5,0,0,0,0,0,0,0,0
496,24,2026-05-03,chw,"Flag borderline: Borderline: the readings crossed the goal 140/90 2 times in the last 4 readings: 142/81, 140/84, 137/81, 142/86. No threshold crossed; recheck and ask for a weekly reading.
Rule default: recheck_7_days.
Medicine taken at the last three contacts: partial, yes, no.
Days since last contact: 0.
CHW notes:
""Patient bien, prend ses médicaments.""
Patient messages:
""Bonjour agent, 140 sur 84, j'ai oublié mes comprimés aujourd'hui.""",recheck_7_days,up,note,missed_meds (generator note or message): Renouvellement du traitement,"[{""code"": ""lives_alone"", ""quote"": ""Lives alone""}, {""code"": ""cannot_read"", ""quote"": ""cannot read""}]",visit_this_week,0,8.0,142,2.3,-0.3,0,0,0,2,0,0,0,0
505,24,2026-05-12,sms,"Flag borderline: Borderline: the readings crossed the goal 140/90 3 times in the last 5 readings: 142/81, 140/84, 137/81, 142/86, 128/81. No threshold crossed; recheck and ask for a weekly reading.
Rule default: recheck_7_days.
Medicine taken at the last three contacts: yes, partial, yes.
Days since last contact: 0.
CHW notes:
""Patient bien, prend ses médicaments.""
Patient messages:
""Bonjour agent, 140 sur 84, j'ai oublié mes comprimés aujourd'hui.""
""Bonjour, ma tension aujourd'hui est 128/81. J'ai pris mes médicaments.""",recheck_7_days,up,note,"missed_meds (generator note or message): Bonjour agent, 140 sur 84, j'ai oublié mes comprimés aujourd'hui.","[{""code"": ""lives_alone"", ""quote"": ""Lives alone""}, {""code"": ""cannot_read"", ""quote"": ""cannot read""}]",visit_this_week,0,5.0,128,-11.7,-2.6,0,0,0,0,0,0,0,0
497,24,2026-05-18,chw,"Flag borderline: Borderline: the readings crossed the goal 140/90 3 times in the last 6 readings: 142/81, 140/84, 137/81, 142/86, 128/81, 136/82. No threshold crossed; recheck and ask for a weekly reading.
Rule default: recheck_7_days.
Medicine taken at the last three contacts: yes, yes, partial.
Days since last contact: 0.
CHW notes:
""Patient bien, prend ses médicaments.""
Patient messages:
""Bonjour agent, 140 sur 84, j'ai oublié mes comprimés aujourd'hui.""
""Bonjour, ma tension aujourd'hui est 128/81. J'ai pris mes médicaments.""
""Mes médicaments sont finis, où je peux en avoir ?""",recheck_7_days,up,note,"missed_meds (generator note or message): Bonjour agent, 140 sur 84, j'ai oublié mes comprimés aujourd'hui.","[{""code"": ""lives_alone"", ""quote"": ""Lives alone""}, {""code"": ""cannot_read"", ""quote"": ""cannot read""}]",visit_this_week,0,5.0,136,-3.7,-1.74,0,0,0,0,0,0,0,0
506,24,2026-05-24,sms,"Flag borderline: Borderline: the readings crossed the goal 140/90 3 times in the last 6 readings: 140/84, 137/81, 142/86, 128/81, 136/82, 136/82. No threshold crossed; recheck and ask for a weekly reading.
Rule default: recheck_7_days.
Medicine taken at the last three contacts: no, yes, yes.
Days since last contact: 0.
CHW notes:
""Patient bien, prend ses médicaments.""
Patient messages:
""Bonjour, ma tension aujourd'hui est 128/81. J'ai pris mes médicaments.""
""Mes médicaments sont finis, où je peux en avoir ?""
""Bonjour agent, 136 sur 82, j'ai oublié mes comprimés aujourd'hui.""",recheck_7_days,up,note,"missed_meds (generator note or message): Bonjour agent, 136 sur 82, j'ai oublié mes comprimés aujourd'hui.","[{""code"": ""lives_alone"", ""quote"": ""Lives alone""}, {""code"": ""cannot_read"", ""quote"": ""cannot read""}]",visit_this_week,0,7.0,136,-3.7,-1.06,0,0,0,2,0,0,0,0
507,24,2026-06-06,sms,"Flag borderline: Borderline: 3 readings in a row in the band just under the goal 140/90 (130-139 systolic or 85-89 diastolic): 136/82, 136/82, 130/77 (2026-05-18 to 2026-06-06). No threshold crossed; recheck and ask for a weekly reading.
Rule default: recheck_7_days.
Medicine taken at the last three contacts: yes, no, yes.
Days since last contact: 0.
Patient messages:
""Bonjour agent, 136 sur 82, j'ai oublié mes comprimés aujourd'hui.""
""D'accord, j'ai compris.""
""J'ai mesuré au centre de santé : 130/77. Médicaments pris.""",recheck_7_days,up,note,"missed_meds (generator note or message): Bonjour agent, 136 sur 82, j'ai oublié mes comprimés aujourd'hui.","[{""code"": ""lives_alone"", ""quote"": ""Lives alone""}, {""code"": ""cannot_read"", ""quote"": ""cannot read""}]",visit_this_week,0,5.0,130,-9.7,-1.29,0,0,0,0,0,0,0,0
498,24,2026-06-07,chw,"Flag borderline: Borderline: 3 readings in a row in the band just under the goal 140/90 (130-139 systolic or 85-89 diastolic): 136/82, 136/82, 130/77 (2026-05-18 to 2026-06-06). No threshold crossed; recheck and ask for a weekly reading.
Rule default: recheck_7_days.
Medicine taken at the last three contacts: yes, yes, no.
Days since last contact: 0.
CHW notes:
""Home visit, no complaints.""
Patient messages:
""Bonjour agent, 136 sur 82, j'ai oublié mes comprimés aujourd'hui.""
""D'accord, j'ai compris.""
""J'ai mesuré au centre de santé : 130/77. Médicaments pris.""",recheck_7_days,up,note,"missed_meds (generator note or message): Bonjour agent, 136 sur 82, j'ai oublié mes comprimés aujourd'hui.","[{""code"": ""lives_alone"", ""quote"": ""Lives alone""}, {""code"": ""cannot_read"", ""quote"": ""cannot read""}]",visit_this_week,0,6.0,141,1.3,0.03,0,0,0,0,0,0,0,0
1724,24,2026-06-23,chw,"Flag borderline: Borderline: 3 readings in a row in the band just under the goal 140/90 (130-139 systolic or 85-89 diastolic): 136/82, 136/82, 130/77 (2026-05-18 to 2026-06-06). No threshold crossed; recheck and ask for a weekly reading.
Flag symptom: Symptom 'headache' reported on 2026-06-23; latest BP 132/82 is under the goal 140/90 (bp_goal).
Rule default: recheck_7_days.
Medicine taken at the last three contacts: yes, yes, yes.
Days since last contact: 0.
CHW notes:
""Home visit, no complaints.""
""Lives alone, cannot read, does not use the phone for messages.""
Patient messages:
""Bonjour agent, 136 sur 82, j'ai oublié mes comprimés aujourd'hui.""
""D'accord, j'ai compris.""
""J'ai mesuré au centre de santé : 130/77. Médicaments pris.""",recheck_7_days,up,case,"lives_alone: Lives alone, cannot read, does not use the phone for messages.","[{""code"": ""lives_alone"", ""quote"": ""Lives alone""}, {""code"": ""cannot_read"", ""quote"": ""cannot read""}]",visit_this_week,0,15.0,132,-7.7,0.83,0,0,10,0,0,0,0,0
499,24,2026-06-24,chw,"Flag borderline: Borderline: 3 readings in a row in the band just under the goal 140/90 (130-139 systolic or 85-89 diastolic): 136/82, 136/82, 130/77 (2026-05-18 to 2026-06-06). No threshold crossed; recheck and ask for a weekly reading.
Rule default: recheck_7_days.
Medicine taken at the last three contacts: yes, yes, yes.
Days since last contact: 0.
CHW notes:
""Lives alone, cannot read, does not use the phone for messages.""
""Patient bien, prend ses médicaments.""
Patient messages:
""Bonjour agent, 136 sur 82, j'ai oublié mes comprimés aujourd'hui.""
""D'accord, j'ai compris.""
""J'ai mesuré au centre de santé : 130/77. Médicaments pris.""",recheck_7_days,none,,,[],recheck_7_days,0,5.0,139,-0.7,0.4,0,0,0,0,0,0,0,0
508,24,2026-06-26,sms,"Flag borderline: Borderline: the readings crossed the goal 140/90 3 times in the last 6 readings: 136/82, 130/77, 141/83, 132/82, 139/80, 138/90. No threshold crossed; recheck and ask for a weekly reading.
Rule default: recheck_7_days.
Medicine taken at the last three contacts: no, yes, yes.
Days since last contact: 0.
CHW notes:
""Patient bien, prend ses médicaments.""
Patient messages:
""D'accord, j'ai compris.""
""J'ai mesuré au centre de santé : 130/77. Médicaments pris.""
""Ma tension est à 138 sur 90, je n'ai pas pris le médicament depuis hier""",recheck_7_days,up,note,"missed_meds (generator note or message): Ma tension est à 138 sur 90, je n'ai pas pris le médicament depuis hier","[{""code"": ""lives_alone"", ""quote"": ""Lives alone""}, {""code"": ""cannot_read"", ""quote"": ""cannot read""}]",visit_this_week,0,7.0,138,-1.7,0.8,0,0,0,2,0,0,0,0
493,24,2026-06-27,clinic,"Flag borderline: Borderline: the readings crossed the goal 140/90 4 times in the last 6 readings: 130/77, 141/83, 132/82, 139/80, 138/90, 130/84. No threshold crossed; recheck and ask for a weekly reading.
Rule default: recheck_7_days.
Medicine taken at the last three contacts: yes, no, yes.
Days since last contact: 0.
Patient messages:
""J'ai mesuré au centre de santé : 130/77. Médicaments pris.""
""Ma tension est à 138 sur 90, je n'ai pas pris le médicament depuis hier""
""Mes médicaments sont finis, où je peux en avoir ?""",recheck_7_days,up,note,"missed_meds (generator note or message): Ma tension est à 138 sur 90, je n'ai pas pris le médicament depuis hier","[{""code"": ""lives_alone"", ""quote"": ""Lives alone""}, {""code"": ""cannot_read"", ""quote"": ""cannot read""}]",visit_this_week,0,5.0,130,-9.7,-0.06,0,0,0,0,0,0,0,0
509,24,2026-07-08,sms,"Flag borderline: Borderline: the readings crossed the goal 140/90 3 times in the last 6 readings: 141/83, 132/82, 139/80, 138/90, 130/84, 139/87. No threshold crossed; recheck and ask for a weekly reading.
Rule default: recheck_7_days.
Medicine taken at the last three contacts: yes, no, yes.
Days since last contact: 0.
Patient messages:
""Ma tension est à 138 sur 90, je n'ai pas pris le médicament depuis hier""
""Mes médicaments sont finis, où je peux en avoir ?""
""tension 139/87""",recheck_7_days,up,note,"missed_meds (generator note or message): Ma tension est à 138 sur 90, je n'ai pas pris le médicament depuis hier","[{""code"": ""lives_alone"", ""quote"": ""Lives alone""}, {""code"": ""cannot_read"", ""quote"": ""cannot read""}]",visit_this_week,0,5.0,139,-0.7,-0.49,0,0,0,0,0,0,0,0
510,24,2026-07-21,sms,"Flag borderline: Borderline: the readings crossed the goal 140/90 3 times in the last 6 readings: 132/82, 139/80, 138/90, 130/84, 139/87, 142/87. No threshold crossed; recheck and ask for a weekly reading.
Rule default: recheck_7_days.
Medicine taken at the last three contacts: no, yes, no.
Days since last contact: 0.
Patient messages:
""Mes médicaments sont finis, où je peux en avoir ?""
""tension 139/87""
""142/87 aujourd'hui. Les médicaments sont finis, je n'ai rien pris.""",recheck_7_days,up,note,"missed_meds (generator note or message): 142/87 aujourd'hui. Les médicaments sont finis, je n'ai rien pris.","[{""code"": ""lives_alone"", ""quote"": ""Lives alone""}, {""code"": ""cannot_read"", ""quote"": ""cannot read""}]",visit_this_week,0,8.0,142,2.3,1.2,0,0,0,2,0,0,0,0
500,24,2026-07-22,chw,"Flag borderline: Borderline: the readings crossed the goal 140/90 4 times in the last 6 readings: 139/80, 138/90, 130/84, 139/87, 142/87, 135/82. No threshold crossed; recheck and ask for a weekly reading.
Rule default: recheck_7_days.
Medicine taken at the last three contacts: partial, no, yes.
Days since last contact: 0.
CHW notes:
""N'a pas pris ses comprimés depuis 3 jours.""
Patient messages:
""Mes médicaments sont finis, où je peux en avoir ?""
""tension 139/87""
""142/87 aujourd'hui. Les médicaments sont finis, je n'ai rien pris.""",recheck_7_days,up,note,missed_meds (generator note or message): N'a pas pris ses comprimés depuis 3 jours.,"[{""code"": ""lives_alone"", ""quote"": ""Lives alone""}, {""code"": ""cannot_read"", ""quote"": ""cannot read""}]",visit_this_week,0,7.0,135,-4.7,0.03,0,0,0,2,0,0,0,0
511,24,2026-08-03,sms,"Flag borderline: Borderline: the readings crossed the goal 140/90 3 times in the last 6 readings: 138/90, 130/84, 139/87, 142/87, 135/82, 136/85. No threshold crossed; recheck and ask for a weekly reading.
Rule default: recheck_7_days.
Medicine taken at the last three contacts: partial, no, yes.
Days since last contact: 0.
CHW notes:
""N'a pas pris ses comprimés depuis 3 jours.""
Patient messages:
""tension 139/87""
""142/87 aujourd'hui. Les médicaments sont finis, je n'ai rien pris.""
""Bjr, tension 136 sur 85 ce matin""",recheck_7_days,up,note,missed_meds (generator note or message): N'a pas pris ses comprimés depuis 3 jours.,"[{""code"": ""lives_alone"", ""quote"": ""Lives alone""}, {""code"": ""cannot_read"", ""quote"": ""cannot read""}]",visit_this_week,0,5.0,136,-3.7,0.23,0,0,0,0,0,0,0,0
501,24,2026-08-10,chw,"Flag borderline: Borderline: the readings crossed the goal 140/90 2 times in the last 6 readings: 130/84, 139/87, 142/87, 135/82, 136/85, 124/81. No threshold crossed; recheck and ask for a weekly reading.
Rule default: recheck_7_days.
Medicine taken at the last three contacts: yes, partial, no.
Days since last contact: 0.
CHW notes:
""Mgonjwa yuko sawa, anakunywa dawa.""
Patient messages:
""142/87 aujourd'hui. Les médicaments sont finis, je n'ai rien pris.""
""Bjr, tension 136 sur 85 ce matin""
""Est-ce que je peux arrêter le traitement si je me sens bien ?""",recheck_7_days,up,note,"missed_meds (generator note or message): 142/87 aujourd'hui. Les médicaments sont finis, je n'ai rien pris.","[{""code"": ""lives_alone"", ""quote"": ""Lives alone""}, {""code"": ""cannot_read"", ""quote"": ""cannot read""}]",visit_this_week,0,5.0,124,-15.7,-1.31,0,0,0,0,0,0,0,0
512,24,2026-08-21,sms,"Flag borderline: Borderline: the readings crossed the goal 140/90 2 times in the last 6 readings: 139/87, 142/87, 135/82, 136/85, 124/81, 138/82. No threshold crossed; recheck and ask for a weekly reading.
Rule default: recheck_7_days.
Medicine taken at the last three contacts: yes, partial, no.
Days since last contact: 0.
CHW notes:
""Mgonjwa yuko sawa, anakunywa dawa.""
Patient messages:
""Bjr, tension 136 sur 85 ce matin""
""Est-ce que je peux arrêter le traitement si je me sens bien ?""
""tension 138/82""",recheck_7_days,none,,,[],recheck_7_days,0,5.0,138,-1.7,-1.66,0,0,0,0,0,0,0,0
494,24,2026-08-28,clinic,"Flag borderline: Borderline: the readings crossed the goal 140/90 2 times in the last 6 readings: 142/87, 135/82, 136/85, 124/81, 138/82, 142/87. No threshold crossed; recheck and ask for a weekly reading.
Rule default: recheck_7_days.
Medicine taken at the last three contacts: partial, yes, partial.
Days since last contact: 0.
Patient messages:
""Bjr, tension 136 sur 85 ce matin""
""Est-ce que je peux arrêter le traitement si je me sens bien ?""
""tension 138/82""",recheck_7_days,none,,,[],recheck_7_days,0,8.0,142,2.3,-0.09,0,0,0,2,0,0,0,0
502,24,2026-09-03,chw,"Flag borderline: Borderline: the readings crossed the goal 140/90 2 times in the last 6 readings: 135/82, 136/85, 124/81, 138/82, 142/87, 128/78. No threshold crossed; recheck and ask for a weekly reading.
Rule default: recheck_7_days.
Medicine taken at the last three contacts: yes, partial, yes.
Days since last contact: 0.
CHW notes:
""Patient bien, prend ses médicaments.""
Patient messages:
""Bjr, tension 136 sur 85 ce matin""
""Est-ce que je peux arrêter le traitement si je me sens bien ?""
""tension 138/82""",recheck_7_days,none,,,[],recheck_7_days,0,5.0,128,-11.7,-0.09,0,0,0,0,0,0,0,0
513,24,2026-09-04,sms,"Flag borderline: Borderline: the readings crossed the goal 140/90 2 times in the last 6 readings: 136/85, 124/81, 138/82, 142/87, 128/78, 138/84. No threshold crossed; recheck and ask for a weekly reading.
Rule default: recheck_7_days.
Medicine taken at the last three contacts: yes, yes, partial.
Days since last contact: 0.
CHW notes:
""Patient bien, prend ses médicaments.""
Patient messages:
""Est-ce que je peux arrêter le traitement si je me sens bien ?""
""tension 138/82""
""Ma tension est 138 sur 84, je prends bien mes médicaments chaque jour.""",recheck_7_days,none,,,[],recheck_7_days,0,5.0,138,-1.7,0.74,0,0,0,0,0,0,0,0
503,24,2026-09-21,chw,"Flag borderline: Borderline: the readings crossed the goal 140/90 2 times in the last 6 readings: 124/81, 138/82, 142/87, 128/78, 138/84, 137/81. No threshold crossed; recheck and ask for a weekly reading.
Rule default: recheck_7_days.
Medicine taken at the last three contacts: yes, yes, yes.
Days since last contact: 0.
CHW notes:
""Home visit, no complaints.""
Patient messages:
""Est-ce que je peux arrêter le traitement si je me sens bien ?""
""tension 138/82""
""Ma tension est 138 sur 84, je prends bien mes médicaments chaque jour.""",recheck_7_days,none,,,[],recheck_7_days,0,5.0,137,-2.7,1.46,0,0,0,0,0,0,0,0
514,24,2026-09-24,sms,"Flag borderline: Borderline: 3 readings in a row in the band just under the goal 140/90 (130-139 systolic or 85-89 diastolic): 138/84, 137/81, 137/78 (2026-09-04 to 2026-09-24). No threshold crossed; recheck and ask for a weekly reading.
Rule default: recheck_7_days.
Medicine taken at the last three contacts: yes, yes, yes.
Days since last contact: 0.
CHW notes:
""Home visit, no complaints.""
Patient messages:
""tension 138/82""
""Ma tension est 138 sur 84, je prends bien mes médicaments chaque jour.""
""tension 137/78""",recheck_7_days,none,,,[],recheck_7_days,0,5.0,137,-2.7,-0.29,0,0,0,0,0,0,0,0
517,25,2026-04-10,chw,"Flags: none.
Rule default: routine.
Medicine taken at the last three contacts: yes.
Days since last contact: 0.
CHW notes:
""Mgonjwa yuko sawa, anakunywa dawa.""",routine,none,,,[],routine,0,3.0,135,0.0,0.0,0,0,0,0,0,0,0,0
525,25,2026-04-21,sms,"Flags: none.
Rule default: routine.
Medicine taken at the last three contacts: yes.
Days since last contact: 0.
CHW notes:
""Mgonjwa yuko sawa, anakunywa dawa.""
Patient messages:
""presha leo 130/85""",routine,none,,,[],routine,0,3.0,130,-2.5,-5.0,0,0,0,0,0,0,0,0
515,25,2026-04-22,clinic,"Flags: none.
Rule default: routine.
Medicine taken at the last three contacts: yes, yes.
Days since last contact: 0.
Patient messages:
""presha leo 130/85""
""Naweza kunywa dawa ya presha pamoja na chakula?""",routine,up,note,missed_meds (generator note or message): Dawa zimeisha,"[{""code"": ""measured_after_exertion"", ""quote"": ""Tension prise juste après une longue marche""}, {""code"": ""repeat_reading_normal"", ""quote"": ""Contrôle après 10 minutes de repos : 136/84""}]",recheck_7_days,0,3.0,131,-1.0,-2.0,0,0,0,0,0,0,0,0
518,25,2026-04-26,chw,"Flag borderline: Borderline: the readings crossed the goal 140/90 3 times in the last 4 readings: 135/90, 130/85, 131/94, 138/86. No threshold crossed; recheck and ask for a weekly reading.
Rule default: recheck_7_days.
Medicine taken at the last three contacts: yes, yes, yes.
Days since last contact: 0.
CHW notes:
""Patient bien, prend ses médicaments.""
Patient messages:
""presha leo 130/85""
""Naweza kunywa dawa ya presha pamoja na chakula?""",recheck_7_days,up,note,missed_meds (generator note or message): Dawa zimeisha,"[{""code"": ""measured_after_exertion"", ""quote"": ""Tension prise juste après une longue marche""}, {""code"": ""repeat_reading_normal"", ""quote"": ""Contrôle après 10 minutes de repos : 136/84""}]",visit_this_week,0,5.0,138,6.0,1.0,0,0,0,0,0,0,0,0
526,25,2026-04-28,sms,"Flag borderline: Borderline: the readings crossed the goal 140/90 3 times in the last 5 readings: 135/90, 130/85, 131/94, 138/86, 131/89. No threshold crossed; recheck and ask for a weekly reading.
Rule default: recheck_7_days.
Medicine taken at the last three contacts: yes, yes, yes.
Days since last contact: 0.
CHW notes:
""Patient bien, prend ses médicaments.""
Patient messages:
""presha leo 130/85""
""Naweza kunywa dawa ya presha pamoja na chakula?""
""131/89 leo. Asante""",recheck_7_days,none,,,[],recheck_7_days,0,5.0,131,-1.0,0.0,0,0,0,0,0,0,0,0
519,25,2026-05-17,chw,"Flag borderline: Borderline: the readings crossed the goal 140/90 4 times in the last 6 readings: 135/90, 130/85, 131/94, 138/86, 131/89, 136/91. No threshold crossed; recheck and ask for a weekly reading.
Rule default: recheck_7_days.
Medicine taken at the last three contacts: yes, yes, yes.
Days since last contact: 0.
CHW notes:
""Patient bien, prend ses médicaments.""
Patient messages:
""presha leo 130/85""
""Naweza kunywa dawa ya presha pamoja na chakula?""
""131/89 leo. Asante""",recheck_7_days,none,,,[],recheck_7_days,0,5.0,136,4.0,0.43,0,0,0,0,0,0,0,0
527,25,2026-05-19,sms,"Flag borderline: Borderline: the readings crossed the goal 140/90 3 times in the last 6 readings: 130/85, 131/94, 138/86, 131/89, 136/91, 144/99. No threshold crossed; recheck and ask for a weekly reading.
Rule default: recheck_7_days.
Medicine taken at the last three contacts: yes, yes, yes.
Days since last contact: 0.
CHW notes:
""Patient bien, prend ses médicaments.""
Patient messages:
""Naweza kunywa dawa ya presha pamoja na chakula?""
""131/89 leo. Asante""
""presha leo 144/99""",recheck_7_days,none,,,[],recheck_7_days,0,6.0,144,12.0,2.23,0,0,0,0,0,0,0,0
528,25,2026-05-27,sms,"Flag borderline: Borderline: the readings crossed the goal 140/90 2 times in the last 6 readings: 131/94, 138/86, 131/89, 136/91, 144/99, 141/97. No threshold crossed; recheck and ask for a weekly reading.
Rule default: recheck_7_days.
Medicine taken at the last three contacts: yes, yes, yes.
Days since last contact: 0.
Patient messages:
""131/89 leo. Asante""
""presha leo 144/99""
""Habari daktari, presha yangu ni 141 kwa 97. Nimekunywa dawa zangu.""",recheck_7_days,none,,,[],recheck_7_days,0,6.0,141,9.0,2.09,0,0,0,0,0,0,0,0
520,25,2026-06-02,chw,"Flags: none.
Rule default: routine.
Medicine taken at the last three contacts: yes, yes, yes.
Days since last contact: 0.
CHW notes:
""Patient bien, prend ses médicaments.""
Patient messages:
""131/89 leo. Asante""
""presha leo 144/99""
""Habari daktari, presha yangu ni 141 kwa 97. Nimekunywa dawa zangu.""",routine,none,,,[],routine,0,4.0,143,11.0,1.8,0,0,0,0,0,0,0,0
529,25,2026-06-17,sms,"Flags: none.
Rule default: routine.
Medicine taken at the last three contacts: yes, yes, yes.
Days since last contact: 0.
CHW notes:
""Patient bien, prend ses médicaments.""
Patient messages:
""presha leo 144/99""
""Habari daktari, presha yangu ni 141 kwa 97. Nimekunywa dawa zangu.""
""145/99 leo. Asante""",routine,none,,,[],routine,0,4.0,145,13.0,2.51,0,0,0,0,0,0,0,0
521,25,2026-06-28,chw,"Flag trend: Trend rule: each of the last 3 readings (143, 145, 149, 2026-06-02 to 2026-06-28) is at least 10 mmHg above the baseline of 132 (baseline = first 3 readings).
Rule default: recheck_7_days.
Medicine taken at the last three contacts: partial, yes, yes.
Days since last contact: 0.
CHW notes:
""Home visit, no complaints.""
Patient messages:
""Habari daktari, presha yangu ni 141 kwa 97. Nimekunywa dawa zangu.""
""145/99 leo. Asante""
""Dawa zangu zimeisha, nitapata wapi zingine?""",recheck_7_days,none,,,[],recheck_7_days,0,9.0,149,17.0,2.0,0,3,0,2,0,0,0,0
530,25,2026-07-01,sms,"Flag trend: Trend rule: each of the last 3 readings (145, 149, 147, 2026-06-17 to 2026-07-01) is at least 10 mmHg above the baseline of 132 (baseline = first 3 readings).
Rule default: recheck_7_days.
Medicine taken at the last three contacts: partial, partial, yes.
Days since last contact: 0.
CHW notes:
""Home visit, no complaints.""
Patient messages:
""145/99 leo. Asante""
""Dawa zangu zimeisha, nitapata wapi zingine?""
""Pressure yangu ni 147/98, nimekunywa nusu dozi kwa sababu dawa zinakaribia kuisha.""",recheck_7_days,up,note,"missed_meds (generator note or message): Pressure yangu ni 147/98, nimekunywa nusu dozi kwa sababu dawa zinakaribia kuisha.","[{""code"": ""measured_after_exertion"", ""quote"": ""Tension prise juste après une longue marche""}, {""code"": ""repeat_reading_normal"", ""quote"": ""Contrôle après 10 minutes de repos : 136/84""}]",visit_this_week,0,9.0,147,15.0,1.17,0,3,0,2,0,0,0,0
531,25,2026-07-09,sms,"Flags: none.
Rule default: routine.
Medicine taken at the last three contacts: yes, partial, partial.
Days since last contact: 0.
Patient messages:
""Dawa zangu zimeisha, nitapata wapi zingine?""
""Pressure yangu ni 147/98, nimekunywa nusu dozi kwa sababu dawa zinakaribia kuisha.""
""Habari daktari, presha yangu ni 140 kwa 99. Nimekunywa dawa zangu.""",routine,up,note,"missed_meds (generator note or message): Pressure yangu ni 147/98, nimekunywa nusu dozi kwa sababu dawa zinakaribia kuisha.","[{""code"": ""measured_after_exertion"", ""quote"": ""Tension prise juste après une longue marche""}, {""code"": ""repeat_reading_normal"", ""quote"": ""Contrôle après 10 minutes de repos : 136/84""}]",recheck_7_days,0,6.0,140,8.0,0.31,0,0,0,0,0,0,2,0
522,25,2026-07-24,chw,"Flags: none.
Rule default: routine.
Medicine taken at the last three contacts: yes, yes, partial.
Days since last contact: 0.
CHW notes:
""Mgonjwa yuko sawa, anakunywa dawa.""
Patient messages:
""Dawa zangu zimeisha, nitapata wapi zingine?""
""Pressure yangu ni 147/98, nimekunywa nusu dozi kwa sababu dawa zinakaribia kuisha.""
""Habari daktari, presha yangu ni 140 kwa 99. Nimekunywa dawa zangu.""",routine,up,note,"missed_meds (generator note or message): Pressure yangu ni 147/98, nimekunywa nusu dozi kwa sababu dawa zinakaribia kuisha.","[{""code"": ""measured_after_exertion"", ""quote"": ""Tension prise juste après une longue marche""}, {""code"": ""repeat_reading_normal"", ""quote"": ""Contrôle après 10 minutes de repos : 136/84""}]",recheck_7_days,0,6.0,145,13.0,-0.2,0,0,0,0,0,0,2,0
532,25,2026-07-25,sms,"Flag threshold: Latest BP 149/100 on 2026-07-25 is at or above the 'grade2' cut-off (160/100).
Rule default: visit_this_week.
Medicine taken at the last three contacts: yes, yes, yes.
Days since last contact: 0.
CHW notes:
""Mgonjwa yuko sawa, anakunywa dawa.""
Patient messages:
""Pressure yangu ni 147/98, nimekunywa nusu dozi kwa sababu dawa zinakaribia kuisha.""
""Habari daktari, presha yangu ni 140 kwa 99. Nimekunywa dawa zangu.""
""Habari daktari, presha yangu ni 149 kwa 100. Nimekunywa dawa zangu.""",visit_this_week,up,note,"missed_meds (generator note or message): Pressure yangu ni 147/98, nimekunywa nusu dozi kwa sababu dawa zinakaribia kuisha.","[{""code"": ""measured_after_exertion"", ""quote"": ""Tension prise juste après une longue marche""}, {""code"": ""repeat_reading_normal"", ""quote"": ""Contrôle après 10 minutes de repos : 136/84""}]",refer_clinic,0,10.0,149,17.0,0.03,4,0,0,0,0,0,2,0
533,25,2026-08-02,sms,"Flag threshold: Latest BP 166/102 on 2026-08-02 is at or above the 'grade2' cut-off (160/100).
Flag trend: Trend rule: each of the last 3 readings (149, 151, 166, 2026-07-25 to 2026-08-02) is at least 10 mmHg above the baseline of 132; and the last 4 readings (2026-07-24 to 2026-08-02) average 153, 21 mmHg above the baseline of 132 (rule: at least 15 mmHg over 4 readings) (baseline = first 3 readings).
Rule default: visit_this_week.
Medicine taken at the last three contacts: yes, yes, yes.
Days since last contact: 0.
CHW notes:
""Tension prise juste après une longue marche avec de l'eau. Contrôle après 10 minutes de repos : 136/84.""
Patient messages:
""Habari daktari, presha yangu ni 140 kwa 99. Nimekunywa dawa zangu.""
""Habari daktari, presha yangu ni 149 kwa 100. Nimekunywa dawa zangu.""
""151/97 leo. Asante""",visit_this_week,none,,,[],visit_this_week,0,14.5,166,34.0,3.77,4,3,0,0,0,0,2,0
1715,25,2026-08-02,chw,"Flag threshold: Latest BP 166/102 on 2026-08-02 is at or above the 'grade2' cut-off (160/100).
Flag trend: Trend rule: each of the last 3 readings (149, 151, 166, 2026-07-25 to 2026-08-02) is at least 10 mmHg above the baseline of 132; and the last 4 readings (2026-07-24 to 2026-08-02) average 153, 21 mmHg above the baseline of 132 (rule: at least 15 mmHg over 4 readings) (baseline = first 3 readings).
Rule default: visit_this_week.
Medicine taken at the last three contacts: yes, yes, yes.
Days since last contact: 0.
CHW notes:
""Tension prise juste après une longue marche avec de l'eau. Contrôle après 10 minutes de repos : 136/84.""
Patient messages:
""Habari daktari, presha yangu ni 140 kwa 99. Nimekunywa dawa zangu.""
""Habari daktari, presha yangu ni 149 kwa 100. Nimekunywa dawa zangu.""
""151/97 leo. Asante""",visit_this_week,down,case,exertion: Tension prise juste après une longue marche avec de l'eau. Contrôle après 10 minutes de repos : 136/84.,"[{""code"": ""measured_after_exertion"", ""quote"": ""Tension prise juste après une longue marche""}, {""code"": ""repeat_reading_normal"", ""quote"": ""Contrôle après 10 minutes de repos : 136/84""}]",recheck_7_days,0,14.5,166,34.0,3.77,4,3,0,0,0,0,2,0
523,25,2026-08-21,chw,"Flag threshold: Latest BP 155/101 on 2026-08-21 is at or above the 'grade2' cut-off (160/100).
Flag trend: Trend rule: each of the last 3 readings (151, 166, 155, 2026-08-02 to 2026-08-21) is at least 10 mmHg above the baseline of 132; and the last 4 readings (2026-07-25 to 2026-08-21) average 155, 23 mmHg above the baseline of 132 (rule: at least 15 mmHg over 4 readings) (baseline = first 3 readings).
Rule default: visit_this_week.
Medicine taken at the last three contacts: yes, yes, yes.
Days since last contact: 0.
CHW notes:
""Tension prise juste après une longue marche avec de l'eau. Contrôle après 10 minutes de repos : 136/84.""
""Patient bien, prend ses médicaments.""
Patient messages:
""Habari daktari, presha yangu ni 140 kwa 99. Nimekunywa dawa zangu.""
""Habari daktari, presha yangu ni 149 kwa 100. Nimekunywa dawa zangu.""
""151/97 leo. Asante""",visit_this_week,none,,,[],visit_this_week,0,13.0,155,23.0,4.0,4,3,0,0,0,0,2,0
534,25,2026-08-23,sms,"Flag trend: Trend rule: each of the last 3 readings (166, 155, 157, 2026-08-02 to 2026-08-23) is at least 10 mmHg above the baseline of 132; and the last 4 readings (2026-08-02 to 2026-08-23) average 157, 25 mmHg above the baseline of 132 (rule: at least 15 mmHg over 4 readings) (baseline = first 3 readings).
Rule default: recheck_7_days.
Medicine taken at the last three contacts: yes, yes, yes.
Days since last contact: 0.
CHW notes:
""Patient bien, prend ses médicaments.""
Patient messages:
""Habari daktari, presha yangu ni 149 kwa 100. Nimekunywa dawa zangu.""
""151/97 leo. Asante""
""presha leo 157/99""",recheck_7_days,none,,,[],recheck_7_days,0,9.0,157,25.0,2.66,0,3,0,0,0,0,2,0
524,25,2026-09-08,chw,"Flag threshold: Latest BP 153/100 on 2026-09-08 is at or above the 'grade2' cut-off (160/100).
Flag trend: Trend rule: each of the last 3 readings (155, 157, 153, 2026-08-21 to 2026-09-08) is at least 10 mmHg above the baseline of 132; and the last 4 readings (2026-08-02 to 2026-09-08) average 158, 26 mmHg above the baseline of 132 (rule: at least 15 mmHg over 4 readings) (baseline = first 3 readings).
Rule default: visit_this_week.
Medicine taken at the last three contacts: yes, yes, yes.
Days since last contact: 0.
CHW notes:
""Patient well, taking medicine.""
Patient messages:
""Habari daktari, presha yangu ni 149 kwa 100. Nimekunywa dawa zangu.""
""151/97 leo. Asante""
""presha leo 157/99""",visit_this_week,none,,,[],visit_this_week,0,13.0,153,21.0,0.77,4,3,0,0,0,0,2,0
535,25,2026-09-11,sms,"Flag threshold: Latest BP 150/100 on 2026-09-11 is at or above the 'grade2' cut-off (160/100).
Flag trend: Trend rule: each of the last 3 readings (157, 153, 150, 2026-08-23 to 2026-09-11) is at least 10 mmHg above the baseline of 132; and the last 4 readings (2026-08-21 to 2026-09-11) average 154, 22 mmHg above the baseline of 132 (rule: at least 15 mmHg over 4 readings) (baseline = first 3 readings).
Rule default: visit_this_week.
Medicine taken at the last three contacts: yes, yes, yes.
Days since last contact: 0.
CHW notes:
""Patient well, taking medicine.""
Patient messages:
""151/97 leo. Asante""
""presha leo 157/99""
""presha leo 150/100""",visit_this_week,none,,,[],visit_this_week,0,13.0,150,18.0,-1.2,4,3,0,0,0,0,2,0
516,25,2026-09-21,clinic,"Flag threshold: Latest BP 154/101 on 2026-09-21 is at or above the 'grade2' cut-off (160/100).
Flag trend: Trend rule: each of the last 3 readings (153, 150, 154, 2026-09-08 to 2026-09-21) is at least 10 mmHg above the baseline of 132; and the last 4 readings (2026-08-23 to 2026-09-21) average 154, 22 mmHg above the baseline of 132 (rule: at least 15 mmHg over 4 readings) (baseline = first 3 readings).
Rule default: visit_this_week.
Medicine taken at the last three contacts: yes, yes, yes.
Days since last contact: 0.
Patient messages:
""151/97 leo. Asante""
""presha leo 157/99""
""presha leo 150/100""",visit_this_week,none,,,[],visit_this_week,0,11.0,154,22.0,-2.26,4,3,0,0,0,0,0,0
536,25,2026-09-22,sms,"Flag threshold: Latest BP 159/102 on 2026-09-22 is at or above the 'grade2' cut-off (160/100).
Flag trend: Trend rule: each of the last 3 readings (150, 154, 159, 2026-09-11 to 2026-09-22) is at least 10 mmHg above the baseline of 132; and the last 4 readings (2026-09-08 to 2026-09-22) average 154, 22 mmHg above the baseline of 132 (rule: at least 15 mmHg over 4 readings) (baseline = first 3 readings).
Rule default: visit_this_week.
Medicine taken at the last three contacts: partial, yes, yes.
Days since last contact: 0.
Patient messages:
""presha leo 157/99""
""presha leo 150/100""
""Pressure yangu ni 159/102, nimekunywa nusu dozi kwa sababu dawa zinakaribia kuisha.""",visit_this_week,up,note,"missed_meds (generator note or message): Pressure yangu ni 159/102, nimekunywa nusu dozi kwa sababu dawa zinakaribia kuisha.","[{""code"": ""measured_after_exertion"", ""quote"": ""Tension prise juste après une longue marche""}, {""code"": ""repeat_reading_normal"", ""quote"": ""Contrôle après 10 minutes de repos : 136/84""}]",refer_clinic,0,13.0,159,27.0,0.23,4,3,0,2,0,0,0,0
540,26,2026-04-11,chw,"Flags: none.
Rule default: routine.
Medicine taken at the last three contacts: yes.
Days since last contact: 0.
CHW notes:
""Patient bien, prend ses médicaments.""",routine,none,,,[],routine,0,2.0,127,0.0,0.0,0,0,0,0,0,0,0,0
549,26,2026-04-14,sms,"Flags: none.
Rule default: routine.
Medicine taken at the last three contacts: yes.
Days since last contact: 0.
CHW notes:
""Patient bien, prend ses médicaments.""
Patient messages:
""presha leo 128/83""",routine,none,,,[],routine,0,2.0,128,0.5,1.0,0,0,0,0,0,0,0,0
537,26,2026-04-26,clinic,"Flags: none.
Rule default: routine.
Medicine taken at the last three contacts: yes, yes, yes.
Days since last contact: 0.
Patient messages:
""presha leo 128/83""
""Habari daktari, presha yangu ni 119 kwa 84. Nimekunywa dawa zangu.""",routine,up,note,missed_meds (generator note or message): Dawa zimeisha,"[{""code"": ""new_symptom"", ""quote"": ""Strong pain in my chest""}]",recheck_7_days,0,1.5,119,-6.3,-3.1,0,0,0,0,0,0,0,0
550,26,2026-04-26,sms,"Flags: none.
Rule default: routine.
Medicine taken at the last three contacts: yes, yes, yes.
Days since last contact: 0.
Patient messages:
""presha leo 128/83""
""Habari daktari, presha yangu ni 119 kwa 84. Nimekunywa dawa zangu.""",routine,up,note,missed_meds (generator note or message): Dawa zimeisha,"[{""code"": ""new_symptom"", ""quote"": ""Strong pain in my chest""}]",recheck_7_days,0,1.5,119,-6.3,-3.1,0,0,0,0,0,0,0,0
541,26,2026-05-01,chw,"Flags: none.
Rule default: routine.
Medicine taken at the last three contacts: yes, yes, yes.
Days since last contact: 0.
CHW notes:
""Patient well, taking medicine.""
Patient messages:
""presha leo 128/83""
""Habari daktari, presha yangu ni 119 kwa 84. Nimekunywa dawa zangu.""",routine,none,,,[],routine,0,2.0,122,-3.3,-1.9,0,0,0,0,0,0,0,0
551,26,2026-05-10,sms,"Flags: none.
Rule default: routine.
Medicine taken at the last three contacts: yes, yes, yes.
Days since last contact: 0.
CHW notes:
""Patient well, taking medicine.""
Patient messages:
""presha leo 128/83""
""Habari daktari, presha yangu ni 119 kwa 84. Nimekunywa dawa zangu.""
""Shikamoo. Nimepima leo 121/79, dawa nimekunywa asubuhi.""",routine,none,,,[],routine,0,2.0,121,-4.3,-1.43,0,0,0,0,0,0,0,0
542,26,2026-05-20,chw,"Flags: none.
Rule default: routine.
Medicine taken at the last three contacts: partial, yes, yes.
Days since last contact: 0.
CHW notes:
""Patient ran out of tablets last week.""
Patient messages:
""presha leo 128/83""
""Habari daktari, presha yangu ni 119 kwa 84. Nimekunywa dawa zangu.""
""Shikamoo. Nimepima leo 121/79, dawa nimekunywa asubuhi.""",routine,up,note,missed_meds (generator note or message): Patient ran out of tablets last week.,"[{""code"": ""new_symptom"", ""quote"": ""Strong pain in my chest""}]",recheck_7_days,0,4.0,127,1.7,-0.06,0,0,0,2,0,0,0,0
552,26,2026-05-23,sms,"Flags: none.
Rule default: routine.
Medicine taken at the last three contacts: yes, partial, yes.
Days since last contact: 0.
CHW notes:
""Patient ran out of tablets last week.""
Patient messages:
""Habari daktari, presha yangu ni 119 kwa 84. Nimekunywa dawa zangu.""
""Shikamoo. Nimepima leo 121/79, dawa nimekunywa asubuhi.""
""Shikamoo. Nimepima leo 128/86, dawa nimekunywa asubuhi.""",routine,up,note,missed_meds (generator note or message): Patient ran out of tablets last week.,"[{""code"": ""new_symptom"", ""quote"": ""Strong pain in my chest""}]",recheck_7_days,0,2.0,128,2.7,1.66,0,0,0,0,0,0,0,0
553,26,2026-06-10,sms,"Flags: none.
Rule default: routine.
Medicine taken at the last three contacts: yes, partial, yes.
Days since last contact: 0.
Patient messages:
""Shikamoo. Nimepima leo 121/79, dawa nimekunywa asubuhi.""
""Shikamoo. Nimepima leo 128/86, dawa nimekunywa asubuhi.""
""117/84 leo. Asante""",routine,none,,,[],routine,0,1.5,117,-8.3,0.4,0,0,0,0,0,0,0,0
543,26,2026-06-15,chw,"Flags: none.
Rule default: routine.
Medicine taken at the last three contacts: yes, yes, partial.
Days since last contact: 0.
CHW notes:
""Patient bien, prend ses médicaments.""
Patient messages:
""Shikamoo. Nimepima leo 121/79, dawa nimekunywa asubuhi.""
""Shikamoo. Nimepima leo 128/86, dawa nimekunywa asubuhi.""
""117/84 leo. Asante""",routine,none,,,[],routine,0,1.5,119,-6.3,-0.74,0,0,0,0,0,0,0,0
554,26,2026-06-29,sms,"Flags: none.
Rule default: routine.
Medicine taken at the last three contacts: yes, yes, yes.
Days since last contact: 0.
CHW notes:
""Patient bien, prend ses médicaments.""
Patient messages:
""Shikamoo. Nimepima leo 128/86, dawa nimekunywa asubuhi.""
""117/84 leo. Asante""
""Mimi ni mzima. Presha ni 123/82, nakunywa dawa kila siku.""",routine,none,,,[],routine,0,2.0,123,-2.3,-0.71,0,0,0,0,0,0,0,0
538,26,2026-07-05,clinic,"Flags: none.
Rule default: routine.
Medicine taken at the last three contacts: yes, yes, yes.
Days since last contact: 0.
Patient messages:
""Shikamoo. Nimepima leo 128/86, dawa nimekunywa asubuhi.""
""117/84 leo. Asante""
""Mimi ni mzima. Presha ni 123/82, nakunywa dawa kila siku.""",routine,none,,,[],routine,0,2.0,122,-3.3,-1.09,0,0,0,0,0,0,0,0
544,26,2026-07-07,chw,"Flags: none.
Rule default: routine.
Medicine taken at the last three contacts: yes, yes, yes.
Days since last contact: 0.
CHW notes:
""Patient bien, prend ses médicaments.""
Patient messages:
""Shikamoo. Nimepima leo 128/86, dawa nimekunywa asubuhi.""
""117/84 leo. Asante""
""Mimi ni mzima. Presha ni 123/82, nakunywa dawa kila siku.""",routine,none,,,[],routine,0,2.0,128,2.7,0.54,0,0,0,0,0,0,0,0
555,26,2026-07-18,sms,"Flags: none.
Rule default: routine.
Medicine taken at the last three contacts: yes, yes, yes.
Days since last contact: 0.
CHW notes:
""Patient bien, prend ses médicaments.""
Patient messages:
""117/84 leo. Asante""
""Mimi ni mzima. Presha ni 123/82, nakunywa dawa kila siku.""
""Habari daktari, presha yangu ni 123 kwa 84. Nimekunywa dawa zangu.""",routine,none,,,[],routine,0,2.0,123,-2.3,1.6,0,0,0,0,0,0,0,0
545,26,2026-07-27,chw,"Flags: none.
Rule default: routine.
Medicine taken at the last three contacts: yes, yes, yes.
Days since last contact: 0.
CHW notes:
""Home visit, no complaints.""
Patient messages:
""117/84 leo. Asante""
""Mimi ni mzima. Presha ni 123/82, nakunywa dawa kila siku.""
""Habari daktari, presha yangu ni 123 kwa 84. Nimekunywa dawa zangu.""",routine,none,,,[],routine,0,2.0,126,0.7,1.17,0,0,0,0,0,0,0,0
556,26,2026-07-30,sms,"Flags: none.
Rule default: routine.
Medicine taken at the last three contacts: yes, yes, yes.
Days since last contact: 0.
CHW notes:
""Home visit, no complaints.""
Patient messages:
""Mimi ni mzima. Presha ni 123/82, nakunywa dawa kila siku.""
""Habari daktari, presha yangu ni 123 kwa 84. Nimekunywa dawa zangu.""
""presha leo 123/80""",routine,none,,,[],routine,0,2.0,123,-2.3,0.2,0,0,0,0,0,0,0,0
546,26,2026-08-10,chw,"Flags: none.
Rule default: routine.
Medicine taken at the last three contacts: yes, yes, yes.
Days since last contact: 0.
CHW notes:
""Patient well, taking medicine.""
Patient messages:
""Mimi ni mzima. Presha ni 123/82, nakunywa dawa kila siku.""
""Habari daktari, presha yangu ni 123 kwa 84. Nimekunywa dawa zangu.""
""presha leo 123/80""",routine,none,,,[],routine,0,2.0,133,7.7,1.23,0,0,0,0,0,0,0,0
557,26,2026-08-19,sms,"Flag borderline: Borderline: the readings crossed the goal 140/90 2 times in the last 6 readings: 128/80, 123/84, 126/85, 123/80, 133/90, 119/82. No threshold crossed; recheck and ask for a weekly reading.
Rule default: recheck_7_days.
Medicine taken at the last three contacts: yes, yes, yes.
Days since last contact: 0.
CHW notes:
""Patient well, taking medicine.""
Patient messages:
""Habari daktari, presha yangu ni 123 kwa 84. Nimekunywa dawa zangu.""
""presha leo 123/80""
""119/82 leo. Asante""",recheck_7_days,none,,,[],recheck_7_days,0,3.5,119,-6.3,-0.51,0,0,0,0,0,0,0,0
558,26,2026-08-29,sms,"Flag borderline: Borderline: the readings crossed the goal 140/90 2 times in the last 6 readings: 123/84, 126/85, 123/80, 133/90, 119/82, 116/75. No threshold crossed; recheck and ask for a weekly reading.
Rule default: recheck_7_days.
Medicine taken at the last three contacts: yes, yes, yes.
Days since last contact: 0.
Patient messages:
""119/82 leo. Asante""
""Sawa, nimeelewa.""
""116/75 leo. Asante""",recheck_7_days,none,,,[],recheck_7_days,0,3.5,116,-9.3,-1.31,0,0,0,0,0,0,0,0
547,26,2026-09-02,chw,"Flag borderline: Borderline: the readings crossed the goal 140/90 2 times in the last 6 readings: 126/85, 123/80, 133/90, 119/82, 116/75, 128/80. No threshold crossed; recheck and ask for a weekly reading.
Rule default: recheck_7_days.
Medicine taken at the last three contacts: yes, yes, yes.
Days since last contact: 0.
CHW notes:
""Patient bien, prend ses médicaments.""
Patient messages:
""Sawa, nimeelewa.""
""116/75 leo. Asante""
""Sawa, nimeelewa.""",recheck_7_days,none,,,[],recheck_7_days,0,4.0,128,2.7,-0.71,0,0,0,0,0,0,0,0
539,26,2026-09-04,clinic,"Flag borderline: Borderline: the readings crossed the goal 140/90 2 times in the last 6 readings: 123/80, 133/90, 119/82, 116/75, 128/80, 127/87. No threshold crossed; recheck and ask for a weekly reading.
Rule default: recheck_7_days.
Medicine taken at the last three contacts: yes, yes, yes.
Days since last contact: 0.
CHW notes:
""Patient bien, prend ses médicaments.""
Patient messages:
""Sawa, nimeelewa.""
""116/75 leo. Asante""
""Sawa, nimeelewa.""",recheck_7_days,none,,,[],recheck_7_days,0,4.0,127,1.7,0.06,0,0,0,0,0,0,0,0
559,26,2026-09-12,sms,"Flags: none.
Rule default: routine.
Medicine taken at the last three contacts: yes, yes, yes.
Days since last contact: 0.
Patient messages:
""116/75 leo. Asante""
""Sawa, nimeelewa.""
""Mimi ni mzima. Presha ni 124/84, nakunywa dawa kila siku.""",routine,none,,,[],routine,0,2.0,124,-1.3,-0.26,0,0,0,0,0,0,0,0
548,26,2026-09-19,chw,"Flags: none.
Rule default: routine.
Medicine taken at the last three contacts: yes, yes, yes.
Days since last contact: 0.
CHW notes:
""Mgonjwa yuko sawa, anakunywa dawa.""
Patient messages:
""116/75 leo. Asante""
""Sawa, nimeelewa.""
""Mimi ni mzima. Presha ni 124/84, nakunywa dawa kila siku.""",routine,none,,,[],routine,0,3.5,119,-6.3,0.66,0,0,0,0,0,0,0,2
1707,26,2026-10-01,chw,"Flags: none.
Rule default: routine.
Medicine taken at the last three contacts: yes, yes, yes.
Days since last contact: 0.
CHW notes:
""Mgonjwa yuko sawa, anakunywa dawa.""
""Home visit, BP taken.""
Patient messages:
""Sawa, nimeelewa.""
""Mimi ni mzima. Presha ni 124/84, nakunywa dawa kila siku.""
""Strong pain in my chest since this morning, it is hard to breathe.""",routine,up,case,"chest_pain_sms: Strong pain in my chest since this morning, it is hard to breathe.","[{""code"": ""new_symptom"", ""quote"": ""Strong pain in my chest""}]",emergency_now,0,4.0,136,10.7,2.0,0,0,0,0,0,0,0,2
560,26,2026-10-02,sms,"Flags: none.
Rule default: routine.
Medicine taken at the last three contacts: yes, yes, yes.
Days since last contact: 0.
CHW notes:
""Home visit, BP taken.""
Patient messages:
""Strong pain in my chest since this morning, it is hard to breathe.""
""Dawa hii inanifanya nikojoe sana, ni kawaida?""
""presha leo 131/86""",routine,none,,,[],routine,0,4.0,131,5.7,1.06,0,0,0,0,0,0,0,2
564,27,2026-04-12,chw,"Flags: none.
Rule default: routine.
Medicine taken at the last three contacts: yes.
Days since last contact: 0.
CHW notes:
""Patient bien, prend ses médicaments.""",routine,none,,,[],routine,0,7.0,132,0.0,0.0,0,0,0,0,0,0,0,0
561,27,2026-04-14,clinic,"Flags: none.
Rule default: routine.
Medicine taken at the last three contacts: yes, yes.
Days since last contact: 0.
CHW notes:
""Patient bien, prend ses médicaments.""",routine,none,,,[],routine,0,7.0,127,-2.5,-5.0,0,0,0,0,0,0,0,0
573,27,2026-04-16,sms,"Flags: none.
Rule default: routine.
Medicine taken at the last three contacts: yes, yes, yes.
Days since last contact: 0.
Patient messages:
""Shikamoo. Nimepima leo 131/85, dawa nimekunywa asubuhi.""",routine,none,,,[],routine,0,7.0,131,1.0,-0.5,0,0,0,0,0,0,0,0
574,27,2026-04-25,sms,"Flags: none.
Rule default: routine.
Medicine taken at the last three contacts: yes, yes, yes.
Days since last contact: 0.
Patient messages:
""Shikamoo. Nimepima leo 131/85, dawa nimekunywa asubuhi.""
""presha leo 132/88""",routine,none,,,[],routine,0,7.0,132,2.0,0.4,0,0,0,0,0,0,0,0
565,27,2026-05-06,chw,"Flag borderline: Borderline: 3 readings in a row in the band just under the goal 140/90 (130-139 systolic or 85-89 diastolic): 131/85, 132/88, 128/89 (2026-04-16 to 2026-05-06). No threshold crossed; recheck and ask for a weekly reading.
Rule default: recheck_7_days.
Medicine taken at the last three contacts: yes, yes, yes.
Days since last contact: 0.
CHW notes:
""Home visit, no complaints.""
Patient messages:
""Shikamoo. Nimepima leo 131/85, dawa nimekunywa asubuhi.""
""presha leo 132/88""",recheck_7_days,none,,,[],recheck_7_days,0,9.0,128,-2.0,-0.3,0,0,0,0,0,0,0,0
575,27,2026-05-08,sms,"Flag borderline: Borderline: 3 readings in a row in the band just under the goal 140/90 (130-139 systolic or 85-89 diastolic): 131/85, 132/88, 128/89 (2026-04-16 to 2026-05-06). No threshold crossed; recheck and ask for a weekly reading.
Rule default: recheck_7_days.
Medicine taken at the last three contacts: yes, yes, yes.
Days since last contact: 0.
CHW notes:
""Home visit, no complaints.""
Patient messages:
""Shikamoo. Nimepima leo 131/85, dawa nimekunywa asubuhi.""
""presha leo 132/88""
""Habari daktari, presha yangu ni 125 kwa 84. Nimekunywa dawa zangu.""",recheck_7_days,none,,,[],recheck_7_days,0,9.0,125,-5.0,-0.89,0,0,0,0,0,0,0,0
576,27,2026-05-15,sms,"Flag borderline: Borderline: 3 readings in a row in the band just under the goal 140/90 (130-139 systolic or 85-89 diastolic): 131/85, 132/88, 128/89 (2026-04-16 to 2026-05-06). No threshold crossed; recheck and ask for a weekly reading.
Rule default: recheck_7_days.
Medicine taken at the last three contacts: yes, yes, yes.
Days since last contact: 0.
Patient messages:
""presha leo 132/88""
""Habari daktari, presha yangu ni 125 kwa 84. Nimekunywa dawa zangu.""
""135/82 leo. Asante""",recheck_7_days,none,,,[],recheck_7_days,0,9.0,135,5.0,0.51,0,0,0,0,0,0,0,0
577,27,2026-05-27,sms,"Flag borderline: Borderline: 3 readings in a row in the band just under the goal 140/90 (130-139 systolic or 85-89 diastolic): 131/85, 132/88, 128/89 (2026-04-16 to 2026-05-06). No threshold crossed; recheck and ask for a weekly reading.
Rule default: recheck_7_days.
Medicine taken at the last three contacts: yes, yes, yes.
Days since last contact: 0.
Patient messages:
""135/82 leo. Asante""
""Je, niendelee kunywa dawa hata kama najisikia vizuri?""
""131/83 leo. Asante""",recheck_7_days,none,,,[],recheck_7_days,0,9.0,131,1.0,0.17,0,0,0,0,0,0,0,0
566,27,2026-05-29,chw,"Flag borderline: Borderline: 3 readings in a row in the band just under the goal 140/90 (130-139 systolic or 85-89 diastolic): 135/82, 131/83, 132/85 (2026-05-15 to 2026-05-29). No threshold crossed; recheck and ask for a weekly reading.
Rule default: recheck_7_days.
Medicine taken at the last three contacts: yes, yes, yes.
Days since last contact: 0.
CHW notes:
""Home visit, no complaints.""
Patient messages:
""135/82 leo. Asante""
""Je, niendelee kunywa dawa hata kama najisikia vizuri?""
""131/83 leo. Asante""",recheck_7_days,none,,,[],recheck_7_days,0,9.0,132,2.0,0.54,0,0,0,0,0,0,0,0
578,27,2026-06-05,sms,"Flag borderline: Borderline: 4 readings in a row in the band just under the goal 140/90 (130-139 systolic or 85-89 diastolic): 135/82, 131/83, 132/85, 133/85 (2026-05-15 to 2026-06-05). No threshold crossed; recheck and ask for a weekly reading.
Rule default: recheck_7_days.
Medicine taken at the last three contacts: yes, yes, yes.
Days since last contact: 0.
CHW notes:
""Home visit, no complaints.""
Patient messages:
""Je, niendelee kunywa dawa hata kama najisikia vizuri?""
""131/83 leo. Asante""
""presha leo 133/85""",recheck_7_days,none,,,[],recheck_7_days,0,9.0,133,3.0,1.2,0,0,0,0,0,0,0,0
567,27,2026-06-12,chw,"Flag borderline: Borderline: 4 readings in a row in the band just under the goal 140/90 (130-139 systolic or 85-89 diastolic): 135/82, 131/83, 132/85, 133/85 (2026-05-15 to 2026-06-05). No threshold crossed; recheck and ask for a weekly reading.
Rule default: recheck_7_days.
Medicine taken at the last three contacts: yes, yes, yes.
Days since last contact: 0.
CHW notes:
""Mgonjwa yuko sawa, anakunywa dawa.""
Patient messages:
""Je, niendelee kunywa dawa hata kama najisikia vizuri?""
""131/83 leo. Asante""
""presha leo 133/85""",recheck_7_days,none,,,[],recheck_7_days,0,9.0,125,-5.0,-0.14,0,0,0,0,0,0,0,0
579,27,2026-06-19,sms,"Flag borderline: Borderline: 4 readings in a row in the band just under the goal 140/90 (130-139 systolic or 85-89 diastolic): 135/82, 131/83, 132/85, 133/85 (2026-05-15 to 2026-06-05). No threshold crossed; recheck and ask for a weekly reading.
Rule default: recheck_7_days.
Medicine taken at the last three contacts: yes, yes, yes.
Days since last contact: 0.
CHW notes:
""Mgonjwa yuko sawa, anakunywa dawa.""
Patient messages:
""131/83 leo. Asante""
""presha leo 133/85""
""129/79 leo. Asante""",recheck_7_days,none,,,[],recheck_7_days,0,9.0,129,-1.0,-1.34,0,0,0,0,0,0,0,0
562,27,2026-06-20,clinic,"Flag borderline: Borderline: 3 readings in a row in the band just under the goal 140/90 (130-139 systolic or 85-89 diastolic): 131/83, 132/85, 133/85 (2026-05-27 to 2026-06-05). No threshold crossed; recheck and ask for a weekly reading.
Rule default: recheck_7_days.
Medicine taken at the last three contacts: yes, yes, yes.
Days since last contact: 0.
Patient messages:
""131/83 leo. Asante""
""presha leo 133/85""
""129/79 leo. Asante""",recheck_7_days,up,note,missed_meds (generator note or message): Dawa zimeisha,[],visit_this_week,0,9.0,130,0.0,-0.63,0,0,0,0,0,0,0,0
568,27,2026-07-08,chw,"Flags: none.
Rule default: routine.
Medicine taken at the last three contacts: yes, yes, yes.
Days since last contact: 0.
CHW notes:
""Home visit, no complaints.""
Patient messages:
""131/83 leo. Asante""
""presha leo 133/85""
""129/79 leo. Asante""",routine,up,note,missed_meds (generator note or message): Dawa zimeisha,[],recheck_7_days,0,7.0,124,-6.0,-1.29,0,0,0,0,0,0,0,0
580,27,2026-07-09,sms,"Flags: none.
Rule default: routine.
Medicine taken at the last three contacts: yes, yes, yes.
Days since last contact: 0.
CHW notes:
""Home visit, no complaints.""
Patient messages:
""presha leo 133/85""
""129/79 leo. Asante""
""Habari daktari, presha yangu ni 133 kwa 82. Nimekunywa dawa zangu.""",routine,none,,,[],routine,0,7.0,133,3.0,-0.06,0,0,0,0,0,0,0,0
569,27,2026-07-26,chw,"Flags: none.
Rule default: routine.
Medicine taken at the last three contacts: partial, yes, yes.
Days since last contact: 0.
CHW notes:
""Patient bien, prend ses médicaments.""
Patient messages:
""presha leo 133/85""
""129/79 leo. Asante""
""Habari daktari, presha yangu ni 133 kwa 82. Nimekunywa dawa zangu.""",routine,none,,,[],routine,0,10.5,140,10.0,2.31,0,0,0,2,0,0,0,0
581,27,2026-07-27,sms,"Flag borderline: Borderline: the readings crossed the goal 140/90 2 times in the last 6 readings: 129/79, 130/83, 124/82, 133/82, 140/89, 126/86. No threshold crossed; recheck and ask for a weekly reading.
Rule default: recheck_7_days.
Medicine taken at the last three contacts: yes, partial, yes.
Days since last contact: 0.
CHW notes:
""Patient bien, prend ses médicaments.""
Patient messages:
""129/79 leo. Asante""
""Habari daktari, presha yangu ni 133 kwa 82. Nimekunywa dawa zangu.""
""Habari daktari, presha yangu ni 126 kwa 86. Nimekunywa dawa zangu.""",recheck_7_days,none,,,[],recheck_7_days,0,9.0,126,-4.0,0.69,0,0,0,0,0,0,0,0
582,27,2026-08-06,sms,"Flag borderline: Borderline: the readings crossed the goal 140/90 2 times in the last 6 readings: 130/83, 124/82, 133/82, 140/89, 126/86, 127/78. No threshold crossed; recheck and ask for a weekly reading.
Rule default: recheck_7_days.
Medicine taken at the last three contacts: yes, partial, yes.
Days since last contact: 0.
Patient messages:
""Habari daktari, presha yangu ni 133 kwa 82. Nimekunywa dawa zangu.""
""Habari daktari, presha yangu ni 126 kwa 86. Nimekunywa dawa zangu.""
""127/78 leo. Asante""",recheck_7_days,none,,,[],recheck_7_days,0,9.0,127,-3.0,-0.06,0,0,0,0,0,0,0,0
583,27,2026-08-15,sms,"Flag borderline: Borderline: the readings crossed the goal 140/90 2 times in the last 6 readings: 124/82, 133/82, 140/89, 126/86, 127/78, 123/80. No threshold crossed; recheck and ask for a weekly reading.
Rule default: recheck_7_days.
Medicine taken at the last three contacts: yes, partial, yes.
Days since last contact: 0.
Patient messages:
""Habari daktari, presha yangu ni 126 kwa 86. Nimekunywa dawa zangu.""
""127/78 leo. Asante""
""presha leo 123/80""",recheck_7_days,none,,,[],recheck_7_days,0,9.0,123,-7.0,-1.06,0,0,0,0,0,0,0,0
570,27,2026-08-19,chw,"Flag borderline: Borderline: the readings crossed the goal 140/90 2 times in the last 6 readings: 133/82, 140/89, 126/86, 127/78, 123/80, 133/86. No threshold crossed; recheck and ask for a weekly reading.
Rule default: recheck_7_days.
Medicine taken at the last three contacts: partial, yes, partial.
Days since last contact: 0.
CHW notes:
""Amesahau dawa siku kadhaa.""
Patient messages:
""Habari daktari, presha yangu ni 126 kwa 86. Nimekunywa dawa zangu.""
""127/78 leo. Asante""
""presha leo 123/80""",recheck_7_days,up,note,missed_meds (generator note or message): Amesahau dawa siku kadhaa.,[],visit_this_week,0,11.0,133,3.0,-1.43,0,0,0,2,0,0,0,0
563,27,2026-08-23,clinic,"Flags: none.
Rule default: routine.
Medicine taken at the last three contacts: yes, partial, yes.
Days since last contact: 0.
CHW notes:
""Amesahau dawa siku kadhaa.""
Patient messages:
""Habari daktari, presha yangu ni 126 kwa 86. Nimekunywa dawa zangu.""
""127/78 leo. Asante""
""presha leo 123/80""",routine,up,note,missed_meds (generator note or message): Dawa zimeisha,[],recheck_7_days,0,7.0,128,-2.0,-1.23,0,0,0,0,0,0,0,0
584,27,2026-08-31,sms,"Flags: none.
Rule default: routine.
Medicine taken at the last three contacts: yes, partial, yes.
Days since last contact: 0.
Patient messages:
""127/78 leo. Asante""
""presha leo 123/80""
""presha leo 133/85""",routine,up,note,missed_meds (generator note or message): Dawa zimeisha,[],recheck_7_days,0,7.0,133,3.0,1.37,0,0,0,0,0,0,0,0
571,27,2026-09-10,chw,"Flags: none.
Rule default: routine.
Medicine taken at the last three contacts: yes, yes, partial.
Days since last contact: 0.
CHW notes:
""Patient bien, prend ses médicaments.""
Patient messages:
""127/78 leo. Asante""
""presha leo 123/80""
""presha leo 133/85""",routine,none,,,[],routine,1,8.5,147,17.0,3.57,0,0,0,0,0,0,0,0
585,27,2026-09-13,sms,"Flags: none.
Rule default: routine.
Medicine taken at the last three contacts: yes, yes, partial.
Days since last contact: 0.
CHW notes:
""Patient bien, prend ses médicaments.""
Patient messages:
""presha leo 123/80""
""presha leo 133/85""
""141/84 leo. Asante""",routine,none,,,[],routine,1,8.5,141,11.0,3.91,0,0,0,0,0,0,0,0
572,27,2026-09-26,chw,"Flag trend: Trend rule: each of the last 3 readings (147, 141, 155, 2026-09-10 to 2026-09-26) is at least 10 mmHg above the baseline of 130 (baseline = first 3 readings).
Rule default: recheck_7_days.
Medicine taken at the last three contacts: yes, yes, yes.
Days since last contact: 0.
CHW notes:
""Patient bien, prend ses médicaments.""
Patient messages:
""presha leo 123/80""
""presha leo 133/85""
""141/84 leo. Asante""",recheck_7_days,none,,,[],recheck_7_days,1,11.5,155,25.0,4.66,0,3,0,0,0,0,0,0
586,27,2026-09-30,sms,"Flag trend: Trend rule: each of the last 3 readings (141, 155, 152, 2026-09-13 to 2026-09-30) is at least 10 mmHg above the baseline of 130; and the last 4 readings (2026-09-10 to 2026-09-30) average 149, 19 mmHg above the baseline of 130 (rule: at least 15 mmHg over 4 readings) (baseline = first 3 readings).
Rule default: recheck_7_days.
Medicine taken at the last three contacts: yes, yes, yes.
Days since last contact: 0.
CHW notes:
""Patient bien, prend ses médicaments.""
Patient messages:
""presha leo 133/85""
""141/84 leo. Asante""
""Mimi ni mzima. Presha ni 152/92, nakunywa dawa kila siku.""",recheck_7_days,none,,,[],recheck_7_days,1,11.5,152,22.0,5.14,0,3,0,0,0,0,0,0
587,27,2026-10-01,chw,"Flag threshold: Latest BP 160/97 on 2026-10-01 is at or above the 'grade2' cut-off (160/100).
Flag who_risk: WHO 10-year CVD risk 21% (man, non-smoker, age 70-74, SBP 160-179, BMI 20-24 (24.5)) on the reading of 2026-10-01: at or above the 'high' level (20%).
Flag trend: Trend rule: each of the last 3 readings (155, 152, 160, 2026-09-26 to 2026-10-01) is at least 10 mmHg above the baseline of 130; and the last 4 readings (2026-09-13 to 2026-10-01) average 152, 22 mmHg above the baseline of 130 (rule: at least 15 mmHg over 4 readings) (baseline = first 3 readings).
Flag symptom: Symptom 'arm_weakness' reported on 2026-10-01 - on the emergency symptom list.
Rule default: emergency_now.
Medicine taken at the last three contacts: yes, yes, yes.
Days since last contact: 0.
CHW notes:
""Patient cannot lift left arm, started today.""
Patient messages:
""presha leo 133/85""
""141/84 leo. Asante""
""Mimi ni mzima. Presha ni 152/92, nakunywa dawa kila siku.""",emergency_now,none,,,[],emergency_now,1,27.5,160,30.0,4.69,4,3,10,0,0,0,0,0
599,28,2026-04-14,sms,"Flags: none.
Rule default: routine.
Medicine taken at the last three contacts: yes.
Days since last contact: 0.
Patient messages:
""Mimi ni mzima. Presha ni 131/76, nakunywa dawa kila siku.""",routine,none,,,[],routine,0,2.0,131,0.0,0.0,0,0,0,0,0,0,0,0
591,28,2026-04-19,chw,"Flags: none.
Rule default: routine.
Medicine taken at the last three contacts: yes, yes.
Days since last contact: 0.
CHW notes:
""Home visit, no complaints.""
Patient messages:
""Mimi ni mzima. Presha ni 131/76, nakunywa dawa kila siku.""",routine,none,,,[],routine,0,2.0,134,1.5,3.0,0,0,0,0,0,0,0,0
588,28,2026-04-20,clinic,"Flags: none.
Rule default: routine.
Medicine taken at the last three contacts: yes, yes, yes.
Days since last contact: 0.
CHW notes:
""Home visit, no complaints.""
Patient messages:
""Mimi ni mzima. Presha ni 131/76, nakunywa dawa kila siku.""",routine,none,,,[],routine,0,2.0,135,1.7,2.0,0,0,0,0,0,0,0,0
600,28,2026-04-27,sms,"Flag borderline: Borderline: 4 readings in a row in the band just under the goal 140/90 (130-139 systolic or 85-89 diastolic): 131/76, 134/86, 135/83, 130/74 (2026-04-14 to 2026-04-27). No threshold crossed; recheck and ask for a weekly reading.
Rule default: recheck_7_days.
Medicine taken at the last three contacts: yes, yes, yes.
Days since last contact: 0.
Patient messages:
""Mimi ni mzima. Presha ni 131/76, nakunywa dawa kila siku.""
""Shikamoo. Nimepima leo 130/74, dawa nimekunywa asubuhi.""",recheck_7_days,none,,,[],recheck_7_days,0,4.0,130,-3.3,-0.2,0,0,0,0,0,0,0,0
601,28,2026-05-08,sms,"Flag borderline: Borderline: 5 readings in a row in the band just under the goal 140/90 (130-139 systolic or 85-89 diastolic): 131/76, 134/86, 135/83, 130/74, 133/76 (2026-04-14 to 2026-05-08). No threshold crossed; recheck and ask for a weekly reading.
Rule default: recheck_7_days.
Medicine taken at the last three contacts: yes, yes, yes.
Days since last contact: 0.
Patient messages:
""Shikamoo. Nimepima leo 130/74, dawa nimekunywa asubuhi.""
""Habari za asubuhi, niko safarini wiki hii.""
""presha leo 133/76""",recheck_7_days,none,,,[],recheck_7_days,0,4.0,133,-0.3,0.0,0,0,0,0,0,0,0,0
592,28,2026-05-09,chw,"Flag borderline: Borderline: 6 readings in a row in the band just under the goal 140/90 (130-139 systolic or 85-89 diastolic): 131/76, 134/86, 135/83, 130/74, 133/76, 137/80 (2026-04-14 to 2026-05-09). No threshold crossed; recheck and ask for a weekly reading.
Rule default: recheck_7_days.
Medicine taken at the last three contacts: yes, yes, yes.
Days since last contact: 0.
CHW notes:
""Mgonjwa yuko sawa, anakunywa dawa.""
Patient messages:
""Shikamoo. Nimepima leo 130/74, dawa nimekunywa asubuhi.""
""Habari za asubuhi, niko safarini wiki hii.""
""presha leo 133/76""",recheck_7_days,none,,,[],recheck_7_days,0,4.0,137,3.7,0.63,0,0,0,0,0,0,0,0
602,28,2026-05-23,sms,"Flag borderline: Borderline: 6 readings in a row in the band just under the goal 140/90 (130-139 systolic or 85-89 diastolic): 134/86, 135/83, 130/74, 133/76, 137/80, 135/79 (2026-04-19 to 2026-05-23). No threshold crossed; recheck and ask for a weekly reading.
Rule default: recheck_7_days.
Medicine taken at the last three contacts: yes, yes, yes.
Days since last contact: 0.
CHW notes:
""Mgonjwa yuko sawa, anakunywa dawa.""
Patient messages:
""Habari za asubuhi, niko safarini wiki hii.""
""presha leo 133/76""
""Habari daktari, presha yangu ni 135 kwa 79. Nimekunywa dawa zangu.""",recheck_7_days,none,,,[],recheck_7_days,0,4.0,135,1.7,0.4,0,0,0,0,0,0,0,0
593,28,2026-05-31,chw,"Flag borderline: Borderline: 6 readings in a row in the band just under the goal 140/90 (130-139 systolic or 85-89 diastolic): 135/83, 130/74, 133/76, 137/80, 135/79, 132/76 (2026-04-20 to 2026-05-31). No threshold crossed; recheck and ask for a weekly reading.
Rule default: recheck_7_days.
Medicine taken at the last three contacts: yes, yes, yes.
Days since last contact: 0.
CHW notes:
""Mgonjwa yuko sawa, anakunywa dawa.""
Patient messages:
""Habari za asubuhi, niko safarini wiki hii.""
""presha leo 133/76""
""Habari daktari, presha yangu ni 135 kwa 79. Nimekunywa dawa zangu.""",recheck_7_days,none,,,[],recheck_7_days,0,4.0,132,-1.3,0.11,0,0,0,0,0,0,0,0
603,28,2026-06-02,sms,"Flag borderline: Borderline: 6 readings in a row in the band just under the goal 140/90 (130-139 systolic or 85-89 diastolic): 130/74, 133/76, 137/80, 135/79, 132/76, 130/77 (2026-04-27 to 2026-06-02). No threshold crossed; recheck and ask for a weekly reading.
Rule default: recheck_7_days.
Medicine taken at the last three contacts: yes, yes, yes.
Days since last contact: 0.
CHW notes:
""Mgonjwa yuko sawa, anakunywa dawa.""
Patient messages:
""presha leo 133/76""
""Habari daktari, presha yangu ni 135 kwa 79. Nimekunywa dawa zangu.""
""Shikamoo. Nimepima leo 130/77, dawa nimekunywa asubuhi.""",recheck_7_days,none,,,[],recheck_7_days,0,4.0,130,-3.3,-0.14,0,0,0,0,0,0,0,0
604,28,2026-06-09,sms,"Flag borderline: Borderline: 6 readings in a row in the band just under the goal 140/90 (130-139 systolic or 85-89 diastolic): 133/76, 137/80, 135/79, 132/76, 130/77, 135/80 (2026-05-08 to 2026-06-09). No threshold crossed; recheck and ask for a weekly reading.
Rule default: recheck_7_days.
Medicine taken at the last three contacts: yes, yes, yes.
Days since last contact: 0.
Patient messages:
""Habari daktari, presha yangu ni 135 kwa 79. Nimekunywa dawa zangu.""
""Shikamoo. Nimepima leo 130/77, dawa nimekunywa asubuhi.""
""Mimi ni mzima. Presha ni 135/80, nakunywa dawa kila siku.""",recheck_7_days,none,,,[],recheck_7_days,0,4.0,135,1.7,-0.4,0,0,0,0,0,0,0,0
1723,28,2026-06-11,chw,"Flag threshold: Latest BP 164/101 on 2026-06-11 is at or above the 'grade2' cut-off (160/100).
Rule default: visit_this_week.
Medicine taken at the last three contacts: yes, yes, yes.
Days since last contact: 0.
CHW notes:
""Patient leaves tomorrow to visit family in Bujumbura for two weeks; has a phone and replies to SMS.""
Patient messages:
""Habari daktari, presha yangu ni 135 kwa 79. Nimekunywa dawa zangu.""
""Shikamoo. Nimepima leo 130/77, dawa nimekunywa asubuhi.""
""Mimi ni mzima. Presha ni 135/80, nakunywa dawa kila siku.""",visit_this_week,down,case,travelling: Patient leaves tomorrow to visit family in Bujumbura for two weeks; has a phone and replies to SMS.,"[{""code"": ""travelling"", ""quote"": ""leaves tomorrow to visit family in Bujumbura for two weeks""}]",recheck_7_days,0,8.0,164,30.7,3.8,4,0,0,0,0,0,0,0
605,28,2026-06-27,sms,"Flag borderline: Borderline: 4 readings in a row in the band just under the goal 140/90 (130-139 systolic or 85-89 diastolic): 135/79, 132/76, 130/77, 135/80 (2026-05-23 to 2026-06-09). No threshold crossed; recheck and ask for a weekly reading.
Rule default: recheck_7_days.
Medicine taken at the last three contacts: yes, yes, yes.
Days since last contact: 0.
CHW notes:
""Patient leaves tomorrow to visit family in Bujumbura for two weeks; has a phone and replies to SMS.""
Patient messages:
""Shikamoo. Nimepima leo 130/77, dawa nimekunywa asubuhi.""
""Mimi ni mzima. Presha ni 135/80, nakunywa dawa kila siku.""
""Habari daktari, presha yangu ni 138 kwa 79. Nimekunywa dawa zangu.""",recheck_7_days,none,,,[],recheck_7_days,0,4.0,138,4.7,3.31,0,0,0,0,0,0,0,0
594,28,2026-06-28,chw,"Flag borderline: Borderline: 3 readings in a row in the band just under the goal 140/90 (130-139 systolic or 85-89 diastolic): 132/76, 130/77, 135/80 (2026-05-31 to 2026-06-09). No threshold crossed; recheck and ask for a weekly reading.
Rule default: recheck_7_days.
Medicine taken at the last three contacts: yes, yes, yes.
Days since last contact: 0.
CHW notes:
""Mgonjwa yuko sawa, anakunywa dawa.""
Patient messages:
""Shikamoo. Nimepima leo 130/77, dawa nimekunywa asubuhi.""
""Mimi ni mzima. Presha ni 135/80, nakunywa dawa kila siku.""
""Habari daktari, presha yangu ni 138 kwa 79. Nimekunywa dawa zangu.""",recheck_7_days,none,,,[],recheck_7_days,0,4.0,131,-2.3,1.37,0,0,0,0,0,0,0,0
606,28,2026-07-07,sms,"Flag borderline: Borderline: 3 readings in a row in the band just under the goal 140/90 (130-139 systolic or 85-89 diastolic): 138/79, 131/81, 132/81 (2026-06-27 to 2026-07-07). No threshold crossed; recheck and ask for a weekly reading.
Rule default: recheck_7_days.
Medicine taken at the last three contacts: yes, yes, yes.
Days since last contact: 0.
CHW notes:
""Mgonjwa yuko sawa, anakunywa dawa.""
Patient messages:
""Mimi ni mzima. Presha ni 135/80, nakunywa dawa kila siku.""
""Habari daktari, presha yangu ni 138 kwa 79. Nimekunywa dawa zangu.""
""Shikamoo. Nimepima leo 132/81, dawa nimekunywa asubuhi.""",recheck_7_days,none,,,[],recheck_7_days,0,4.0,132,-1.3,-0.8,0,0,0,0,0,0,0,0
589,28,2026-07-08,clinic,"Flag borderline: Borderline: 3 readings in a row in the band just under the goal 140/90 (130-139 systolic or 85-89 diastolic): 138/79, 131/81, 132/81 (2026-06-27 to 2026-07-07). No threshold crossed; recheck and ask for a weekly reading.
Rule default: recheck_7_days.
Medicine taken at the last three contacts: partial, yes, yes.
Days since last contact: 0.
Patient messages:
""Mimi ni mzima. Presha ni 135/80, nakunywa dawa kila siku.""
""Habari daktari, presha yangu ni 138 kwa 79. Nimekunywa dawa zangu.""
""Shikamoo. Nimepima leo 132/81, dawa nimekunywa asubuhi.""",recheck_7_days,none,,,[],recheck_7_days,0,7.0,141,7.7,-2.09,0,0,0,2,0,0,0,0
595,28,2026-07-14,chw,"Flag borderline: Borderline: 3 readings in a row in the band just under the goal 140/90 (130-139 systolic or 85-89 diastolic): 138/79, 131/81, 132/81 (2026-06-27 to 2026-07-07). No threshold crossed; recheck and ask for a weekly reading.
Rule default: recheck_7_days.
Medicine taken at the last three contacts: yes, partial, yes.
Days since last contact: 0.
CHW notes:
""Home visit, no complaints.""
Patient messages:
""Mimi ni mzima. Presha ni 135/80, nakunywa dawa kila siku.""
""Habari daktari, presha yangu ni 138 kwa 79. Nimekunywa dawa zangu.""
""Shikamoo. Nimepima leo 132/81, dawa nimekunywa asubuhi.""",recheck_7_days,none,,,[],recheck_7_days,0,5.0,142,8.7,-2.86,0,0,0,0,0,0,0,0
607,28,2026-07-19,sms,"Flag borderline: Borderline: 3 readings in a row in the band just under the goal 140/90 (130-139 systolic or 85-89 diastolic): 138/79, 131/81, 132/81 (2026-06-27 to 2026-07-07). No threshold crossed; recheck and ask for a weekly reading.
Rule default: recheck_7_days.
Medicine taken at the last three contacts: yes, yes, partial.
Days since last contact: 0.
CHW notes:
""Home visit, no complaints.""
Patient messages:
""Habari daktari, presha yangu ni 138 kwa 79. Nimekunywa dawa zangu.""
""Shikamoo. Nimepima leo 132/81, dawa nimekunywa asubuhi.""
""Habari daktari, presha yangu ni 138 kwa 83. Nimekunywa dawa zangu.""",recheck_7_days,none,,,[],recheck_7_days,0,4.0,138,4.7,1.2,0,0,0,0,0,0,0,0
608,28,2026-08-05,sms,"Flag borderline: Borderline: the readings crossed the goal 140/90 3 times in the last 6 readings: 131/81, 132/81, 141/82, 142/80, 138/83, 145/86. No threshold crossed; recheck and ask for a weekly reading.
Rule default: recheck_7_days.
Medicine taken at the last three contacts: yes, yes, partial.
Days since last contact: 0.
Patient messages:
""Shikamoo. Nimepima leo 132/81, dawa nimekunywa asubuhi.""
""Habari daktari, presha yangu ni 138 kwa 83. Nimekunywa dawa zangu.""
""presha leo 145/86""",recheck_7_days,none,,,[],recheck_7_days,0,5.0,145,11.7,2.54,0,0,0,0,0,0,0,0
596,28,2026-08-10,chw,"Flag borderline: Borderline: the readings crossed the goal 140/90 4 times in the last 6 readings: 132/81, 141/82, 142/80, 138/83, 145/86, 131/77. No threshold crossed; recheck and ask for a weekly reading.
Rule default: recheck_7_days.
Medicine taken at the last three contacts: yes, yes, yes.
Days since last contact: 0.
CHW notes:
""Home visit, no complaints.""
Patient messages:
""Shikamoo. Nimepima leo 132/81, dawa nimekunywa asubuhi.""
""Habari daktari, presha yangu ni 138 kwa 83. Nimekunywa dawa zangu.""
""presha leo 145/86""",recheck_7_days,none,,,[],recheck_7_days,0,4.0,131,-2.3,0.09,0,0,0,0,0,0,0,0
609,28,2026-08-24,sms,"Flag borderline: Borderline: the readings crossed the goal 140/90 3 times in the last 6 readings: 141/82, 142/80, 138/83, 145/86, 131/77, 133/80. No threshold crossed; recheck and ask for a weekly reading.
Rule default: recheck_7_days.
Medicine taken at the last three contacts: yes, yes, yes.
Days since last contact: 0.
CHW notes:
""Home visit, no complaints.""
Patient messages:
""Habari daktari, presha yangu ni 138 kwa 83. Nimekunywa dawa zangu.""
""presha leo 145/86""
""Habari daktari, presha yangu ni 133 kwa 80. Nimekunywa dawa zangu.""",recheck_7_days,none,,,[],recheck_7_days,0,6.0,133,-0.3,-1.89,0,0,0,0,0,0,0,2
597,28,2026-09-01,chw,"Flag borderline: Borderline: 4 readings in a row in the band just under the goal 140/90 (130-139 systolic or 85-89 diastolic): 131/77, 133/80, 133/80, 137/80 (2026-08-10 to 2026-09-01). No threshold crossed; recheck and ask for a weekly reading.
Rule default: recheck_7_days.
Medicine taken at the last three contacts: yes, yes, yes.
Days since last contact: 0.
CHW notes:
""Mgonjwa yuko sawa, anakunywa dawa.""
Patient messages:
""presha leo 145/86""
""Habari daktari, presha yangu ni 133 kwa 80. Nimekunywa dawa zangu.""
""Mimi ni mzima. Presha ni 137/80, nakunywa dawa kila siku.""",recheck_7_days,none,,,[],recheck_7_days,0,6.0,137,3.7,-1.11,0,0,0,0,0,0,0,2
610,28,2026-09-01,sms,"Flag borderline: Borderline: 4 readings in a row in the band just under the goal 140/90 (130-139 systolic or 85-89 diastolic): 131/77, 133/80, 133/80, 137/80 (2026-08-10 to 2026-09-01). No threshold crossed; recheck and ask for a weekly reading.
Rule default: recheck_7_days.
Medicine taken at the last three contacts: yes, yes, yes.
Days since last contact: 0.
CHW notes:
""Mgonjwa yuko sawa, anakunywa dawa.""
Patient messages:
""presha leo 145/86""
""Habari daktari, presha yangu ni 133 kwa 80. Nimekunywa dawa zangu.""
""Mimi ni mzima. Presha ni 137/80, nakunywa dawa kila siku.""",recheck_7_days,none,,,[],recheck_7_days,0,6.0,137,3.7,-1.11,0,0,0,0,0,0,0,2
611,28,2026-09-12,sms,"Flag borderline: Borderline: 5 readings in a row in the band just under the goal 140/90 (130-139 systolic or 85-89 diastolic): 131/77, 133/80, 133/80, 137/80, 136/83 (2026-08-10 to 2026-09-12). No threshold crossed; recheck and ask for a weekly reading.
Rule default: recheck_7_days.
Medicine taken at the last three contacts: yes, yes, yes.
Days since last contact: 0.
Patient messages:
""Habari daktari, presha yangu ni 133 kwa 80. Nimekunywa dawa zangu.""
""Mimi ni mzima. Presha ni 137/80, nakunywa dawa kila siku.""
""Mimi ni mzima. Presha ni 136/83, nakunywa dawa kila siku.""",recheck_7_days,none,,,[],recheck_7_days,0,6.0,136,2.7,-0.77,0,0,0,0,0,0,0,2
590,28,2026-09-13,clinic,"Flag borderline: Borderline: 5 readings in a row in the band just under the goal 140/90 (130-139 systolic or 85-89 diastolic): 131/77, 133/80, 133/80, 137/80, 136/83 (2026-08-10 to 2026-09-12). No threshold crossed; recheck and ask for a weekly reading.
Rule default: recheck_7_days.
Medicine taken at the last three contacts: yes, yes, yes.
Days since last contact: 0.
Patient messages:
""Habari daktari, presha yangu ni 133 kwa 80. Nimekunywa dawa zangu.""
""Mimi ni mzima. Presha ni 137/80, nakunywa dawa kila siku.""
""Mimi ni mzima. Presha ni 136/83, nakunywa dawa kila siku.""",recheck_7_days,none,,,[],recheck_7_days,0,6.0,129,-4.3,0.09,0,0,0,0,0,0,0,2
598,28,2026-09-16,chw,"Flag borderline: Borderline: 4 readings in a row in the band just under the goal 140/90 (130-139 systolic or 85-89 diastolic): 133/80, 133/80, 137/80, 136/83 (2026-08-24 to 2026-09-12). No threshold crossed; recheck and ask for a weekly reading.
Rule default: recheck_7_days.
Medicine taken at the last three contacts: yes, yes, yes.
Days since last contact: 0.
CHW notes:
""Mgonjwa yuko sawa, anakunywa dawa.""
Patient messages:
""Habari daktari, presha yangu ni 133 kwa 80. Nimekunywa dawa zangu.""
""Mimi ni mzima. Presha ni 137/80, nakunywa dawa kila siku.""
""Mimi ni mzima. Presha ni 136/83, nakunywa dawa kila siku.""",recheck_7_days,none,,,[],recheck_7_days,0,6.0,132,-1.3,-0.51,0,0,0,0,0,0,0,2
612,28,2026-09-24,sms,"Flag borderline: Borderline: 3 readings in a row in the band just under the goal 140/90 (130-139 systolic or 85-89 diastolic): 133/80, 137/80, 136/83 (2026-09-01 to 2026-09-12). No threshold crossed; recheck and ask for a weekly reading.
Rule default: recheck_7_days.
Medicine taken at the last three contacts: yes, yes, yes.
Days since last contact: 0.
CHW notes:
""Mgonjwa yuko sawa, anakunywa dawa.""
Patient messages:
""Mimi ni mzima. Presha ni 137/80, nakunywa dawa kila siku.""
""Mimi ni mzima. Presha ni 136/83, nakunywa dawa kila siku.""
""Shikamoo. Nimepima leo 136/84, dawa nimekunywa asubuhi.""",recheck_7_days,none,,,[],recheck_7_days,0,6.0,136,2.7,-0.2,0,0,0,0,0,0,0,2
613,29,2026-04-13,clinic,"Flags: none.
Rule default: routine.
Medicine taken at the last three contacts: yes.
Days since last contact: 0.",routine,none,,,[],routine,0,1.0,122,0.0,0.0,0,0,0,0,0,0,0,0
616,29,2026-04-14,chw,"Flags: none.
Rule default: routine.
Medicine taken at the last three contacts: yes, yes.
Days since last contact: 0.
CHW notes:
""Home visit, no complaints.""",routine,none,,,[],routine,0,1.0,125,1.5,3.0,0,0,0,0,0,0,0,0
624,29,2026-04-18,sms,"Flags: none.
Rule default: routine.
Medicine taken at the last three contacts: yes, yes, yes.
Days since last contact: 0.
CHW notes:
""Home visit, no complaints.""
Patient messages:
""Mimi ni mzima. Presha ni 126/84, nakunywa dawa kila siku.""",routine,none,,,[],routine,0,1.0,126,1.7,2.0,0,0,0,0,0,0,0,0
617,29,2026-05-03,chw,"Flags: none.
Rule default: routine.
Medicine taken at the last three contacts: yes, yes, yes.
Days since last contact: 0.
CHW notes:
""Mgonjwa yuko sawa, anakunywa dawa.""
Patient messages:
""Mimi ni mzima. Presha ni 126/84, nakunywa dawa kila siku.""",routine,none,,,[],routine,0,1.0,125,0.7,1.0,0,0,0,0,0,0,0,0
625,29,2026-05-04,sms,"Flags: none.
Rule default: routine.
Medicine taken at the last three contacts: yes, yes, yes.
Days since last contact: 0.
CHW notes:
""Mgonjwa yuko sawa, anakunywa dawa.""
Patient messages:
""Mimi ni mzima. Presha ni 126/84, nakunywa dawa kila siku.""
""presha leo 124/82""",routine,none,,,[],routine,0,1.0,124,-0.3,0.4,0,0,0,0,0,0,0,0
626,29,2026-05-16,sms,"Flags: none.
Rule default: routine.
Medicine taken at the last three contacts: yes, yes, yes.
Days since last contact: 0.
Patient messages:
""Mimi ni mzima. Presha ni 126/84, nakunywa dawa kila siku.""
""presha leo 124/82""
""presha leo 122/81""",routine,none,,,[],routine,0,1.0,122,-2.3,-0.11,0,0,0,0,0,0,0,0
618,29,2026-05-25,chw,"Flags: none.
Rule default: routine.
Medicine taken at the last three contacts: yes, yes, yes.
Days since last contact: 0.
CHW notes:
""Mgonjwa yuko sawa, anakunywa dawa.""
Patient messages:
""Mimi ni mzima. Presha ni 126/84, nakunywa dawa kila siku.""
""presha leo 124/82""
""presha leo 122/81""",routine,none,,,[],routine,0,1.0,123,-1.3,-0.66,0,0,0,0,0,0,0,0
627,29,2026-05-28,sms,"Flags: none.
Rule default: routine.
Medicine taken at the last three contacts: yes, yes, yes.
Days since last contact: 0.
CHW notes:
""Mgonjwa yuko sawa, anakunywa dawa.""
Patient messages:
""presha leo 124/82""
""presha leo 122/81""
""Habari daktari, presha yangu ni 121 kwa 79. Nimekunywa dawa zangu.""",routine,none,,,[],routine,0,1.0,121,-3.3,-0.94,0,0,0,0,0,0,0,0
628,29,2026-06-05,sms,"Flags: none.
Rule default: routine.
Medicine taken at the last three contacts: yes, yes, yes.
Days since last contact: 0.
Patient messages:
""Habari daktari, presha yangu ni 121 kwa 79. Nimekunywa dawa zangu.""
""Sawa, nimeelewa.""
""Habari daktari, presha yangu ni 123 kwa 73. Nimekunywa dawa zangu.""",routine,none,,,[],routine,0,1.0,123,-1.3,-0.51,0,0,0,0,0,0,0,0
629,29,2026-06-13,sms,"Flags: none.
Rule default: routine.
Medicine taken at the last three contacts: yes, yes, yes.
Days since last contact: 0.
Patient messages:
""Habari daktari, presha yangu ni 123 kwa 73. Nimekunywa dawa zangu.""
""Sawa, nimeelewa.""
""Habari daktari, presha yangu ni 127 kwa 90. Nimekunywa dawa zangu.""",routine,none,,,[],routine,0,1.0,127,2.7,0.46,0,0,0,0,0,0,0,0
619,29,2026-06-22,chw,"Flag borderline: Borderline: the readings crossed the goal 140/90 2 times in the last 6 readings: 122/81, 123/86, 121/79, 123/73, 127/90, 128/86. No threshold crossed; recheck and ask for a weekly reading.
Rule default: recheck_7_days.
Medicine taken at the last three contacts: yes, yes, yes.
Days since last contact: 0.
CHW notes:
""Patient bien, prend ses médicaments.""
Patient messages:
""Habari daktari, presha yangu ni 123 kwa 73. Nimekunywa dawa zangu.""
""Sawa, nimeelewa.""
""Habari daktari, presha yangu ni 127 kwa 90. Nimekunywa dawa zangu.""",recheck_7_days,none,,,[],recheck_7_days,0,3.0,128,3.7,1.26,0,0,0,0,0,0,0,0
630,29,2026-06-23,sms,"Flag borderline: Borderline: the readings crossed the goal 140/90 2 times in the last 6 readings: 123/86, 121/79, 123/73, 127/90, 128/86, 131/88. No threshold crossed; recheck and ask for a weekly reading.
Rule default: recheck_7_days.
Medicine taken at the last three contacts: yes, yes, yes.
Days since last contact: 0.
CHW notes:
""Patient bien, prend ses médicaments.""
Patient messages:
""Sawa, nimeelewa.""
""Habari daktari, presha yangu ni 127 kwa 90. Nimekunywa dawa zangu.""
""Shikamoo. Nimepima leo 131/88, dawa nimekunywa asubuhi.""",recheck_7_days,none,,,[],recheck_7_days,0,3.0,131,6.7,1.86,0,0,0,0,0,0,0,0
631,29,2026-07-02,sms,"Flag borderline: Borderline: the readings crossed the goal 140/90 2 times in the last 6 readings: 121/79, 123/73, 127/90, 128/86, 131/88, 123/80. No threshold crossed; recheck and ask for a weekly reading.
Rule default: recheck_7_days.
Medicine taken at the last three contacts: yes, yes, yes.
Days since last contact: 0.
Patient messages:
""Shikamoo. Nimepima leo 131/88, dawa nimekunywa asubuhi.""
""Dawa zangu zimeisha, nitapata wapi zingine?""
""Shikamoo. Nimepima leo 123/80, dawa nimekunywa asubuhi.""",recheck_7_days,none,,,[],recheck_7_days,0,3.0,123,-1.3,1.0,0,0,0,0,0,0,0,0
614,29,2026-07-09,clinic,"Flag borderline: Borderline: the readings crossed the goal 140/90 2 times in the last 6 readings: 123/73, 127/90, 128/86, 131/88, 123/80, 134/84. No threshold crossed; recheck and ask for a weekly reading.
Rule default: recheck_7_days.
Medicine taken at the last three contacts: partial, yes, yes.
Days since last contact: 0.
Patient messages:
""Shikamoo. Nimepima leo 131/88, dawa nimekunywa asubuhi.""
""Dawa zangu zimeisha, nitapata wapi zingine?""
""Shikamoo. Nimepima leo 123/80, dawa nimekunywa asubuhi.""",recheck_7_days,none,,,[],recheck_7_days,0,5.0,134,9.7,1.31,0,0,0,2,0,0,0,0
620,29,2026-07-15,chw,"Flags: none.
Rule default: routine.
Medicine taken at the last three contacts: yes, partial, yes.
Days since last contact: 0.
CHW notes:
""Patient bien, prend ses médicaments.""
Patient messages:
""Shikamoo. Nimepima leo 131/88, dawa nimekunywa asubuhi.""
""Dawa zangu zimeisha, nitapata wapi zingine?""
""Shikamoo. Nimepima leo 123/80, dawa nimekunywa asubuhi.""",routine,none,,,[],routine,0,1.0,130,5.7,0.71,0,0,0,0,0,0,0,0
632,29,2026-07-17,sms,"Flag borderline: Borderline: 3 readings in a row in the band just under the goal 140/90 (130-139 systolic or 85-89 diastolic): 134/84, 130/87, 132/82 (2026-07-09 to 2026-07-17). No threshold crossed; recheck and ask for a weekly reading.
Rule default: recheck_7_days.
Medicine taken at the last three contacts: yes, partial, yes.
Days since last contact: 0.
CHW notes:
""Patient bien, prend ses médicaments.""
Patient messages:
""Dawa zangu zimeisha, nitapata wapi zingine?""
""Shikamoo. Nimepima leo 123/80, dawa nimekunywa asubuhi.""
""132/82 leo. Asante""",recheck_7_days,none,,,[],recheck_7_days,0,3.0,132,7.7,0.8,0,0,0,0,0,0,0,0
633,29,2026-08-01,sms,"Flag borderline: Borderline: 3 readings in a row in the band just under the goal 140/90 (130-139 systolic or 85-89 diastolic): 134/84, 130/87, 132/82 (2026-07-09 to 2026-07-17). No threshold crossed; recheck and ask for a weekly reading.
Rule default: recheck_7_days.
Medicine taken at the last three contacts: yes, yes, partial.
Days since last contact: 0.
Patient messages:
""Shikamoo. Nimepima leo 123/80, dawa nimekunywa asubuhi.""
""132/82 leo. Asante""
""Mimi ni mzima. Presha ni 122/76, nakunywa dawa kila siku.""",recheck_7_days,none,,,[],recheck_7_days,0,3.0,122,-2.3,-0.63,0,0,0,0,0,0,0,0
621,29,2026-08-10,chw,"Flag borderline: Borderline: 3 readings in a row in the band just under the goal 140/90 (130-139 systolic or 85-89 diastolic): 134/84, 130/87, 132/82 (2026-07-09 to 2026-07-17). No threshold crossed; recheck and ask for a weekly reading.
Rule default: recheck_7_days.
Medicine taken at the last three contacts: yes, yes, yes.
Days since last contact: 0.
CHW notes:
""Patient well, taking medicine.""
Patient messages:
""Shikamoo. Nimepima leo 123/80, dawa nimekunywa asubuhi.""
""132/82 leo. Asante""
""Mimi ni mzima. Presha ni 122/76, nakunywa dawa kila siku.""",recheck_7_days,none,,,[],recheck_7_days,0,3.0,120,-4.3,-1.4,0,0,0,0,0,0,0,0
634,29,2026-08-21,sms,"Flag borderline: Borderline: 3 readings in a row in the band just under the goal 140/90 (130-139 systolic or 85-89 diastolic): 134/84, 130/87, 132/82 (2026-07-09 to 2026-07-17). No threshold crossed; recheck and ask for a weekly reading.
Rule default: recheck_7_days.
Medicine taken at the last three contacts: yes, yes, yes.
Days since last contact: 0.
CHW notes:
""Patient well, taking medicine.""
Patient messages:
""132/82 leo. Asante""
""Mimi ni mzima. Presha ni 122/76, nakunywa dawa kila siku.""
""Habari daktari, presha yangu ni 126 kwa 79. Nimekunywa dawa zangu.""",recheck_7_days,none,,,[],recheck_7_days,0,3.0,126,1.7,-2.29,0,0,0,0,0,0,0,0
622,29,2026-08-30,chw,"Flags: none.
Rule default: routine.
Medicine taken at the last three contacts: yes, yes, yes.
Days since last contact: 0.
CHW notes:
""Mgonjwa yuko sawa, anakunywa dawa.""
Patient messages:
""132/82 leo. Asante""
""Mimi ni mzima. Presha ni 122/76, nakunywa dawa kila siku.""
""Habari daktari, presha yangu ni 126 kwa 79. Nimekunywa dawa zangu.""",routine,none,,,[],routine,0,1.0,128,3.7,-0.86,0,0,0,0,0,0,0,0
635,29,2026-09-03,sms,"Flags: none.
Rule default: routine.
Medicine taken at the last three contacts: yes, yes, yes.
Days since last contact: 0.
CHW notes:
""Mgonjwa yuko sawa, anakunywa dawa.""
Patient messages:
""Mimi ni mzima. Presha ni 122/76, nakunywa dawa kila siku.""
""Habari daktari, presha yangu ni 126 kwa 79. Nimekunywa dawa zangu.""
""Habari daktari, presha yangu ni 127 kwa 80. Nimekunywa dawa zangu.""",routine,none,,,[],routine,0,1.0,127,2.7,-0.03,0,0,0,0,0,0,0,0
623,29,2026-09-13,chw,"Flags: none.
Rule default: routine.
Medicine taken at the last three contacts: yes, yes, yes.
Days since last contact: 0.
CHW notes:
""Mgonjwa yuko sawa, anakunywa dawa.""
Patient messages:
""Mimi ni mzima. Presha ni 122/76, nakunywa dawa kila siku.""
""Habari daktari, presha yangu ni 126 kwa 79. Nimekunywa dawa zangu.""
""Habari daktari, presha yangu ni 127 kwa 80. Nimekunywa dawa zangu.""",routine,none,,,[],routine,0,1.0,129,4.7,1.66,0,0,0,0,0,0,0,0
636,29,2026-09-21,sms,"Flags: none.
Rule default: routine.
Medicine taken at the last three contacts: partial, yes, yes.
Days since last contact: 0.
CHW notes:
""Mgonjwa yuko sawa, anakunywa dawa.""
Patient messages:
""Habari daktari, presha yangu ni 126 kwa 79. Nimekunywa dawa zangu.""
""Habari daktari, presha yangu ni 127 kwa 80. Nimekunywa dawa zangu.""
""Nimepima dispensari 126/77. Nimekunywa dawa moja tu kati ya mbili.""",routine,up,note,missed_meds (generator note or message): Nimepima dispensari 126/77. Nimekunywa dawa moja tu kati ya mbili.,[],recheck_7_days,0,3.0,126,1.7,1.09,0,0,0,2,0,0,0,0
615,29,2026-09-25,clinic,"Flags: none.
Rule default: routine.
Medicine taken at the last three contacts: yes, partial, yes.
Days since last contact: 0.
Patient messages:
""Habari daktari, presha yangu ni 126 kwa 79. Nimekunywa dawa zangu.""
""Habari daktari, presha yangu ni 127 kwa 80. Nimekunywa dawa zangu.""
""Nimepima dispensari 126/77. Nimekunywa dawa moja tu kati ya mbili.""",routine,up,note,missed_meds (generator note or message): Dawa zimeisha,[],recheck_7_days,0,1.0,126,1.7,-0.11,0,0,0,0,0,0,0,0
640,30,2026-04-10,chw,"Flags: none.
Rule default: routine.
Medicine taken at the last three contacts: yes.
Days since last contact: 0.
CHW notes:
""Patient well, taking medicine.""",routine,none,,,[],routine,0,1.0,128,0.0,0.0,0,0,0,0,0,0,0,0
637,30,2026-04-13,clinic,"Flags: none.
Rule default: routine.
Medicine taken at the last three contacts: partial, yes.
Days since last contact: 0.
CHW notes:
""Patient well, taking medicine.""",routine,none,,,[],routine,0,3.0,137,4.5,9.0,0,0,0,2,0,0,0,0
641,30,2026-06-05,chw,"Flags: none.
Rule default: routine.
Medicine taken at the last three contacts: yes, partial, yes.
Days since last contact: 0.
CHW notes:
""Patient bien, prend ses médicaments.""",routine,none,,,[],routine,0,1.0,131,-1.0,1.5,0,0,0,0,0,0,0,0
642,30,2026-07-10,chw,"Flag borderline: Borderline: the readings crossed the goal 140/90 2 times in the last 4 readings: 128/88, 137/88, 131/90, 130/88. No threshold crossed; recheck and ask for a weekly reading.
Rule default: recheck_7_days.
Medicine taken at the last three contacts: partial, yes, partial.
Days since last contact: 0.
CHW notes:
""Patient bien, prend ses médicaments.""
""Amesahau dawa siku kadhaa.""",recheck_7_days,up,note,missed_meds (generator note or message): Amesahau dawa siku kadhaa.,[],visit_this_week,0,5.0,130,-2.0,0.0,0,0,0,2,0,0,0,0
638,30,2026-07-12,clinic,"Flag borderline: Borderline: the readings crossed the goal 140/90 2 times in the last 5 readings: 128/88, 137/88, 131/90, 130/88, 130/83. No threshold crossed; recheck and ask for a weekly reading.
Rule default: recheck_7_days.
Medicine taken at the last three contacts: yes, partial, yes.
Days since last contact: 0.
CHW notes:
""Amesahau dawa siku kadhaa.""",recheck_7_days,up,note,missed_meds (generator note or message): Renouvellement du traitement,[],visit_this_week,0,3.0,130,-2.0,-0.3,0,0,0,0,0,0,0,0
639,30,2026-09-20,clinic,"Flag borderline: Borderline: the readings crossed the goal 140/90 3 times in the last 6 readings: 128/88, 137/88, 131/90, 130/88, 130/83, 135/91. No threshold crossed; recheck and ask for a weekly reading.
Rule default: recheck_7_days.
Medicine taken at the last three contacts: yes, yes, partial.
Days since last contact: 0.",recheck_7_days,none,,,[],recheck_7_days,0,5.0,135,3.0,0.37,0,0,0,0,0,2,0,0
643,31,2026-04-11,clinic,"Flags: none.
Rule default: routine.
Medicine taken at the last three contacts: yes.
Days since last contact: 0.",routine,none,,,[],routine,0,8.0,139,0.0,0.0,0,0,0,0,0,0,0,0
646,31,2026-04-15,chw,"Flags: none.
Rule default: routine.
Medicine taken at the last three contacts: yes, yes.
Days since last contact: 0.
CHW notes:
""Patient bien, prend ses médicaments.""",routine,none,,,[],routine,0,8.0,127,-6.0,-12.0,0,0,0,0,0,0,0,0
654,31,2026-04-18,sms,"Flags: none.
Rule default: routine.
Medicine taken at the last three contacts: partial, yes, yes.
Days since last contact: 0.
CHW notes:
""Patient bien, prend ses médicaments.""
Patient messages:
""Nimepima dispensari 142/89. Nimekunywa dawa moja tu kati ya mbili.""",routine,up,note,missed_meds (generator note or message): Nimepima dispensari 142/89. Nimekunywa dawa moja tu kati ya mbili.,"[{""code"": ""side_effect"", ""quote"": ""Feet and ankles swollen since the new tablets started""}]",recheck_7_days,0,11.5,142,6.0,1.5,0,0,0,2,0,0,0,0
647,31,2026-05-03,chw,"Flag borderline: Borderline: the readings crossed the goal 140/90 2 times in the last 4 readings: 139/86, 127/82, 142/89, 138/89. No threshold crossed; recheck and ask for a weekly reading.
Rule default: recheck_7_days.
Medicine taken at the last three contacts: yes, partial, yes.
Days since last contact: 0.
CHW notes:
""Patient well, taking medicine.""
Patient messages:
""Nimepima dispensari 142/89. Nimekunywa dawa moja tu kati ya mbili.""",recheck_7_days,up,note,missed_meds (generator note or message): Nimepima dispensari 142/89. Nimekunywa dawa moja tu kati ya mbili.,"[{""code"": ""side_effect"", ""quote"": ""Feet and ankles swollen since the new tablets started""}]",visit_this_week,0,10.0,138,2.0,1.2,0,0,0,0,0,0,0,0
655,31,2026-05-06,sms,"Flag borderline: Borderline: the readings crossed the goal 140/90 2 times in the last 5 readings: 139/86, 127/82, 142/89, 138/89, 136/83. No threshold crossed; recheck and ask for a weekly reading.
Rule default: recheck_7_days.
Medicine taken at the last three contacts: yes, partial, yes.
Days since last contact: 0.
CHW notes:
""Patient well, taking medicine.""
Patient messages:
""Nimepima dispensari 142/89. Nimekunywa dawa moja tu kati ya mbili.""
""136/83 leo. Asante""",recheck_7_days,up,note,missed_meds (generator note or message): Nimepima dispensari 142/89. Nimekunywa dawa moja tu kati ya mbili.,"[{""code"": ""side_effect"", ""quote"": ""Feet and ankles swollen since the new tablets started""}]",visit_this_week,0,10.0,136,0.0,0.5,0,0,0,0,0,0,0,0
656,31,2026-05-25,sms,"Flag borderline: Borderline: the readings crossed the goal 140/90 3 times in the last 6 readings: 139/86, 127/82, 142/89, 138/89, 136/83, 137/90. No threshold crossed; recheck and ask for a weekly reading.
Rule default: recheck_7_days.
Medicine taken at the last three contacts: yes, yes, partial.
Days since last contact: 0.
Patient messages:
""136/83 leo. Asante""
""Habari za asubuhi, niko safarini wiki hii.""
""Mimi ni mzima. Presha ni 137/90, nakunywa dawa kila siku.""",recheck_7_days,none,,,[],recheck_7_days,0,10.0,137,1.0,0.37,0,0,0,0,0,0,0,0
648,31,2026-05-27,chw,"Flag borderline: Borderline: the readings crossed the goal 140/90 4 times in the last 6 readings: 127/82, 142/89, 138/89, 136/83, 137/90, 137/83. No threshold crossed; recheck and ask for a weekly reading.
Rule default: recheck_7_days.
Medicine taken at the last three contacts: yes, yes, yes.
Days since last contact: 0.
CHW notes:
""Patient bien, prend ses médicaments.""
Patient messages:
""Habari za asubuhi, niko safarini wiki hii.""
""Mimi ni mzima. Presha ni 137/90, nakunywa dawa kila siku.""
""Habari za asubuhi, niko safarini wiki hii.""",recheck_7_days,none,,,[],recheck_7_days,0,10.0,137,1.0,0.94,0,0,0,0,0,0,0,0
1726,31,2026-05-30,chw,"Flag threshold: Latest BP 166/101 on 2026-05-30 is at or above the 'grade2' cut-off (160/100).
Flag who_risk: WHO 10-year CVD risk 23% (woman, smoker, age 70-74, SBP 160-179, BMI 30-34 (30.2)) on the reading of 2026-05-30: at or above the 'high' level (20%). Note: age 77 is above the chart: read as 70-74, so the risk is likely higher.
Rule default: visit_this_week.
Medicine taken at the last three contacts: yes, yes, yes.
Days since last contact: 0.
CHW notes:
""Patient bien, prend ses médicaments.""
""Feet and ankles swollen since the new tablets started two weeks ago.""
Patient messages:
""Habari za asubuhi, niko safarini wiki hii.""
""Mimi ni mzima. Presha ni 137/90, nakunywa dawa kila siku.""
""Habari za asubuhi, niko safarini wiki hii.""",visit_this_week,up,case,side_effect: Feet and ankles swollen since the new tablets started two weeks ago.,"[{""code"": ""side_effect"", ""quote"": ""Feet and ankles swollen since the new tablets started""}]",refer_clinic,0,15.5,166,30.0,3.37,4,0,0,0,0,0,0,0
657,31,2026-06-09,sms,"Flag borderline: Borderline: the readings crossed the goal 140/90 3 times in the last 6 readings: 138/89, 136/83, 137/90, 137/83, 166/101, 148/94. No threshold crossed; recheck and ask for a weekly reading.
Rule default: recheck_7_days.
Medicine taken at the last three contacts: partial, yes, yes.
Days since last contact: 0.
CHW notes:
""Feet and ankles swollen since the new tablets started two weeks ago.""
Patient messages:
""Mimi ni mzima. Presha ni 137/90, nakunywa dawa kila siku.""
""Habari za asubuhi, niko safarini wiki hii.""
""Pressure yangu ni 148/94, nimekunywa nusu dozi kwa sababu dawa zinakaribia kuisha.""",recheck_7_days,up,note,"missed_meds (generator note or message): Pressure yangu ni 148/94, nimekunywa nusu dozi kwa sababu dawa zinakaribia kuisha.","[{""code"": ""side_effect"", ""quote"": ""Feet and ankles swollen since the new tablets started""}]",visit_this_week,0,13.5,148,12.0,4.0,0,0,0,2,0,0,0,0
649,31,2026-06-17,chw,"Flag borderline: Borderline: the readings crossed the goal 140/90 4 times in the last 6 readings: 136/83, 137/90, 137/83, 166/101, 148/94, 130/84. No threshold crossed; recheck and ask for a weekly reading.
Rule default: recheck_7_days.
Medicine taken at the last three contacts: yes, partial, yes.
Days since last contact: 0.
CHW notes:
""Home visit, no complaints.""
Patient messages:
""Mimi ni mzima. Presha ni 137/90, nakunywa dawa kila siku.""
""Habari za asubuhi, niko safarini wiki hii.""
""Pressure yangu ni 148/94, nimekunywa nusu dozi kwa sababu dawa zinakaribia kuisha.""",recheck_7_days,up,note,"missed_meds (generator note or message): Pressure yangu ni 148/94, nimekunywa nusu dozi kwa sababu dawa zinakaribia kuisha.","[{""code"": ""side_effect"", ""quote"": ""Feet and ankles swollen since the new tablets started""}]",visit_this_week,0,10.0,130,-6.0,0.91,0,0,0,0,0,0,0,0
658,31,2026-06-24,sms,"Flag borderline: Borderline: the readings crossed the goal 140/90 3 times in the last 6 readings: 137/90, 137/83, 166/101, 148/94, 130/84, 138/80. No threshold crossed; recheck and ask for a weekly reading.
Rule default: recheck_7_days.
Medicine taken at the last three contacts: yes, partial, yes.
Days since last contact: 0.
CHW notes:
""Home visit, no complaints.""
Patient messages:
""Habari za asubuhi, niko safarini wiki hii.""
""Pressure yangu ni 148/94, nimekunywa nusu dozi kwa sababu dawa zinakaribia kuisha.""
""presha leo 138/80""",recheck_7_days,up,note,"missed_meds (generator note or message): Pressure yangu ni 148/94, nimekunywa nusu dozi kwa sababu dawa zinakaribia kuisha.","[{""code"": ""side_effect"", ""quote"": ""Feet and ankles swollen since the new tablets started""}]",visit_this_week,0,10.0,138,2.0,-0.97,0,0,0,0,0,0,0,0
644,31,2026-06-27,clinic,"Flag borderline: Borderline: 3 readings in a row in the band just under the goal 140/90 (130-139 systolic or 85-89 diastolic): 130/84, 138/80, 132/82 (2026-06-17 to 2026-06-27). No threshold crossed; recheck and ask for a weekly reading.
Rule default: recheck_7_days.
Medicine taken at the last three contacts: yes, yes, partial.
Days since last contact: 0.
Patient messages:
""Habari za asubuhi, niko safarini wiki hii.""
""Pressure yangu ni 148/94, nimekunywa nusu dozi kwa sababu dawa zinakaribia kuisha.""
""presha leo 138/80""",recheck_7_days,up,note,missed_meds (generator note or message): Dawa zimeisha,"[{""code"": ""side_effect"", ""quote"": ""Feet and ankles swollen since the new tablets started""}]",visit_this_week,0,10.0,132,-4.0,-3.63,0,0,0,0,0,0,0,0
659,31,2026-07-07,sms,"Flag borderline: Borderline: 4 readings in a row in the band just under the goal 140/90 (130-139 systolic or 85-89 diastolic): 130/84, 138/80, 132/82, 135/85 (2026-06-17 to 2026-07-07). No threshold crossed; recheck and ask for a weekly reading.
Rule default: recheck_7_days.
Medicine taken at the last three contacts: yes, yes, partial.
Days since last contact: 0.
Patient messages:
""Pressure yangu ni 148/94, nimekunywa nusu dozi kwa sababu dawa zinakaribia kuisha.""
""presha leo 138/80""
""presha leo 135/85""",recheck_7_days,up,note,missed_meds (generator note or message): Dawa zimeisha,"[{""code"": ""side_effect"", ""quote"": ""Feet and ankles swollen since the new tablets started""}]",visit_this_week,0,10.0,135,-1.0,-5.57,0,0,0,0,0,0,0,0
650,31,2026-07-10,chw,"Flag borderline: Borderline: 5 readings in a row in the band just under the goal 140/90 (130-139 systolic or 85-89 diastolic): 130/84, 138/80, 132/82, 135/85, 132/80 (2026-06-17 to 2026-07-10). No threshold crossed; recheck and ask for a weekly reading.
Rule default: recheck_7_days.
Medicine taken at the last three contacts: yes, yes, yes.
Days since last contact: 0.
CHW notes:
""Mgonjwa yuko sawa, anakunywa dawa.""
Patient messages:
""Pressure yangu ni 148/94, nimekunywa nusu dozi kwa sababu dawa zinakaribia kuisha.""
""presha leo 138/80""
""presha leo 135/85""",recheck_7_days,none,,,[],recheck_7_days,0,10.0,132,-4.0,-2.03,0,0,0,0,0,0,0,0
651,31,2026-07-24,chw,"Flag borderline: Borderline: 6 readings in a row in the band just under the goal 140/90 (130-139 systolic or 85-89 diastolic): 130/84, 138/80, 132/82, 135/85, 132/80, 137/86 (2026-06-17 to 2026-07-24). No threshold crossed; recheck and ask for a weekly reading.
Rule default: recheck_7_days.
Medicine taken at the last three contacts: yes, yes, yes.
Days since last contact: 0.
CHW notes:
""Mgonjwa yuko sawa, anakunywa dawa.""
""Home visit, no complaints.""
Patient messages:
""Pressure yangu ni 148/94, nimekunywa nusu dozi kwa sababu dawa zinakaribia kuisha.""
""presha leo 138/80""
""presha leo 135/85""",recheck_7_days,none,,,[],recheck_7_days,0,10.0,137,1.0,0.57,0,0,0,0,0,0,0,0
660,31,2026-07-25,sms,"Flag borderline: Borderline: 5 readings in a row in the band just under the goal 140/90 (130-139 systolic or 85-89 diastolic): 138/80, 132/82, 135/85, 132/80, 137/86 (2026-06-24 to 2026-07-24). No threshold crossed; recheck and ask for a weekly reading.
Rule default: recheck_7_days.
Medicine taken at the last three contacts: yes, yes, yes.
Days since last contact: 0.
CHW notes:
""Home visit, no complaints.""
Patient messages:
""presha leo 138/80""
""presha leo 135/85""
""Mimi ni mzima. Presha ni 141/89, nakunywa dawa kila siku.""",recheck_7_days,none,,,[],recheck_7_days,0,11.5,141,5.0,0.77,0,0,0,0,0,0,0,0
661,31,2026-08-12,sms,"Flag borderline: Borderline: 4 readings in a row in the band just under the goal 140/90 (130-139 systolic or 85-89 diastolic): 132/82, 135/85, 132/80, 137/86 (2026-06-27 to 2026-07-24). No threshold crossed; recheck and ask for a weekly reading.
Rule default: recheck_7_days.
Medicine taken at the last three contacts: yes, yes, yes.
Days since last contact: 0.
Patient messages:
""presha leo 135/85""
""Mimi ni mzima. Presha ni 141/89, nakunywa dawa kila siku.""
""140/90 leo. Asante""",recheck_7_days,none,,,[],recheck_7_days,0,11.5,140,4.0,1.8,0,0,0,0,0,0,0,0
652,31,2026-08-17,chw,"Flag borderline: Borderline: 3 readings in a row in the band just under the goal 140/90 (130-139 systolic or 85-89 diastolic): 135/85, 132/80, 137/86 (2026-07-07 to 2026-07-24). No threshold crossed; recheck and ask for a weekly reading.
Rule default: recheck_7_days.
Medicine taken at the last three contacts: yes, yes, yes.
Days since last contact: 0.
CHW notes:
""Mgonjwa yuko sawa, anakunywa dawa.""
Patient messages:
""presha leo 135/85""
""Mimi ni mzima. Presha ni 141/89, nakunywa dawa kila siku.""
""140/90 leo. Asante""",recheck_7_days,none,,,[],recheck_7_days,0,10.0,136,0.0,0.94,0,0,0,0,0,0,0,0
662,31,2026-08-30,sms,"Flag borderline: Borderline: the readings crossed the goal 140/90 2 times in the last 6 readings: 132/80, 137/86, 141/89, 140/90, 136/81, 134/86. No threshold crossed; recheck and ask for a weekly reading.
Rule default: recheck_7_days.
Medicine taken at the last three contacts: yes, yes, yes.
Days since last contact: 0.
CHW notes:
""Mgonjwa yuko sawa, anakunywa dawa.""
Patient messages:
""Mimi ni mzima. Presha ni 141/89, nakunywa dawa kila siku.""
""140/90 leo. Asante""
""Habari daktari, presha yangu ni 134 kwa 86. Nimekunywa dawa zangu.""",recheck_7_days,none,,,[],recheck_7_days,0,10.0,134,-2.0,0.17,0,0,0,0,0,0,0,0
653,31,2026-09-12,chw,"Flag borderline: Borderline: 3 readings in a row in the band just under the goal 140/90 (130-139 systolic or 85-89 diastolic): 136/81, 134/86, 137/88 (2026-08-17 to 2026-09-12). No threshold crossed; recheck and ask for a weekly reading.
Rule default: recheck_7_days.
Medicine taken at the last three contacts: yes, yes, yes.
Days since last contact: 0.
CHW notes:
""Patient well, taking medicine.""
Patient messages:
""Mimi ni mzima. Presha ni 141/89, nakunywa dawa kila siku.""
""140/90 leo. Asante""
""Habari daktari, presha yangu ni 134 kwa 86. Nimekunywa dawa zangu.""",recheck_7_days,none,,,[],recheck_7_days,0,10.0,137,1.0,-0.71,0,0,0,0,0,0,0,0
645,31,2026-09-13,clinic,"Flag borderline: Borderline: 4 readings in a row in the band just under the goal 140/90 (130-139 systolic or 85-89 diastolic): 136/81, 134/86, 137/88, 136/88 (2026-08-17 to 2026-09-13). No threshold crossed; recheck and ask for a weekly reading.
Rule default: recheck_7_days.
Medicine taken at the last three contacts: yes, yes, yes.
Days since last contact: 0.
CHW notes:
""Patient well, taking medicine.""
Patient messages:
""Mimi ni mzima. Presha ni 141/89, nakunywa dawa kila siku.""
""140/90 leo. Asante""
""Habari daktari, presha yangu ni 134 kwa 86. Nimekunywa dawa zangu.""",recheck_7_days,none,,,[],recheck_7_days,0,10.0,136,0.0,-1.03,0,0,0,0,0,0,0,0
663,31,2026-09-18,sms,"Flag borderline: Borderline: 5 readings in a row in the band just under the goal 140/90 (130-139 systolic or 85-89 diastolic): 136/81, 134/86, 137/88, 136/88, 137/84 (2026-08-17 to 2026-09-18). No threshold crossed; recheck and ask for a weekly reading.
Rule default: recheck_7_days.
Medicine taken at the last three contacts: yes, yes, yes.
Days since last contact: 0.
Patient messages:
""140/90 leo. Asante""
""Habari daktari, presha yangu ni 134 kwa 86. Nimekunywa dawa zangu.""
""Mimi ni mzima. Presha ni 137/84, nakunywa dawa kila siku.""",recheck_7_days,none,,,[],recheck_7_days,0,10.0,137,1.0,-0.34,0,0,0,0,0,0,0,0
667,32,2026-04-14,chw,"Flags: none.
Rule default: routine.
Medicine taken at the last three contacts: yes.
Days since last contact: 0.
CHW notes:
""Home visit, no complaints.""",routine,none,,,[],routine,0,4.0,128,0.0,0.0,0,0,0,0,0,0,0,0
676,32,2026-04-21,sms,"Flags: none.
Rule default: routine.
Medicine taken at the last three contacts: yes, yes.
Days since last contact: 0.
CHW notes:
""Home visit, no complaints.""
Patient messages:
""Shikamoo. Nimepima leo 146/87, dawa nimekunywa asubuhi.""",routine,none,,,[],routine,0,5.0,146,9.0,18.0,0,0,0,0,0,0,0,0
664,32,2026-04-22,clinic,"Flags: none.
Rule default: routine.
Medicine taken at the last three contacts: yes, yes, yes.
Days since last contact: 0.
Patient messages:
""Shikamoo. Nimepima leo 146/87, dawa nimekunywa asubuhi.""",routine,up,note,missed_meds (generator note or message): Dawa zimeisha,[],recheck_7_days,0,5.0,141,2.7,6.5,0,0,0,0,0,0,0,0
668,32,2026-05-01,chw,"Flags: none.
Rule default: routine.
Medicine taken at the last three contacts: yes, yes, yes.
Days since last contact: 0.
CHW notes:
""Patient well, taking medicine.""
Patient messages:
""Shikamoo. Nimepima leo 146/87, dawa nimekunywa asubuhi.""",routine,up,note,missed_meds (generator note or message): Dawa zimeisha,[],recheck_7_days,0,5.0,149,10.7,5.8,0,0,0,0,0,0,0,0
677,32,2026-05-09,sms,"Flags: none.
Rule default: routine.
Medicine taken at the last three contacts: yes, yes, yes.
Days since last contact: 0.
CHW notes:
""Patient well, taking medicine.""
Patient messages:
""Shikamoo. Nimepima leo 146/87, dawa nimekunywa asubuhi.""
""presha leo 154/95""",routine,none,,,[],routine,0,5.0,154,15.7,5.5,0,0,0,0,0,0,0,0
669,32,2026-05-23,chw,"Flag trend: Trend rule: each of the last 3 readings (149, 154, 154, 2026-05-01 to 2026-05-23) is at least 10 mmHg above the baseline of 138 (baseline = first 3 readings).
Rule default: recheck_7_days.
Medicine taken at the last three contacts: yes, yes, yes.
Days since last contact: 0.
CHW notes:
""Patient bien, prend ses médicaments.""
Patient messages:
""Shikamoo. Nimepima leo 146/87, dawa nimekunywa asubuhi.""
""presha leo 154/95""",recheck_7_days,none,,,[],recheck_7_days,1,8.0,154,15.7,4.63,0,3,0,0,0,0,0,0
678,32,2026-05-26,sms,"Flag threshold: Latest BP 169/105 on 2026-05-26 is at or above the 'grade2' cut-off (160/100).
Flag trend: Trend rule: each of the last 3 readings (154, 154, 169, 2026-05-09 to 2026-05-26) is at least 10 mmHg above the baseline of 138; and the last 4 readings (2026-05-01 to 2026-05-26) average 156, 18 mmHg above the baseline of 138 (rule: at least 15 mmHg over 4 readings) (baseline = first 3 readings).
Rule default: visit_this_week.
Medicine taken at the last three contacts: yes, yes, yes.
Days since last contact: 0.
CHW notes:
""Patient bien, prend ses médicaments.""
Patient messages:
""Shikamoo. Nimepima leo 146/87, dawa nimekunywa asubuhi.""
""presha leo 154/95""
""Shikamoo. Nimepima leo 169/105, dawa nimekunywa asubuhi.""",visit_this_week,none,,,[],visit_this_week,1,13.0,169,30.7,4.54,4,3,0,0,0,0,0,0
679,32,2026-06-08,sms,"Flag threshold: Latest BP 173/105 on 2026-06-08 is at or above the 'grade2' cut-off (160/100).
Flag trend: Trend rule: each of the last 3 readings (169, 176, 173, 2026-05-26 to 2026-06-08) is at least 10 mmHg above the baseline of 138; and the last 4 readings (2026-05-23 to 2026-06-08) average 168, 30 mmHg above the baseline of 138 (rule: at least 15 mmHg over 4 readings) (baseline = first 3 readings).
Flag symptom: Symptom 'headache' reported on 2026-06-08; latest BP 173/105 is not under the goal 140/90 (bp_goal).
Rule default: visit_this_week.
Medicine taken at the last three contacts: partial, yes, yes.
Days since last contact: 0.
CHW notes:
""Patient complains of headache.""
Patient messages:
""presha leo 154/95""
""Shikamoo. Nimepima leo 169/105, dawa nimekunywa asubuhi.""
""presha leo 176/104""",visit_this_week,none,,,[],visit_this_week,1,25.0,173,34.7,5.74,4,3,10,2,0,0,0,0
689,32,2026-06-08,chw,"Flag threshold: Latest BP 173/105 on 2026-06-08 is at or above the 'grade2' cut-off (160/100).
Flag trend: Trend rule: each of the last 3 readings (169, 176, 173, 2026-05-26 to 2026-06-08) is at least 10 mmHg above the baseline of 138; and the last 4 readings (2026-05-23 to 2026-06-08) average 168, 30 mmHg above the baseline of 138 (rule: at least 15 mmHg over 4 readings) (baseline = first 3 readings).
Flag symptom: Symptom 'headache' reported on 2026-06-08; latest BP 173/105 is not under the goal 140/90 (bp_goal).
Rule default: visit_this_week.
Medicine taken at the last three contacts: partial, yes, yes.
Days since last contact: 0.
CHW notes:
""Patient complains of headache.""
Patient messages:
""presha leo 154/95""
""Shikamoo. Nimepima leo 169/105, dawa nimekunywa asubuhi.""
""presha leo 176/104""",visit_this_week,none,,,[],visit_this_week,1,25.0,173,34.7,5.74,4,3,10,2,0,0,0,0
680,32,2026-06-16,sms,"Flag trend: Trend rule: the last 4 readings (2026-05-26 to 2026-06-16) average 163, 25 mmHg above the baseline of 138 (rule: at least 15 mmHg over 4 readings) (baseline = first 3 readings).
Rule default: recheck_7_days.
Medicine taken at the last three contacts: yes, partial, yes.
Days since last contact: 0.
CHW notes:
""Patient complains of headache.""
Patient messages:
""Shikamoo. Nimepima leo 169/105, dawa nimekunywa asubuhi.""
""presha leo 176/104""
""Habari daktari, presha yangu ni 135 kwa 88. Nimekunywa dawa zangu.""",recheck_7_days,none,,,[],recheck_7_days,0,7.0,135,-3.3,-0.89,0,3,0,0,0,0,0,0
670,32,2026-06-19,chw,"Flag trend: Trend rule: the last 4 readings (2026-06-08 to 2026-06-19) average 157, 19 mmHg above the baseline of 138 (rule: at least 15 mmHg over 4 readings) (baseline = first 3 readings).
Flag borderline: Borderline: the readings crossed the goal 140/90 2 times in the last 6 readings: 154/93, 169/105, 176/104, 173/105, 135/88, 144/95. No threshold crossed; recheck and ask for a weekly reading.
Rule default: recheck_7_days.
Medicine taken at the last three contacts: yes, yes, partial.
Days since last contact: 0.
CHW notes:
""Patient well, taking medicine.""
Patient messages:
""Shikamoo. Nimepima leo 169/105, dawa nimekunywa asubuhi.""
""presha leo 176/104""
""Habari daktari, presha yangu ni 135 kwa 88. Nimekunywa dawa zangu.""",recheck_7_days,none,,,[],recheck_7_days,0,10.0,144,5.7,-4.43,0,3,0,0,0,0,0,0
681,32,2026-06-27,sms,"Flag borderline: Borderline: the readings crossed the goal 140/90 3 times in the last 6 readings: 169/105, 176/104, 173/105, 135/88, 144/95, 137/89. No threshold crossed; recheck and ask for a weekly reading.
Rule default: recheck_7_days.
Medicine taken at the last three contacts: yes, yes, yes.
Days since last contact: 0.
CHW notes:
""Patient well, taking medicine.""
Patient messages:
""presha leo 176/104""
""Habari daktari, presha yangu ni 135 kwa 88. Nimekunywa dawa zangu.""
""Habari daktari, presha yangu ni 137 kwa 89. Nimekunywa dawa zangu.""",recheck_7_days,none,,,[],recheck_7_days,0,6.0,137,-1.3,-8.4,0,0,0,0,0,0,0,0
665,32,2026-06-29,clinic,"Flag borderline: Borderline: the readings crossed the goal 140/90 4 times in the last 6 readings: 176/104, 173/105, 135/88, 144/95, 137/89, 140/86. No threshold crossed; recheck and ask for a weekly reading.
Rule default: recheck_7_days.
Medicine taken at the last three contacts: yes, yes, yes.
Days since last contact: 0.
Patient messages:
""Habari daktari, presha yangu ni 135 kwa 88. Nimekunywa dawa zangu.""
""Habari daktari, presha yangu ni 137 kwa 89. Nimekunywa dawa zangu.""
""Habari za asubuhi, niko safarini wiki hii.""",recheck_7_days,none,,,[],recheck_7_days,0,7.0,140,1.7,-7.97,0,0,0,0,0,0,0,0
671,32,2026-07-05,chw,"Flag borderline: Borderline: the readings crossed the goal 140/90 5 times in the last 6 readings: 173/105, 135/88, 144/95, 137/89, 140/86, 131/85. No threshold crossed; recheck and ask for a weekly reading.
Rule default: recheck_7_days.
Medicine taken at the last three contacts: yes, yes, yes.
Days since last contact: 0.
CHW notes:
""Mgonjwa yuko sawa, anakunywa dawa.""
Patient messages:
""Habari daktari, presha yangu ni 135 kwa 88. Nimekunywa dawa zangu.""
""Habari daktari, presha yangu ni 137 kwa 89. Nimekunywa dawa zangu.""
""Habari za asubuhi, niko safarini wiki hii.""",recheck_7_days,none,,,[],recheck_7_days,0,6.0,131,-7.3,-5.77,0,0,0,0,0,0,0,0
682,32,2026-07-16,sms,"Flag borderline: Borderline: the readings crossed the goal 140/90 5 times in the last 6 readings: 135/88, 144/95, 137/89, 140/86, 131/85, 145/93. No threshold crossed; recheck and ask for a weekly reading.
Rule default: recheck_7_days.
Medicine taken at the last three contacts: yes, yes, yes.
Days since last contact: 0.
CHW notes:
""Mgonjwa yuko sawa, anakunywa dawa.""
Patient messages:
""Habari daktari, presha yangu ni 137 kwa 89. Nimekunywa dawa zangu.""
""Habari za asubuhi, niko safarini wiki hii.""
""presha leo 145/93""",recheck_7_days,none,,,[],recheck_7_days,0,7.0,145,6.7,0.4,0,0,0,0,0,0,0,0
672,32,2026-07-22,chw,"Flag borderline: Borderline: the readings crossed the goal 140/90 4 times in the last 6 readings: 144/95, 137/89, 140/86, 131/85, 145/93, 147/95. No threshold crossed; recheck and ask for a weekly reading.
Rule default: recheck_7_days.
Medicine taken at the last three contacts: yes, yes, yes.
Days since last contact: 0.
CHW notes:
""Patient bien, prend ses médicaments.""
Patient messages:
""Habari daktari, presha yangu ni 137 kwa 89. Nimekunywa dawa zangu.""
""Habari za asubuhi, niko safarini wiki hii.""
""presha leo 145/93""",recheck_7_days,none,,,[],recheck_7_days,0,7.0,147,8.7,0.86,0,0,0,0,0,0,0,0
683,32,2026-07-23,sms,"Flag borderline: Borderline: the readings crossed the goal 140/90 4 times in the last 6 readings: 137/89, 140/86, 131/85, 145/93, 147/95, 136/85. No threshold crossed; recheck and ask for a weekly reading.
Rule default: recheck_7_days.
Medicine taken at the last three contacts: yes, yes, yes.
Days since last contact: 0.
CHW notes:
""Patient bien, prend ses médicaments.""
Patient messages:
""Habari za asubuhi, niko safarini wiki hii.""
""presha leo 145/93""
""Habari daktari, presha yangu ni 136 kwa 85. Nimekunywa dawa zangu.""",recheck_7_days,none,,,[],recheck_7_days,0,6.0,136,-2.3,0.86,0,0,0,0,0,0,0,0
684,32,2026-08-05,sms,"Flag borderline: Borderline: the readings crossed the goal 140/90 3 times in the last 6 readings: 140/86, 131/85, 145/93, 147/95, 136/85, 136/85. No threshold crossed; recheck and ask for a weekly reading.
Rule default: recheck_7_days.
Medicine taken at the last three contacts: yes, yes, yes.
Days since last contact: 0.
Patient messages:
""presha leo 145/93""
""Habari daktari, presha yangu ni 136 kwa 85. Nimekunywa dawa zangu.""
""136/85 leo. Asante""",recheck_7_days,none,,,[],recheck_7_days,0,6.0,136,-2.3,-0.09,0,0,0,0,0,0,0,0
673,32,2026-08-08,chw,"Flag borderline: Borderline: 3 readings in a row in the band just under the goal 140/90 (130-139 systolic or 85-89 diastolic): 136/85, 136/85, 139/87 (2026-07-23 to 2026-08-08). No threshold crossed; recheck and ask for a weekly reading.
Rule default: recheck_7_days.
Medicine taken at the last three contacts: yes, yes, yes.
Days since last contact: 0.
CHW notes:
""Mgonjwa yuko sawa, anakunywa dawa.""
Patient messages:
""presha leo 145/93""
""Habari daktari, presha yangu ni 136 kwa 85. Nimekunywa dawa zangu.""
""136/85 leo. Asante""",recheck_7_days,none,,,[],recheck_7_days,0,6.0,139,0.7,0.06,0,0,0,0,0,0,0,0
685,32,2026-08-14,sms,"Flag borderline: Borderline: 3 readings in a row in the band just under the goal 140/90 (130-139 systolic or 85-89 diastolic): 136/85, 136/85, 139/87 (2026-07-23 to 2026-08-08). No threshold crossed; recheck and ask for a weekly reading.
Rule default: recheck_7_days.
Medicine taken at the last three contacts: yes, yes, yes.
Days since last contact: 0.
CHW notes:
""Mgonjwa yuko sawa, anakunywa dawa.""
Patient messages:
""Habari daktari, presha yangu ni 136 kwa 85. Nimekunywa dawa zangu.""
""136/85 leo. Asante""
""139/91 leo. Asante""",recheck_7_days,none,,,[],recheck_7_days,0,6.0,139,0.7,-1.54,0,0,0,0,0,0,0,0
686,32,2026-09-01,sms,"Flag borderline: Borderline: 3 readings in a row in the band just under the goal 140/90 (130-139 systolic or 85-89 diastolic): 136/85, 136/85, 139/87 (2026-07-23 to 2026-08-08). No threshold crossed; recheck and ask for a weekly reading.
Rule default: recheck_7_days.
Medicine taken at the last three contacts: yes, yes, yes.
Days since last contact: 0.
Patient messages:
""139/91 leo. Asante""
""Naweza kunywa dawa ya presha pamoja na chakula?""
""Shikamoo. Nimepima leo 138/88, dawa nimekunywa asubuhi.""",recheck_7_days,none,,,[],recheck_7_days,0,6.0,138,-0.3,-0.94,0,0,0,0,0,0,0,0
666,32,2026-09-03,clinic,"Flag borderline: Borderline: 3 readings in a row in the band just under the goal 140/90 (130-139 systolic or 85-89 diastolic): 136/85, 136/85, 139/87 (2026-07-23 to 2026-08-08). No threshold crossed; recheck and ask for a weekly reading.
Rule default: recheck_7_days.
Medicine taken at the last three contacts: yes, yes, yes.
Days since last contact: 0.
Patient messages:
""139/91 leo. Asante""
""Naweza kunywa dawa ya presha pamoja na chakula?""
""Shikamoo. Nimepima leo 138/88, dawa nimekunywa asubuhi.""",recheck_7_days,none,,,[],recheck_7_days,0,7.0,140,1.7,0.74,0,0,0,0,0,0,0,0
674,32,2026-09-05,chw,"Flag borderline: Borderline: the readings crossed the goal 140/90 3 times in the last 6 readings: 136/85, 139/87, 139/91, 138/88, 140/90, 142/95. No threshold crossed; recheck and ask for a weekly reading.
Rule default: recheck_7_days.
Medicine taken at the last three contacts: partial, yes, yes.
Days since last contact: 0.
CHW notes:
""Takes medicine only when feeling unwell.""
Patient messages:
""139/91 leo. Asante""
""Naweza kunywa dawa ya presha pamoja na chakula?""
""Shikamoo. Nimepima leo 138/88, dawa nimekunywa asubuhi.""",recheck_7_days,up,note,missed_meds (generator note or message): Takes medicine only when feeling unwell.,[],visit_this_week,0,9.0,142,3.7,0.91,0,0,0,2,0,0,0,0
687,32,2026-09-21,sms,"Flag borderline: Borderline: the readings crossed the goal 140/90 4 times in the last 6 readings: 139/87, 139/91, 138/88, 140/90, 142/95, 131/88. No threshold crossed; recheck and ask for a weekly reading.
Rule default: recheck_7_days.
Medicine taken at the last three contacts: yes, partial, yes.
Days since last contact: 0.
CHW notes:
""Takes medicine only when feeling unwell.""
Patient messages:
""Naweza kunywa dawa ya presha pamoja na chakula?""
""Shikamoo. Nimepima leo 138/88, dawa nimekunywa asubuhi.""
""Habari daktari, presha yangu ni 131 kwa 88. Nimekunywa dawa zangu.""",recheck_7_days,up,note,missed_meds (generator note or message): Takes medicine only when feeling unwell.,[],visit_this_week,0,6.0,131,-7.3,-0.83,0,0,0,0,0,0,0,0
675,32,2026-09-27,chw,"Flag borderline: Borderline: the readings crossed the goal 140/90 4 times in the last 6 readings: 139/91, 138/88, 140/90, 142/95, 131/88, 141/85. No threshold crossed; recheck and ask for a weekly reading.
Rule default: recheck_7_days.
Medicine taken at the last three contacts: yes, yes, partial.
Days since last contact: 0.
CHW notes:
""Home visit, no complaints.""
Patient messages:
""Naweza kunywa dawa ya presha pamoja na chakula?""
""Shikamoo. Nimepima leo 138/88, dawa nimekunywa asubuhi.""
""Habari daktari, presha yangu ni 131 kwa 88. Nimekunywa dawa zangu.""",recheck_7_days,none,,,[],recheck_7_days,0,7.0,141,2.7,-0.26,0,0,0,0,0,0,0,0
688,32,2026-10-01,sms,"Flag borderline: Borderline: the readings crossed the goal 140/90 3 times in the last 6 readings: 138/88, 140/90, 142/95, 131/88, 141/85, 133/90. No threshold crossed; recheck and ask for a weekly reading.
Rule default: recheck_7_days.
Medicine taken at the last three contacts: yes, yes, partial.
Days since last contact: 0.
CHW notes:
""Home visit, no complaints.""
Patient messages:
""Shikamoo. Nimepima leo 138/88, dawa nimekunywa asubuhi.""
""Habari daktari, presha yangu ni 131 kwa 88. Nimekunywa dawa zangu.""
""presha leo 133/90""",recheck_7_days,none,,,[],recheck_7_days,0,6.0,133,-5.3,-0.94,0,0,0,0,0,0,0,0
690,33,2026-04-06,clinic,"Flags: none.
Rule default: routine.
Medicine taken at the last three contacts: yes.
Days since last contact: 0.",routine,up,note,missed_meds (generator note or message): Dawa zimeisha,"[{""code"": ""ran_out_of_pills"", ""quote"": ""Dawa zangu ziliisha siku kumi zilizopita""}]",recheck_7_days,0,3.0,129,0.0,0.0,0,0,0,0,0,0,0,0
693,33,2026-04-12,chw,"Flags: none.
Rule default: routine.
Medicine taken at the last three contacts: yes, yes.
Days since last contact: 0.
CHW notes:
""Mgonjwa yuko sawa, anakunywa dawa.""",routine,up,note,missed_meds (generator note or message): Dawa zimeisha,"[{""code"": ""ran_out_of_pills"", ""quote"": ""Dawa zangu ziliisha siku kumi zilizopita""}]",recheck_7_days,0,3.0,129,0.0,0.0,0,0,0,0,0,0,0,0
702,33,2026-04-14,sms,"Flags: none.
Rule default: routine.
Medicine taken at the last three contacts: yes, yes, yes.
Days since last contact: 0.
CHW notes:
""Mgonjwa yuko sawa, anakunywa dawa.""
Patient messages:
""Habari daktari, presha yangu ni 136 kwa 90. Nimekunywa dawa zangu.""",routine,none,,,[],routine,0,3.0,136,4.7,3.5,0,0,0,0,0,0,0,0
694,33,2026-04-26,chw,"Flag borderline: Borderline: the readings crossed the goal 140/90 2 times in the last 4 readings: 129/82, 129/85, 136/90, 128/81. No threshold crossed; recheck and ask for a weekly reading.
Rule default: recheck_7_days.
Medicine taken at the last three contacts: yes, yes, yes.
Days since last contact: 0.
CHW notes:
""Patient well, taking medicine.""
Patient messages:
""Habari daktari, presha yangu ni 136 kwa 90. Nimekunywa dawa zangu.""",recheck_7_days,none,,,[],recheck_7_days,0,5.0,128,-3.3,0.4,0,0,0,0,0,0,0,0
703,33,2026-05-05,sms,"Flag borderline: Borderline: the readings crossed the goal 140/90 2 times in the last 5 readings: 129/82, 129/85, 136/90, 128/81, 131/84. No threshold crossed; recheck and ask for a weekly reading.
Rule default: recheck_7_days.
Medicine taken at the last three contacts: yes, yes, yes.
Days since last contact: 0.
CHW notes:
""Patient well, taking medicine.""
Patient messages:
""Habari daktari, presha yangu ni 136 kwa 90. Nimekunywa dawa zangu.""
""Mimi ni mzima. Presha ni 131/84, nakunywa dawa kila siku.""",recheck_7_days,none,,,[],recheck_7_days,0,5.0,131,-0.3,0.3,0,0,0,0,0,0,0,0
695,33,2026-05-17,chw,"Flag borderline: Borderline: the readings crossed the goal 140/90 2 times in the last 6 readings: 129/82, 129/85, 136/90, 128/81, 131/84, 131/83. No threshold crossed; recheck and ask for a weekly reading.
Rule default: recheck_7_days.
Medicine taken at the last three contacts: yes, yes, yes.
Days since last contact: 0.
CHW notes:
""Mgonjwa yuko sawa, anakunywa dawa.""
Patient messages:
""Habari daktari, presha yangu ni 136 kwa 90. Nimekunywa dawa zangu.""
""Mimi ni mzima. Presha ni 131/84, nakunywa dawa kila siku.""",recheck_7_days,none,,,[],recheck_7_days,0,5.0,131,-0.3,0.23,0,0,0,0,0,0,0,0
704,33,2026-05-20,sms,"Flag borderline: Borderline: 3 readings in a row in the band just under the goal 140/90 (130-139 systolic or 85-89 diastolic): 131/84, 131/83, 129/85 (2026-05-05 to 2026-05-20). No threshold crossed; recheck and ask for a weekly reading.
Rule default: recheck_7_days.
Medicine taken at the last three contacts: yes, yes, yes.
Days since last contact: 0.
CHW notes:
""Mgonjwa yuko sawa, anakunywa dawa.""
Patient messages:
""Habari daktari, presha yangu ni 136 kwa 90. Nimekunywa dawa zangu.""
""Mimi ni mzima. Presha ni 131/84, nakunywa dawa kila siku.""
""presha leo 129/85""",recheck_7_days,none,,,[],recheck_7_days,0,5.0,129,-2.3,-0.34,0,0,0,0,0,0,0,0
705,33,2026-05-27,sms,"Flag borderline: Borderline: 3 readings in a row in the band just under the goal 140/90 (130-139 systolic or 85-89 diastolic): 131/84, 131/83, 129/85 (2026-05-05 to 2026-05-20). No threshold crossed; recheck and ask for a weekly reading.
Rule default: recheck_7_days.
Medicine taken at the last three contacts: partial, yes, yes.
Days since last contact: 0.
Patient messages:
""Mimi ni mzima. Presha ni 131/84, nakunywa dawa kila siku.""
""presha leo 129/85""
""Nimepima dispensari 138/90. Nimekunywa dawa moja tu kati ya mbili.""",recheck_7_days,up,note,missed_meds (generator note or message): Nimepima dispensari 138/90. Nimekunywa dawa moja tu kati ya mbili.,"[{""code"": ""ran_out_of_pills"", ""quote"": ""Dawa zangu ziliisha siku kumi zilizopita""}]",visit_this_week,0,7.0,138,6.7,0.37,0,0,0,2,0,0,0,0
696,33,2026-06-04,chw,"Flag borderline: Borderline: 3 readings in a row in the band just under the goal 140/90 (130-139 systolic or 85-89 diastolic): 131/84, 131/83, 129/85 (2026-05-05 to 2026-05-20). No threshold crossed; recheck and ask for a weekly reading.
Rule default: recheck_7_days.
Medicine taken at the last three contacts: yes, partial, yes.
Days since last contact: 0.
CHW notes:
""Mgonjwa yuko sawa, anakunywa dawa.""
Patient messages:
""Mimi ni mzima. Presha ni 131/84, nakunywa dawa kila siku.""
""presha leo 129/85""
""Nimepima dispensari 138/90. Nimekunywa dawa moja tu kati ya mbili.""",recheck_7_days,up,note,missed_meds (generator note or message): Nimepima dispensari 138/90. Nimekunywa dawa moja tu kati ya mbili.,"[{""code"": ""ran_out_of_pills"", ""quote"": ""Dawa zangu ziliisha siku kumi zilizopita""}]",visit_this_week,0,5.0,132,0.7,1.11,0,0,0,0,0,0,0,0
706,33,2026-06-17,sms,"Flag borderline: Borderline: 3 readings in a row in the band just under the goal 140/90 (130-139 systolic or 85-89 diastolic): 131/84, 131/83, 129/85 (2026-05-05 to 2026-05-20). No threshold crossed; recheck and ask for a weekly reading.
Rule default: recheck_7_days.
Medicine taken at the last three contacts: yes, partial, yes.
Days since last contact: 0.
CHW notes:
""Mgonjwa yuko sawa, anakunywa dawa.""
Patient messages:
""presha leo 129/85""
""Nimepima dispensari 138/90. Nimekunywa dawa moja tu kati ya mbili.""
""presha leo 129/85""",recheck_7_days,up,note,missed_meds (generator note or message): Nimepima dispensari 138/90. Nimekunywa dawa moja tu kati ya mbili.,"[{""code"": ""ran_out_of_pills"", ""quote"": ""Dawa zangu ziliisha siku kumi zilizopita""}]",visit_this_week,0,5.0,129,-2.3,0.06,0,0,0,0,0,0,0,0
691,33,2026-06-22,clinic,"Flag borderline: Borderline: 3 readings in a row in the band just under the goal 140/90 (130-139 systolic or 85-89 diastolic): 132/81, 129/85, 134/89 (2026-06-04 to 2026-06-22). No threshold crossed; recheck and ask for a weekly reading.
Rule default: recheck_7_days.
Medicine taken at the last three contacts: yes, yes, partial.
Days since last contact: 0.
Patient messages:
""presha leo 129/85""
""Nimepima dispensari 138/90. Nimekunywa dawa moja tu kati ya mbili.""
""presha leo 129/85""",recheck_7_days,up,note,missed_meds (generator note or message): Nimepima dispensari 138/90. Nimekunywa dawa moja tu kati ya mbili.,"[{""code"": ""ran_out_of_pills"", ""quote"": ""Dawa zangu ziliisha siku kumi zilizopita""}]",visit_this_week,0,5.0,134,2.7,0.26,0,0,0,0,0,0,0,0
697,33,2026-06-28,chw,"Flag borderline: Borderline: 4 readings in a row in the band just under the goal 140/90 (130-139 systolic or 85-89 diastolic): 132/81, 129/85, 134/89, 135/82 (2026-06-04 to 2026-06-28). No threshold crossed; recheck and ask for a weekly reading.
Rule default: recheck_7_days.
Medicine taken at the last three contacts: yes, yes, yes.
Days since last contact: 0.
CHW notes:
""Patient well, taking medicine.""
Patient messages:
""presha leo 129/85""
""Nimepima dispensari 138/90. Nimekunywa dawa moja tu kati ya mbili.""
""presha leo 129/85""",recheck_7_days,none,,,[],recheck_7_days,0,5.0,135,3.7,0.43,0,0,0,0,0,0,0,0
707,33,2026-07-06,sms,"Flag borderline: Borderline: 4 readings in a row in the band just under the goal 140/90 (130-139 systolic or 85-89 diastolic): 132/81, 129/85, 134/89, 135/82 (2026-06-04 to 2026-06-28). No threshold crossed; recheck and ask for a weekly reading.
Rule default: recheck_7_days.
Medicine taken at the last three contacts: yes, yes, yes.
Days since last contact: 0.
CHW notes:
""Patient well, taking medicine.""
Patient messages:
""Nimepima dispensari 138/90. Nimekunywa dawa moja tu kati ya mbili.""
""presha leo 129/85""
""Shikamoo. Nimepima leo 129/84, dawa nimekunywa asubuhi.""",recheck_7_days,none,,,[],recheck_7_days,0,5.0,129,-2.3,-0.89,0,0,0,0,0,0,0,0
708,33,2026-07-17,sms,"Flag borderline: Borderline: 4 readings in a row in the band just under the goal 140/90 (130-139 systolic or 85-89 diastolic): 132/81, 129/85, 134/89, 135/82 (2026-06-04 to 2026-06-28). No threshold crossed; recheck and ask for a weekly reading.
Rule default: recheck_7_days.
Medicine taken at the last three contacts: yes, yes, yes.
Days since last contact: 0.
Patient messages:
""presha leo 129/85""
""Shikamoo. Nimepima leo 129/84, dawa nimekunywa asubuhi.""
""122/81 leo. Asante""",recheck_7_days,none,,,[],recheck_7_days,0,5.0,122,-9.3,-1.4,0,0,0,0,0,0,0,0
698,33,2026-07-18,chw,"Flags: none.
Rule default: routine.
Medicine taken at the last three contacts: yes, yes, yes.
Days since last contact: 0.
CHW notes:
""Mgonjwa yuko sawa, anakunywa dawa.""
""Home visit, BP taken.""
Patient messages:
""Shikamoo. Nimepima leo 129/84, dawa nimekunywa asubuhi.""
""122/81 leo. Asante""
""Dawa zangu ziliisha siku kumi zilizopita, sijapata nyingine.""",routine,none,,,[],routine,0,3.5,146,14.7,1.34,0,0,0,0,0,0,0,0
1722,33,2026-07-18,chw,"Flags: none.
Rule default: routine.
Medicine taken at the last three contacts: yes, yes, yes.
Days since last contact: 0.
CHW notes:
""Mgonjwa yuko sawa, anakunywa dawa.""
""Home visit, BP taken.""
Patient messages:
""Shikamoo. Nimepima leo 129/84, dawa nimekunywa asubuhi.""
""122/81 leo. Asante""
""Dawa zangu ziliisha siku kumi zilizopita, sijapata nyingine.""",routine,up,case,"pills_ran_out: Dawa zangu ziliisha siku kumi zilizopita, sijapata nyingine.","[{""code"": ""ran_out_of_pills"", ""quote"": ""Dawa zangu ziliisha siku kumi zilizopita""}]",recheck_7_days,0,3.5,146,14.7,1.34,0,0,0,0,0,0,0,0
709,33,2026-08-05,sms,"Flag borderline: Borderline: the readings crossed the goal 140/90 2 times in the last 6 readings: 135/82, 129/84, 122/81, 133/82, 146/90, 129/81. No threshold crossed; recheck and ask for a weekly reading.
Rule default: recheck_7_days.
Medicine taken at the last three contacts: yes, yes, yes.
Days since last contact: 0.
CHW notes:
""Home visit, BP taken.""
Patient messages:
""122/81 leo. Asante""
""Dawa zangu ziliisha siku kumi zilizopita, sijapata nyingine.""
""presha leo 129/81""",recheck_7_days,none,,,[],recheck_7_days,0,5.0,129,-2.3,0.91,0,0,0,0,0,0,0,0
699,33,2026-08-08,chw,"Flag borderline: Borderline: the readings crossed the goal 140/90 2 times in the last 6 readings: 129/84, 122/81, 133/82, 146/90, 129/81, 136/87. No threshold crossed; recheck and ask for a weekly reading.
Rule default: recheck_7_days.
Medicine taken at the last three contacts: yes, yes, yes.
Days since last contact: 0.
CHW notes:
""Home visit, no complaints.""
Patient messages:
""122/81 leo. Asante""
""Dawa zangu ziliisha siku kumi zilizopita, sijapata nyingine.""
""presha leo 129/81""",recheck_7_days,none,,,[],recheck_7_days,0,5.0,136,4.7,1.97,0,0,0,0,0,0,0,0
710,33,2026-08-16,sms,"Flag borderline: Borderline: the readings crossed the goal 140/90 2 times in the last 6 readings: 122/81, 133/82, 146/90, 129/81, 136/87, 128/85. No threshold crossed; recheck and ask for a weekly reading.
Rule default: recheck_7_days.
Medicine taken at the last three contacts: yes, yes, yes.
Days since last contact: 0.
CHW notes:
""Home visit, no complaints.""
Patient messages:
""Dawa zangu ziliisha siku kumi zilizopita, sijapata nyingine.""
""presha leo 129/81""
""Habari daktari, presha yangu ni 128 kwa 85. Nimekunywa dawa zangu.""",recheck_7_days,none,,,[],recheck_7_days,0,5.0,128,-3.3,0.63,0,0,0,0,0,0,0,0
700,33,2026-08-29,chw,"Flag borderline: Borderline: 3 readings in a row in the band just under the goal 140/90 (130-139 systolic or 85-89 diastolic): 136/87, 128/85, 132/79 (2026-08-08 to 2026-08-29). No threshold crossed; recheck and ask for a weekly reading.
Rule default: recheck_7_days.
Medicine taken at the last three contacts: partial, yes, yes.
Days since last contact: 0.
CHW notes:
""Home visit, no complaints.""
Patient messages:
""Dawa zangu ziliisha siku kumi zilizopita, sijapata nyingine.""
""presha leo 129/81""
""Habari daktari, presha yangu ni 128 kwa 85. Nimekunywa dawa zangu.""",recheck_7_days,none,,,[],recheck_7_days,0,7.0,132,0.7,-1.49,0,0,0,2,0,0,0,0
711,33,2026-09-04,sms,"Flag borderline: Borderline: 4 readings in a row in the band just under the goal 140/90 (130-139 systolic or 85-89 diastolic): 136/87, 128/85, 132/79, 134/83 (2026-08-08 to 2026-09-04). No threshold crossed; recheck and ask for a weekly reading.
Rule default: recheck_7_days.
Medicine taken at the last three contacts: partial, yes, yes.
Days since last contact: 0.
CHW notes:
""Home visit, no complaints.""
Patient messages:
""presha leo 129/81""
""Habari daktari, presha yangu ni 128 kwa 85. Nimekunywa dawa zangu.""
""134/83 leo. Asante""",recheck_7_days,none,,,[],recheck_7_days,0,5.0,134,2.7,-1.69,0,0,0,0,0,0,0,0
692,33,2026-09-10,clinic,"Flag borderline: Borderline: 4 readings in a row in the band just under the goal 140/90 (130-139 systolic or 85-89 diastolic): 136/87, 128/85, 132/79, 134/83 (2026-08-08 to 2026-09-04). No threshold crossed; recheck and ask for a weekly reading.
Rule default: recheck_7_days.
Medicine taken at the last three contacts: yes, partial, yes.
Days since last contact: 0.
Patient messages:
""presha leo 129/81""
""Habari daktari, presha yangu ni 128 kwa 85. Nimekunywa dawa zangu.""
""134/83 leo. Asante""",recheck_7_days,up,note,missed_meds (generator note or message): Dawa zimeisha,"[{""code"": ""ran_out_of_pills"", ""quote"": ""Dawa zangu ziliisha siku kumi zilizopita""}]",visit_this_week,0,5.0,125,-6.3,-0.63,0,0,0,0,0,0,0,0
701,33,2026-09-12,chw,"Flag borderline: Borderline: 4 readings in a row in the band just under the goal 140/90 (130-139 systolic or 85-89 diastolic): 136/87, 128/85, 132/79, 134/83 (2026-08-08 to 2026-09-04). No threshold crossed; recheck and ask for a weekly reading.
Rule default: recheck_7_days.
Medicine taken at the last three contacts: yes, yes, partial.
Days since last contact: 0.
CHW notes:
""Patient bien, prend ses médicaments.""
Patient messages:
""presha leo 129/81""
""Habari daktari, presha yangu ni 128 kwa 85. Nimekunywa dawa zangu.""
""134/83 leo. Asante""",recheck_7_days,up,note,missed_meds (generator note or message): Dawa zimeisha,"[{""code"": ""ran_out_of_pills"", ""quote"": ""Dawa zangu ziliisha siku kumi zilizopita""}]",visit_this_week,0,5.0,129,-2.3,-1.2,0,0,0,0,0,0,0,0
712,33,2026-09-23,sms,"Flag borderline: Borderline: 3 readings in a row in the band just under the goal 140/90 (130-139 systolic or 85-89 diastolic): 128/85, 132/79, 134/83 (2026-08-16 to 2026-09-04). No threshold crossed; recheck and ask for a weekly reading.
Rule default: recheck_7_days.
Medicine taken at the last three contacts: yes, yes, partial.
Days since last contact: 0.
CHW notes:
""Patient bien, prend ses médicaments.""
Patient messages:
""Habari daktari, presha yangu ni 128 kwa 85. Nimekunywa dawa zangu.""
""134/83 leo. Asante""
""137/83 leo. Asante""",recheck_7_days,none,,,[],recheck_7_days,0,5.0,137,5.7,0.77,0,0,0,0,0,0,0,0
713,34,2026-04-07,clinic,"Flags: none.
Rule default: routine.
Medicine taken at the last three contacts: partial.
Days since last contact: 0.",routine,none,,,[],routine,0,3.0,136,0.0,0.0,0,0,0,2,0,0,0,0
716,34,2026-04-09,chw,"Flags: none.
Rule default: routine.
Medicine taken at the last three contacts: yes, partial.
Days since last contact: 0.
CHW notes:
""Patient well, taking medicine.""",routine,none,,,[],routine,0,1.0,130,-3.0,-6.0,0,0,0,0,0,0,0,0
724,34,2026-04-21,sms,"Flags: none.
Rule default: routine.
Medicine taken at the last three contacts: yes, partial.
Days since last contact: 0.
CHW notes:
""Patient well, taking medicine.""
Patient messages:
""137/87 leo. Asante""",routine,none,,,[],routine,0,1.0,137,2.7,0.5,0,0,0,0,0,0,0,0
717,34,2026-04-30,chw,"Flag borderline: Borderline: 4 readings in a row in the band just under the goal 140/90 (130-139 systolic or 85-89 diastolic): 136/87, 130/82, 137/87, 134/84 (2026-04-07 to 2026-04-30). No threshold crossed; recheck and ask for a weekly reading.
Rule default: recheck_7_days.
Medicine taken at the last three contacts: yes, yes, partial.
Days since last contact: 0.
CHW notes:
""Patient well, taking medicine.""
Patient messages:
""137/87 leo. Asante""
""Habari za asubuhi, niko safarini wiki hii.""",recheck_7_days,none,,,[],recheck_7_days,0,3.0,134,-0.3,0.1,0,0,0,0,0,0,0,0
725,34,2026-05-06,sms,"Flag borderline: Borderline: 5 readings in a row in the band just under the goal 140/90 (130-139 systolic or 85-89 diastolic): 136/87, 130/82, 137/87, 134/84, 137/84 (2026-04-07 to 2026-05-06). No threshold crossed; recheck and ask for a weekly reading.
Rule default: recheck_7_days.
Medicine taken at the last three contacts: yes, yes, yes.
Days since last contact: 0.
CHW notes:
""Patient well, taking medicine.""
Patient messages:
""137/87 leo. Asante""
""Habari za asubuhi, niko safarini wiki hii.""
""Habari daktari, presha yangu ni 137 kwa 84. Nimekunywa dawa zangu.""",recheck_7_days,none,,,[],recheck_7_days,0,3.0,137,2.7,0.6,0,0,0,0,0,0,0,0
718,34,2026-05-23,chw,"Flag borderline: Borderline: 6 readings in a row in the band just under the goal 140/90 (130-139 systolic or 85-89 diastolic): 136/87, 130/82, 137/87, 134/84, 137/84, 139/89 (2026-04-07 to 2026-05-23). No threshold crossed; recheck and ask for a weekly reading.
Rule default: recheck_7_days.
Medicine taken at the last three contacts: yes, yes, yes.
Days since last contact: 0.
CHW notes:
""Mgonjwa yuko sawa, anakunywa dawa.""
Patient messages:
""137/87 leo. Asante""
""Habari za asubuhi, niko safarini wiki hii.""
""Habari daktari, presha yangu ni 137 kwa 84. Nimekunywa dawa zangu.""",recheck_7_days,none,,,[],recheck_7_days,0,3.0,139,4.7,0.94,0,0,0,0,0,0,0,0
726,34,2026-05-24,sms,"Flag borderline: Borderline: 5 readings in a row in the band just under the goal 140/90 (130-139 systolic or 85-89 diastolic): 130/82, 137/87, 134/84, 137/84, 139/89 (2026-04-09 to 2026-05-23). No threshold crossed; recheck and ask for a weekly reading.
Rule default: recheck_7_days.
Medicine taken at the last three contacts: yes, yes, yes.
Days since last contact: 0.
CHW notes:
""Mgonjwa yuko sawa, anakunywa dawa.""
Patient messages:
""Habari za asubuhi, niko safarini wiki hii.""
""Habari daktari, presha yangu ni 137 kwa 84. Nimekunywa dawa zangu.""
""Shikamoo. Nimepima leo 141/92, dawa nimekunywa asubuhi.""",recheck_7_days,none,,,[],recheck_7_days,0,3.5,141,6.7,1.83,0,0,0,0,0,0,0,0
727,34,2026-06-12,sms,"Flag borderline: Borderline: 4 readings in a row in the band just under the goal 140/90 (130-139 systolic or 85-89 diastolic): 137/87, 134/84, 137/84, 139/89 (2026-04-21 to 2026-05-23). No threshold crossed; recheck and ask for a weekly reading.
Rule default: recheck_7_days.
Medicine taken at the last three contacts: yes, yes, yes.
Days since last contact: 0.
Patient messages:
""Habari daktari, presha yangu ni 137 kwa 84. Nimekunywa dawa zangu.""
""Shikamoo. Nimepima leo 141/92, dawa nimekunywa asubuhi.""
""Mimi ni mzima. Presha ni 132/90, nakunywa dawa kila siku.""",recheck_7_days,none,,,[],recheck_7_days,0,3.0,132,-2.3,-0.06,0,0,0,0,0,0,0,0
719,34,2026-06-13,chw,"Flag borderline: Borderline: 3 readings in a row in the band just under the goal 140/90 (130-139 systolic or 85-89 diastolic): 134/84, 137/84, 139/89 (2026-04-30 to 2026-05-23). No threshold crossed; recheck and ask for a weekly reading.
Rule default: recheck_7_days.
Medicine taken at the last three contacts: yes, yes, yes.
Days since last contact: 0.
CHW notes:
""Mgonjwa yuko sawa, anakunywa dawa.""
Patient messages:
""Habari daktari, presha yangu ni 137 kwa 84. Nimekunywa dawa zangu.""
""Shikamoo. Nimepima leo 141/92, dawa nimekunywa asubuhi.""
""Mimi ni mzima. Presha ni 132/90, nakunywa dawa kila siku.""",recheck_7_days,none,,,[],recheck_7_days,0,3.0,138,3.7,0.2,0,0,0,0,0,0,0,0
728,34,2026-06-19,sms,"Flag borderline: Borderline: the readings crossed the goal 140/90 3 times in the last 6 readings: 137/84, 139/89, 141/92, 132/90, 138/89, 141/88. No threshold crossed; recheck and ask for a weekly reading.
Rule default: recheck_7_days.
Medicine taken at the last three contacts: yes, yes, yes.
Days since last contact: 0.
CHW notes:
""Mgonjwa yuko sawa, anakunywa dawa.""
Patient messages:
""Shikamoo. Nimepima leo 141/92, dawa nimekunywa asubuhi.""
""Mimi ni mzima. Presha ni 132/90, nakunywa dawa kila siku.""
""141/88 leo. Asante""",recheck_7_days,none,,,[],recheck_7_days,0,3.5,141,6.7,0.23,0,0,0,0,0,0,0,0
714,34,2026-06-27,clinic,"Flag borderline: Borderline: the readings crossed the goal 140/90 3 times in the last 6 readings: 141/92, 132/90, 138/89, 141/88, 143/96, 129/86. No threshold crossed; recheck and ask for a weekly reading.
Rule default: recheck_7_days.
Medicine taken at the last three contacts: yes, yes, yes.
Days since last contact: 0.
Patient messages:
""141/88 leo. Asante""
""Asante sana kwa ujumbe.""
""Mimi ni mzima. Presha ni 129/86, nakunywa dawa kila siku.""",recheck_7_days,none,,,[],recheck_7_days,0,3.0,129,-5.3,-0.69,0,0,0,0,0,0,0,0
729,34,2026-06-27,sms,"Flag borderline: Borderline: the readings crossed the goal 140/90 3 times in the last 6 readings: 141/92, 132/90, 138/89, 141/88, 143/96, 129/86. No threshold crossed; recheck and ask for a weekly reading.
Rule default: recheck_7_days.
Medicine taken at the last three contacts: yes, yes, yes.
Days since last contact: 0.
Patient messages:
""141/88 leo. Asante""
""Asante sana kwa ujumbe.""
""Mimi ni mzima. Presha ni 129/86, nakunywa dawa kila siku.""",recheck_7_days,none,,,[],recheck_7_days,0,3.0,129,-5.3,-0.69,0,0,0,0,0,0,0,0
720,34,2026-07-11,chw,"Flag borderline: Borderline: the readings crossed the goal 140/90 4 times in the last 6 readings: 132/90, 138/89, 141/88, 143/96, 129/86, 142/93. No threshold crossed; recheck and ask for a weekly reading.
Rule default: recheck_7_days.
Medicine taken at the last three contacts: yes, yes, yes.
Days since last contact: 0.
CHW notes:
""Home visit, no complaints.""
Patient messages:
""141/88 leo. Asante""
""Asante sana kwa ujumbe.""
""Mimi ni mzima. Presha ni 129/86, nakunywa dawa kila siku.""",recheck_7_days,none,,,[],recheck_7_days,0,3.5,142,7.7,0.71,0,0,0,0,0,0,0,0
730,34,2026-07-13,sms,"Flag borderline: Borderline: the readings crossed the goal 140/90 4 times in the last 6 readings: 138/89, 141/88, 143/96, 129/86, 142/93, 133/86. No threshold crossed; recheck and ask for a weekly reading.
Rule default: recheck_7_days.
Medicine taken at the last three contacts: yes, yes, yes.
Days since last contact: 0.
CHW notes:
""Home visit, no complaints.""
Patient messages:
""Asante sana kwa ujumbe.""
""Mimi ni mzima. Presha ni 129/86, nakunywa dawa kila siku.""
""133/86 leo. Asante""",recheck_7_days,none,,,[],recheck_7_days,0,3.0,133,-1.3,-1.03,0,0,0,0,0,0,0,0
721,34,2026-07-25,chw,"Flag borderline: Borderline: the readings crossed the goal 140/90 4 times in the last 6 readings: 141/88, 143/96, 129/86, 142/93, 133/86, 144/86. No threshold crossed; recheck and ask for a weekly reading.
Rule default: recheck_7_days.
Medicine taken at the last three contacts: yes, yes, yes.
Days since last contact: 0.
CHW notes:
""Home visit, no complaints.""
Patient messages:
""Asante sana kwa ujumbe.""
""Mimi ni mzima. Presha ni 129/86, nakunywa dawa kila siku.""
""133/86 leo. Asante""",recheck_7_days,none,,,[],recheck_7_days,0,3.5,144,9.7,-0.06,0,0,0,0,0,0,0,0
731,34,2026-08-03,sms,"Flag borderline: Borderline: the readings crossed the goal 140/90 4 times in the last 6 readings: 143/96, 129/86, 142/93, 133/86, 144/86, 143/87. No threshold crossed; recheck and ask for a weekly reading.
Rule default: recheck_7_days.
Medicine taken at the last three contacts: yes, yes, yes.
Days since last contact: 0.
CHW notes:
""Home visit, no complaints.""
Patient messages:
""Mimi ni mzima. Presha ni 129/86, nakunywa dawa kila siku.""
""133/86 leo. Asante""
""Shikamoo. Nimepima leo 143/87, dawa nimekunywa asubuhi.""",recheck_7_days,none,,,[],recheck_7_days,0,3.5,143,8.7,1.03,0,0,0,0,0,0,0,0
732,34,2026-08-13,sms,"Flag borderline: Borderline: the readings crossed the goal 140/90 3 times in the last 6 readings: 129/86, 142/93, 133/86, 144/86, 143/87, 150/92. No threshold crossed; recheck and ask for a weekly reading.
Rule default: recheck_7_days.
Medicine taken at the last three contacts: yes, yes, yes.
Days since last contact: 0.
Patient messages:
""133/86 leo. Asante""
""Shikamoo. Nimepima leo 143/87, dawa nimekunywa asubuhi.""
""presha leo 150/92""",recheck_7_days,none,,,[],recheck_7_days,0,3.5,150,15.7,3.4,0,0,0,0,0,0,0,0
722,34,2026-08-22,chw,"Flag borderline: Borderline: the readings crossed the goal 140/90 2 times in the last 6 readings: 142/93, 133/86, 144/86, 143/87, 150/92, 146/92. No threshold crossed; recheck and ask for a weekly reading.
Rule default: recheck_7_days.
Medicine taken at the last three contacts: yes, yes, yes.
Days since last contact: 0.
CHW notes:
""Patient bien, prend ses médicaments.""
Patient messages:
""133/86 leo. Asante""
""Shikamoo. Nimepima leo 143/87, dawa nimekunywa asubuhi.""
""presha leo 150/92""",recheck_7_days,none,,,[],recheck_7_days,0,3.5,146,11.7,2.0,0,0,0,0,0,0,0,0
733,34,2026-08-30,sms,"Flags: none.
Rule default: routine.
Medicine taken at the last three contacts: yes, yes, yes.
Days since last contact: 0.
CHW notes:
""Patient bien, prend ses médicaments.""
Patient messages:
""Shikamoo. Nimepima leo 143/87, dawa nimekunywa asubuhi.""
""presha leo 150/92""
""Habari daktari, presha yangu ni 143 kwa 94. Nimekunywa dawa zangu.""",routine,none,,,[],routine,0,1.5,143,8.7,1.8,0,0,0,0,0,0,0,0
734,34,2026-09-08,sms,"Flags: none.
Rule default: routine.
Medicine taken at the last three contacts: yes, yes, yes.
Days since last contact: 0.
Patient messages:
""presha leo 150/92""
""Habari daktari, presha yangu ni 143 kwa 94. Nimekunywa dawa zangu.""
""presha leo 144/89""",routine,none,,,[],routine,0,1.5,144,9.7,-0.11,0,0,0,0,0,0,0,0
715,34,2026-09-10,clinic,"Flags: none.
Rule default: routine.
Medicine taken at the last three contacts: yes, yes, yes.
Days since last contact: 0.
Patient messages:
""presha leo 150/92""
""Habari daktari, presha yangu ni 143 kwa 94. Nimekunywa dawa zangu.""
""presha leo 144/89""",routine,none,,,[],routine,0,1.5,143,8.7,-0.6,0,0,0,0,0,0,0,0
723,34,2026-09-14,chw,"Flags: none.
Rule default: routine.
Medicine taken at the last three contacts: yes, yes, yes.
Days since last contact: 0.
CHW notes:
""Mgonjwa yuko sawa, anakunywa dawa.""
Patient messages:
""presha leo 150/92""
""Habari daktari, presha yangu ni 143 kwa 94. Nimekunywa dawa zangu.""
""presha leo 144/89""",routine,none,,,[],routine,0,1.5,140,5.7,-1.66,0,0,0,0,0,0,0,0
735,34,2026-09-21,sms,"Flags: none.
Rule default: routine.
Medicine taken at the last three contacts: yes, yes, yes.
Days since last contact: 0.
CHW notes:
""Mgonjwa yuko sawa, anakunywa dawa.""
Patient messages:
""Habari daktari, presha yangu ni 143 kwa 94. Nimekunywa dawa zangu.""
""presha leo 144/89""
""Shikamoo. Nimepima leo 147/91, dawa nimekunywa asubuhi.""",routine,none,,,[],routine,0,1.5,147,12.7,-0.14,0,0,0,0,0,0,0,0
746,35,2026-04-15,sms,"Flags: none.
Rule default: routine.
Medicine taken at the last three contacts: yes.
Days since last contact: 0.
Patient messages:
""Bonjour, ma tension aujourd'hui est 128/80. J'ai pris mes médicaments.""",routine,none,,,[],routine,0,4.0,128,0.0,0.0,0,0,0,0,0,0,0,0
738,35,2026-04-19,chw,"Flags: none.
Rule default: routine.
Medicine taken at the last three contacts: yes, yes.
Days since last contact: 0.
CHW notes:
""Mgonjwa yuko sawa, anakunywa dawa.""
Patient messages:
""Bonjour, ma tension aujourd'hui est 128/80. J'ai pris mes médicaments.""",routine,none,,,[],routine,0,4.0,133,2.5,5.0,0,0,0,0,0,0,0,0
747,35,2026-04-24,sms,"Flags: none.
Rule default: routine.
Medicine taken at the last three contacts: yes, yes, yes.
Days since last contact: 0.
CHW notes:
""Mgonjwa yuko sawa, anakunywa dawa.""
Patient messages:
""Bonjour, ma tension aujourd'hui est 128/80. J'ai pris mes médicaments.""
""Ma tension est 131 sur 79, je prends bien mes médicaments chaque jour.""",routine,none,,,[],routine,0,4.0,131,0.3,1.5,0,0,0,0,0,0,0,0
736,35,2026-04-26,clinic,"Flag borderline: Borderline: 3 readings in a row in the band just under the goal 140/90 (130-139 systolic or 85-89 diastolic): 133/82, 131/79, 131/83 (2026-04-19 to 2026-04-26). No threshold crossed; recheck and ask for a weekly reading.
Rule default: recheck_7_days.
Medicine taken at the last three contacts: yes, yes, yes.
Days since last contact: 0.
Patient messages:
""Bonjour, ma tension aujourd'hui est 128/80. J'ai pris mes médicaments.""
""Ma tension est 131 sur 79, je prends bien mes médicaments chaque jour.""",recheck_7_days,none,,,[],recheck_7_days,0,6.0,131,0.3,0.7,0,0,0,0,0,0,0,0
748,35,2026-05-04,sms,"Flag borderline: Borderline: 3 readings in a row in the band just under the goal 140/90 (130-139 systolic or 85-89 diastolic): 133/82, 131/79, 131/83 (2026-04-19 to 2026-04-26). No threshold crossed; recheck and ask for a weekly reading.
Rule default: recheck_7_days.
Medicine taken at the last three contacts: yes, yes, yes.
Days since last contact: 0.
Patient messages:
""Bonjour, ma tension aujourd'hui est 128/80. J'ai pris mes médicaments.""
""Ma tension est 131 sur 79, je prends bien mes médicaments chaque jour.""
""tension 129/82""",recheck_7_days,none,,,[],recheck_7_days,0,6.0,129,-1.7,0.0,0,0,0,0,0,0,0,0
739,35,2026-05-14,chw,"Flag borderline: Borderline: 3 readings in a row in the band just under the goal 140/90 (130-139 systolic or 85-89 diastolic): 133/82, 131/79, 131/83 (2026-04-19 to 2026-04-26). No threshold crossed; recheck and ask for a weekly reading.
Rule default: recheck_7_days.
Medicine taken at the last three contacts: yes, yes, yes.
Days since last contact: 0.
CHW notes:
""Patient bien, prend ses médicaments.""
Patient messages:
""Ma tension est 131 sur 79, je prends bien mes médicaments chaque jour.""
""tension 129/82""
""Mes médicaments sont finis, où je peux en avoir ?""",recheck_7_days,none,,,[],recheck_7_days,0,6.0,127,-3.7,-0.49,0,0,0,0,0,0,0,0
749,35,2026-05-22,sms,"Flag borderline: Borderline: 3 readings in a row in the band just under the goal 140/90 (130-139 systolic or 85-89 diastolic): 133/82, 131/79, 131/83 (2026-04-19 to 2026-04-26). No threshold crossed; recheck and ask for a weekly reading.
Rule default: recheck_7_days.
Medicine taken at the last three contacts: yes, yes, yes.
Days since last contact: 0.
CHW notes:
""Patient bien, prend ses médicaments.""
Patient messages:
""tension 129/82""
""Mes médicaments sont finis, où je peux en avoir ?""
""tension 128/80""",recheck_7_days,none,,,[],recheck_7_days,0,6.0,128,-2.7,-1.11,0,0,0,0,0,0,0,0
740,35,2026-05-28,chw,"Flags: none.
Rule default: routine.
Medicine taken at the last three contacts: yes, yes, yes.
Days since last contact: 0.
CHW notes:
""Patient well, taking medicine.""
Patient messages:
""tension 129/82""
""Mes médicaments sont finis, où je peux en avoir ?""
""tension 128/80""",routine,none,,,[],routine,0,4.0,133,2.3,-0.03,0,0,0,0,0,0,0,0
750,35,2026-06-01,sms,"Flags: none.
Rule default: routine.
Medicine taken at the last three contacts: yes, yes, yes.
Days since last contact: 0.
CHW notes:
""Patient well, taking medicine.""
Patient messages:
""Mes médicaments sont finis, où je peux en avoir ?""
""tension 128/80""
""Ma tension est 131 sur 77, je prends bien mes médicaments chaque jour.""",routine,none,,,[],routine,0,4.0,131,0.3,0.37,0,0,0,0,0,0,0,0
751,35,2026-06-09,sms,"Flags: none.
Rule default: routine.
Medicine taken at the last three contacts: yes, yes, yes.
Days since last contact: 0.
Patient messages:
""tension 128/80""
""Ma tension est 131 sur 77, je prends bien mes médicaments chaque jour.""
""Ma tension est 123 sur 75, je prends bien mes médicaments chaque jour.""",routine,none,,,[],routine,0,4.0,123,-7.7,-0.37,0,0,0,0,0,0,0,0
752,35,2026-06-20,sms,"Flags: none.
Rule default: routine.
Medicine taken at the last three contacts: yes, yes, yes.
Days since last contact: 0.
Patient messages:
""Ma tension est 131 sur 77, je prends bien mes médicaments chaque jour.""
""Ma tension est 123 sur 75, je prends bien mes médicaments chaque jour.""
""Bjr, tension 125 sur 77 ce matin""",routine,none,,,[],routine,0,4.0,125,-5.7,-0.77,0,0,0,0,0,0,0,0
741,35,2026-06-22,chw,"Flags: none.
Rule default: routine.
Medicine taken at the last three contacts: yes, yes, yes.
Days since last contact: 0.
CHW notes:
""Patient bien, prend ses médicaments.""
Patient messages:
""Ma tension est 131 sur 77, je prends bien mes médicaments chaque jour.""
""Ma tension est 123 sur 75, je prends bien mes médicaments chaque jour.""
""Bjr, tension 125 sur 77 ce matin""",routine,none,,,[],routine,0,5.5,140,9.3,0.8,0,0,0,0,0,0,0,0
753,35,2026-07-03,sms,"Flag borderline: Borderline: the readings crossed the goal 140/90 2 times in the last 6 readings: 133/84, 131/77, 123/75, 125/77, 140/89, 132/81. No threshold crossed; recheck and ask for a weekly reading.
Rule default: recheck_7_days.
Medicine taken at the last three contacts: yes, yes, yes.
Days since last contact: 0.
CHW notes:
""Patient bien, prend ses médicaments.""
Patient messages:
""Ma tension est 123 sur 75, je prends bien mes médicaments chaque jour.""
""Bjr, tension 125 sur 77 ce matin""
""Bjr, tension 132 sur 81 ce matin""",recheck_7_days,none,,,[],recheck_7_days,0,6.0,132,1.3,0.69,0,0,0,0,0,0,0,0
737,35,2026-07-11,clinic,"Flag borderline: Borderline: the readings crossed the goal 140/90 2 times in the last 6 readings: 131/77, 123/75, 125/77, 140/89, 132/81, 132/87. No threshold crossed; recheck and ask for a weekly reading.
Rule default: recheck_7_days.
Medicine taken at the last three contacts: yes, yes, yes.
Days since last contact: 0.
Patient messages:
""Ma tension est 123 sur 75, je prends bien mes médicaments chaque jour.""
""Bjr, tension 125 sur 77 ce matin""
""Bjr, tension 132 sur 81 ce matin""",recheck_7_days,none,,,[],recheck_7_days,0,6.0,132,1.3,1.34,0,0,0,0,0,0,0,0
742,35,2026-07-18,chw,"Flag borderline: Borderline: 3 readings in a row in the band just under the goal 140/90 (130-139 systolic or 85-89 diastolic): 132/81, 132/87, 128/85 (2026-07-03 to 2026-07-18). No threshold crossed; recheck and ask for a weekly reading.
Rule default: recheck_7_days.
Medicine taken at the last three contacts: yes, yes, yes.
Days since last contact: 0.
CHW notes:
""Mgonjwa yuko sawa, anakunywa dawa.""
Patient messages:
""Ma tension est 123 sur 75, je prends bien mes médicaments chaque jour.""
""Bjr, tension 125 sur 77 ce matin""
""Bjr, tension 132 sur 81 ce matin""",recheck_7_days,none,,,[],recheck_7_days,0,6.0,128,-2.7,1.09,0,0,0,0,0,0,0,0
754,35,2026-07-24,sms,"Flag borderline: Borderline: 4 readings in a row in the band just under the goal 140/90 (130-139 systolic or 85-89 diastolic): 132/81, 132/87, 128/85, 137/87 (2026-07-03 to 2026-07-24). No threshold crossed; recheck and ask for a weekly reading.
Rule default: recheck_7_days.
Medicine taken at the last three contacts: yes, yes, yes.
Days since last contact: 0.
CHW notes:
""Mgonjwa yuko sawa, anakunywa dawa.""
Patient messages:
""Bjr, tension 125 sur 77 ce matin""
""Bjr, tension 132 sur 81 ce matin""
""Ma tension est 137 sur 87, je prends bien mes médicaments chaque jour.""",recheck_7_days,none,,,[],recheck_7_days,0,6.0,137,6.3,0.69,0,0,0,0,0,0,0,0
755,35,2026-08-05,sms,"Flag borderline: Borderline: 5 readings in a row in the band just under the goal 140/90 (130-139 systolic or 85-89 diastolic): 132/81, 132/87, 128/85, 137/87, 134/83 (2026-07-03 to 2026-08-05). No threshold crossed; recheck and ask for a weekly reading.
Rule default: recheck_7_days.
Medicine taken at the last three contacts: yes, yes, yes.
Days since last contact: 0.
Patient messages:
""Bjr, tension 132 sur 81 ce matin""
""Ma tension est 137 sur 87, je prends bien mes médicaments chaque jour.""
""tension 134/83""",recheck_7_days,none,,,[],recheck_7_days,0,6.0,134,3.3,-0.54,0,0,0,0,0,0,0,0
743,35,2026-08-10,chw,"Flag borderline: Borderline: 5 readings in a row in the band just under the goal 140/90 (130-139 systolic or 85-89 diastolic): 132/81, 132/87, 128/85, 137/87, 134/83 (2026-07-03 to 2026-08-05). No threshold crossed; recheck and ask for a weekly reading.
Rule default: recheck_7_days.
Medicine taken at the last three contacts: yes, yes, yes.
Days since last contact: 0.
CHW notes:
""Patient well, taking medicine.""
Patient messages:
""Bjr, tension 132 sur 81 ce matin""
""Ma tension est 137 sur 87, je prends bien mes médicaments chaque jour.""
""tension 134/83""",recheck_7_days,none,,,[],recheck_7_days,0,6.0,125,-5.7,-0.57,0,0,0,0,0,0,0,0
756,35,2026-08-17,sms,"Flag borderline: Borderline: 4 readings in a row in the band just under the goal 140/90 (130-139 systolic or 85-89 diastolic): 132/87, 128/85, 137/87, 134/83 (2026-07-11 to 2026-08-05). No threshold crossed; recheck and ask for a weekly reading.
Rule default: recheck_7_days.
Medicine taken at the last three contacts: yes, yes, yes.
Days since last contact: 0.
CHW notes:
""Patient well, taking medicine.""
Patient messages:
""Ma tension est 137 sur 87, je prends bien mes médicaments chaque jour.""
""tension 134/83""
""tension 119/74""",recheck_7_days,none,,,[],recheck_7_days,0,5.0,119,-11.7,-2.2,0,0,0,0,0,0,0,0
744,35,2026-08-27,chw,"Flag borderline: Borderline: 3 readings in a row in the band just under the goal 140/90 (130-139 systolic or 85-89 diastolic): 128/85, 137/87, 134/83 (2026-07-18 to 2026-08-05). No threshold crossed; recheck and ask for a weekly reading.
Rule default: recheck_7_days.
Medicine taken at the last three contacts: partial, yes, yes.
Days since last contact: 0.
CHW notes:
""N'a pas pris ses comprimés depuis 3 jours.""
Patient messages:
""Ma tension est 137 sur 87, je prends bien mes médicaments chaque jour.""
""tension 134/83""
""tension 119/74""",recheck_7_days,up,note,missed_meds (generator note or message): N'a pas pris ses comprimés depuis 3 jours.,"[{""code"": ""ran_out_of_pills"", ""quote"": ""Je n'ai plus de comprimés depuis dix jours""}]",visit_this_week,0,8.0,136,5.3,-0.66,0,0,0,2,0,0,0,0
757,35,2026-09-04,sms,"Flags: none.
Rule default: routine.
Medicine taken at the last three contacts: yes, partial, yes.
Days since last contact: 0.
CHW notes:
""N'a pas pris ses comprimés depuis 3 jours.""
Patient messages:
""tension 134/83""
""tension 119/74""
""J'ai mesuré au centre de santé : 120/79. Médicaments pris.""",routine,up,note,missed_meds (generator note or message): N'a pas pris ses comprimés depuis 3 jours.,"[{""code"": ""ran_out_of_pills"", ""quote"": ""Je n'ai plus de comprimés depuis dix jours""}]",recheck_7_days,0,4.0,120,-10.7,-2.43,0,0,0,0,0,0,0,0
758,35,2026-09-20,sms,"Flags: none.
Rule default: routine.
Medicine taken at the last three contacts: yes, partial, yes.
Days since last contact: 0.
Patient messages:
""tension 119/74""
""J'ai mesuré au centre de santé : 120/79. Médicaments pris.""
""Bjr, tension 127 sur 80 ce matin""",routine,none,,,[],routine,0,4.0,127,-3.7,-0.94,0,0,0,0,0,0,0,0
745,35,2026-09-22,chw,"Flags: none.
Rule default: routine.
Medicine taken at the last three contacts: yes, yes, partial.
Days since last contact: 0.
CHW notes:
""Patient bien, prend ses médicaments.""
Patient messages:
""J'ai mesuré au centre de santé : 120/79. Médicaments pris.""
""Bjr, tension 127 sur 80 ce matin""
""Le médicament me fait gonfler les pieds, c'est normal ?""",routine,none,,,[],routine,0,4.0,128,-2.7,0.66,0,0,0,0,0,0,0,0
759,35,2026-09-29,sms,"Flags: none.
Rule default: routine.
Medicine taken at the last three contacts: yes, yes, yes.
Days since last contact: 0.
CHW notes:
""Patient bien, prend ses médicaments.""
Patient messages:
""Bjr, tension 127 sur 80 ce matin""
""Le médicament me fait gonfler les pieds, c'est normal ?""
""Bonjour, ma tension aujourd'hui est 129/84. J'ai pris mes médicaments.""",routine,none,,,[],routine,0,4.0,129,-1.7,0.94,0,0,0,0,0,0,0,0
1704,35,2026-10-02,chw,"Flags: none.
Rule default: routine.
Medicine taken at the last three contacts: yes, yes, yes.
Days since last contact: 0.
CHW notes:
""Home visit, BP taken.""
Patient messages:
""Le médicament me fait gonfler les pieds, c'est normal ?""
""Bonjour, ma tension aujourd'hui est 129/84. J'ai pris mes médicaments.""
""Je n'ai plus de comprimés depuis dix jours, la pharmacie est loin.""",routine,up,case,"pills_ran_out: Je n'ai plus de comprimés depuis dix jours, la pharmacie est loin.","[{""code"": ""ran_out_of_pills"", ""quote"": ""Je n'ai plus de comprimés depuis dix jours""}]",recheck_7_days,0,5.5,146,15.3,2.23,0,0,0,0,0,0,0,0
771,36,2026-04-14,sms,"Flags: none.
Rule default: routine.
Medicine taken at the last three contacts: yes.
Days since last contact: 0.
Patient messages:
""Habari daktari, presha yangu ni 127 kwa 83. Nimekunywa dawa zangu.""",routine,none,,,[],routine,0,5.0,127,0.0,0.0,0,0,0,0,0,0,0,0
762,36,2026-04-18,chw,"Flags: none.
Rule default: routine.
Medicine taken at the last three contacts: yes, yes.
Days since last contact: 0.
CHW notes:
""Patient well, taking medicine.""
Patient messages:
""Habari daktari, presha yangu ni 127 kwa 83. Nimekunywa dawa zangu.""",routine,none,,,[],routine,0,5.0,123,-2.0,-4.0,0,0,0,0,0,0,0,0
760,36,2026-04-23,clinic,"Flags: none.
Rule default: routine.
Medicine taken at the last three contacts: yes, yes, yes.
Days since last contact: 0.
CHW notes:
""Patient well, taking medicine.""
Patient messages:
""Habari daktari, presha yangu ni 127 kwa 83. Nimekunywa dawa zangu.""",routine,none,,,[],routine,0,5.0,121,-2.7,-3.0,0,0,0,0,0,0,0,0
772,36,2026-04-30,sms,"Flags: none.
Rule default: routine.
Medicine taken at the last three contacts: yes, yes, yes.
Days since last contact: 0.
Patient messages:
""Habari daktari, presha yangu ni 127 kwa 83. Nimekunywa dawa zangu.""
""Habari daktari, presha yangu ni 120 kwa 74. Nimekunywa dawa zangu.""",routine,none,,,[],routine,0,5.0,120,-3.7,-2.3,0,0,0,0,0,0,0,0
763,36,2026-05-12,chw,"Flags: none.
Rule default: routine.
Medicine taken at the last three contacts: yes, yes, yes.
Days since last contact: 0.
CHW notes:
""Home visit, no complaints.""
Patient messages:
""Habari daktari, presha yangu ni 127 kwa 83. Nimekunywa dawa zangu.""
""Habari daktari, presha yangu ni 120 kwa 74. Nimekunywa dawa zangu.""",routine,none,,,[],routine,0,4.0,118,-5.7,-2.1,0,0,0,0,0,0,0,0
773,36,2026-05-21,sms,"Flags: none.
Rule default: routine.
Medicine taken at the last three contacts: yes, yes, yes.
Days since last contact: 0.
CHW notes:
""Home visit, no complaints.""
Patient messages:
""Habari daktari, presha yangu ni 127 kwa 83. Nimekunywa dawa zangu.""
""Habari daktari, presha yangu ni 120 kwa 74. Nimekunywa dawa zangu.""
""presha leo 111/76""",routine,none,,,[],routine,0,4.0,111,-12.7,-2.74,0,0,0,0,0,0,0,0
764,36,2026-05-30,chw,"Flags: none.
Rule default: routine.
Medicine taken at the last three contacts: yes, yes, yes.
Days since last contact: 0.
CHW notes:
""Mgonjwa yuko sawa, anakunywa dawa.""
Patient messages:
""Habari daktari, presha yangu ni 127 kwa 83. Nimekunywa dawa zangu.""
""Habari daktari, presha yangu ni 120 kwa 74. Nimekunywa dawa zangu.""
""presha leo 111/76""",routine,none,,,[],routine,0,5.0,124,0.3,-0.77,0,0,0,0,0,0,0,0
774,36,2026-06-11,sms,"Flags: none.
Rule default: routine.
Medicine taken at the last three contacts: yes, yes, yes.
Days since last contact: 0.
CHW notes:
""Mgonjwa yuko sawa, anakunywa dawa.""
Patient messages:
""Habari daktari, presha yangu ni 120 kwa 74. Nimekunywa dawa zangu.""
""presha leo 111/76""
""118/78 leo. Asante""",routine,none,,,[],routine,0,4.0,118,-5.7,-0.29,0,0,0,0,0,0,0,0
765,36,2026-06-14,chw,"Flags: none.
Rule default: routine.
Medicine taken at the last three contacts: partial, yes, yes.
Days since last contact: 0.
CHW notes:
""Amesahau dawa siku kadhaa.""
Patient messages:
""Habari daktari, presha yangu ni 120 kwa 74. Nimekunywa dawa zangu.""
""presha leo 111/76""
""118/78 leo. Asante""",routine,up,note,missed_meds (generator note or message): Amesahau dawa siku kadhaa.,"[{""code"": ""ran_out_of_pills"", ""quote"": ""Je n'ai plus de comprimés depuis dix jours""}]",recheck_7_days,0,7.0,122,-1.7,0.66,0,0,0,2,0,0,0,0
761,36,2026-06-23,clinic,"Flags: none.
Rule default: routine.
Medicine taken at the last three contacts: yes, partial, yes.
Days since last contact: 0.
CHW notes:
""Amesahau dawa siku kadhaa.""
Patient messages:
""Habari daktari, presha yangu ni 120 kwa 74. Nimekunywa dawa zangu.""
""presha leo 111/76""
""118/78 leo. Asante""",routine,up,note,missed_meds (generator note or message): Amesahau dawa siku kadhaa.,"[{""code"": ""ran_out_of_pills"", ""quote"": ""Je n'ai plus de comprimés depuis dix jours""}]",recheck_7_days,0,5.0,120,-3.7,1.06,0,0,0,0,0,0,0,0
775,36,2026-06-24,sms,"Flags: none.
Rule default: routine.
Medicine taken at the last three contacts: yes, yes, partial.
Days since last contact: 0.
Patient messages:
""presha leo 111/76""
""118/78 leo. Asante""
""Habari daktari, presha yangu ni 118 kwa 74. Nimekunywa dawa zangu.""",routine,none,,,[],routine,0,4.0,118,-5.7,0.77,0,0,0,0,0,0,0,0
766,36,2026-06-29,chw,"Flags: none.
Rule default: routine.
Medicine taken at the last three contacts: yes, yes, yes.
Days since last contact: 0.
CHW notes:
""Patient bien, prend ses médicaments.""
Patient messages:
""presha leo 111/76""
""118/78 leo. Asante""
""Habari daktari, presha yangu ni 118 kwa 74. Nimekunywa dawa zangu.""",routine,none,,,[],routine,0,4.0,119,-4.7,-0.77,0,0,0,0,0,0,0,0
776,36,2026-07-15,sms,"Flags: none.
Rule default: routine.
Medicine taken at the last three contacts: yes, yes, yes.
Days since last contact: 0.
CHW notes:
""Patient bien, prend ses médicaments.""
Patient messages:
""118/78 leo. Asante""
""Habari daktari, presha yangu ni 118 kwa 74. Nimekunywa dawa zangu.""
""presha leo 108/73""",routine,none,,,[],routine,0,4.0,108,-15.7,-1.74,0,0,0,0,0,0,0,0
767,36,2026-07-22,chw,"Flags: none.
Rule default: routine.
Medicine taken at the last three contacts: yes, yes, yes.
Days since last contact: 0.
CHW notes:
""Patient well, taking medicine.""
Patient messages:
""118/78 leo. Asante""
""Habari daktari, presha yangu ni 118 kwa 74. Nimekunywa dawa zangu.""
""presha leo 108/73""",routine,none,,,[],routine,0,5.0,121,-2.7,-1.14,0,0,0,0,0,0,0,0
777,36,2026-08-01,sms,"Flags: none.
Rule default: routine.
Medicine taken at the last three contacts: yes, yes, yes.
Days since last contact: 0.
CHW notes:
""Patient well, taking medicine.""
Patient messages:
""Habari daktari, presha yangu ni 118 kwa 74. Nimekunywa dawa zangu.""
""presha leo 108/73""
""presha leo 126/81""",routine,none,,,[],routine,0,5.0,126,2.3,0.8,0,0,0,0,0,0,0,0
778,36,2026-08-09,sms,"Flags: none.
Rule default: routine.
Medicine taken at the last three contacts: yes, yes, yes.
Days since last contact: 0.
Patient messages:
""presha leo 108/73""
""presha leo 126/81""
""Mimi ni mzima. Presha ni 120/78, nakunywa dawa kila siku.""",routine,none,,,[],routine,0,5.0,120,-3.7,1.26,0,0,0,0,0,0,0,0
768,36,2026-08-14,chw,"Flags: none.
Rule default: routine.
Medicine taken at the last three contacts: yes, yes, yes.
Days since last contact: 0.
CHW notes:
""Patient bien, prend ses médicaments.""
Patient messages:
""presha leo 108/73""
""presha leo 126/81""
""Mimi ni mzima. Presha ni 120/78, nakunywa dawa kila siku.""",routine,none,,,[],routine,0,4.0,119,-4.7,1.17,0,0,0,0,0,0,0,0
779,36,2026-08-22,sms,"Flags: none.
Rule default: routine.
Medicine taken at the last three contacts: yes, yes, yes.
Days since last contact: 0.
CHW notes:
""Patient bien, prend ses médicaments.""
Patient messages:
""presha leo 126/81""
""Mimi ni mzima. Presha ni 120/78, nakunywa dawa kila siku.""
""Mimi ni mzima. Presha ni 121/81, nakunywa dawa kila siku.""",routine,none,,,[],routine,0,5.0,121,-2.7,1.51,0,0,0,0,0,0,0,0
769,36,2026-09-07,chw,"Flags: none.
Rule default: routine.
Medicine taken at the last three contacts: yes, yes, yes.
Days since last contact: 0.
CHW notes:
""Patient bien, prend ses médicaments.""
Patient messages:
""presha leo 126/81""
""Mimi ni mzima. Presha ni 120/78, nakunywa dawa kila siku.""
""Mimi ni mzima. Presha ni 121/81, nakunywa dawa kila siku.""",routine,none,,,[],routine,0,5.0,125,1.3,0.11,0,0,0,0,0,0,0,0
780,36,2026-09-08,sms,"Flags: none.
Rule default: routine.
Medicine taken at the last three contacts: yes, yes, yes.
Days since last contact: 0.
CHW notes:
""Patient bien, prend ses médicaments.""
Patient messages:
""Mimi ni mzima. Presha ni 120/78, nakunywa dawa kila siku.""
""Mimi ni mzima. Presha ni 121/81, nakunywa dawa kila siku.""
""Mimi ni mzima. Presha ni 116/80, nakunywa dawa kila siku.""",routine,none,,,[],routine,0,4.0,116,-7.7,-0.94,0,0,0,0,0,0,0,0
781,36,2026-09-20,sms,"Flags: none.
Rule default: routine.
Medicine taken at the last three contacts: yes, yes, yes.
Days since last contact: 0.
Patient messages:
""Mimi ni mzima. Presha ni 121/81, nakunywa dawa kila siku.""
""Mimi ni mzima. Presha ni 116/80, nakunywa dawa kila siku.""
""presha leo 125/79""",routine,none,,,[],routine,0,7.0,125,1.3,0.57,0,0,0,0,0,0,2,0
770,36,2026-09-26,chw,"Flags: none.
Rule default: routine.
Medicine taken at the last three contacts: yes, yes, yes.
Days since last contact: 0.
CHW notes:
""Patient bien, prend ses médicaments.""
Patient messages:
""Mimi ni mzima. Presha ni 121/81, nakunywa dawa kila siku.""
""Mimi ni mzima. Presha ni 116/80, nakunywa dawa kila siku.""
""presha leo 125/79""",routine,none,,,[],routine,0,6.0,110,-13.7,-1.2,0,0,0,0,0,0,2,0
782,36,2026-09-27,sms,"Flags: none.
Rule default: routine.
Medicine taken at the last three contacts: yes, yes, yes.
Days since last contact: 0.
CHW notes:
""Patient bien, prend ses médicaments.""
Patient messages:
""Mimi ni mzima. Presha ni 116/80, nakunywa dawa kila siku.""
""presha leo 125/79""
""Shikamoo. Nimepima leo 110/81, dawa nimekunywa asubuhi.""",routine,none,,,[],routine,0,6.0,110,-13.7,-2.6,0,0,0,0,0,0,2,0
1710,36,2026-10-01,chw,"Flags: none.
Rule default: routine.
Medicine taken at the last three contacts: yes, yes, yes.
Days since last contact: 0.
CHW notes:
""Home visit, BP taken.""
Patient messages:
""presha leo 125/79""
""Shikamoo. Nimepima leo 110/81, dawa nimekunywa asubuhi.""
""Je n'ai plus de comprimés depuis dix jours, la pharmacie est loin.""",routine,up,case,"pills_ran_out: Je n'ai plus de comprimés depuis dix jours, la pharmacie est loin.","[{""code"": ""ran_out_of_pills"", ""quote"": ""Je n'ai plus de comprimés depuis dix jours""}]",recheck_7_days,0,8.5,146,22.3,2.06,0,0,0,0,0,0,2,0
783,37,2026-04-07,clinic,"Flags: none.
Rule default: routine.
Medicine taken at the last three contacts: partial.
Days since last contact: 0.",routine,none,,,[],routine,0,5.0,122,0.0,0.0,0,0,0,2,0,0,0,0
794,37,2026-04-14,sms,"Flags: none.
Rule default: routine.
Medicine taken at the last three contacts: partial, partial.
Days since last contact: 0.
Patient messages:
""Nimepima dispensari 124/75. Nimekunywa dawa moja tu kati ya mbili.""",routine,up,note,missed_meds (generator note or message): Nimepima dispensari 124/75. Nimekunywa dawa moja tu kati ya mbili.,"[{""code"": ""new_symptom"", ""quote"": ""Kifua kinauma sana""}]",recheck_7_days,0,5.0,124,1.0,2.0,0,0,0,2,0,0,0,0
785,37,2026-04-18,chw,"Flags: none.
Rule default: routine.
Medicine taken at the last three contacts: no, partial, partial.
Days since last contact: 0.
CHW notes:
""Patient bien, prend ses médicaments.""
Patient messages:
""Nimepima dispensari 124/75. Nimekunywa dawa moja tu kati ya mbili.""
""Sawa, nimeelewa.""",routine,up,note,missed_meds (generator note or message): Nimepima dispensari 124/75. Nimekunywa dawa moja tu kati ya mbili.,"[{""code"": ""new_symptom"", ""quote"": ""Kifua kinauma sana""}]",recheck_7_days,0,5.0,121,-1.3,-0.5,0,0,0,2,0,0,0,0
795,37,2026-05-04,sms,"Flags: none.
Rule default: routine.
Medicine taken at the last three contacts: no, partial, partial.
Days since last contact: 0.
CHW notes:
""Patient bien, prend ses médicaments.""
Patient messages:
""Nimepima dispensari 124/75. Nimekunywa dawa moja tu kati ya mbili.""
""Sawa, nimeelewa.""
""118/76 leo. Asante""",routine,up,note,missed_meds (generator note or message): Nimepima dispensari 124/75. Nimekunywa dawa moja tu kati ya mbili.,"[{""code"": ""new_symptom"", ""quote"": ""Kifua kinauma sana""}]",recheck_7_days,0,2.5,118,-4.3,-1.5,0,0,0,0,0,0,0,0
786,37,2026-05-10,chw,"Flags: none.
Rule default: routine.
Medicine taken at the last three contacts: yes, no, partial.
Days since last contact: 0.
CHW notes:
""Home visit, no complaints.""
Patient messages:
""Nimepima dispensari 124/75. Nimekunywa dawa moja tu kati ya mbili.""
""Sawa, nimeelewa.""
""118/76 leo. Asante""",routine,up,note,missed_meds (generator note or message): Nimepima dispensari 124/75. Nimekunywa dawa moja tu kati ya mbili.,"[{""code"": ""new_symptom"", ""quote"": ""Kifua kinauma sana""}]",recheck_7_days,0,2.5,116,-6.3,-1.8,0,0,0,0,0,0,0,0
796,37,2026-05-18,sms,"Flags: none.
Rule default: routine.
Medicine taken at the last three contacts: yes, no, partial.
Days since last contact: 0.
CHW notes:
""Home visit, no complaints.""
Patient messages:
""Sawa, nimeelewa.""
""118/76 leo. Asante""
""presha leo 128/75""",routine,none,,,[],routine,0,3.0,128,5.7,0.09,0,0,0,0,0,0,0,0
787,37,2026-05-27,chw,"Flags: none.
Rule default: routine.
Medicine taken at the last three contacts: partial, yes, no.
Days since last contact: 0.
CHW notes:
""Patient ran out of tablets last week.""
Patient messages:
""Sawa, nimeelewa.""
""118/76 leo. Asante""
""presha leo 128/75""",routine,up,note,missed_meds (generator note or message): Patient ran out of tablets last week.,"[{""code"": ""new_symptom"", ""quote"": ""Kifua kinauma sana""}]",recheck_7_days,0,5.0,127,4.7,0.97,0,0,0,2,0,0,0,0
797,37,2026-06-07,sms,"Flags: none.
Rule default: routine.
Medicine taken at the last three contacts: no, partial, yes.
Days since last contact: 0.
CHW notes:
""Patient ran out of tablets last week.""
Patient messages:
""118/76 leo. Asante""
""presha leo 128/75""
""presha 120 kwa 76 sijakunywa dawa tangu juzi""",routine,up,note,missed_meds (generator note or message): Patient ran out of tablets last week.,"[{""code"": ""new_symptom"", ""quote"": ""Kifua kinauma sana""}]",recheck_7_days,0,5.0,120,-2.3,0.97,0,0,0,2,0,0,0,0
788,37,2026-06-16,chw,"Flags: none.
Rule default: routine.
Medicine taken at the last three contacts: partial, no, partial.
Days since last contact: 0.
CHW notes:
""Patient well, taking medicine.""
Patient messages:
""118/76 leo. Asante""
""presha leo 128/75""
""presha 120 kwa 76 sijakunywa dawa tangu juzi""",routine,up,note,missed_meds (generator note or message): presha 120 kwa 76 sijakunywa dawa tangu juzi,"[{""code"": ""new_symptom"", ""quote"": ""Kifua kinauma sana""}]",recheck_7_days,0,7.0,120,-2.3,0.6,0,0,0,2,0,0,2,0
798,37,2026-06-18,sms,"Flags: none.
Rule default: routine.
Medicine taken at the last three contacts: partial, no, partial.
Days since last contact: 0.
CHW notes:
""Patient well, taking medicine.""
Patient messages:
""presha leo 128/75""
""presha 120 kwa 76 sijakunywa dawa tangu juzi""
""presha leo 120/70""",routine,up,note,missed_meds (generator note or message): presha 120 kwa 76 sijakunywa dawa tangu juzi,"[{""code"": ""new_symptom"", ""quote"": ""Kifua kinauma sana""}]",recheck_7_days,0,5.0,120,-2.3,-0.31,0,0,0,0,0,0,2,0
799,37,2026-06-30,sms,"Flags: none.
Rule default: routine.
Medicine taken at the last three contacts: partial, no, partial.
Days since last contact: 0.
Patient messages:
""presha leo 120/70""
""Mungu akubariki mhudumu.""
""presha leo 126/72""",routine,none,,,[],routine,0,5.0,126,3.7,-0.89,0,0,0,0,0,0,2,0
789,37,2026-07-02,chw,"Flags: none.
Rule default: routine.
Medicine taken at the last three contacts: partial, partial, no.
Days since last contact: 0.
CHW notes:
""Takes medicine only when feeling unwell.""
Patient messages:
""presha leo 120/70""
""Mungu akubariki mhudumu.""
""presha leo 126/72""",routine,up,note,missed_meds (generator note or message): Takes medicine only when feeling unwell.,"[{""code"": ""new_symptom"", ""quote"": ""Kifua kinauma sana""}]",recheck_7_days,0,6.5,114,-8.3,-1.34,0,0,0,2,0,0,2,0
800,37,2026-07-07,sms,"Flags: none.
Rule default: routine.
Medicine taken at the last three contacts: partial, partial, partial.
Days since last contact: 0.
CHW notes:
""Takes medicine only when feeling unwell.""
Patient messages:
""Mungu akubariki mhudumu.""
""presha leo 126/72""
""Pressure yangu ni 126/73, nimekunywa nusu dozi kwa sababu dawa zinakaribia kuisha.""",routine,up,note,missed_meds (generator note or message): Takes medicine only when feeling unwell.,"[{""code"": ""new_symptom"", ""quote"": ""Kifua kinauma sana""}]",recheck_7_days,0,7.0,126,3.7,0.51,0,0,0,2,0,0,2,0
801,37,2026-07-15,sms,"Flags: none.
Rule default: routine.
Medicine taken at the last three contacts: partial, partial, partial.
Days since last contact: 0.
Patient messages:
""presha leo 126/72""
""Pressure yangu ni 126/73, nimekunywa nusu dozi kwa sababu dawa zinakaribia kuisha.""
""130/85 leo. Asante""",routine,up,note,"missed_meds (generator note or message): Pressure yangu ni 126/73, nimekunywa nusu dozi kwa sababu dawa zinakaribia kuisha.","[{""code"": ""new_symptom"", ""quote"": ""Kifua kinauma sana""}]",recheck_7_days,0,5.0,130,7.7,1.6,0,0,0,0,0,0,2,0
790,37,2026-07-18,chw,"Flags: none.
Rule default: routine.
Medicine taken at the last three contacts: yes, partial, partial.
Days since last contact: 0.
CHW notes:
""Patient bien, prend ses médicaments.""
Patient messages:
""presha leo 126/72""
""Pressure yangu ni 126/73, nimekunywa nusu dozi kwa sababu dawa zinakaribia kuisha.""
""130/85 leo. Asante""",routine,up,note,"missed_meds (generator note or message): Pressure yangu ni 126/73, nimekunywa nusu dozi kwa sababu dawa zinakaribia kuisha.","[{""code"": ""new_symptom"", ""quote"": ""Kifua kinauma sana""}]",recheck_7_days,0,4.5,115,-7.3,-0.03,0,0,0,0,0,0,2,0
802,37,2026-07-22,sms,"Flags: none.
Rule default: routine.
Medicine taken at the last three contacts: no, yes, partial.
Days since last contact: 0.
CHW notes:
""Patient bien, prend ses médicaments.""
Patient messages:
""Pressure yangu ni 126/73, nimekunywa nusu dozi kwa sababu dawa zinakaribia kuisha.""
""130/85 leo. Asante""
""presha 125 kwa 79 sijakunywa dawa tangu juzi""",routine,up,note,missed_meds (generator note or message): presha 125 kwa 79 sijakunywa dawa tangu juzi,"[{""code"": ""new_symptom"", ""quote"": ""Kifua kinauma sana""}]",recheck_7_days,0,7.0,125,2.7,0.06,0,0,0,2,0,0,2,0
803,37,2026-08-08,sms,"Flags: none.
Rule default: routine.
Medicine taken at the last three contacts: partial, no, yes.
Days since last contact: 0.
Patient messages:
""130/85 leo. Asante""
""presha 125 kwa 79 sijakunywa dawa tangu juzi""
""Pressure yangu ni 120/70, nimekunywa nusu dozi kwa sababu dawa zinakaribia kuisha.""",routine,up,note,"missed_meds (generator note or message): Pressure yangu ni 120/70, nimekunywa nusu dozi kwa sababu dawa zinakaribia kuisha.","[{""code"": ""new_symptom"", ""quote"": ""Kifua kinauma sana""}]",recheck_7_days,0,7.0,120,-2.3,0.34,0,0,0,2,0,0,2,0
791,37,2026-08-13,chw,"Flags: none.
Rule default: routine.
Medicine taken at the last three contacts: partial, partial, no.
Days since last contact: 0.
CHW notes:
""Amesahau dawa siku kadhaa.""
Patient messages:
""130/85 leo. Asante""
""presha 125 kwa 79 sijakunywa dawa tangu juzi""
""Pressure yangu ni 120/70, nimekunywa nusu dozi kwa sababu dawa zinakaribia kuisha.""",routine,up,note,missed_meds (generator note or message): Amesahau dawa siku kadhaa.,"[{""code"": ""new_symptom"", ""quote"": ""Kifua kinauma sana""}]",recheck_7_days,0,7.0,120,-2.3,-1.43,0,0,0,2,0,0,2,0
804,37,2026-08-18,sms,"Flags: none.
Rule default: routine.
Medicine taken at the last three contacts: partial, partial, no.
Days since last contact: 0.
CHW notes:
""Amesahau dawa siku kadhaa.""
Patient messages:
""presha 125 kwa 79 sijakunywa dawa tangu juzi""
""Pressure yangu ni 120/70, nimekunywa nusu dozi kwa sababu dawa zinakaribia kuisha.""
""presha leo 116/66""",routine,up,note,missed_meds (generator note or message): Amesahau dawa siku kadhaa.,"[{""code"": ""new_symptom"", ""quote"": ""Kifua kinauma sana""}]",recheck_7_days,0,4.5,116,-6.3,-1.71,0,0,0,0,0,0,2,0
784,37,2026-08-23,clinic,"Flags: none.
Rule default: routine.
Medicine taken at the last three contacts: partial, partial, partial.
Days since last contact: 0.
Patient messages:
""presha 125 kwa 79 sijakunywa dawa tangu juzi""
""Pressure yangu ni 120/70, nimekunywa nusu dozi kwa sababu dawa zinakaribia kuisha.""
""presha leo 116/66""",routine,up,note,"missed_meds (generator note or message): Pressure yangu ni 120/70, nimekunywa nusu dozi kwa sababu dawa zinakaribia kuisha.","[{""code"": ""new_symptom"", ""quote"": ""Kifua kinauma sana""}]",recheck_7_days,0,5.0,123,0.7,0.37,0,0,0,2,0,0,0,0
805,37,2026-08-26,sms,"Flags: none.
Rule default: routine.
Medicine taken at the last three contacts: partial, partial, partial.
Days since last contact: 0.
Patient messages:
""Pressure yangu ni 120/70, nimekunywa nusu dozi kwa sababu dawa zinakaribia kuisha.""
""presha leo 116/66""
""Nimepima dispensari 123/74. Nimekunywa dawa moja tu kati ya mbili.""",routine,up,note,missed_meds (generator note or message): Nimepima dispensari 123/74. Nimekunywa dawa moja tu kati ya mbili.,"[{""code"": ""new_symptom"", ""quote"": ""Kifua kinauma sana""}]",recheck_7_days,0,5.0,123,0.7,-0.14,0,0,0,2,0,0,0,0
806,37,2026-09-07,sms,"Flags: none.
Rule default: routine.
Medicine taken at the last three contacts: partial, partial, partial.
Days since last contact: 0.
Patient messages:
""presha leo 116/66""
""Nimepima dispensari 123/74. Nimekunywa dawa moja tu kati ya mbili.""
""Nimepima dispensari 125/80. Nimekunywa dawa moja tu kati ya mbili.""",routine,up,note,missed_meds (generator note or message): Nimepima dispensari 125/80. Nimekunywa dawa moja tu kati ya mbili.,"[{""code"": ""new_symptom"", ""quote"": ""Kifua kinauma sana""}]",recheck_7_days,0,5.0,125,2.7,1.17,0,0,0,2,0,0,0,0
792,37,2026-09-08,chw,"Flags: none.
Rule default: routine.
Medicine taken at the last three contacts: partial, partial, partial.
Days since last contact: 0.
CHW notes:
""Patient ran out of tablets last week.""
Patient messages:
""presha leo 116/66""
""Nimepima dispensari 123/74. Nimekunywa dawa moja tu kati ya mbili.""
""Nimepima dispensari 125/80. Nimekunywa dawa moja tu kati ya mbili.""",routine,up,note,missed_meds (generator note or message): Patient ran out of tablets last week.,"[{""code"": ""new_symptom"", ""quote"": ""Kifua kinauma sana""}]",recheck_7_days,0,5.0,126,3.7,1.63,0,0,0,2,0,0,0,0
807,37,2026-09-22,sms,"Flags: none.
Rule default: routine.
Medicine taken at the last three contacts: partial, partial, partial.
Days since last contact: 0.
CHW notes:
""Patient ran out of tablets last week.""
Patient messages:
""Nimepima dispensari 123/74. Nimekunywa dawa moja tu kati ya mbili.""
""Nimepima dispensari 125/80. Nimekunywa dawa moja tu kati ya mbili.""
""presha leo 122/70""",routine,up,note,missed_meds (generator note or message): Patient ran out of tablets last week.,"[{""code"": ""new_symptom"", ""quote"": ""Kifua kinauma sana""}]",recheck_7_days,0,3.0,122,-0.3,1.17,0,0,0,0,0,0,0,0
793,37,2026-09-28,chw,"Flags: none.
Rule default: routine.
Medicine taken at the last three contacts: partial, partial, partial.
Days since last contact: 0.
CHW notes:
""N'a pas pris ses comprimés depuis 3 jours.""
Patient messages:
""Nimepima dispensari 123/74. Nimekunywa dawa moja tu kati ya mbili.""
""Nimepima dispensari 125/80. Nimekunywa dawa moja tu kati ya mbili.""
""presha leo 122/70""",routine,up,note,missed_meds (generator note or message): N'a pas pris ses comprimés depuis 3 jours.,"[{""code"": ""new_symptom"", ""quote"": ""Kifua kinauma sana""}]",recheck_7_days,0,5.0,123,0.7,-0.06,0,0,0,2,0,0,0,0
1713,37,2026-10-01,chw,"Flags: none.
Rule default: routine.
Medicine taken at the last three contacts: yes, partial, partial.
Days since last contact: 0.
CHW notes:
""N'a pas pris ses comprimés depuis 3 jours.""
""Home visit, BP taken.""
Patient messages:
""Nimepima dispensari 125/80. Nimekunywa dawa moja tu kati ya mbili.""
""presha leo 122/70""
""Kifua kinauma sana tangu asubuhi na napumua kwa shida.""",routine,up,case,chest_pain_sms: Kifua kinauma sana tangu asubuhi na napumua kwa shida.,"[{""code"": ""new_symptom"", ""quote"": ""Kifua kinauma sana""}]",emergency_now,0,3.0,136,13.7,1.57,0,0,0,0,0,0,0,0
811,38,2026-04-15,chw,"Flags: none.
Rule default: routine.
Medicine taken at the last three contacts: partial.
Days since last contact: 0.
CHW notes:
""Patient ran out of tablets last week.""",routine,up,note,missed_meds (generator note or message): Patient ran out of tablets last week.,[],recheck_7_days,0,8.5,141,0.0,0.0,0,0,0,2,0,0,0,0
808,38,2026-04-16,clinic,"Flags: none.
Rule default: routine.
Medicine taken at the last three contacts: partial, partial.
Days since last contact: 0.
Patient messages:
""presha leo 141/90""",routine,none,,,[],routine,0,6.5,141,-1.3,0.0,0,0,0,0,0,0,0,0
820,38,2026-04-16,sms,"Flags: none.
Rule default: routine.
Medicine taken at the last three contacts: partial, partial.
Days since last contact: 0.
Patient messages:
""presha leo 141/90""",routine,none,,,[],routine,0,6.5,141,-1.3,0.0,0,0,0,0,0,0,0,0
821,38,2026-04-25,sms,"Flags: none.
Rule default: routine.
Medicine taken at the last three contacts: partial, partial.
Days since last contact: 0.
Patient messages:
""presha leo 141/90""
""presha leo 141/89""",routine,none,,,[],routine,0,6.5,141,-1.3,-0.4,0,0,0,0,0,0,0,0
822,38,2026-05-03,sms,"Flags: none.
Rule default: routine.
Medicine taken at the last three contacts: partial, partial.
Days since last contact: 0.
Patient messages:
""presha leo 141/90""
""presha leo 141/89""
""presha leo 146/95""",routine,none,,,[],routine,0,6.5,146,3.7,0.6,0,0,0,0,0,0,0,0
812,38,2026-05-10,chw,"Flag threshold: Latest BP 140/102 on 2026-05-10 is at or above the 'grade2' cut-off (160/100).
Rule default: visit_this_week.
Medicine taken at the last three contacts: partial, partial, partial.
Days since last contact: 0.
CHW notes:
""Patient ran out of tablets last week.""
Patient messages:
""presha leo 141/90""
""presha leo 141/89""
""presha leo 146/95""",visit_this_week,up,note,missed_meds (generator note or message): Patient ran out of tablets last week.,[],refer_clinic,0,12.5,140,-2.3,-0.06,4,0,0,2,0,0,0,0
823,38,2026-05-13,sms,"Flags: none.
Rule default: routine.
Medicine taken at the last three contacts: partial, partial, partial.
Days since last contact: 0.
CHW notes:
""Patient ran out of tablets last week.""
Patient messages:
""presha leo 141/89""
""presha leo 146/95""
""presha leo 138/89""",routine,up,note,missed_meds (generator note or message): Patient ran out of tablets last week.,[],recheck_7_days,0,5.0,138,-4.3,-0.94,0,0,0,0,0,0,0,0
824,38,2026-05-22,sms,"Flag borderline: Borderline: the readings crossed the goal 140/90 2 times in the last 6 readings: 141/90, 141/89, 146/95, 140/102, 138/89, 140/94. No threshold crossed; recheck and ask for a weekly reading.
Rule default: recheck_7_days.
Medicine taken at the last three contacts: partial, partial, partial.
Days since last contact: 0.
Patient messages:
""presha leo 146/95""
""presha leo 138/89""
""Nimepima dispensari 140/94. Nimekunywa dawa moja tu kati ya mbili.""",recheck_7_days,up,note,missed_meds (generator note or message): Nimepima dispensari 140/94. Nimekunywa dawa moja tu kati ya mbili.,[],visit_this_week,0,10.5,140,-2.3,-0.57,0,0,0,2,0,0,0,0
825,38,2026-05-30,sms,"Flag borderline: Borderline: the readings crossed the goal 140/90 3 times in the last 6 readings: 141/89, 146/95, 140/102, 138/89, 140/94, 136/89. No threshold crossed; recheck and ask for a weekly reading.
Rule default: recheck_7_days.
Medicine taken at the last three contacts: partial, partial, partial.
Days since last contact: 0.
Patient messages:
""presha leo 138/89""
""Nimepima dispensari 140/94. Nimekunywa dawa moja tu kati ya mbili.""
""Nimepima dispensari 136/89. Nimekunywa dawa moja tu kati ya mbili.""",recheck_7_days,up,note,missed_meds (generator note or message): Nimepima dispensari 136/89. Nimekunywa dawa moja tu kati ya mbili.,[],visit_this_week,0,9.0,136,-6.3,-1.29,0,0,0,2,0,0,0,0
813,38,2026-06-04,chw,"Flag borderline: Borderline: the readings crossed the goal 140/90 4 times in the last 6 readings: 146/95, 140/102, 138/89, 140/94, 136/89, 139/92. No threshold crossed; recheck and ask for a weekly reading.
Rule default: recheck_7_days.
Medicine taken at the last three contacts: no, partial, partial.
Days since last contact: 0.
CHW notes:
""Patient ran out of tablets last week.""
Patient messages:
""presha leo 138/89""
""Nimepima dispensari 140/94. Nimekunywa dawa moja tu kati ya mbili.""
""Nimepima dispensari 136/89. Nimekunywa dawa moja tu kati ya mbili.""",recheck_7_days,up,note,missed_meds (generator note or message): Patient ran out of tablets last week.,[],visit_this_week,0,9.0,139,-3.3,-1.29,0,0,0,2,0,0,0,0
826,38,2026-06-06,sms,"Flag borderline: Borderline: the readings crossed the goal 140/90 4 times in the last 6 readings: 140/102, 138/89, 140/94, 136/89, 139/92, 143/94. No threshold crossed; recheck and ask for a weekly reading.
Rule default: recheck_7_days.
Medicine taken at the last three contacts: no, partial, partial.
Days since last contact: 0.
CHW notes:
""Patient ran out of tablets last week.""
Patient messages:
""Nimepima dispensari 140/94. Nimekunywa dawa moja tu kati ya mbili.""
""Nimepima dispensari 136/89. Nimekunywa dawa moja tu kati ya mbili.""
""presha leo 143/94""",recheck_7_days,up,note,missed_meds (generator note or message): Patient ran out of tablets last week.,[],visit_this_week,0,8.5,143,0.7,0.4,0,0,0,0,0,0,0,0
809,38,2026-06-18,clinic,"Flag threshold: Latest BP 154/102 on 2026-06-18 is at or above the 'grade2' cut-off (160/100).
Rule default: visit_this_week.
Medicine taken at the last three contacts: no, no, partial.
Days since last contact: 0.
Patient messages:
""Nimepima dispensari 140/94. Nimekunywa dawa moja tu kati ya mbili.""
""Nimepima dispensari 136/89. Nimekunywa dawa moja tu kati ya mbili.""
""presha leo 143/94""",visit_this_week,up,note,missed_meds (generator note or message): Dawa zimeisha,[],refer_clinic,0,12.5,154,11.7,2.63,4,0,0,2,0,0,0,0
827,38,2026-06-19,sms,"Flag threshold: Latest BP 152/104 on 2026-06-19 is at or above the 'grade2' cut-off (160/100).
Rule default: visit_this_week.
Medicine taken at the last three contacts: no, no, partial.
Days since last contact: 0.
Patient messages:
""Nimepima dispensari 136/89. Nimekunywa dawa moja tu kati ya mbili.""
""presha leo 143/94""
""presha leo 152/104""",visit_this_week,up,note,missed_meds (generator note or message): Dawa zimeisha,[],refer_clinic,0,10.5,152,9.7,3.37,4,0,0,0,0,0,0,0
814,38,2026-06-21,chw,"Flags: none.
Rule default: routine.
Medicine taken at the last three contacts: yes, no, no.
Days since last contact: 0.
CHW notes:
""Patient well, taking medicine.""
Patient messages:
""Nimepima dispensari 136/89. Nimekunywa dawa moja tu kati ya mbili.""
""presha leo 143/94""
""presha leo 152/104""",routine,up,note,missed_meds (generator note or message): Nimepima dispensari 136/89. Nimekunywa dawa moja tu kati ya mbili.,[],recheck_7_days,0,6.5,140,-2.3,2.0,0,0,0,0,0,0,0,0
815,38,2026-07-09,chw,"Flags: none.
Rule default: routine.
Medicine taken at the last three contacts: partial, yes, no.
Days since last contact: 0.
CHW notes:
""Patient well, taking medicine.""
Patient messages:
""presha leo 143/94""
""presha leo 152/104""
""presha leo 133/94""",routine,none,,,[],routine,0,5.0,133,-9.3,-2.71,0,0,0,0,0,0,0,0
828,38,2026-07-09,sms,"Flags: none.
Rule default: routine.
Medicine taken at the last three contacts: partial, yes, no.
Days since last contact: 0.
CHW notes:
""Patient well, taking medicine.""
Patient messages:
""presha leo 143/94""
""presha leo 152/104""
""presha leo 133/94""",routine,none,,,[],routine,0,5.0,133,-9.3,-2.71,0,0,0,0,0,0,0,0
816,38,2026-07-25,chw,"Flags: none.
Rule default: routine.
Medicine taken at the last three contacts: partial, partial, yes.
Days since last contact: 0.
CHW notes:
""Amesahau dawa siku kadhaa.""
Patient messages:
""presha leo 152/104""
""presha leo 133/94""
""155/97 leo. Asante""",routine,up,note,missed_meds (generator note or message): Amesahau dawa siku kadhaa.,[],recheck_7_days,1,6.5,155,12.7,0.83,0,0,0,0,0,0,0,0
829,38,2026-07-25,sms,"Flags: none.
Rule default: routine.
Medicine taken at the last three contacts: partial, partial, yes.
Days since last contact: 0.
CHW notes:
""Amesahau dawa siku kadhaa.""
Patient messages:
""presha leo 152/104""
""presha leo 133/94""
""155/97 leo. Asante""",routine,up,note,missed_meds (generator note or message): Amesahau dawa siku kadhaa.,[],recheck_7_days,1,6.5,155,12.7,0.83,0,0,0,0,0,0,0,0
830,38,2026-08-07,sms,"Flag threshold: Latest BP 172/110 on 2026-08-07 is at or above the 'severe_no_symptoms' cut-off (180/110). No symptom in the same encounter or in an SMS in the previous 24 hours. Urgent: within 2 days.
Rule default: refer_clinic.
Medicine taken at the last three contacts: no, partial, partial.
Days since last contact: 0.
Patient messages:
""155/97 leo. Asante""
""Dawa zangu zimeisha, nitapata wapi zingine?""
""presha 172 kwa 110 sijakunywa dawa tangu juzi""",refer_clinic,none,,,[],refer_clinic,1,14.5,172,29.7,6.03,4,0,0,2,0,0,0,0
817,38,2026-08-10,chw,"Flag threshold: Latest BP 168/109 on 2026-08-10 is at or above the 'grade2' cut-off (160/100).
Flag trend: Trend rule: each of the last 3 readings (155, 172, 168, 2026-07-25 to 2026-08-10) is at least 10 mmHg above the baseline of 142; and the last 4 readings (2026-07-25 to 2026-08-10) average 161, 18 mmHg above the baseline of 142 (rule: at least 15 mmHg over 4 readings) (baseline = first 3 readings).
Rule default: visit_this_week.
Medicine taken at the last three contacts: partial, no, partial.
Days since last contact: 0.
CHW notes:
""Patient bien, prend ses médicaments.""
Patient messages:
""Dawa zangu zimeisha, nitapata wapi zingine?""
""presha 172 kwa 110 sijakunywa dawa tangu juzi""
""Asante sana kwa ujumbe.""",visit_this_week,up,note,missed_meds (generator note or message): presha 172 kwa 110 sijakunywa dawa tangu juzi,[],refer_clinic,1,17.5,168,25.7,7.11,4,3,0,2,0,0,0,0
831,38,2026-08-17,sms,"Flag threshold: Latest BP 166/102 on 2026-08-17 is at or above the 'grade2' cut-off (160/100).
Flag trend: Trend rule: each of the last 3 readings (172, 168, 166, 2026-08-07 to 2026-08-17) is at least 10 mmHg above the baseline of 142; and the last 4 readings (2026-07-25 to 2026-08-17) average 165, 23 mmHg above the baseline of 142 (rule: at least 15 mmHg over 4 readings) (baseline = first 3 readings).
Rule default: visit_this_week.
Medicine taken at the last three contacts: yes, partial, no.
Days since last contact: 0.
CHW notes:
""Patient bien, prend ses médicaments.""
Patient messages:
""presha 172 kwa 110 sijakunywa dawa tangu juzi""
""Asante sana kwa ujumbe.""
""Shikamoo. Nimepima leo 166/102, dawa nimekunywa asubuhi.""",visit_this_week,up,note,missed_meds (generator note or message): presha 172 kwa 110 sijakunywa dawa tangu juzi,[],refer_clinic,1,15.5,166,23.7,6.91,4,3,0,0,0,0,0,0
835,38,2026-08-20,chw,"Flag threshold: Latest BP 176/115 on 2026-08-20 is at or above the 'severe_no_symptoms' cut-off (180/110). No symptom in the same encounter or in an SMS in the previous 24 hours. Urgent: within 2 days.
Flag trend: Trend rule: each of the last 3 readings (168, 166, 176, 2026-08-10 to 2026-08-20) is at least 10 mmHg above the baseline of 142; and the last 4 readings (2026-08-07 to 2026-08-20) average 170, 28 mmHg above the baseline of 142 (rule: at least 15 mmHg over 4 readings) (baseline = first 3 readings).
Rule default: refer_clinic.
Medicine taken at the last three contacts: partial, yes, partial.
Days since last contact: 0.
CHW notes:
""Patient complains of headache.""
Patient messages:
""presha 172 kwa 110 sijakunywa dawa tangu juzi""
""Asante sana kwa ujumbe.""
""Shikamoo. Nimepima leo 166/102, dawa nimekunywa asubuhi.""",refer_clinic,none,,,[],refer_clinic,1,17.5,176,33.7,4.83,4,3,0,2,0,0,0,0
810,38,2026-08-28,clinic,"Flag trend: Trend rule: the last 4 readings (2026-08-10 to 2026-08-28) average 160, 18 mmHg above the baseline of 142 (rule: at least 15 mmHg over 4 readings) (baseline = first 3 readings).
Rule default: recheck_7_days.
Medicine taken at the last three contacts: partial, partial, yes.
Days since last contact: 0.
CHW notes:
""Patient complains of headache.""
Patient messages:
""presha 172 kwa 110 sijakunywa dawa tangu juzi""
""Asante sana kwa ujumbe.""
""Shikamoo. Nimepima leo 166/102, dawa nimekunywa asubuhi.""",recheck_7_days,up,note,missed_meds (generator note or message): presha 172 kwa 110 sijakunywa dawa tangu juzi,[],visit_this_week,0,10.0,132,-10.3,-3.0,0,3,0,2,0,0,0,0
832,38,2026-09-04,sms,"Flags: none.
Rule default: routine.
Medicine taken at the last three contacts: yes, partial, partial.
Days since last contact: 0.
Patient messages:
""Asante sana kwa ujumbe.""
""Shikamoo. Nimepima leo 166/102, dawa nimekunywa asubuhi.""
""Habari daktari, presha yangu ni 134 kwa 86. Nimekunywa dawa zangu.""",routine,none,,,[],routine,0,5.0,134,-8.3,-8.23,0,0,0,0,0,0,0,0
818,38,2026-09-07,chw,"Flag borderline: Borderline: the readings crossed the goal 140/90 2 times in the last 6 readings: 168/109, 166/102, 176/115, 132/86, 134/86, 143/92. No threshold crossed; recheck and ask for a weekly reading.
Rule default: recheck_7_days.
Medicine taken at the last three contacts: partial, yes, partial.
Days since last contact: 0.
CHW notes:
""Amesahau dawa siku kadhaa.""
Patient messages:
""Shikamoo. Nimepima leo 166/102, dawa nimekunywa asubuhi.""
""Habari daktari, presha yangu ni 134 kwa 86. Nimekunywa dawa zangu.""
""Asante sana kwa ujumbe.""",recheck_7_days,up,note,missed_meds (generator note or message): Amesahau dawa siku kadhaa.,[],visit_this_week,0,10.5,143,0.7,-7.57,0,0,0,2,0,0,0,0
819,38,2026-09-23,chw,"Flag borderline: Borderline: the readings crossed the goal 140/90 2 times in the last 6 readings: 166/102, 176/115, 132/86, 134/86, 143/92, 143/94. No threshold crossed; recheck and ask for a weekly reading.
Rule default: recheck_7_days.
Medicine taken at the last three contacts: partial, partial, yes.
Days since last contact: 0.
CHW notes:
""Amesahau dawa siku kadhaa.""
""Takes medicine only when feeling unwell.""
Patient messages:
""Shikamoo. Nimepima leo 166/102, dawa nimekunywa asubuhi.""
""Habari daktari, presha yangu ni 134 kwa 86. Nimekunywa dawa zangu.""
""Asante sana kwa ujumbe.""",recheck_7_days,up,note,missed_meds (generator note or message): Takes medicine only when feeling unwell.,[],visit_this_week,0,10.5,143,0.7,-6.06,0,0,0,2,0,0,0,0
833,38,2026-09-24,sms,"Flag borderline: Borderline: the readings crossed the goal 140/90 2 times in the last 6 readings: 176/115, 132/86, 134/86, 143/92, 143/94, 142/94. No threshold crossed; recheck and ask for a weekly reading.
Rule default: recheck_7_days.
Medicine taken at the last three contacts: no, partial, partial.
Days since last contact: 0.
CHW notes:
""Takes medicine only when feeling unwell.""
Patient messages:
""Habari daktari, presha yangu ni 134 kwa 86. Nimekunywa dawa zangu.""
""Asante sana kwa ujumbe.""
""Asubuhi presha ilikuwa 142 kwa 94. Nimesahau kunywa dawa leo.""",recheck_7_days,up,note,missed_meds (generator note or message): Takes medicine only when feeling unwell.,[],visit_this_week,0,10.5,142,-0.3,-3.66,0,0,0,2,0,0,0,0
834,38,2026-10-02,sms,"Flags: none.
Rule default: routine.
Medicine taken at the last three contacts: yes, no, partial.
Days since last contact: 0.
Patient messages:
""Asante sana kwa ujumbe.""
""Asubuhi presha ilikuwa 142 kwa 94. Nimesahau kunywa dawa leo.""
""Shikamoo. Nimepima leo 136/91, dawa nimekunywa asubuhi.""",routine,up,note,missed_meds (generator note or message): Asubuhi presha ilikuwa 142 kwa 94. Nimesahau kunywa dawa leo.,[],recheck_7_days,0,5.0,136,-6.3,1.26,0,0,0,0,0,0,0,0
836,39,2026-04-08,clinic,"Flags: none.
Rule default: routine.
Medicine taken at the last three contacts: no.
Days since last contact: 0.",routine,none,,,[],routine,0,3.0,128,0.0,0.0,0,0,0,2,0,0,0,0
839,39,2026-04-15,chw,"Flags: none.
Rule default: routine.
Medicine taken at the last three contacts: partial, no.
Days since last contact: 0.
CHW notes:
""Takes medicine only when feeling unwell.""",routine,up,note,missed_meds (generator note or message): Takes medicine only when feeling unwell.,"[{""code"": ""ran_out_of_pills"", ""quote"": ""Je n'ai plus de comprimés depuis dix jours""}]",recheck_7_days,0,3.0,129,0.5,1.0,0,0,0,2,0,0,0,0
848,39,2026-04-20,sms,"Flags: none.
Rule default: routine.
Medicine taken at the last three contacts: partial, no.
Days since last contact: 0.
CHW notes:
""Takes medicine only when feeling unwell.""
Patient messages:
""presha leo 124/83""",routine,up,note,missed_meds (generator note or message): Takes medicine only when feeling unwell.,"[{""code"": ""ran_out_of_pills"", ""quote"": ""Je n'ai plus de comprimés depuis dix jours""}]",recheck_7_days,0,1.0,124,-3.0,-2.0,0,0,0,0,0,0,0,0
849,39,2026-04-29,sms,"Flags: none.
Rule default: routine.
Medicine taken at the last three contacts: partial, no.
Days since last contact: 0.
Patient messages:
""presha leo 124/83""
""129/79 leo. Asante""",routine,none,,,[],routine,0,1.0,129,2.0,-0.2,0,0,0,0,0,0,0,0
840,39,2026-05-05,chw,"Flags: none.
Rule default: routine.
Medicine taken at the last three contacts: partial, partial, no.
Days since last contact: 0.
CHW notes:
""Patient ran out of tablets last week.""
Patient messages:
""presha leo 124/83""
""129/79 leo. Asante""",routine,up,note,missed_meds (generator note or message): Patient ran out of tablets last week.,"[{""code"": ""ran_out_of_pills"", ""quote"": ""Je n'ai plus de comprimés depuis dix jours""}]",recheck_7_days,0,3.5,144,17.0,3.2,0,0,0,2,0,0,0,0
850,39,2026-05-06,sms,"Flag borderline: Borderline: the readings crossed the goal 140/90 2 times in the last 6 readings: 128/86, 129/76, 124/83, 129/79, 144/91, 123/80. No threshold crossed; recheck and ask for a weekly reading.
Rule default: recheck_7_days.
Medicine taken at the last three contacts: yes, partial, partial.
Days since last contact: 0.
CHW notes:
""Patient ran out of tablets last week.""
Patient messages:
""presha leo 124/83""
""129/79 leo. Asante""
""Habari daktari, presha yangu ni 123 kwa 80. Nimekunywa dawa zangu.""",recheck_7_days,up,note,missed_meds (generator note or message): Patient ran out of tablets last week.,"[{""code"": ""ran_out_of_pills"", ""quote"": ""Je n'ai plus de comprimés depuis dix jours""}]",visit_this_week,0,3.0,123,-4.0,0.71,0,0,0,0,0,0,0,0
841,39,2026-05-21,chw,"Flag borderline: Borderline: the readings crossed the goal 140/90 2 times in the last 6 readings: 129/76, 124/83, 129/79, 144/91, 123/80, 123/81. No threshold crossed; recheck and ask for a weekly reading.
Rule default: recheck_7_days.
Medicine taken at the last three contacts: yes, yes, partial.
Days since last contact: 0.
CHW notes:
""Mgonjwa yuko sawa, anakunywa dawa.""
Patient messages:
""presha leo 124/83""
""129/79 leo. Asante""
""Habari daktari, presha yangu ni 123 kwa 80. Nimekunywa dawa zangu.""",recheck_7_days,none,,,[],recheck_7_days,0,3.0,123,-4.0,-0.51,0,0,0,0,0,0,0,0
851,39,2026-05-22,sms,"Flag borderline: Borderline: the readings crossed the goal 140/90 2 times in the last 6 readings: 124/83, 129/79, 144/91, 123/80, 123/81, 125/73. No threshold crossed; recheck and ask for a weekly reading.
Rule default: recheck_7_days.
Medicine taken at the last three contacts: yes, yes, yes.
Days since last contact: 0.
CHW notes:
""Mgonjwa yuko sawa, anakunywa dawa.""
Patient messages:
""129/79 leo. Asante""
""Habari daktari, presha yangu ni 123 kwa 80. Nimekunywa dawa zangu.""
""Habari daktari, presha yangu ni 125 kwa 73. Nimekunywa dawa zangu.""",recheck_7_days,none,,,[],recheck_7_days,0,3.0,125,-2.0,-0.97,0,0,0,0,0,0,0,0
852,39,2026-05-30,sms,"Flag borderline: Borderline: the readings crossed the goal 140/90 2 times in the last 6 readings: 129/79, 144/91, 123/80, 123/81, 125/73, 129/82. No threshold crossed; recheck and ask for a weekly reading.
Rule default: recheck_7_days.
Medicine taken at the last three contacts: partial, yes, yes.
Days since last contact: 0.
Patient messages:
""Habari daktari, presha yangu ni 123 kwa 80. Nimekunywa dawa zangu.""
""Habari daktari, presha yangu ni 125 kwa 73. Nimekunywa dawa zangu.""
""Pressure yangu ni 129/82, nimekunywa nusu dozi kwa sababu dawa zinakaribia kuisha.""",recheck_7_days,up,note,"missed_meds (generator note or message): Pressure yangu ni 129/82, nimekunywa nusu dozi kwa sababu dawa zinakaribia kuisha.","[{""code"": ""ran_out_of_pills"", ""quote"": ""Je n'ai plus de comprimés depuis dix jours""}]",visit_this_week,0,5.0,129,2.0,-1.63,0,0,0,2,0,0,0,0
842,39,2026-06-14,chw,"Flags: none.
Rule default: routine.
Medicine taken at the last three contacts: yes, partial, yes.
Days since last contact: 0.
CHW notes:
""Patient well, taking medicine.""
Patient messages:
""Pressure yangu ni 129/82, nimekunywa nusu dozi kwa sababu dawa zinakaribia kuisha.""
""Dawa zangu zimeisha, nitapata wapi zingine?""
""125/79 leo. Asante""",routine,up,note,"missed_meds (generator note or message): Pressure yangu ni 129/82, nimekunywa nusu dozi kwa sababu dawa zinakaribia kuisha.","[{""code"": ""ran_out_of_pills"", ""quote"": ""Je n'ai plus de comprimés depuis dix jours""}]",recheck_7_days,0,1.0,125,-2.0,0.49,0,0,0,0,0,0,0,0
853,39,2026-06-14,sms,"Flags: none.
Rule default: routine.
Medicine taken at the last three contacts: yes, partial, yes.
Days since last contact: 0.
CHW notes:
""Patient well, taking medicine.""
Patient messages:
""Pressure yangu ni 129/82, nimekunywa nusu dozi kwa sababu dawa zinakaribia kuisha.""
""Dawa zangu zimeisha, nitapata wapi zingine?""
""125/79 leo. Asante""",routine,up,note,"missed_meds (generator note or message): Pressure yangu ni 129/82, nimekunywa nusu dozi kwa sababu dawa zinakaribia kuisha.","[{""code"": ""ran_out_of_pills"", ""quote"": ""Je n'ai plus de comprimés depuis dix jours""}]",recheck_7_days,0,1.0,125,-2.0,0.49,0,0,0,0,0,0,0,0
854,39,2026-06-25,sms,"Flags: none.
Rule default: routine.
Medicine taken at the last three contacts: yes, yes, partial.
Days since last contact: 0.
Patient messages:
""Dawa zangu zimeisha, nitapata wapi zingine?""
""125/79 leo. Asante""
""Mimi ni mzima. Presha ni 126/80, nakunywa dawa kila siku.""",routine,none,,,[],routine,0,1.0,126,-1.0,0.29,0,0,0,0,0,0,0,0
843,39,2026-06-30,chw,"Flags: none.
Rule default: routine.
Medicine taken at the last three contacts: partial, yes, yes.
Days since last contact: 0.
CHW notes:
""Patient ran out of tablets last week.""
Patient messages:
""Dawa zangu zimeisha, nitapata wapi zingine?""
""125/79 leo. Asante""
""Mimi ni mzima. Presha ni 126/80, nakunywa dawa kila siku.""",routine,up,note,missed_meds (generator note or message): Patient ran out of tablets last week.,"[{""code"": ""ran_out_of_pills"", ""quote"": ""Je n'ai plus de comprimés depuis dix jours""}]",recheck_7_days,0,3.0,129,2.0,0.34,0,0,0,2,0,0,0,0
837,39,2026-07-01,clinic,"Flags: none.
Rule default: routine.
Medicine taken at the last three contacts: partial, partial, yes.
Days since last contact: 0.
CHW notes:
""Patient ran out of tablets last week.""
Patient messages:
""Dawa zangu zimeisha, nitapata wapi zingine?""
""125/79 leo. Asante""
""Mimi ni mzima. Presha ni 126/80, nakunywa dawa kila siku.""",routine,up,note,missed_meds (generator note or message): Dawa zimeisha,"[{""code"": ""ran_out_of_pills"", ""quote"": ""Je n'ai plus de comprimés depuis dix jours""}]",recheck_7_days,0,3.0,129,2.0,0.46,0,0,0,2,0,0,0,0
1716,39,2026-07-03,chw,"Flags: none.
Rule default: routine.
Medicine taken at the last three contacts: yes, partial, partial.
Days since last contact: 0.
CHW notes:
""Home visit, BP taken.""
Patient messages:
""125/79 leo. Asante""
""Mimi ni mzima. Presha ni 126/80, nakunywa dawa kila siku.""
""Je n'ai plus de comprimés depuis dix jours, la pharmacie est loin.""",routine,up,case,"pills_ran_out: Je n'ai plus de comprimés depuis dix jours, la pharmacie est loin.","[{""code"": ""ran_out_of_pills"", ""quote"": ""Je n'ai plus de comprimés depuis dix jours""}]",recheck_7_days,0,1.5,146,19.0,3.57,0,0,0,0,0,0,0,0
855,39,2026-07-08,sms,"Flag borderline: Borderline: the readings crossed the goal 140/90 2 times in the last 6 readings: 125/79, 126/80, 129/86, 129/82, 146/90, 125/79. No threshold crossed; recheck and ask for a weekly reading.
Rule default: recheck_7_days.
Medicine taken at the last three contacts: partial, yes, partial.
Days since last contact: 0.
CHW notes:
""Home visit, BP taken.""
Patient messages:
""Mimi ni mzima. Presha ni 126/80, nakunywa dawa kila siku.""
""Je n'ai plus de comprimés depuis dix jours, la pharmacie est loin.""
""Nimepima dispensari 125/79. Nimekunywa dawa moja tu kati ya mbili.""",recheck_7_days,up,note,missed_meds (generator note or message): Nimepima dispensari 125/79. Nimekunywa dawa moja tu kati ya mbili.,"[{""code"": ""ran_out_of_pills"", ""quote"": ""Je n'ai plus de comprimés depuis dix jours""}]",visit_this_week,0,5.0,125,-2.0,1.71,0,0,0,2,0,0,0,0
856,39,2026-07-19,sms,"Flag borderline: Borderline: the readings crossed the goal 140/90 2 times in the last 6 readings: 126/80, 129/86, 129/82, 146/90, 125/79, 125/81. No threshold crossed; recheck and ask for a weekly reading.
Rule default: recheck_7_days.
Medicine taken at the last three contacts: partial, yes, partial.
Days since last contact: 0.
Patient messages:
""Je n'ai plus de comprimés depuis dix jours, la pharmacie est loin.""
""Nimepima dispensari 125/79. Nimekunywa dawa moja tu kati ya mbili.""
""presha leo 125/81""",recheck_7_days,up,note,missed_meds (generator note or message): Nimepima dispensari 125/79. Nimekunywa dawa moja tu kati ya mbili.,"[{""code"": ""ran_out_of_pills"", ""quote"": ""Je n'ai plus de comprimés depuis dix jours""}]",visit_this_week,0,3.0,125,-2.0,0.0,0,0,0,0,0,0,0,0
844,39,2026-07-21,chw,"Flag borderline: Borderline: the readings crossed the goal 140/90 2 times in the last 6 readings: 129/86, 129/82, 146/90, 125/79, 125/81, 132/82. No threshold crossed; recheck and ask for a weekly reading.
Rule default: recheck_7_days.
Medicine taken at the last three contacts: no, partial, yes.
Days since last contact: 0.
CHW notes:
""Patient well, taking medicine.""
Patient messages:
""Je n'ai plus de comprimés depuis dix jours, la pharmacie est loin.""
""Nimepima dispensari 125/79. Nimekunywa dawa moja tu kati ya mbili.""
""presha leo 125/81""",recheck_7_days,up,note,missed_meds (generator note or message): Nimepima dispensari 125/79. Nimekunywa dawa moja tu kati ya mbili.,"[{""code"": ""ran_out_of_pills"", ""quote"": ""Je n'ai plus de comprimés depuis dix jours""}]",visit_this_week,0,5.0,132,5.0,-0.51,0,0,0,2,0,0,0,0
857,39,2026-08-06,sms,"Flag borderline: Borderline: the readings crossed the goal 140/90 2 times in the last 6 readings: 129/82, 146/90, 125/79, 125/81, 132/82, 129/72. No threshold crossed; recheck and ask for a weekly reading.
Rule default: recheck_7_days.
Medicine taken at the last three contacts: no, partial, yes.
Days since last contact: 0.
CHW notes:
""Patient well, taking medicine.""
Patient messages:
""Nimepima dispensari 125/79. Nimekunywa dawa moja tu kati ya mbili.""
""presha leo 125/81""
""presha leo 129/72""",recheck_7_days,up,note,missed_meds (generator note or message): Nimepima dispensari 125/79. Nimekunywa dawa moja tu kati ya mbili.,"[{""code"": ""ran_out_of_pills"", ""quote"": ""Je n'ai plus de comprimés depuis dix jours""}]",visit_this_week,0,3.0,129,2.0,-1.2,0,0,0,0,0,0,0,0
858,39,2026-08-14,sms,"Flags: none.
Rule default: routine.
Medicine taken at the last three contacts: no, no, partial.
Days since last contact: 0.
Patient messages:
""presha leo 125/81""
""presha leo 129/72""
""Leo 125/76. Dawa zimeisha sijanywa.""",routine,up,note,missed_meds (generator note or message): Leo 125/76. Dawa zimeisha sijanywa.,"[{""code"": ""ran_out_of_pills"", ""quote"": ""Je n'ai plus de comprimés depuis dix jours""}]",recheck_7_days,0,3.0,125,-2.0,-2.46,0,0,0,2,0,0,0,0
845,39,2026-08-17,chw,"Flags: none.
Rule default: routine.
Medicine taken at the last three contacts: partial, no, no.
Days since last contact: 0.
CHW notes:
""Amesahau dawa siku kadhaa.""
Patient messages:
""presha leo 125/81""
""presha leo 129/72""
""Leo 125/76. Dawa zimeisha sijanywa.""",routine,up,note,missed_meds (generator note or message): Amesahau dawa siku kadhaa.,"[{""code"": ""ran_out_of_pills"", ""quote"": ""Je n'ai plus de comprimés depuis dix jours""}]",recheck_7_days,0,3.0,125,-2.0,-0.09,0,0,0,2,0,0,0,0
859,39,2026-08-31,sms,"Flags: none.
Rule default: routine.
Medicine taken at the last three contacts: no, partial, no.
Days since last contact: 0.
CHW notes:
""Amesahau dawa siku kadhaa.""
Patient messages:
""presha leo 129/72""
""Leo 125/76. Dawa zimeisha sijanywa.""
""Asubuhi presha ilikuwa 124 kwa 79. Nimesahau kunywa dawa leo.""",routine,up,note,missed_meds (generator note or message): Amesahau dawa siku kadhaa.,"[{""code"": ""ran_out_of_pills"", ""quote"": ""Je n'ai plus de comprimés depuis dix jours""}]",recheck_7_days,0,3.0,124,-3.0,-0.86,0,0,0,2,0,0,0,0
846,39,2026-09-01,chw,"Flags: none.
Rule default: routine.
Medicine taken at the last three contacts: partial, no, partial.
Days since last contact: 0.
CHW notes:
""Mgonjwa yuko sawa, anakunywa dawa.""
Patient messages:
""presha leo 129/72""
""Leo 125/76. Dawa zimeisha sijanywa.""
""Asubuhi presha ilikuwa 124 kwa 79. Nimesahau kunywa dawa leo.""",routine,up,note,missed_meds (generator note or message): Asubuhi presha ilikuwa 124 kwa 79. Nimesahau kunywa dawa leo.,"[{""code"": ""ran_out_of_pills"", ""quote"": ""Je n'ai plus de comprimés depuis dix jours""}]",recheck_7_days,0,3.0,127,0.0,-1.14,0,0,0,2,0,0,0,0
860,39,2026-09-07,sms,"Flags: none.
Rule default: routine.
Medicine taken at the last three contacts: no, partial, no.
Days since last contact: 0.
CHW notes:
""Mgonjwa yuko sawa, anakunywa dawa.""
Patient messages:
""Leo 125/76. Dawa zimeisha sijanywa.""
""Asubuhi presha ilikuwa 124 kwa 79. Nimesahau kunywa dawa leo.""
""presha 136 kwa 90 sijakunywa dawa tangu juzi""",routine,up,note,missed_meds (generator note or message): presha 136 kwa 90 sijakunywa dawa tangu juzi,"[{""code"": ""ran_out_of_pills"", ""quote"": ""Je n'ai plus de comprimés depuis dix jours""}]",recheck_7_days,0,3.0,136,9.0,1.14,0,0,0,2,0,0,0,0
838,39,2026-09-15,clinic,"Flag borderline: Borderline: the readings crossed the goal 140/90 2 times in the last 6 readings: 125/76, 125/81, 124/79, 127/82, 136/90, 126/80. No threshold crossed; recheck and ask for a weekly reading.
Rule default: recheck_7_days.
Medicine taken at the last three contacts: no, no, partial.
Days since last contact: 0.
Patient messages:
""Leo 125/76. Dawa zimeisha sijanywa.""
""Asubuhi presha ilikuwa 124 kwa 79. Nimesahau kunywa dawa leo.""
""presha 136 kwa 90 sijakunywa dawa tangu juzi""",recheck_7_days,up,note,missed_meds (generator note or message): Dawa zimeisha,"[{""code"": ""ran_out_of_pills"", ""quote"": ""Je n'ai plus de comprimés depuis dix jours""}]",visit_this_week,0,5.0,126,-1.0,1.17,0,0,0,2,0,0,0,0
861,39,2026-09-28,sms,"Flag borderline: Borderline: the readings crossed the goal 140/90 2 times in the last 6 readings: 125/81, 124/79, 127/82, 136/90, 126/80, 117/69. No threshold crossed; recheck and ask for a weekly reading.
Rule default: recheck_7_days.
Medicine taken at the last three contacts: yes, no, no.
Days since last contact: 0.
Patient messages:
""Asubuhi presha ilikuwa 124 kwa 79. Nimesahau kunywa dawa leo.""
""presha 136 kwa 90 sijakunywa dawa tangu juzi""
""Shikamoo. Nimepima leo 117/69, dawa nimekunywa asubuhi.""",recheck_7_days,up,note,missed_meds (generator note or message): Dawa zimeisha,"[{""code"": ""ran_out_of_pills"", ""quote"": ""Je n'ai plus de comprimés depuis dix jours""}]",visit_this_week,0,3.0,117,-10.0,-0.71,0,0,0,0,0,0,0,0
847,39,2026-09-29,chw,"Flag borderline: Borderline: the readings crossed the goal 140/90 2 times in the last 6 readings: 124/79, 127/82, 136/90, 126/80, 117/69, 124/75. No threshold crossed; recheck and ask for a weekly reading.
Rule default: recheck_7_days.
Medicine taken at the last three contacts: yes, yes, no.
Days since last contact: 0.
CHW notes:
""Patient well, taking medicine.""
Patient messages:
""Asubuhi presha ilikuwa 124 kwa 79. Nimesahau kunywa dawa leo.""
""presha 136 kwa 90 sijakunywa dawa tangu juzi""
""Shikamoo. Nimepima leo 117/69, dawa nimekunywa asubuhi.""",recheck_7_days,up,note,missed_meds (generator note or message): presha 136 kwa 90 sijakunywa dawa tangu juzi,"[{""code"": ""ran_out_of_pills"", ""quote"": ""Je n'ai plus de comprimés depuis dix jours""}]",visit_this_week,0,3.0,124,-3.0,-1.14,0,0,0,0,0,0,0,0
865,40,2026-04-09,chw,"Flags: none.
Rule default: routine.
Medicine taken at the last three contacts: yes.
Days since last contact: 0.
CHW notes:
""Home visit, no complaints.""",routine,none,,,[],routine,0,8.0,131,0.0,0.0,0,0,0,0,0,0,0,0
862,40,2026-04-16,clinic,"Flags: none.
Rule default: routine.
Medicine taken at the last three contacts: yes, yes.
Days since last contact: 0.
CHW notes:
""Home visit, no complaints.""",routine,up,note,missed_meds (generator note or message): Dawa zimeisha,"[{""code"": ""travelling"", ""quote"": ""leaves tomorrow to visit family in Bujumbura for two weeks""}]",recheck_7_days,0,8.0,136,2.5,5.0,0,0,0,0,0,0,0,0
875,40,2026-04-20,sms,"Flags: none.
Rule default: routine.
Medicine taken at the last three contacts: yes, yes, yes.
Days since last contact: 0.
Patient messages:
""Habari daktari, presha yangu ni 137 kwa 81. Nimekunywa dawa zangu.""",routine,up,note,missed_meds (generator note or message): Dawa zimeisha,"[{""code"": ""travelling"", ""quote"": ""leaves tomorrow to visit family in Bujumbura for two weeks""}]",recheck_7_days,0,8.0,137,2.3,3.0,0,0,0,0,0,0,0,0
866,40,2026-05-01,chw,"Flag borderline: Borderline: 4 readings in a row in the band just under the goal 140/90 (130-139 systolic or 85-89 diastolic): 131/83, 136/86, 137/81, 139/89 (2026-04-09 to 2026-05-01). No threshold crossed; recheck and ask for a weekly reading.
Rule default: recheck_7_days.
Medicine taken at the last three contacts: yes, yes, yes.
Days since last contact: 0.
CHW notes:
""Patient bien, prend ses médicaments.""
Patient messages:
""Habari daktari, presha yangu ni 137 kwa 81. Nimekunywa dawa zangu.""",recheck_7_days,none,,,[],recheck_7_days,0,10.0,139,4.3,2.5,0,0,0,0,0,0,0,0
876,40,2026-05-06,sms,"Flag borderline: Borderline: 5 readings in a row in the band just under the goal 140/90 (130-139 systolic or 85-89 diastolic): 131/83, 136/86, 137/81, 139/89, 131/78 (2026-04-09 to 2026-05-06). No threshold crossed; recheck and ask for a weekly reading.
Rule default: recheck_7_days.
Medicine taken at the last three contacts: yes, yes, yes.
Days since last contact: 0.
CHW notes:
""Patient bien, prend ses médicaments.""
Patient messages:
""Habari daktari, presha yangu ni 137 kwa 81. Nimekunywa dawa zangu.""
""presha leo 131/78""",recheck_7_days,none,,,[],recheck_7_days,0,10.0,131,-3.7,0.3,0,0,0,0,0,0,0,0
867,40,2026-05-17,chw,"Flag borderline: Borderline: 6 readings in a row in the band just under the goal 140/90 (130-139 systolic or 85-89 diastolic): 131/83, 136/86, 137/81, 139/89, 131/78, 138/87 (2026-04-09 to 2026-05-17). No threshold crossed; recheck and ask for a weekly reading.
Rule default: recheck_7_days.
Medicine taken at the last three contacts: yes, yes, yes.
Days since last contact: 0.
CHW notes:
""Patient well, taking medicine.""
Patient messages:
""Habari daktari, presha yangu ni 137 kwa 81. Nimekunywa dawa zangu.""
""presha leo 131/78""",recheck_7_days,none,,,[],recheck_7_days,0,10.0,138,3.3,0.63,0,0,0,0,0,0,0,0
877,40,2026-05-25,sms,"Flag borderline: Borderline: 5 readings in a row in the band just under the goal 140/90 (130-139 systolic or 85-89 diastolic): 136/86, 137/81, 139/89, 131/78, 138/87 (2026-04-16 to 2026-05-17). No threshold crossed; recheck and ask for a weekly reading.
Rule default: recheck_7_days.
Medicine taken at the last three contacts: yes, yes, yes.
Days since last contact: 0.
CHW notes:
""Patient well, taking medicine.""
Patient messages:
""Habari daktari, presha yangu ni 137 kwa 81. Nimekunywa dawa zangu.""
""presha leo 131/78""
""Habari daktari, presha yangu ni 143 kwa 82. Nimekunywa dawa zangu.""",recheck_7_days,none,,,[],recheck_7_days,0,11.5,143,8.3,0.86,0,0,0,0,0,0,0,0
868,40,2026-06-04,chw,"Flag borderline: Borderline: 4 readings in a row in the band just under the goal 140/90 (130-139 systolic or 85-89 diastolic): 137/81, 139/89, 131/78, 138/87 (2026-04-20 to 2026-05-17). No threshold crossed; recheck and ask for a weekly reading.
Rule default: recheck_7_days.
Medicine taken at the last three contacts: yes, yes, yes.
Days since last contact: 0.
CHW notes:
""Home visit, no complaints.""
Patient messages:
""presha leo 131/78""
""Habari daktari, presha yangu ni 143 kwa 82. Nimekunywa dawa zangu.""
""Nikisahau dawa asubuhi, nikunywe jioni?""",recheck_7_days,none,,,[],recheck_7_days,0,11.5,142,7.3,1.26,0,0,0,0,0,0,0,0
878,40,2026-06-14,sms,"Flag borderline: Borderline: 3 readings in a row in the band just under the goal 140/90 (130-139 systolic or 85-89 diastolic): 139/89, 131/78, 138/87 (2026-05-01 to 2026-05-17). No threshold crossed; recheck and ask for a weekly reading.
Rule default: recheck_7_days.
Medicine taken at the last three contacts: yes, yes, yes.
Days since last contact: 0.
CHW notes:
""Home visit, no complaints.""
Patient messages:
""Habari daktari, presha yangu ni 143 kwa 82. Nimekunywa dawa zangu.""
""Nikisahau dawa asubuhi, nikunywe jioni?""
""Mimi ni mzima. Presha ni 146/88, nakunywa dawa kila siku.""",recheck_7_days,none,,,[],recheck_7_days,0,11.5,146,11.3,2.09,0,0,0,0,0,0,0,0
869,40,2026-06-18,chw,"Flag borderline: Borderline: the readings crossed the goal 140/90 2 times in the last 6 readings: 131/78, 138/87, 143/82, 142/84, 146/88, 139/78. No threshold crossed; recheck and ask for a weekly reading.
Rule default: recheck_7_days.
Medicine taken at the last three contacts: yes, yes, yes.
Days since last contact: 0.
CHW notes:
""Mgonjwa yuko sawa, anakunywa dawa.""
Patient messages:
""Habari daktari, presha yangu ni 143 kwa 82. Nimekunywa dawa zangu.""
""Nikisahau dawa asubuhi, nikunywe jioni?""
""Mimi ni mzima. Presha ni 146/88, nakunywa dawa kila siku.""",recheck_7_days,none,,,[],recheck_7_days,0,10.0,139,4.3,1.8,0,0,0,0,0,0,0,0
879,40,2026-06-26,sms,"Flag borderline: Borderline: the readings crossed the goal 140/90 3 times in the last 6 readings: 138/87, 143/82, 142/84, 146/88, 139/78, 140/92. No threshold crossed; recheck and ask for a weekly reading.
Rule default: recheck_7_days.
Medicine taken at the last three contacts: yes, yes, yes.
Days since last contact: 0.
CHW notes:
""Mgonjwa yuko sawa, anakunywa dawa.""
Patient messages:
""Nikisahau dawa asubuhi, nikunywe jioni?""
""Mimi ni mzima. Presha ni 146/88, nakunywa dawa kila siku.""
""140/92 leo. Asante""",recheck_7_days,none,,,[],recheck_7_days,0,11.5,140,5.3,0.06,0,0,0,0,0,0,0,0
880,40,2026-07-04,sms,"Flag borderline: Borderline: the readings crossed the goal 140/90 2 times in the last 6 readings: 143/82, 142/84, 146/88, 139/78, 140/92, 148/83. No threshold crossed; recheck and ask for a weekly reading.
Rule default: recheck_7_days.
Medicine taken at the last three contacts: yes, yes, yes.
Days since last contact: 0.
Patient messages:
""Mimi ni mzima. Presha ni 146/88, nakunywa dawa kila siku.""
""140/92 leo. Asante""
""Shikamoo. Nimepima leo 148/83, dawa nimekunywa asubuhi.""",recheck_7_days,none,,,[],recheck_7_days,0,11.5,148,13.3,0.34,0,0,0,0,0,0,0,0
863,40,2026-07-09,clinic,"Flag threshold: Latest BP 164/101 on 2026-07-09 is at or above the 'grade2' cut-off (160/100).
Flag who_risk: WHO 10-year CVD risk 23% (woman, smoker, age 70-74, SBP 160-179, BMI 30-34 (34.3)) on the reading of 2026-07-09: at or above the 'high' level (20%).
Rule default: visit_this_week.
Medicine taken at the last three contacts: yes, yes, yes.
Days since last contact: 0.
CHW notes:
""Patient leaves tomorrow to visit family in Bujumbura for two weeks; has a phone and replies to SMS.""
Patient messages:
""Mimi ni mzima. Presha ni 146/88, nakunywa dawa kila siku.""
""140/92 leo. Asante""
""Shikamoo. Nimepima leo 148/83, dawa nimekunywa asubuhi.""",visit_this_week,none,,,[],visit_this_week,0,15.5,164,29.3,3.06,4,0,0,0,0,0,0,0
1729,40,2026-07-09,chw,"Flag threshold: Latest BP 164/101 on 2026-07-09 is at or above the 'grade2' cut-off (160/100).
Flag who_risk: WHO 10-year CVD risk 23% (woman, smoker, age 70-74, SBP 160-179, BMI 30-34 (34.3)) on the reading of 2026-07-09: at or above the 'high' level (20%).
Rule default: visit_this_week.
Medicine taken at the last three contacts: yes, yes, yes.
Days since last contact: 0.
CHW notes:
""Patient leaves tomorrow to visit family in Bujumbura for two weeks; has a phone and replies to SMS.""
Patient messages:
""Mimi ni mzima. Presha ni 146/88, nakunywa dawa kila siku.""
""140/92 leo. Asante""
""Shikamoo. Nimepima leo 148/83, dawa nimekunywa asubuhi.""",visit_this_week,down,case,travelling: Patient leaves tomorrow to visit family in Bujumbura for two weeks; has a phone and replies to SMS.,"[{""code"": ""travelling"", ""quote"": ""leaves tomorrow to visit family in Bujumbura for two weeks""}]",recheck_7_days,0,15.5,164,29.3,3.06,4,0,0,0,0,0,0,0
870,40,2026-07-10,chw,"Flags: none.
Rule default: routine.
Medicine taken at the last three contacts: yes, yes, yes.
Days since last contact: 0.
CHW notes:
""Patient leaves tomorrow to visit family in Bujumbura for two weeks; has a phone and replies to SMS.""
""Mgonjwa yuko sawa, anakunywa dawa.""
Patient messages:
""Mimi ni mzima. Presha ni 146/88, nakunywa dawa kila siku.""
""140/92 leo. Asante""
""Shikamoo. Nimepima leo 148/83, dawa nimekunywa asubuhi.""",routine,none,,,[],routine,0,9.5,143,8.3,2.46,0,0,0,0,0,0,0,0
881,40,2026-07-14,sms,"Flags: none.
Rule default: routine.
Medicine taken at the last three contacts: yes, yes, yes.
Days since last contact: 0.
CHW notes:
""Mgonjwa yuko sawa, anakunywa dawa.""
Patient messages:
""140/92 leo. Asante""
""Shikamoo. Nimepima leo 148/83, dawa nimekunywa asubuhi.""
""Shikamoo. Nimepima leo 140/88, dawa nimekunywa asubuhi.""",routine,none,,,[],routine,0,9.5,140,5.3,0.2,0,0,0,0,0,0,0,0
882,40,2026-07-28,sms,"Flags: none.
Rule default: routine.
Medicine taken at the last three contacts: yes, yes, yes.
Days since last contact: 0.
Patient messages:
""Shikamoo. Nimepima leo 148/83, dawa nimekunywa asubuhi.""
""Shikamoo. Nimepima leo 140/88, dawa nimekunywa asubuhi.""
""Mimi ni mzima. Presha ni 146/88, nakunywa dawa kila siku.""",routine,none,,,[],routine,0,9.5,146,11.3,-1.06,0,0,0,0,0,0,0,0
871,40,2026-08-06,chw,"Flags: none.
Rule default: routine.
Medicine taken at the last three contacts: yes, yes, yes.
Days since last contact: 0.
CHW notes:
""Home visit, no complaints.""
Patient messages:
""Shikamoo. Nimepima leo 140/88, dawa nimekunywa asubuhi.""
""Mimi ni mzima. Presha ni 146/88, nakunywa dawa kila siku.""
""Dawa zangu zimeisha, nitapata wapi zingine?""",routine,none,,,[],routine,0,9.5,147,12.3,-0.91,0,0,0,0,0,0,0,0
883,40,2026-08-07,sms,"Flag trend: Trend rule: each of the last 3 readings (146, 147, 145, 2026-07-28 to 2026-08-07) is at least 10 mmHg above the baseline of 135 (baseline = first 3 readings).
Rule default: recheck_7_days.
Medicine taken at the last three contacts: yes, yes, yes.
Days since last contact: 0.
CHW notes:
""Home visit, no complaints.""
Patient messages:
""Mimi ni mzima. Presha ni 146/88, nakunywa dawa kila siku.""
""Dawa zangu zimeisha, nitapata wapi zingine?""
""Shikamoo. Nimepima leo 145/87, dawa nimekunywa asubuhi.""",recheck_7_days,none,,,[],recheck_7_days,0,12.5,145,10.3,-2.2,0,3,0,0,0,0,0,0
872,40,2026-08-20,chw,"Flag trend: Trend rule: each of the last 3 readings (147, 145, 150, 2026-08-06 to 2026-08-20) is at least 10 mmHg above the baseline of 135 (baseline = first 3 readings).
Rule default: recheck_7_days.
Medicine taken at the last three contacts: yes, yes, yes.
Days since last contact: 0.
CHW notes:
""Patient well, taking medicine.""
Patient messages:
""Mimi ni mzima. Presha ni 146/88, nakunywa dawa kila siku.""
""Dawa zangu zimeisha, nitapata wapi zingine?""
""Shikamoo. Nimepima leo 145/87, dawa nimekunywa asubuhi.""",recheck_7_days,none,,,[],recheck_7_days,0,12.5,150,15.3,1.46,0,3,0,0,0,0,0,0
884,40,2026-08-28,sms,"Flags: none.
Rule default: routine.
Medicine taken at the last three contacts: yes, yes, yes.
Days since last contact: 0.
CHW notes:
""Patient well, taking medicine.""
Patient messages:
""Dawa zangu zimeisha, nitapata wapi zingine?""
""Shikamoo. Nimepima leo 145/87, dawa nimekunywa asubuhi.""
""Habari daktari, presha yangu ni 143 kwa 86. Nimekunywa dawa zangu.""",routine,none,,,[],routine,0,9.5,143,8.3,0.71,0,0,0,0,0,0,0,0
873,40,2026-09-05,chw,"Flags: none.
Rule default: routine.
Medicine taken at the last three contacts: yes, yes, yes.
Days since last contact: 0.
CHW notes:
""Patient bien, prend ses médicaments.""
Patient messages:
""Dawa zangu zimeisha, nitapata wapi zingine?""
""Shikamoo. Nimepima leo 145/87, dawa nimekunywa asubuhi.""
""Habari daktari, presha yangu ni 143 kwa 86. Nimekunywa dawa zangu.""",routine,none,,,[],routine,0,9.5,158,23.3,1.51,0,0,0,0,0,0,0,0
885,40,2026-09-15,sms,"Flag trend: Trend rule: the last 4 readings (2026-08-20 to 2026-09-15) average 150, 15 mmHg above the baseline of 135 (rule: at least 15 mmHg over 4 readings) (baseline = first 3 readings).
Rule default: recheck_7_days.
Medicine taken at the last three contacts: yes, yes, yes.
Days since last contact: 0.
CHW notes:
""Patient bien, prend ses médicaments.""
Patient messages:
""Shikamoo. Nimepima leo 145/87, dawa nimekunywa asubuhi.""
""Habari daktari, presha yangu ni 143 kwa 86. Nimekunywa dawa zangu.""
""presha leo 148/92""",recheck_7_days,none,,,[],recheck_7_days,0,14.5,148,13.3,1.06,0,3,0,0,0,0,0,2
864,40,2026-09-22,clinic,"Flags: none.
Rule default: routine.
Medicine taken at the last three contacts: yes, yes, yes.
Days since last contact: 0.
Patient messages:
""Shikamoo. Nimepima leo 145/87, dawa nimekunywa asubuhi.""
""Habari daktari, presha yangu ni 143 kwa 86. Nimekunywa dawa zangu.""
""presha leo 148/92""",routine,none,,,[],routine,0,11.5,142,7.3,-0.17,0,0,0,0,0,0,0,2
874,40,2026-09-27,chw,"Flags: none.
Rule default: routine.
Medicine taken at the last three contacts: yes, yes, yes.
Days since last contact: 0.
CHW notes:
""Mgonjwa yuko sawa, anakunywa dawa.""
Patient messages:
""Habari daktari, presha yangu ni 143 kwa 86. Nimekunywa dawa zangu.""
""presha leo 148/92""
""presha leo 153/94""",routine,none,,,[],routine,0,11.5,153,18.3,0.4,0,0,0,0,0,0,0,2
886,40,2026-09-27,sms,"Flags: none.
Rule default: routine.
Medicine taken at the last three contacts: yes, yes, yes.
Days since last contact: 0.
CHW notes:
""Mgonjwa yuko sawa, anakunywa dawa.""
Patient messages:
""Habari daktari, presha yangu ni 143 kwa 86. Nimekunywa dawa zangu.""
""presha leo 148/92""
""presha leo 153/94""",routine,none,,,[],routine,0,11.5,153,18.3,0.4,0,0,0,0,0,0,0,2
889,41,2026-04-11,chw,"Flags: none.
Rule default: routine.
Medicine taken at the last three contacts: partial.
Days since last contact: 0.
CHW notes:
""Amesahau dawa siku kadhaa.""",routine,up,note,missed_meds (generator note or message): Amesahau dawa siku kadhaa.,"[{""code"": ""travelling"", ""quote"": ""leaves tomorrow to visit family in Bujumbura for two weeks""}]",recheck_7_days,0,4.5,135,0.0,0.0,0,0,0,2,0,0,0,0
898,41,2026-04-16,sms,"Flags: none.
Rule default: routine.
Medicine taken at the last three contacts: partial.
Days since last contact: 0.
CHW notes:
""Amesahau dawa siku kadhaa.""
Patient messages:
""136/84 leo. Asante""",routine,up,note,missed_meds (generator note or message): Amesahau dawa siku kadhaa.,"[{""code"": ""travelling"", ""quote"": ""leaves tomorrow to visit family in Bujumbura for two weeks""}]",recheck_7_days,0,2.5,136,0.5,1.0,0,0,0,0,0,0,0,0
899,41,2026-04-25,sms,"Flags: none.
Rule default: routine.
Medicine taken at the last three contacts: yes, partial.
Days since last contact: 0.
Patient messages:
""136/84 leo. Asante""
""Shikamoo. Nimepima leo 138/88, dawa nimekunywa asubuhi.""",routine,none,,,[],routine,0,2.5,138,1.7,1.5,0,0,0,0,0,0,0,0
887,41,2026-04-26,clinic,"Flag borderline: Borderline: the readings crossed the goal 140/90 2 times in the last 4 readings: 135/91, 136/84, 138/88, 140/92. No threshold crossed; recheck and ask for a weekly reading.
Rule default: recheck_7_days.
Medicine taken at the last three contacts: yes, yes, partial.
Days since last contact: 0.
Patient messages:
""136/84 leo. Asante""
""Shikamoo. Nimepima leo 138/88, dawa nimekunywa asubuhi.""",recheck_7_days,none,,,[],recheck_7_days,0,5.5,140,3.7,1.7,0,0,0,0,0,0,0,0
900,41,2026-05-04,sms,"Flag borderline: Borderline: the readings crossed the goal 140/90 2 times in the last 5 readings: 135/91, 136/84, 138/88, 140/92, 140/86. No threshold crossed; recheck and ask for a weekly reading.
Rule default: recheck_7_days.
Medicine taken at the last three contacts: yes, yes, partial.
Days since last contact: 0.
Patient messages:
""136/84 leo. Asante""
""Shikamoo. Nimepima leo 138/88, dawa nimekunywa asubuhi.""
""140/86 leo. Asante""",recheck_7_days,none,,,[],recheck_7_days,0,5.5,140,3.7,1.4,0,0,0,0,0,0,0,0
890,41,2026-05-05,chw,"Flag borderline: Borderline: the readings crossed the goal 140/90 2 times in the last 6 readings: 135/91, 136/84, 138/88, 140/92, 140/86, 138/91. No threshold crossed; recheck and ask for a weekly reading.
Rule default: recheck_7_days.
Medicine taken at the last three contacts: yes, yes, yes.
Days since last contact: 0.
CHW notes:
""Mgonjwa yuko sawa, anakunywa dawa.""
Patient messages:
""136/84 leo. Asante""
""Shikamoo. Nimepima leo 138/88, dawa nimekunywa asubuhi.""
""140/86 leo. Asante""",recheck_7_days,none,,,[],recheck_7_days,0,4.5,138,1.7,0.83,0,0,0,0,0,0,0,0
901,41,2026-05-14,sms,"Flag borderline: Borderline: the readings crossed the goal 140/90 2 times in the last 6 readings: 136/84, 138/88, 140/92, 140/86, 138/91, 130/80. No threshold crossed; recheck and ask for a weekly reading.
Rule default: recheck_7_days.
Medicine taken at the last three contacts: yes, yes, yes.
Days since last contact: 0.
CHW notes:
""Mgonjwa yuko sawa, anakunywa dawa.""
Patient messages:
""Shikamoo. Nimepima leo 138/88, dawa nimekunywa asubuhi.""
""140/86 leo. Asante""
""Shikamoo. Nimepima leo 130/80, dawa nimekunywa asubuhi.""",recheck_7_days,none,,,[],recheck_7_days,0,4.5,130,-6.3,-0.86,0,0,0,0,0,0,0,0
891,41,2026-05-23,chw,"Flag borderline: Borderline: the readings crossed the goal 140/90 2 times in the last 6 readings: 138/88, 140/92, 140/86, 138/91, 130/80, 138/89. No threshold crossed; recheck and ask for a weekly reading.
Rule default: recheck_7_days.
Medicine taken at the last three contacts: yes, yes, yes.
Days since last contact: 0.
CHW notes:
""Home visit, no complaints.""
Patient messages:
""Shikamoo. Nimepima leo 138/88, dawa nimekunywa asubuhi.""
""140/86 leo. Asante""
""Shikamoo. Nimepima leo 130/80, dawa nimekunywa asubuhi.""",recheck_7_days,none,,,[],recheck_7_days,0,4.5,138,1.7,-0.91,0,0,0,0,0,0,0,0
902,41,2026-06-04,sms,"Flag borderline: Borderline: 3 readings in a row in the band just under the goal 140/90 (130-139 systolic or 85-89 diastolic): 130/80, 138/89, 134/88 (2026-05-14 to 2026-06-04). No threshold crossed; recheck and ask for a weekly reading.
Rule default: recheck_7_days.
Medicine taken at the last three contacts: yes, yes, yes.
Days since last contact: 0.
CHW notes:
""Home visit, no complaints.""
Patient messages:
""140/86 leo. Asante""
""Shikamoo. Nimepima leo 130/80, dawa nimekunywa asubuhi.""
""Shikamoo. Nimepima leo 134/88, dawa nimekunywa asubuhi.""",recheck_7_days,none,,,[],recheck_7_days,0,4.5,134,-2.3,-1.26,0,0,0,0,0,0,0,0
892,41,2026-06-11,chw,"Flag borderline: Borderline: 3 readings in a row in the band just under the goal 140/90 (130-139 systolic or 85-89 diastolic): 130/80, 138/89, 134/88 (2026-05-14 to 2026-06-04). No threshold crossed; recheck and ask for a weekly reading.
Rule default: recheck_7_days.
Medicine taken at the last three contacts: yes, yes, yes.
Days since last contact: 0.
CHW notes:
""Home visit, no complaints.""
Patient messages:
""Shikamoo. Nimepima leo 130/80, dawa nimekunywa asubuhi.""
""Shikamoo. Nimepima leo 134/88, dawa nimekunywa asubuhi.""
""Dawa zangu zimeisha, nitapata wapi zingine?""",recheck_7_days,none,,,[],recheck_7_days,0,4.5,127,-9.3,-1.97,0,0,0,0,0,0,0,0
903,41,2026-06-20,sms,"Flag borderline: Borderline: 3 readings in a row in the band just under the goal 140/90 (130-139 systolic or 85-89 diastolic): 130/80, 138/89, 134/88 (2026-05-14 to 2026-06-04). No threshold crossed; recheck and ask for a weekly reading.
Rule default: recheck_7_days.
Medicine taken at the last three contacts: yes, yes, yes.
Days since last contact: 0.
CHW notes:
""Home visit, no complaints.""
Patient messages:
""Shikamoo. Nimepima leo 134/88, dawa nimekunywa asubuhi.""
""Dawa zangu zimeisha, nitapata wapi zingine?""
""Habari daktari, presha yangu ni 140 kwa 91. Nimekunywa dawa zangu.""",recheck_7_days,none,,,[],recheck_7_days,0,5.5,140,3.7,-0.09,0,0,0,0,0,0,0,0
893,41,2026-06-26,chw,"Flag borderline: Borderline: 3 readings in a row in the band just under the goal 140/90 (130-139 systolic or 85-89 diastolic): 130/80, 138/89, 134/88 (2026-05-14 to 2026-06-04). No threshold crossed; recheck and ask for a weekly reading.
Rule default: recheck_7_days.
Medicine taken at the last three contacts: yes, yes, yes.
Days since last contact: 0.
CHW notes:
""Mgonjwa yuko sawa, anakunywa dawa.""
Patient messages:
""Shikamoo. Nimepima leo 134/88, dawa nimekunywa asubuhi.""
""Dawa zangu zimeisha, nitapata wapi zingine?""
""Habari daktari, presha yangu ni 140 kwa 91. Nimekunywa dawa zangu.""",recheck_7_days,none,,,[],recheck_7_days,0,4.5,139,2.7,1.26,0,0,0,0,0,0,0,0
904,41,2026-06-28,sms,"Flag borderline: Borderline: the readings crossed the goal 140/90 2 times in the last 6 readings: 138/89, 134/88, 127/84, 140/91, 139/86, 131/83. No threshold crossed; recheck and ask for a weekly reading.
Rule default: recheck_7_days.
Medicine taken at the last three contacts: yes, yes, yes.
Days since last contact: 0.
CHW notes:
""Mgonjwa yuko sawa, anakunywa dawa.""
Patient messages:
""Dawa zangu zimeisha, nitapata wapi zingine?""
""Habari daktari, presha yangu ni 140 kwa 91. Nimekunywa dawa zangu.""
""Shikamoo. Nimepima leo 131/83, dawa nimekunywa asubuhi.""",recheck_7_days,none,,,[],recheck_7_days,0,4.5,131,-5.3,-0.2,0,0,0,0,0,0,0,0
888,41,2026-07-18,clinic,"Flag borderline: Borderline: the readings crossed the goal 140/90 3 times in the last 6 readings: 140/91, 139/86, 131/83, 137/90, 137/90, 134/88. No threshold crossed; recheck and ask for a weekly reading.
Rule default: recheck_7_days.
Medicine taken at the last three contacts: yes, yes, yes.
Days since last contact: 0.
CHW notes:
""Home visit, no complaints.""
Patient messages:
""Habari daktari, presha yangu ni 140 kwa 91. Nimekunywa dawa zangu.""
""Shikamoo. Nimepima leo 131/83, dawa nimekunywa asubuhi.""
""presha leo 134/88""",recheck_7_days,none,,,[],recheck_7_days,0,4.5,134,-2.3,-0.86,0,0,0,0,0,0,0,0
894,41,2026-07-18,chw,"Flag borderline: Borderline: the readings crossed the goal 140/90 3 times in the last 6 readings: 140/91, 139/86, 131/83, 137/90, 137/90, 134/88. No threshold crossed; recheck and ask for a weekly reading.
Rule default: recheck_7_days.
Medicine taken at the last three contacts: yes, yes, yes.
Days since last contact: 0.
CHW notes:
""Home visit, no complaints.""
Patient messages:
""Habari daktari, presha yangu ni 140 kwa 91. Nimekunywa dawa zangu.""
""Shikamoo. Nimepima leo 131/83, dawa nimekunywa asubuhi.""
""presha leo 134/88""",recheck_7_days,none,,,[],recheck_7_days,0,4.5,134,-2.3,-0.86,0,0,0,0,0,0,0,0
905,41,2026-07-18,sms,"Flag borderline: Borderline: the readings crossed the goal 140/90 3 times in the last 6 readings: 140/91, 139/86, 131/83, 137/90, 137/90, 134/88. No threshold crossed; recheck and ask for a weekly reading.
Rule default: recheck_7_days.
Medicine taken at the last three contacts: yes, yes, yes.
Days since last contact: 0.
CHW notes:
""Home visit, no complaints.""
Patient messages:
""Habari daktari, presha yangu ni 140 kwa 91. Nimekunywa dawa zangu.""
""Shikamoo. Nimepima leo 131/83, dawa nimekunywa asubuhi.""
""presha leo 134/88""",recheck_7_days,none,,,[],recheck_7_days,0,4.5,134,-2.3,-0.86,0,0,0,0,0,0,0,0
1717,41,2026-07-20,chw,"Flag threshold: Latest BP 164/101 on 2026-07-20 is at or above the 'grade2' cut-off (160/100).
Rule default: visit_this_week.
Medicine taken at the last three contacts: yes, yes, yes.
Days since last contact: 0.
CHW notes:
""Patient leaves tomorrow to visit family in Bujumbura for two weeks; has a phone and replies to SMS.""
Patient messages:
""Habari daktari, presha yangu ni 140 kwa 91. Nimekunywa dawa zangu.""
""Shikamoo. Nimepima leo 131/83, dawa nimekunywa asubuhi.""
""presha leo 134/88""",visit_this_week,down,case,travelling: Patient leaves tomorrow to visit family in Bujumbura for two weeks; has a phone and replies to SMS.,"[{""code"": ""travelling"", ""quote"": ""leaves tomorrow to visit family in Bujumbura for two weeks""}]",recheck_7_days,0,8.5,164,27.7,3.83,4,0,0,0,0,0,0,0
906,41,2026-08-03,sms,"Flag borderline: Borderline: the readings crossed the goal 140/90 3 times in the last 6 readings: 131/83, 137/90, 137/90, 134/88, 164/101, 134/92. No threshold crossed; recheck and ask for a weekly reading.
Rule default: recheck_7_days.
Medicine taken at the last three contacts: yes, yes, yes.
Days since last contact: 0.
CHW notes:
""Patient leaves tomorrow to visit family in Bujumbura for two weeks; has a phone and replies to SMS.""
Patient messages:
""Shikamoo. Nimepima leo 131/83, dawa nimekunywa asubuhi.""
""presha leo 134/88""
""134/92 leo. Asante""",recheck_7_days,none,,,[],recheck_7_days,0,4.5,134,-2.3,2.66,0,0,0,0,0,0,0,0
895,41,2026-08-09,chw,"Flag borderline: Borderline: the readings crossed the goal 140/90 3 times in the last 6 readings: 137/90, 137/90, 134/88, 164/101, 134/92, 135/89. No threshold crossed; recheck and ask for a weekly reading.
Rule default: recheck_7_days.
Medicine taken at the last three contacts: yes, yes, yes.
Days since last contact: 0.
CHW notes:
""Mgonjwa yuko sawa, anakunywa dawa.""
Patient messages:
""Shikamoo. Nimepima leo 131/83, dawa nimekunywa asubuhi.""
""presha leo 134/88""
""134/92 leo. Asante""",recheck_7_days,none,,,[],recheck_7_days,0,4.5,135,-1.3,0.31,0,0,0,0,0,0,0,0
907,41,2026-08-14,sms,"Flag borderline: Borderline: the readings crossed the goal 140/90 3 times in the last 6 readings: 137/90, 134/88, 164/101, 134/92, 135/89, 134/86. No threshold crossed; recheck and ask for a weekly reading.
Rule default: recheck_7_days.
Medicine taken at the last three contacts: yes, yes, yes.
Days since last contact: 0.
CHW notes:
""Mgonjwa yuko sawa, anakunywa dawa.""
Patient messages:
""presha leo 134/88""
""134/92 leo. Asante""
""134/86 leo. Asante""",recheck_7_days,none,,,[],recheck_7_days,0,4.5,134,-2.3,-1.2,0,0,0,0,0,0,0,0
896,41,2026-08-27,chw,"Flag borderline: Borderline: 3 readings in a row in the band just under the goal 140/90 (130-139 systolic or 85-89 diastolic): 135/89, 134/86, 135/86 (2026-08-09 to 2026-08-27). No threshold crossed; recheck and ask for a weekly reading.
Rule default: recheck_7_days.
Medicine taken at the last three contacts: yes, yes, yes.
Days since last contact: 0.
CHW notes:
""Home visit, no complaints.""
Patient messages:
""presha leo 134/88""
""134/92 leo. Asante""
""134/86 leo. Asante""",recheck_7_days,none,,,[],recheck_7_days,0,4.5,135,-1.3,-2.4,0,0,0,0,0,0,0,0
908,41,2026-08-30,sms,"Flag borderline: Borderline: 3 readings in a row in the band just under the goal 140/90 (130-139 systolic or 85-89 diastolic): 135/89, 134/86, 135/86 (2026-08-09 to 2026-08-27). No threshold crossed; recheck and ask for a weekly reading.
Rule default: recheck_7_days.
Medicine taken at the last three contacts: yes, yes, yes.
Days since last contact: 0.
CHW notes:
""Home visit, no complaints.""
Patient messages:
""134/92 leo. Asante""
""134/86 leo. Asante""
""Mimi ni mzima. Presha ni 139/90, nakunywa dawa kila siku.""",recheck_7_days,none,,,[],recheck_7_days,0,4.5,139,2.7,-3.51,0,0,0,0,0,0,0,0
909,41,2026-09-08,sms,"Flag borderline: Borderline: 3 readings in a row in the band just under the goal 140/90 (130-139 systolic or 85-89 diastolic): 135/89, 134/86, 135/86 (2026-08-09 to 2026-08-27). No threshold crossed; recheck and ask for a weekly reading.
Rule default: recheck_7_days.
Medicine taken at the last three contacts: yes, yes, yes.
Days since last contact: 0.
Patient messages:
""134/86 leo. Asante""
""Mimi ni mzima. Presha ni 139/90, nakunywa dawa kila siku.""
""Habari daktari, presha yangu ni 129 kwa 83. Nimekunywa dawa zangu.""",recheck_7_days,none,,,[],recheck_7_days,0,4.5,129,-7.3,-0.34,0,0,0,0,0,0,0,0
897,41,2026-09-23,chw,"Flag borderline: Borderline: 3 readings in a row in the band just under the goal 140/90 (130-139 systolic or 85-89 diastolic): 135/89, 134/86, 135/86 (2026-08-09 to 2026-08-27). No threshold crossed; recheck and ask for a weekly reading.
Rule default: recheck_7_days.
Medicine taken at the last three contacts: partial, yes, yes.
Days since last contact: 0.
CHW notes:
""Patient ran out of tablets last week.""
Patient messages:
""134/86 leo. Asante""
""Mimi ni mzima. Presha ni 139/90, nakunywa dawa kila siku.""
""Habari daktari, presha yangu ni 129 kwa 83. Nimekunywa dawa zangu.""",recheck_7_days,up,note,missed_meds (generator note or message): Patient ran out of tablets last week.,"[{""code"": ""travelling"", ""quote"": ""leaves tomorrow to visit family in Bujumbura for two weeks""}]",visit_this_week,0,6.5,139,2.7,0.26,0,0,0,2,0,0,0,0
910,41,2026-09-27,sms,"Flag borderline: Borderline: the readings crossed the goal 140/90 2 times in the last 6 readings: 134/86, 135/86, 139/90, 129/83, 139/87, 135/87. No threshold crossed; recheck and ask for a weekly reading.
Rule default: recheck_7_days.
Medicine taken at the last three contacts: yes, partial, yes.
Days since last contact: 0.
CHW notes:
""Patient ran out of tablets last week.""
Patient messages:
""Mimi ni mzima. Presha ni 139/90, nakunywa dawa kila siku.""
""Habari daktari, presha yangu ni 129 kwa 83. Nimekunywa dawa zangu.""
""Shikamoo. Nimepima leo 135/87, dawa nimekunywa asubuhi.""",recheck_7_days,up,note,missed_meds (generator note or message): Patient ran out of tablets last week.,"[{""code"": ""travelling"", ""quote"": ""leaves tomorrow to visit family in Bujumbura for two weeks""}]",visit_this_week,0,4.5,135,-1.3,0.2,0,0,0,0,0,0,0,0
911,42,2026-04-07,clinic,"Flags: none.
Rule default: routine.
Medicine taken at the last three contacts: yes.
Days since last contact: 0.",routine,up,note,missed_meds (generator note or message): Renouvellement du traitement,[],recheck_7_days,0,4.5,145,0.0,0.0,0,0,0,0,0,0,0,0
920,42,2026-04-11,sms,"Flags: none.
Rule default: routine.
Medicine taken at the last three contacts: yes, yes.
Days since last contact: 0.
Patient messages:
""J'ai mesuré au centre de santé : 139/89. Médicaments pris.""",routine,up,note,missed_meds (generator note or message): Renouvellement du traitement,[],recheck_7_days,0,3.5,139,-3.0,-6.0,0,0,0,0,0,0,0,0
912,42,2026-04-15,chw,"Flags: none.
Rule default: routine.
Medicine taken at the last three contacts: yes, yes, yes.
Days since last contact: 0.
CHW notes:
""Mgonjwa yuko sawa, anakunywa dawa.""
Patient messages:
""J'ai mesuré au centre de santé : 139/89. Médicaments pris.""",routine,none,,,[],routine,0,3.5,137,-3.3,-4.0,0,0,0,0,0,0,0,0
921,42,2026-04-27,sms,"Flag borderline: Borderline: the readings crossed the goal 140/90 2 times in the last 4 readings: 145/92, 139/89, 137/84, 142/84. No threshold crossed; recheck and ask for a weekly reading.
Rule default: recheck_7_days.
Medicine taken at the last three contacts: yes, yes, yes.
Days since last contact: 0.
CHW notes:
""Mgonjwa yuko sawa, anakunywa dawa.""
Patient messages:
""J'ai mesuré au centre de santé : 139/89. Médicaments pris.""
""tension 142/84""",recheck_7_days,none,,,[],recheck_7_days,0,6.5,142,1.7,-1.1,0,0,0,0,0,0,0,0
913,42,2026-05-01,chw,"Flag borderline: Borderline: the readings crossed the goal 140/90 2 times in the last 5 readings: 145/92, 139/89, 137/84, 142/84, 148/94. No threshold crossed; recheck and ask for a weekly reading.
Rule default: recheck_7_days.
Medicine taken at the last three contacts: yes, yes, yes.
Days since last contact: 0.
CHW notes:
""Patient well, taking medicine.""
Patient messages:
""J'ai mesuré au centre de santé : 139/89. Médicaments pris.""
""tension 142/84""",recheck_7_days,none,,,[],recheck_7_days,0,6.5,148,7.7,0.9,0,0,0,0,0,0,0,0
922,42,2026-05-04,sms,"Flag borderline: Borderline: the readings crossed the goal 140/90 2 times in the last 6 readings: 145/92, 139/89, 137/84, 142/84, 148/94, 152/91. No threshold crossed; recheck and ask for a weekly reading.
Rule default: recheck_7_days.
Medicine taken at the last three contacts: yes, yes, yes.
Days since last contact: 0.
CHW notes:
""Patient well, taking medicine.""
Patient messages:
""J'ai mesuré au centre de santé : 139/89. Médicaments pris.""
""tension 142/84""
""J'ai mesuré au centre de santé : 152/91. Médicaments pris.""",recheck_7_days,none,,,[],recheck_7_days,0,6.5,152,11.7,1.91,0,0,0,0,0,0,0,0
923,42,2026-05-14,sms,"Flags: none.
Rule default: routine.
Medicine taken at the last three contacts: yes, yes, yes.
Days since last contact: 0.
Patient messages:
""tension 142/84""
""J'ai mesuré au centre de santé : 152/91. Médicaments pris.""
""tension 149/91""",routine,none,,,[],routine,0,4.5,149,8.7,2.89,0,0,0,0,0,0,0,0
914,42,2026-05-26,chw,"Flags: none.
Rule default: routine.
Medicine taken at the last three contacts: yes, yes, yes.
Days since last contact: 0.
CHW notes:
""Mgonjwa yuko sawa, anakunywa dawa.""
Patient messages:
""tension 142/84""
""J'ai mesuré au centre de santé : 152/91. Médicaments pris.""
""tension 149/91""",routine,none,,,[],routine,0,4.5,144,3.7,1.71,0,0,0,0,0,0,0,0
924,42,2026-05-27,sms,"Flags: none.
Rule default: routine.
Medicine taken at the last three contacts: yes, yes, yes.
Days since last contact: 0.
CHW notes:
""Mgonjwa yuko sawa, anakunywa dawa.""
Patient messages:
""J'ai mesuré au centre de santé : 152/91. Médicaments pris.""
""tension 149/91""
""Ma tension est 143 sur 87, je prends bien mes médicaments chaque jour.""",routine,none,,,[],routine,0,4.5,143,2.7,-0.29,0,0,0,0,0,0,0,0
925,42,2026-06-05,sms,"Flags: none.
Rule default: routine.
Medicine taken at the last three contacts: partial, yes, yes.
Days since last contact: 0.
Patient messages:
""Ma tension est 143 sur 87, je prends bien mes médicaments chaque jour.""
""Est-ce que je peux arrêter le traitement si je me sens bien ?""
""Bonsoir. Tension 152/89, j'ai pris seulement la moitié du comprimé.""",routine,up,note,"missed_meds (generator note or message): Bonsoir. Tension 152/89, j'ai pris seulement la moitié du comprimé.",[],recheck_7_days,0,6.5,152,11.7,-0.34,0,0,0,2,0,0,0,0
926,42,2026-06-12,sms,"Flags: none.
Rule default: routine.
Medicine taken at the last three contacts: yes, partial, yes.
Days since last contact: 0.
Patient messages:
""Est-ce que je peux arrêter le traitement si je me sens bien ?""
""Bonsoir. Tension 152/89, j'ai pris seulement la moitié du comprimé.""
""Bonjour, ma tension aujourd'hui est 149/92. J'ai pris mes médicaments.""",routine,up,note,"missed_meds (generator note or message): Bonsoir. Tension 152/89, j'ai pris seulement la moitié du comprimé.",[],recheck_7_days,0,4.5,149,8.7,-0.2,0,0,0,0,0,0,0,0
915,42,2026-06-19,chw,"Flags: none.
Rule default: routine.
Medicine taken at the last three contacts: yes, yes, partial.
Days since last contact: 0.
CHW notes:
""Mgonjwa yuko sawa, anakunywa dawa.""
Patient messages:
""Est-ce que je peux arrêter le traitement si je me sens bien ?""
""Bonsoir. Tension 152/89, j'ai pris seulement la moitié du comprimé.""
""Bonjour, ma tension aujourd'hui est 149/92. J'ai pris mes médicaments.""",routine,up,note,"missed_meds (generator note or message): Bonsoir. Tension 152/89, j'ai pris seulement la moitié du comprimé.",[],recheck_7_days,0,4.5,143,2.7,-0.17,0,0,0,0,0,0,0,0
927,42,2026-06-22,sms,"Flag threshold: Latest BP 163/94 on 2026-06-22 is at or above the 'grade2' cut-off (160/100).
Rule default: visit_this_week.
Medicine taken at the last three contacts: yes, yes, yes.
Days since last contact: 0.
CHW notes:
""Mgonjwa yuko sawa, anakunywa dawa.""
Patient messages:
""Bonsoir. Tension 152/89, j'ai pris seulement la moitié du comprimé.""
""Bonjour, ma tension aujourd'hui est 149/92. J'ai pris mes médicaments.""
""J'ai mesuré au centre de santé : 163/94. Médicaments pris.""",visit_this_week,up,note,"missed_meds (generator note or message): Bonsoir. Tension 152/89, j'ai pris seulement la moitié du comprimé.",[],refer_clinic,0,12.0,163,22.7,2.63,4,0,0,0,0,0,2,0
928,42,2026-07-02,sms,"Flags: none.
Rule default: routine.
Medicine taken at the last three contacts: yes, yes, yes.
Days since last contact: 0.
Patient messages:
""Bonjour, ma tension aujourd'hui est 149/92. J'ai pris mes médicaments.""
""J'ai mesuré au centre de santé : 163/94. Médicaments pris.""
""J'ai mesuré au centre de santé : 140/85. Médicaments pris.""",routine,none,,,[],routine,0,6.5,140,-0.3,0.34,0,0,0,0,0,0,2,0
916,42,2026-07-14,chw,"Flags: none.
Rule default: routine.
Medicine taken at the last three contacts: yes, yes, yes.
Days since last contact: 0.
CHW notes:
""Patient bien, prend ses médicaments.""
Patient messages:
""J'ai mesuré au centre de santé : 163/94. Médicaments pris.""
""J'ai mesuré au centre de santé : 140/85. Médicaments pris.""
""tension 152/95""",routine,none,,,[],routine,0,6.5,152,11.7,0.54,0,0,0,0,0,0,2,0
929,42,2026-07-14,sms,"Flags: none.
Rule default: routine.
Medicine taken at the last three contacts: yes, yes, yes.
Days since last contact: 0.
CHW notes:
""Patient bien, prend ses médicaments.""
Patient messages:
""J'ai mesuré au centre de santé : 163/94. Médicaments pris.""
""J'ai mesuré au centre de santé : 140/85. Médicaments pris.""
""tension 152/95""",routine,none,,,[],routine,0,6.5,152,11.7,0.54,0,0,0,0,0,0,2,0
930,42,2026-07-26,sms,"Flag trend: Trend rule: each of the last 3 readings (152, 152, 152, 2026-07-14 to 2026-07-26) is at least 10 mmHg above the baseline of 140 (baseline = first 3 readings).
Rule default: recheck_7_days.
Medicine taken at the last three contacts: yes, yes, yes.
Days since last contact: 0.
Patient messages:
""J'ai mesuré au centre de santé : 140/85. Médicaments pris.""
""tension 152/95""
""J'ai mesuré au centre de santé : 152/96. Médicaments pris.""",recheck_7_days,none,,,[],recheck_7_days,0,9.5,152,11.7,0.69,0,3,0,0,0,0,2,0
917,42,2026-08-01,chw,"Flag trend: Trend rule: each of the last 3 readings (152, 152, 154, 2026-07-14 to 2026-08-01) is at least 10 mmHg above the baseline of 140 (baseline = first 3 readings).
Rule default: recheck_7_days.
Medicine taken at the last three contacts: yes, yes, yes.
Days since last contact: 0.
CHW notes:
""Patient bien, prend ses médicaments.""
Patient messages:
""J'ai mesuré au centre de santé : 140/85. Médicaments pris.""
""tension 152/95""
""J'ai mesuré au centre de santé : 152/96. Médicaments pris.""",recheck_7_days,none,,,[],recheck_7_days,0,9.5,154,13.7,-0.26,0,3,0,0,0,0,2,0
931,42,2026-08-05,sms,"Flag trend: Trend rule: each of the last 3 readings (152, 154, 157, 2026-07-26 to 2026-08-05) is at least 10 mmHg above the baseline of 140 (baseline = first 3 readings).
Rule default: recheck_7_days.
Medicine taken at the last three contacts: yes, yes, yes.
Days since last contact: 0.
CHW notes:
""Patient bien, prend ses médicaments.""
Patient messages:
""tension 152/95""
""J'ai mesuré au centre de santé : 152/96. Médicaments pris.""
""Bonjour, ma tension aujourd'hui est 157/93. J'ai pris mes médicaments.""",recheck_7_days,none,,,[],recheck_7_days,0,9.5,157,16.7,2.6,0,3,0,0,0,0,2,0
932,42,2026-08-26,sms,"Flag trend: Trend rule: each of the last 3 readings (154, 157, 153, 2026-08-01 to 2026-08-26) is at least 10 mmHg above the baseline of 140 (baseline = first 3 readings).
Rule default: recheck_7_days.
Medicine taken at the last three contacts: yes, yes, yes.
Days since last contact: 0.
Patient messages:
""J'ai mesuré au centre de santé : 152/96. Médicaments pris.""
""Bonjour, ma tension aujourd'hui est 157/93. J'ai pris mes médicaments.""
""Ma tension est 153 sur 91, je prends bien mes médicaments chaque jour.""",recheck_7_days,none,,,[],recheck_7_days,0,9.5,153,12.7,0.63,0,3,0,0,0,0,2,0
918,42,2026-08-27,chw,"Flag trend: Trend rule: each of the last 3 readings (157, 153, 151, 2026-08-05 to 2026-08-27) is at least 10 mmHg above the baseline of 140 (baseline = first 3 readings).
Rule default: recheck_7_days.
Medicine taken at the last three contacts: partial, yes, yes.
Days since last contact: 0.
CHW notes:
""N'a pas pris ses comprimés depuis 3 jours.""
Patient messages:
""J'ai mesuré au centre de santé : 152/96. Médicaments pris.""
""Bonjour, ma tension aujourd'hui est 157/93. J'ai pris mes médicaments.""
""Ma tension est 153 sur 91, je prends bien mes médicaments chaque jour.""",recheck_7_days,up,note,missed_meds (generator note or message): N'a pas pris ses comprimés depuis 3 jours.,[],visit_this_week,0,11.5,151,10.7,0.03,0,3,0,2,0,0,2,0
933,42,2026-09-07,sms,"Flag threshold: Latest BP 165/96 on 2026-09-07 is at or above the 'grade2' cut-off (160/100).
Flag trend: Trend rule: each of the last 3 readings (153, 151, 165, 2026-08-26 to 2026-09-07) is at least 10 mmHg above the baseline of 140; and the last 4 readings (2026-08-05 to 2026-09-07) average 156, 16 mmHg above the baseline of 140 (rule: at least 15 mmHg over 4 readings) (baseline = first 3 readings).
Rule default: visit_this_week.
Medicine taken at the last three contacts: yes, partial, yes.
Days since last contact: 0.
CHW notes:
""N'a pas pris ses comprimés depuis 3 jours.""
Patient messages:
""Bonjour, ma tension aujourd'hui est 157/93. J'ai pris mes médicaments.""
""Ma tension est 153 sur 91, je prends bien mes médicaments chaque jour.""
""Ma tension est 165 sur 96, je prends bien mes médicaments chaque jour.""",visit_this_week,up,note,missed_meds (generator note or message): N'a pas pris ses comprimés depuis 3 jours.,[],refer_clinic,0,15.0,165,24.7,1.49,4,3,0,0,0,0,2,0
934,42,2026-09-21,sms,"Flag threshold: Latest BP 161/101 on 2026-09-21 is at or above the 'grade2' cut-off (160/100).
Flag trend: Trend rule: each of the last 3 readings (151, 165, 161, 2026-08-27 to 2026-09-21) is at least 10 mmHg above the baseline of 140; and the last 4 readings (2026-08-26 to 2026-09-21) average 158, 17 mmHg above the baseline of 140 (rule: at least 15 mmHg over 4 readings) (baseline = first 3 readings).
Rule default: visit_this_week.
Medicine taken at the last three contacts: yes, partial, yes.
Days since last contact: 0.
Patient messages:
""Ma tension est 153 sur 91, je prends bien mes médicaments chaque jour.""
""Ma tension est 165 sur 96, je prends bien mes médicaments chaque jour.""
""Bjr, tension 161 sur 101 ce matin""",visit_this_week,none,,,[],visit_this_week,0,15.0,161,20.7,1.63,4,3,0,0,0,0,2,0
919,42,2026-09-23,chw,"Flag trend: Trend rule: each of the last 3 readings (165, 161, 157, 2026-09-07 to 2026-09-23) is at least 10 mmHg above the baseline of 140; and the last 4 readings (2026-08-27 to 2026-09-23) average 158, 18 mmHg above the baseline of 140 (rule: at least 15 mmHg over 4 readings) (baseline = first 3 readings).
Rule default: recheck_7_days.
Medicine taken at the last three contacts: yes, yes, partial.
Days since last contact: 0.
CHW notes:
""Mgonjwa yuko sawa, anakunywa dawa.""
Patient messages:
""Ma tension est 165 sur 96, je prends bien mes médicaments chaque jour.""
""Bjr, tension 161 sur 101 ce matin""
""Est-ce que je peux prendre mes comprimés avec les médicaments traditionnels ?""",recheck_7_days,none,,,[],recheck_7_days,0,9.5,157,16.7,1.09,0,3,0,0,0,0,2,0
936,42,2026-10-01,chw,"Flag threshold: Latest BP 163/101 on 2026-10-01 is at or above the 'grade2' cut-off (160/100).
Flag trend: Trend rule: each of the last 3 readings (161, 157, 163, 2026-09-21 to 2026-10-01) is at least 10 mmHg above the baseline of 140; and the last 4 readings (2026-09-07 to 2026-10-01) average 162, 21 mmHg above the baseline of 140 (rule: at least 15 mmHg over 4 readings) (baseline = first 3 readings).
Flag symptom: Symptom 'speech_difficulty' reported on 2026-10-01 - on the emergency symptom list.
Rule default: emergency_now.
Medicine taken at the last three contacts: partial, yes, yes.
Days since last contact: 0.
CHW notes:
""Mgonjwa yuko sawa, anakunywa dawa.""
""Speech slurred since yesterday evening, family worried.""
Patient messages:
""Ma tension est 165 sur 96, je prends bien mes médicaments chaque jour.""
""Bjr, tension 161 sur 101 ce matin""
""Est-ce que je peux prendre mes comprimés avec les médicaments traditionnels ?""",emergency_now,none,,,[],emergency_now,0,27.0,163,22.7,1.83,4,3,10,2,0,0,2,0
935,42,2026-10-02,sms,"Flag threshold: Latest BP 161/100 on 2026-10-02 is at or above the 'grade2' cut-off (160/100).
Flag trend: Trend rule: each of the last 3 readings (157, 163, 161, 2026-09-23 to 2026-10-02) is at least 10 mmHg above the baseline of 140; and the last 4 readings (2026-09-21 to 2026-10-02) average 160, 20 mmHg above the baseline of 140 (rule: at least 15 mmHg over 4 readings) (baseline = first 3 readings).
Rule default: visit_this_week.
Medicine taken at the last three contacts: yes, partial, yes.
Days since last contact: 0.
CHW notes:
""Speech slurred since yesterday evening, family worried.""
Patient messages:
""Bjr, tension 161 sur 101 ce matin""
""Est-ce que je peux prendre mes comprimés avec les médicaments traditionnels ?""
""Ma tension est 161 sur 100, je prends bien mes médicaments chaque jour.""",visit_this_week,none,,,[],visit_this_week,0,15.0,161,20.7,1.14,4,3,0,0,0,0,2,0
940,43,2026-04-14,chw,"Flags: none.
Rule default: routine.
Medicine taken at the last three contacts: yes.
Days since last contact: 0.
CHW notes:
""Patient bien, prend ses médicaments.""",routine,none,,,[],routine,0,3.5,130,0.0,0.0,0,0,0,0,0,0,0,0
937,43,2026-04-17,clinic,"Flags: none.
Rule default: routine.
Medicine taken at the last three contacts: yes, yes.
Days since last contact: 0.
CHW notes:
""Patient bien, prend ses médicaments.""",routine,up,note,missed_meds (generator note or message): Dawa zimeisha,[],recheck_7_days,0,3.5,128,-1.0,-2.0,0,0,0,0,0,0,0,0
941,43,2026-06-09,chw,"Flags: none.
Rule default: routine.
Medicine taken at the last three contacts: yes, yes, yes.
Days since last contact: 0.
CHW notes:
""Patient bien, prend ses médicaments.""",routine,none,,,[],routine,0,3.5,132,2.0,1.0,0,0,0,0,0,0,0,0
938,43,2026-07-09,clinic,"Flag borderline: Borderline: 3 readings in a row in the band just under the goal 140/90 (130-139 systolic or 85-89 diastolic): 128/87, 132/84, 127/88 (2026-04-17 to 2026-07-09). No threshold crossed; recheck and ask for a weekly reading.
Rule default: recheck_7_days.
Medicine taken at the last three contacts: yes, yes, yes.
Days since last contact: 0.
CHW notes:
""Patient bien, prend ses médicaments.""",recheck_7_days,up,note,missed_meds (generator note or message): Dawa zimeisha,[],visit_this_week,0,5.5,127,-3.0,-0.5,0,0,0,0,0,0,0,0
942,43,2026-07-16,chw,"Flag borderline: Borderline: 4 readings in a row in the band just under the goal 140/90 (130-139 systolic or 85-89 diastolic): 128/87, 132/84, 127/88, 126/86 (2026-04-17 to 2026-07-16). No threshold crossed; recheck and ask for a weekly reading.
Rule default: recheck_7_days.
Medicine taken at the last three contacts: yes, yes, yes.
Days since last contact: 0.
CHW notes:
""Patient well, taking medicine.""",recheck_7_days,up,note,missed_meds (generator note or message): Dawa zimeisha,[],visit_this_week,0,5.5,126,-4.0,-0.9,0,0,0,0,0,0,0,0
939,43,2026-09-09,clinic,"Flag borderline: Borderline: 5 readings in a row in the band just under the goal 140/90 (130-139 systolic or 85-89 diastolic): 128/87, 132/84, 127/88, 126/86, 128/88 (2026-04-17 to 2026-09-09). No threshold crossed; recheck and ask for a weekly reading.
Rule default: recheck_7_days.
Medicine taken at the last three contacts: yes, yes, yes.
Days since last contact: 0.
CHW notes:
""Patient well, taking medicine.""",recheck_7_days,none,,,[],recheck_7_days,0,7.5,128,-2.0,-0.6,0,0,0,0,0,2,0,0
945,44,2026-04-16,chw,"Flags: none.
Rule default: routine.
Medicine taken at the last three contacts: yes.
Days since last contact: 0.
CHW notes:
""Patient well, taking medicine.""",routine,none,,,[],routine,0,5.0,140,0.0,0.0,0,0,0,0,0,0,0,0
943,44,2026-04-24,clinic,"Flags: none.
Rule default: routine.
Medicine taken at the last three contacts: partial, yes.
Days since last contact: 0.
CHW notes:
""Patient well, taking medicine.""",routine,up,note,missed_meds (generator note or message): Dawa zimeisha,[],recheck_7_days,0,7.0,147,3.5,7.0,0,0,0,2,0,0,0,0
946,44,2026-06-07,chw,"Flags: none.
Rule default: routine.
Medicine taken at the last three contacts: yes, partial, yes.
Days since last contact: 0.
CHW notes:
""Patient well, taking medicine.""",routine,none,,,[],routine,0,5.0,143,-0.3,1.5,0,0,0,0,0,0,0,0
944,44,2026-07-14,clinic,"Flag threshold: Latest BP 156/102 on 2026-07-14 is at or above the 'grade2' cut-off (160/100).
Rule default: visit_this_week.
Medicine taken at the last three contacts: yes, yes, partial.
Days since last contact: 0.
CHW notes:
""Patient well, taking medicine.""",visit_this_week,none,,,[],visit_this_week,0,9.0,156,12.7,4.4,4,0,0,0,0,0,0,0
947,44,2026-07-24,chw,"Flag threshold: Latest BP 159/105 on 2026-07-24 is at or above the 'grade2' cut-off (160/100).
Rule default: visit_this_week.
Medicine taken at the last three contacts: yes, yes, yes.
Days since last contact: 0.
CHW notes:
""Patient bien, prend ses médicaments.""",visit_this_week,none,,,[],visit_this_week,0,9.0,159,15.7,4.7,4,0,0,0,0,0,0,0
948,45,2026-04-06,clinic,"Flags: none.
Rule default: routine.
Medicine taken at the last three contacts: partial.
Days since last contact: 0.",routine,none,,,[],routine,0,7.5,132,0.0,0.0,0,0,0,2,0,0,0,0
960,45,2026-04-12,sms,"Flags: none.
Rule default: routine.
Medicine taken at the last three contacts: yes, partial.
Days since last contact: 0.
Patient messages:
""Bonjour, ma tension aujourd'hui est 119/71. J'ai pris mes médicaments.""",routine,none,,,[],routine,0,4.5,119,-6.5,-13.0,0,0,0,0,0,0,0,0
951,45,2026-04-18,chw,"Flags: none.
Rule default: routine.
Medicine taken at the last three contacts: yes, yes, partial.
Days since last contact: 0.
CHW notes:
""Mgonjwa yuko sawa, anakunywa dawa.""
Patient messages:
""Bonjour, ma tension aujourd'hui est 119/71. J'ai pris mes médicaments.""
""Bonjour, je suis en voyage cette semaine.""",routine,none,,,[],routine,0,4.5,118,-5.0,-7.0,0,0,0,0,0,0,0,0
961,45,2026-04-24,sms,"Flags: none.
Rule default: routine.
Medicine taken at the last three contacts: yes, yes, partial.
Days since last contact: 0.
CHW notes:
""Mgonjwa yuko sawa, anakunywa dawa.""
Patient messages:
""Bonjour, ma tension aujourd'hui est 119/71. J'ai pris mes médicaments.""
""Bonjour, je suis en voyage cette semaine.""
""tension 119/76""",routine,none,,,[],routine,0,4.5,119,-4.0,-4.0,0,0,0,0,0,0,0,0
962,45,2026-05-01,sms,"Flags: none.
Rule default: routine.
Medicine taken at the last three contacts: yes, yes, partial.
Days since last contact: 0.
Patient messages:
""Bonjour, je suis en voyage cette semaine.""
""tension 119/76""
""Bjr, tension 116 sur 73 ce matin""",routine,none,,,[],routine,0,4.5,116,-7.0,-3.2,0,0,0,0,0,0,0,0
952,45,2026-05-13,chw,"Flags: none.
Rule default: routine.
Medicine taken at the last three contacts: yes, yes, yes.
Days since last contact: 0.
CHW notes:
""Home visit, no complaints.""
Patient messages:
""tension 119/76""
""Bjr, tension 116 sur 73 ce matin""
""Le médicament me fait gonfler les pieds, c'est normal ?""",routine,none,,,[],routine,0,5.5,125,2.0,-1.23,0,0,0,0,0,0,0,0
963,45,2026-05-16,sms,"Flags: none.
Rule default: routine.
Medicine taken at the last three contacts: partial, yes, yes.
Days since last contact: 0.
CHW notes:
""Home visit, no complaints.""
Patient messages:
""Bjr, tension 116 sur 73 ce matin""
""Le médicament me fait gonfler les pieds, c'est normal ?""
""Bonsoir. Tension 127/83, j'ai pris seulement la moitié du comprimé.""",routine,up,note,"missed_meds (generator note or message): Bonsoir. Tension 127/83, j'ai pris seulement la moitié du comprimé.","[{""code"": ""new_symptom"", ""quote"": ""Kifua kinauma sana""}]",recheck_7_days,0,7.5,127,4.0,1.66,0,0,0,2,0,0,0,0
964,45,2026-06-02,sms,"Flags: none.
Rule default: routine.
Medicine taken at the last three contacts: yes, partial, yes.
Days since last contact: 0.
Patient messages:
""Le médicament me fait gonfler les pieds, c'est normal ?""
""Bonsoir. Tension 127/83, j'ai pris seulement la moitié du comprimé.""
""Bonjour, ma tension aujourd'hui est 117/72. J'ai pris mes médicaments.""",routine,up,note,"missed_meds (generator note or message): Bonsoir. Tension 127/83, j'ai pris seulement la moitié du comprimé.","[{""code"": ""new_symptom"", ""quote"": ""Kifua kinauma sana""}]",recheck_7_days,0,4.5,117,-6.0,0.8,0,0,0,0,0,0,0,0
1719,45,2026-06-05,chw,"Flags: none.
Rule default: routine.
Medicine taken at the last three contacts: yes, yes, partial.
Days since last contact: 0.
CHW notes:
""Home visit, BP taken.""
Patient messages:
""Bonsoir. Tension 127/83, j'ai pris seulement la moitié du comprimé.""
""Bonjour, ma tension aujourd'hui est 117/72. J'ai pris mes médicaments.""
""Kifua kinauma sana tangu asubuhi na napumua kwa shida.""",routine,up,case,chest_pain_sms: Kifua kinauma sana tangu asubuhi na napumua kwa shida.,"[{""code"": ""new_symptom"", ""quote"": ""Kifua kinauma sana""}]",emergency_now,0,5.5,136,13.0,2.57,0,0,0,0,0,0,0,0
953,45,2026-06-09,chw,"Flags: none.
Rule default: routine.
Medicine taken at the last three contacts: yes, yes, yes.
Days since last contact: 0.
CHW notes:
""Home visit, BP taken.""
""Patient well, taking medicine.""
Patient messages:
""Bonsoir. Tension 127/83, j'ai pris seulement la moitié du comprimé.""
""Bonjour, ma tension aujourd'hui est 117/72. J'ai pris mes médicaments.""
""Kifua kinauma sana tangu asubuhi na napumua kwa shida.""",routine,up,note,"missed_meds (generator note or message): Bonsoir. Tension 127/83, j'ai pris seulement la moitié du comprimé.","[{""code"": ""new_symptom"", ""quote"": ""Kifua kinauma sana""}]",recheck_7_days,0,5.5,128,5.0,2.37,0,0,0,0,0,0,0,0
949,45,2026-06-13,clinic,"Flags: none.
Rule default: routine.
Medicine taken at the last three contacts: yes, yes, yes.
Days since last contact: 0.
CHW notes:
""Patient well, taking medicine.""
Patient messages:
""Bonsoir. Tension 127/83, j'ai pris seulement la moitié du comprimé.""
""Bonjour, ma tension aujourd'hui est 117/72. J'ai pris mes médicaments.""
""Kifua kinauma sana tangu asubuhi na napumua kwa shida.""",routine,up,note,missed_meds (generator note or message): Renouvellement du traitement,"[{""code"": ""new_symptom"", ""quote"": ""Kifua kinauma sana""}]",recheck_7_days,0,5.5,124,1.0,0.49,0,0,0,0,0,0,0,0
965,45,2026-06-14,sms,"Flags: none.
Rule default: routine.
Medicine taken at the last three contacts: yes, yes, yes.
Days since last contact: 0.
Patient messages:
""Bonjour, ma tension aujourd'hui est 117/72. J'ai pris mes médicaments.""
""Kifua kinauma sana tangu asubuhi na napumua kwa shida.""
""Bjr, tension 116 sur 76 ce matin""",routine,up,note,missed_meds (generator note or message): Renouvellement du traitement,"[{""code"": ""new_symptom"", ""quote"": ""Kifua kinauma sana""}]",recheck_7_days,0,4.5,116,-7.0,-1.2,0,0,0,0,0,0,0,0
954,45,2026-06-23,chw,"Flags: none.
Rule default: routine.
Medicine taken at the last three contacts: yes, yes, yes.
Days since last contact: 0.
CHW notes:
""Home visit, no complaints.""
Patient messages:
""Bonjour, ma tension aujourd'hui est 117/72. J'ai pris mes médicaments.""
""Kifua kinauma sana tangu asubuhi na napumua kwa shida.""
""Bjr, tension 116 sur 76 ce matin""",routine,none,,,[],routine,0,4.5,115,-8.0,-2.11,0,0,0,0,0,0,0,0
966,45,2026-06-26,sms,"Flags: none.
Rule default: routine.
Medicine taken at the last three contacts: yes, yes, yes.
Days since last contact: 0.
CHW notes:
""Home visit, no complaints.""
Patient messages:
""Kifua kinauma sana tangu asubuhi na napumua kwa shida.""
""Bjr, tension 116 sur 76 ce matin""
""Ma tension est 121 sur 73, je prends bien mes médicaments chaque jour.""",routine,none,,,[],routine,0,5.5,121,-2.0,-3.49,0,0,0,0,0,0,0,0
955,45,2026-07-13,chw,"Flags: none.
Rule default: routine.
Medicine taken at the last three contacts: yes, yes, yes.
Days since last contact: 0.
CHW notes:
""Mgonjwa yuko sawa, anakunywa dawa.""
Patient messages:
""Kifua kinauma sana tangu asubuhi na napumua kwa shida.""
""Bjr, tension 116 sur 76 ce matin""
""Ma tension est 121 sur 73, je prends bien mes médicaments chaque jour.""",routine,none,,,[],routine,0,5.5,122,-1.0,-1.14,0,0,0,0,0,0,0,0
967,45,2026-07-14,sms,"Flags: none.
Rule default: routine.
Medicine taken at the last three contacts: yes, yes, yes.
Days since last contact: 0.
CHW notes:
""Mgonjwa yuko sawa, anakunywa dawa.""
Patient messages:
""Bjr, tension 116 sur 76 ce matin""
""Ma tension est 121 sur 73, je prends bien mes médicaments chaque jour.""
""Bonjour, ma tension aujourd'hui est 123/78. J'ai pris mes médicaments.""",routine,none,,,[],routine,0,5.5,123,0.0,0.54,0,0,0,0,0,0,0,0
956,45,2026-07-27,chw,"Flags: none.
Rule default: routine.
Medicine taken at the last three contacts: yes, yes, yes.
Days since last contact: 0.
CHW notes:
""Home visit, no complaints.""
Patient messages:
""Ma tension est 121 sur 73, je prends bien mes médicaments chaque jour.""
""Bonjour, ma tension aujourd'hui est 123/78. J'ai pris mes médicaments.""
""Est-ce que je peux arrêter le traitement si je me sens bien ?""",routine,none,,,[],routine,0,5.5,120,-3.0,1.29,0,0,0,0,0,0,0,0
968,45,2026-07-28,sms,"Flags: none.
Rule default: routine.
Medicine taken at the last three contacts: yes, yes, yes.
Days since last contact: 0.
CHW notes:
""Home visit, no complaints.""
Patient messages:
""Bonjour, ma tension aujourd'hui est 123/78. J'ai pris mes médicaments.""
""Est-ce que je peux arrêter le traitement si je me sens bien ?""
""Bonjour, ma tension aujourd'hui est 118/75. J'ai pris mes médicaments.""",routine,none,,,[],routine,0,4.5,118,-5.0,0.37,0,0,0,0,0,0,0,0
969,45,2026-08-06,sms,"Flags: none.
Rule default: routine.
Medicine taken at the last three contacts: yes, yes, yes.
Days since last contact: 0.
Patient messages:
""Est-ce que je peux arrêter le traitement si je me sens bien ?""
""Bonjour, ma tension aujourd'hui est 118/75. J'ai pris mes médicaments.""
""Ma tension est 121 sur 77, je prends bien mes médicaments chaque jour.""",routine,none,,,[],routine,0,5.5,121,-2.0,-0.43,0,0,0,0,0,0,0,0
957,45,2026-08-13,chw,"Flags: none.
Rule default: routine.
Medicine taken at the last three contacts: yes, yes, yes.
Days since last contact: 0.
CHW notes:
""Home visit, no complaints.""
Patient messages:
""Est-ce que je peux arrêter le traitement si je me sens bien ?""
""Bonjour, ma tension aujourd'hui est 118/75. J'ai pris mes médicaments.""
""Ma tension est 121 sur 77, je prends bien mes médicaments chaque jour.""",routine,none,,,[],routine,0,5.5,121,-2.0,-0.37,0,0,0,0,0,0,0,0
970,45,2026-08-27,sms,"Flags: none.
Rule default: routine.
Medicine taken at the last three contacts: yes, yes, yes.
Days since last contact: 0.
CHW notes:
""Home visit, no complaints.""
Patient messages:
""Bonjour, ma tension aujourd'hui est 118/75. J'ai pris mes médicaments.""
""Ma tension est 121 sur 77, je prends bien mes médicaments chaque jour.""
""Ma tension est 117 sur 74, je prends bien mes médicaments chaque jour.""",routine,none,,,[],routine,0,4.5,117,-6.0,-0.69,0,0,0,0,0,0,0,0
950,45,2026-09-03,clinic,"Flags: none.
Rule default: routine.
Medicine taken at the last three contacts: yes, yes, yes.
Days since last contact: 0.
CHW notes:
""Home visit, no complaints.""
Patient messages:
""Bonjour, ma tension aujourd'hui est 118/75. J'ai pris mes médicaments.""
""Ma tension est 121 sur 77, je prends bien mes médicaments chaque jour.""
""Ma tension est 117 sur 74, je prends bien mes médicaments chaque jour.""",routine,none,,,[],routine,0,5.5,126,3.0,1.63,0,0,0,0,0,0,0,0
958,45,2026-09-03,chw,"Flags: none.
Rule default: routine.
Medicine taken at the last three contacts: yes, yes, yes.
Days since last contact: 0.
CHW notes:
""Home visit, no complaints.""
Patient messages:
""Bonjour, ma tension aujourd'hui est 118/75. J'ai pris mes médicaments.""
""Ma tension est 121 sur 77, je prends bien mes médicaments chaque jour.""
""Ma tension est 117 sur 74, je prends bien mes médicaments chaque jour.""",routine,none,,,[],routine,0,5.5,126,3.0,1.63,0,0,0,0,0,0,0,0
971,45,2026-09-06,sms,"Flags: none.
Rule default: routine.
Medicine taken at the last three contacts: yes, yes, yes.
Days since last contact: 0.
CHW notes:
""Home visit, no complaints.""
Patient messages:
""Ma tension est 121 sur 77, je prends bien mes médicaments chaque jour.""
""Ma tension est 117 sur 74, je prends bien mes médicaments chaque jour.""
""Bjr, tension 126 sur 76 ce matin""",routine,none,,,[],routine,0,5.5,126,3.0,1.46,0,0,0,0,0,0,0,0
972,45,2026-09-13,sms,"Flags: none.
Rule default: routine.
Medicine taken at the last three contacts: yes, yes, yes.
Days since last contact: 0.
Patient messages:
""Ma tension est 117 sur 74, je prends bien mes médicaments chaque jour.""
""Bjr, tension 126 sur 76 ce matin""
""Bonjour, ma tension aujourd'hui est 119/78. J'ai pris mes médicaments.""",routine,none,,,[],routine,0,4.5,119,-4.0,0.43,0,0,0,0,0,0,0,0
959,45,2026-09-22,chw,"Flags: none.
Rule default: routine.
Medicine taken at the last three contacts: yes, yes, yes.
Days since last contact: 0.
CHW notes:
""Home visit, no complaints.""
Patient messages:
""Bjr, tension 126 sur 76 ce matin""
""Bonjour, ma tension aujourd'hui est 119/78. J'ai pris mes médicaments.""
""Ma tension est 116 sur 70, je prends bien mes médicaments chaque jour.""",routine,none,,,[],routine,0,4.5,116,-7.0,-2.17,0,0,0,0,0,0,0,0
973,45,2026-09-22,sms,"Flags: none.
Rule default: routine.
Medicine taken at the last three contacts: yes, yes, yes.
Days since last contact: 0.
CHW notes:
""Home visit, no complaints.""
Patient messages:
""Bjr, tension 126 sur 76 ce matin""
""Bonjour, ma tension aujourd'hui est 119/78. J'ai pris mes médicaments.""
""Ma tension est 116 sur 70, je prends bien mes médicaments chaque jour.""",routine,none,,,[],routine,0,4.5,116,-7.0,-2.17,0,0,0,0,0,0,0,0
984,46,2026-04-12,sms,"Flags: none.
Rule default: routine.
Medicine taken at the last three contacts: yes.
Days since last contact: 0.
Patient messages:
""Mimi ni mzima. Presha ni 132/80, nakunywa dawa kila siku.""",routine,none,,,[],routine,0,4.0,132,0.0,0.0,0,0,0,0,0,0,0,0
976,46,2026-04-13,chw,"Flags: none.
Rule default: routine.
Medicine taken at the last three contacts: yes, yes.
Days since last contact: 0.
CHW notes:
""Patient bien, prend ses médicaments.""
Patient messages:
""Mimi ni mzima. Presha ni 132/80, nakunywa dawa kila siku.""",routine,none,,,[],routine,0,4.0,122,-5.0,-10.0,0,0,0,0,0,0,0,0
985,46,2026-04-22,sms,"Flags: none.
Rule default: routine.
Medicine taken at the last three contacts: yes, yes, yes.
Days since last contact: 0.
CHW notes:
""Patient bien, prend ses médicaments.""
Patient messages:
""Mimi ni mzima. Presha ni 132/80, nakunywa dawa kila siku.""
""Habari daktari, presha yangu ni 130 kwa 85. Nimekunywa dawa zangu.""",routine,none,,,[],routine,0,4.0,130,2.0,-1.0,0,0,0,0,0,0,0,0
974,46,2026-04-25,clinic,"Flags: none.
Rule default: routine.
Medicine taken at the last three contacts: yes, yes, yes.
Days since last contact: 0.
Patient messages:
""Mimi ni mzima. Presha ni 132/80, nakunywa dawa kila siku.""
""Habari daktari, presha yangu ni 130 kwa 85. Nimekunywa dawa zangu.""",routine,none,,,[],routine,0,4.0,134,6.0,1.4,0,0,0,0,0,0,0,0
977,46,2026-05-04,chw,"Flags: none.
Rule default: routine.
Medicine taken at the last three contacts: yes, yes, yes.
Days since last contact: 0.
CHW notes:
""Patient bien, prend ses médicaments.""
Patient messages:
""Mimi ni mzima. Presha ni 132/80, nakunywa dawa kila siku.""
""Habari daktari, presha yangu ni 130 kwa 85. Nimekunywa dawa zangu.""",routine,none,,,[],routine,0,4.0,134,6.0,1.6,0,0,0,0,0,0,0,0
986,46,2026-05-13,sms,"Flag borderline: Borderline: the readings crossed the goal 140/90 2 times in the last 6 readings: 132/80, 122/75, 130/85, 134/85, 134/92, 131/81. No threshold crossed; recheck and ask for a weekly reading.
Rule default: recheck_7_days.
Medicine taken at the last three contacts: yes, yes, yes.
Days since last contact: 0.
CHW notes:
""Patient bien, prend ses médicaments.""
Patient messages:
""Mimi ni mzima. Presha ni 132/80, nakunywa dawa kila siku.""
""Habari daktari, presha yangu ni 130 kwa 85. Nimekunywa dawa zangu.""
""Habari daktari, presha yangu ni 131 kwa 81. Nimekunywa dawa zangu.""",recheck_7_days,none,,,[],recheck_7_days,0,6.0,131,3.0,1.0,0,0,0,0,0,0,0,0
978,46,2026-05-23,chw,"Flag borderline: Borderline: 3 readings in a row in the band just under the goal 140/90 (130-139 systolic or 85-89 diastolic): 131/81, 137/87, 129/87 (2026-05-13 to 2026-05-23). No threshold crossed; recheck and ask for a weekly reading.
Rule default: recheck_7_days.
Medicine taken at the last three contacts: yes, yes, yes.
Days since last contact: 0.
CHW notes:
""Patient well, taking medicine.""
Patient messages:
""Habari daktari, presha yangu ni 130 kwa 85. Nimekunywa dawa zangu.""
""Habari daktari, presha yangu ni 131 kwa 81. Nimekunywa dawa zangu.""
""Mimi ni mzima. Presha ni 129/87, nakunywa dawa kila siku.""",recheck_7_days,none,,,[],recheck_7_days,0,6.0,129,1.0,0.03,0,0,0,0,0,0,0,0
987,46,2026-05-23,sms,"Flag borderline: Borderline: 3 readings in a row in the band just under the goal 140/90 (130-139 systolic or 85-89 diastolic): 131/81, 137/87, 129/87 (2026-05-13 to 2026-05-23). No threshold crossed; recheck and ask for a weekly reading.
Rule default: recheck_7_days.
Medicine taken at the last three contacts: yes, yes, yes.
Days since last contact: 0.
CHW notes:
""Patient well, taking medicine.""
Patient messages:
""Habari daktari, presha yangu ni 130 kwa 85. Nimekunywa dawa zangu.""
""Habari daktari, presha yangu ni 131 kwa 81. Nimekunywa dawa zangu.""
""Mimi ni mzima. Presha ni 129/87, nakunywa dawa kila siku.""",recheck_7_days,none,,,[],recheck_7_days,0,6.0,129,1.0,0.03,0,0,0,0,0,0,0,0
988,46,2026-06-02,sms,"Flag borderline: Borderline: 3 readings in a row in the band just under the goal 140/90 (130-139 systolic or 85-89 diastolic): 131/81, 137/87, 129/87 (2026-05-13 to 2026-05-23). No threshold crossed; recheck and ask for a weekly reading.
Rule default: recheck_7_days.
Medicine taken at the last three contacts: yes, yes, yes.
Days since last contact: 0.
Patient messages:
""Habari daktari, presha yangu ni 131 kwa 81. Nimekunywa dawa zangu.""
""Mimi ni mzima. Presha ni 129/87, nakunywa dawa kila siku.""
""128/81 leo. Asante""",recheck_7_days,none,,,[],recheck_7_days,0,6.0,128,0.0,-1.11,0,0,0,0,0,0,0,0
979,46,2026-06-08,chw,"Flag borderline: Borderline: 3 readings in a row in the band just under the goal 140/90 (130-139 systolic or 85-89 diastolic): 131/81, 137/87, 129/87 (2026-05-13 to 2026-05-23). No threshold crossed; recheck and ask for a weekly reading.
Rule default: recheck_7_days.
Medicine taken at the last three contacts: yes, yes, yes.
Days since last contact: 0.
CHW notes:
""Home visit, no complaints.""
Patient messages:
""Habari daktari, presha yangu ni 131 kwa 81. Nimekunywa dawa zangu.""
""Mimi ni mzima. Presha ni 129/87, nakunywa dawa kila siku.""
""128/81 leo. Asante""",recheck_7_days,none,,,[],recheck_7_days,0,6.0,132,4.0,-0.77,0,0,0,0,0,0,0,0
989,46,2026-06-09,sms,"Flag borderline: Borderline: 3 readings in a row in the band just under the goal 140/90 (130-139 systolic or 85-89 diastolic): 131/81, 137/87, 129/87 (2026-05-13 to 2026-05-23). No threshold crossed; recheck and ask for a weekly reading.
Rule default: recheck_7_days.
Medicine taken at the last three contacts: partial, yes, yes.
Days since last contact: 0.
CHW notes:
""Home visit, no complaints.""
Patient messages:
""Mimi ni mzima. Presha ni 129/87, nakunywa dawa kila siku.""
""128/81 leo. Asante""
""Pressure yangu ni 137/87, nimekunywa nusu dozi kwa sababu dawa zinakaribia kuisha.""",recheck_7_days,up,note,"missed_meds (generator note or message): Pressure yangu ni 137/87, nimekunywa nusu dozi kwa sababu dawa zinakaribia kuisha.",[],visit_this_week,0,8.0,137,9.0,0.4,0,0,0,2,0,0,0,0
990,46,2026-06-22,sms,"Flag borderline: Borderline: 3 readings in a row in the band just under the goal 140/90 (130-139 systolic or 85-89 diastolic): 132/81, 137/87, 128/86 (2026-06-08 to 2026-06-22). No threshold crossed; recheck and ask for a weekly reading.
Rule default: recheck_7_days.
Medicine taken at the last three contacts: yes, partial, yes.
Days since last contact: 0.
Patient messages:
""128/81 leo. Asante""
""Pressure yangu ni 137/87, nimekunywa nusu dozi kwa sababu dawa zinakaribia kuisha.""
""Habari daktari, presha yangu ni 128 kwa 86. Nimekunywa dawa zangu.""",recheck_7_days,up,note,"missed_meds (generator note or message): Pressure yangu ni 137/87, nimekunywa nusu dozi kwa sababu dawa zinakaribia kuisha.",[],visit_this_week,0,6.0,128,0.0,-0.49,0,0,0,0,0,0,0,0
980,46,2026-07-04,chw,"Flag borderline: Borderline: 3 readings in a row in the band just under the goal 140/90 (130-139 systolic or 85-89 diastolic): 132/81, 137/87, 128/86 (2026-06-08 to 2026-06-22). No threshold crossed; recheck and ask for a weekly reading.
Rule default: recheck_7_days.
Medicine taken at the last three contacts: yes, yes, partial.
Days since last contact: 0.
CHW notes:
""Home visit, no complaints.""
Patient messages:
""128/81 leo. Asante""
""Pressure yangu ni 137/87, nimekunywa nusu dozi kwa sababu dawa zinakaribia kuisha.""
""Habari daktari, presha yangu ni 128 kwa 86. Nimekunywa dawa zangu.""",recheck_7_days,up,note,"missed_meds (generator note or message): Pressure yangu ni 137/87, nimekunywa nusu dozi kwa sababu dawa zinakaribia kuisha.",[],visit_this_week,0,6.0,125,-3.0,-0.43,0,0,0,0,0,0,0,0
991,46,2026-07-06,sms,"Flag borderline: Borderline: 3 readings in a row in the band just under the goal 140/90 (130-139 systolic or 85-89 diastolic): 132/81, 137/87, 128/86 (2026-06-08 to 2026-06-22). No threshold crossed; recheck and ask for a weekly reading.
Rule default: recheck_7_days.
Medicine taken at the last three contacts: yes, yes, partial.
Days since last contact: 0.
CHW notes:
""Home visit, no complaints.""
Patient messages:
""Pressure yangu ni 137/87, nimekunywa nusu dozi kwa sababu dawa zinakaribia kuisha.""
""Habari daktari, presha yangu ni 128 kwa 86. Nimekunywa dawa zangu.""
""127/81 leo. Asante""",recheck_7_days,up,note,"missed_meds (generator note or message): Pressure yangu ni 137/87, nimekunywa nusu dozi kwa sababu dawa zinakaribia kuisha.",[],visit_this_week,0,6.0,127,-1.0,-1.0,0,0,0,0,0,0,0,0
981,46,2026-07-22,chw,"Flag borderline: Borderline: 3 readings in a row in the band just under the goal 140/90 (130-139 systolic or 85-89 diastolic): 132/81, 137/87, 128/86 (2026-06-08 to 2026-06-22). No threshold crossed; recheck and ask for a weekly reading.
Rule default: recheck_7_days.
Medicine taken at the last three contacts: yes, yes, yes.
Days since last contact: 0.
CHW notes:
""Home visit, no complaints.""
Patient messages:
""Habari daktari, presha yangu ni 128 kwa 86. Nimekunywa dawa zangu.""
""127/81 leo. Asante""
""Asante sana kwa ujumbe.""",recheck_7_days,none,,,[],recheck_7_days,0,6.0,133,5.0,-0.8,0,0,0,0,0,0,0,0
992,46,2026-07-23,sms,"Flags: none.
Rule default: routine.
Medicine taken at the last three contacts: yes, yes, yes.
Days since last contact: 0.
CHW notes:
""Home visit, no complaints.""
Patient messages:
""127/81 leo. Asante""
""Asante sana kwa ujumbe.""
""Shikamoo. Nimepima leo 132/84, dawa nimekunywa asubuhi.""",routine,none,,,[],routine,0,4.0,132,4.0,-0.23,0,0,0,0,0,0,0,0
975,46,2026-07-24,clinic,"Flags: none.
Rule default: routine.
Medicine taken at the last three contacts: yes, yes, yes.
Days since last contact: 0.
Patient messages:
""127/81 leo. Asante""
""Asante sana kwa ujumbe.""
""Shikamoo. Nimepima leo 132/84, dawa nimekunywa asubuhi.""",routine,none,,,[],routine,0,3.0,118,-10.0,-0.66,0,0,0,0,0,0,0,0
993,46,2026-07-30,sms,"Flags: none.
Rule default: routine.
Medicine taken at the last three contacts: yes, yes, yes.
Days since last contact: 0.
Patient messages:
""Asante sana kwa ujumbe.""
""Shikamoo. Nimepima leo 132/84, dawa nimekunywa asubuhi.""
""Habari daktari, presha yangu ni 138 kwa 89. Nimekunywa dawa zangu.""",routine,none,,,[],routine,0,6.0,138,10.0,1.06,0,0,0,0,0,0,0,2
994,46,2026-08-08,sms,"Flags: none.
Rule default: routine.
Medicine taken at the last three contacts: yes, yes, yes.
Days since last contact: 0.
Patient messages:
""Shikamoo. Nimepima leo 132/84, dawa nimekunywa asubuhi.""
""Habari daktari, presha yangu ni 138 kwa 89. Nimekunywa dawa zangu.""
""Shikamoo. Nimepima leo 140/86, dawa nimekunywa asubuhi.""",routine,none,,,[],routine,1,7.5,140,12.0,1.89,0,0,0,0,0,0,0,2
982,46,2026-08-18,chw,"Flag trend: Trend rule: each of the last 3 readings (138, 140, 148, 2026-07-30 to 2026-08-18) is at least 10 mmHg above the baseline of 128 (baseline = first 3 readings).
Rule default: recheck_7_days.
Medicine taken at the last three contacts: yes, yes, yes.
Days since last contact: 0.
CHW notes:
""Home visit, no complaints.""
Patient messages:
""Shikamoo. Nimepima leo 132/84, dawa nimekunywa asubuhi.""
""Habari daktari, presha yangu ni 138 kwa 89. Nimekunywa dawa zangu.""
""Shikamoo. Nimepima leo 140/86, dawa nimekunywa asubuhi.""",recheck_7_days,none,,,[],recheck_7_days,1,10.5,148,20.0,3.4,0,3,0,0,0,0,0,2
995,46,2026-08-21,sms,"Flag trend: Trend rule: each of the last 3 readings (140, 148, 154, 2026-08-08 to 2026-08-21) is at least 10 mmHg above the baseline of 128; and the last 4 readings (2026-07-30 to 2026-08-21) average 145, 17 mmHg above the baseline of 128 (rule: at least 15 mmHg over 4 readings) (baseline = first 3 readings).
Rule default: recheck_7_days.
Medicine taken at the last three contacts: yes, yes, yes.
Days since last contact: 0.
CHW notes:
""Home visit, no complaints.""
Patient messages:
""Habari daktari, presha yangu ni 138 kwa 89. Nimekunywa dawa zangu.""
""Shikamoo. Nimepima leo 140/86, dawa nimekunywa asubuhi.""
""Habari daktari, presha yangu ni 154 kwa 94. Nimekunywa dawa zangu.""",recheck_7_days,none,,,[],recheck_7_days,1,10.5,154,26.0,5.77,0,3,0,0,0,0,0,2
996,46,2026-08-30,sms,"Flag threshold: Latest BP 161/101 on 2026-08-30 is at or above the 'grade2' cut-off (160/100).
Flag trend: Trend rule: each of the last 3 readings (148, 154, 161, 2026-08-18 to 2026-08-30) is at least 10 mmHg above the baseline of 128; and the last 4 readings (2026-08-08 to 2026-08-30) average 151, 23 mmHg above the baseline of 128 (rule: at least 15 mmHg over 4 readings) (baseline = first 3 readings).
Rule default: visit_this_week.
Medicine taken at the last three contacts: partial, yes, yes.
Days since last contact: 0.
Patient messages:
""Habari daktari, presha yangu ni 154 kwa 94. Nimekunywa dawa zangu.""
""Sawa, nimeelewa.""
""Nimepima dispensari 161/101. Nimekunywa dawa moja tu kati ya mbili.""",visit_this_week,up,note,missed_meds (generator note or message): Nimepima dispensari 161/101. Nimekunywa dawa moja tu kati ya mbili.,[],refer_clinic,1,18.0,161,33.0,7.74,4,3,0,2,0,0,0,2
1000,46,2026-09-04,chw,"Flag threshold: Latest BP 164/97 on 2026-09-04 is at or above the 'grade2' cut-off (160/100).
Flag trend: Trend rule: each of the last 3 readings (154, 161, 164, 2026-08-21 to 2026-09-04) is at least 10 mmHg above the baseline of 128; and the last 4 readings (2026-08-18 to 2026-09-04) average 157, 29 mmHg above the baseline of 128 (rule: at least 15 mmHg over 4 readings) (baseline = first 3 readings).
Rule default: visit_this_week.
Medicine taken at the last three contacts: partial, partial, yes.
Days since last contact: 0.
CHW notes:
""Patient complains of headache.""
Patient messages:
""Habari daktari, presha yangu ni 154 kwa 94. Nimekunywa dawa zangu.""
""Sawa, nimeelewa.""
""Nimepima dispensari 161/101. Nimekunywa dawa moja tu kati ya mbili.""",visit_this_week,up,note,missed_meds (generator note or message): Nimepima dispensari 161/101. Nimekunywa dawa moja tu kati ya mbili.,[],refer_clinic,1,18.0,164,36.0,5.69,4,3,0,2,0,0,0,2
997,46,2026-09-10,sms,"Flag trend: Trend rule: the last 4 readings (2026-08-21 to 2026-09-10) average 152, 24 mmHg above the baseline of 128 (rule: at least 15 mmHg over 4 readings) (baseline = first 3 readings).
Rule default: recheck_7_days.
Medicine taken at the last three contacts: yes, partial, partial.
Days since last contact: 0.
CHW notes:
""Patient complains of headache.""
Patient messages:
""Sawa, nimeelewa.""
""Nimepima dispensari 161/101. Nimekunywa dawa moja tu kati ya mbili.""
""Habari daktari, presha yangu ni 129 kwa 82. Nimekunywa dawa zangu.""",recheck_7_days,up,note,missed_meds (generator note or message): Nimepima dispensari 161/101. Nimekunywa dawa moja tu kati ya mbili.,[],visit_this_week,0,9.0,129,1.0,0.0,0,3,0,0,0,0,0,2
983,46,2026-09-11,chw,"Flag trend: Trend rule: the last 4 readings (2026-08-30 to 2026-09-11) average 147, 19 mmHg above the baseline of 128 (rule: at least 15 mmHg over 4 readings) (baseline = first 3 readings).
Rule default: recheck_7_days.
Medicine taken at the last three contacts: yes, yes, partial.
Days since last contact: 0.
CHW notes:
""Patient bien, prend ses médicaments.""
Patient messages:
""Nimepima dispensari 161/101. Nimekunywa dawa moja tu kati ya mbili.""
""Habari daktari, presha yangu ni 129 kwa 82. Nimekunywa dawa zangu.""
""Sawa, nimeelewa.""",recheck_7_days,up,note,missed_meds (generator note or message): Nimepima dispensari 161/101. Nimekunywa dawa moja tu kati ya mbili.,[],visit_this_week,0,9.0,134,6.0,-4.06,0,3,0,0,0,0,0,2
998,46,2026-09-18,sms,"Flags: none.
Rule default: routine.
Medicine taken at the last three contacts: yes, yes, yes.
Days since last contact: 0.
CHW notes:
""Patient bien, prend ses médicaments.""
Patient messages:
""Habari daktari, presha yangu ni 129 kwa 82. Nimekunywa dawa zangu.""
""Sawa, nimeelewa.""
""Mimi ni mzima. Presha ni 134/87, nakunywa dawa kila siku.""",routine,none,,,[],routine,0,6.0,134,6.0,-6.17,0,0,0,0,0,0,0,2
999,46,2026-09-28,sms,"Flags: none.
Rule default: routine.
Medicine taken at the last three contacts: yes, yes, yes.
Days since last contact: 0.
Patient messages:
""Sawa, nimeelewa.""
""Mimi ni mzima. Presha ni 134/87, nakunywa dawa kila siku.""
""Shikamoo. Nimepima leo 127/81, dawa nimekunywa asubuhi.""",routine,none,,,[],routine,0,6.0,127,-1.0,-7.29,0,0,0,0,0,0,0,2
1001,47,2026-04-10,clinic,"Flags: none.
Rule default: routine.
Medicine taken at the last three contacts: yes.
Days since last contact: 0.",routine,none,,,[],routine,0,5.5,135,0.0,0.0,0,0,0,0,0,0,0,0
1013,47,2026-04-13,sms,"Flags: none.
Rule default: routine.
Medicine taken at the last three contacts: yes, yes.
Days since last contact: 0.
Patient messages:
""Shikamoo. Nimepima leo 136/86, dawa nimekunywa asubuhi.""",routine,none,,,[],routine,0,5.5,136,0.5,1.0,0,0,0,0,0,0,0,0
1004,47,2026-04-17,chw,"Flags: none.
Rule default: routine.
Medicine taken at the last three contacts: yes, yes, yes.
Days since last contact: 0.
CHW notes:
""Mgonjwa yuko sawa, anakunywa dawa.""
Patient messages:
""Shikamoo. Nimepima leo 136/86, dawa nimekunywa asubuhi.""",routine,none,,,[],routine,0,5.5,126,-6.3,-4.5,0,0,0,0,0,0,0,0
1014,47,2026-04-22,sms,"Flags: none.
Rule default: routine.
Medicine taken at the last three contacts: yes, yes, yes.
Days since last contact: 0.
CHW notes:
""Mgonjwa yuko sawa, anakunywa dawa.""
Patient messages:
""Shikamoo. Nimepima leo 136/86, dawa nimekunywa asubuhi.""
""Mimi ni mzima. Presha ni 133/88, nakunywa dawa kila siku.""",routine,none,,,[],routine,0,5.5,133,0.7,-1.6,0,0,0,0,0,0,0,0
1005,47,2026-05-06,chw,"Flags: none.
Rule default: routine.
Medicine taken at the last three contacts: yes, yes, yes.
Days since last contact: 0.
CHW notes:
""Home visit, no complaints.""
Patient messages:
""Shikamoo. Nimepima leo 136/86, dawa nimekunywa asubuhi.""
""Mimi ni mzima. Presha ni 133/88, nakunywa dawa kila siku.""",routine,none,,,[],routine,0,5.5,128,-4.3,-1.7,0,0,0,0,0,0,0,0
1015,47,2026-05-11,sms,"Flags: none.
Rule default: routine.
Medicine taken at the last three contacts: yes, yes, yes.
Days since last contact: 0.
CHW notes:
""Home visit, no complaints.""
Patient messages:
""Shikamoo. Nimepima leo 136/86, dawa nimekunywa asubuhi.""
""Mimi ni mzima. Presha ni 133/88, nakunywa dawa kila siku.""
""Habari daktari, presha yangu ni 131 kwa 85. Nimekunywa dawa zangu.""",routine,none,,,[],routine,0,5.5,131,-1.3,-1.06,0,0,0,0,0,0,0,0
1016,47,2026-05-31,sms,"Flags: none.
Rule default: routine.
Medicine taken at the last three contacts: yes, yes, yes.
Days since last contact: 0.
Patient messages:
""Mimi ni mzima. Presha ni 133/88, nakunywa dawa kila siku.""
""Habari daktari, presha yangu ni 131 kwa 85. Nimekunywa dawa zangu.""
""Mimi ni mzima. Presha ni 138/87, nakunywa dawa kila siku.""",routine,none,,,[],routine,0,5.5,138,5.7,0.57,0,0,0,0,0,0,0,0
1006,47,2026-06-03,chw,"Flag borderline: Borderline: 3 readings in a row in the band just under the goal 140/90 (130-139 systolic or 85-89 diastolic): 131/85, 138/87, 133/87 (2026-05-11 to 2026-06-03). No threshold crossed; recheck and ask for a weekly reading.
Rule default: recheck_7_days.
Medicine taken at the last three contacts: yes, yes, yes.
Days since last contact: 0.
CHW notes:
""Mgonjwa yuko sawa, anakunywa dawa.""
Patient messages:
""Mimi ni mzima. Presha ni 133/88, nakunywa dawa kila siku.""
""Habari daktari, presha yangu ni 131 kwa 85. Nimekunywa dawa zangu.""
""Mimi ni mzima. Presha ni 138/87, nakunywa dawa kila siku.""",recheck_7_days,none,,,[],recheck_7_days,0,7.5,133,0.7,1.51,0,0,0,0,0,0,0,0
1002,47,2026-06-16,clinic,"Flag borderline: Borderline: 4 readings in a row in the band just under the goal 140/90 (130-139 systolic or 85-89 diastolic): 131/85, 138/87, 133/87, 134/89 (2026-05-11 to 2026-06-16). No threshold crossed; recheck and ask for a weekly reading.
Rule default: recheck_7_days.
Medicine taken at the last three contacts: partial, yes, yes.
Days since last contact: 0.
CHW notes:
""Mgonjwa yuko sawa, anakunywa dawa.""
Patient messages:
""Mimi ni mzima. Presha ni 133/88, nakunywa dawa kila siku.""
""Habari daktari, presha yangu ni 131 kwa 85. Nimekunywa dawa zangu.""
""Mimi ni mzima. Presha ni 138/87, nakunywa dawa kila siku.""",recheck_7_days,none,,,[],recheck_7_days,0,9.5,134,1.7,0.77,0,0,0,2,0,0,0,0
1007,47,2026-06-17,chw,"Flag borderline: Borderline: 4 readings in a row in the band just under the goal 140/90 (130-139 systolic or 85-89 diastolic): 131/85, 138/87, 133/87, 134/89 (2026-05-11 to 2026-06-16). No threshold crossed; recheck and ask for a weekly reading.
Rule default: recheck_7_days.
Medicine taken at the last three contacts: yes, partial, yes.
Days since last contact: 0.
CHW notes:
""Home visit, no complaints.""
Patient messages:
""Mimi ni mzima. Presha ni 133/88, nakunywa dawa kila siku.""
""Habari daktari, presha yangu ni 131 kwa 85. Nimekunywa dawa zangu.""
""Mimi ni mzima. Presha ni 138/87, nakunywa dawa kila siku.""",recheck_7_days,none,,,[],recheck_7_days,0,7.5,127,-5.3,-0.03,0,0,0,0,0,0,0,0
1017,47,2026-06-21,sms,"Flag borderline: Borderline: 4 readings in a row in the band just under the goal 140/90 (130-139 systolic or 85-89 diastolic): 131/85, 138/87, 133/87, 134/89 (2026-05-11 to 2026-06-16). No threshold crossed; recheck and ask for a weekly reading.
Rule default: recheck_7_days.
Medicine taken at the last three contacts: partial, yes, partial.
Days since last contact: 0.
CHW notes:
""Home visit, no complaints.""
Patient messages:
""Habari daktari, presha yangu ni 131 kwa 85. Nimekunywa dawa zangu.""
""Mimi ni mzima. Presha ni 138/87, nakunywa dawa kila siku.""
""Pressure yangu ni 135/88, nimekunywa nusu dozi kwa sababu dawa zinakaribia kuisha.""",recheck_7_days,up,note,"missed_meds (generator note or message): Pressure yangu ni 135/88, nimekunywa nusu dozi kwa sababu dawa zinakaribia kuisha.","[{""code"": ""lives_alone"", ""quote"": ""Vit seule""}, {""code"": ""cannot_read"", ""quote"": ""ne sait pas lire""}]",visit_this_week,0,9.5,135,2.7,-0.34,0,0,0,2,0,0,0,0
1018,47,2026-07-02,sms,"Flag borderline: Borderline: 3 readings in a row in the band just under the goal 140/90 (130-139 systolic or 85-89 diastolic): 138/87, 133/87, 134/89 (2026-05-31 to 2026-06-16). No threshold crossed; recheck and ask for a weekly reading.
Rule default: recheck_7_days.
Medicine taken at the last three contacts: yes, partial, yes.
Days since last contact: 0.
Patient messages:
""Mimi ni mzima. Presha ni 138/87, nakunywa dawa kila siku.""
""Pressure yangu ni 135/88, nimekunywa nusu dozi kwa sababu dawa zinakaribia kuisha.""
""Mimi ni mzima. Presha ni 131/87, nakunywa dawa kila siku.""",recheck_7_days,up,note,"missed_meds (generator note or message): Pressure yangu ni 135/88, nimekunywa nusu dozi kwa sababu dawa zinakaribia kuisha.","[{""code"": ""lives_alone"", ""quote"": ""Vit seule""}, {""code"": ""cannot_read"", ""quote"": ""ne sait pas lire""}]",visit_this_week,0,7.5,131,-1.3,-1.03,0,0,0,0,0,0,0,0
1019,47,2026-07-09,sms,"Flag borderline: Borderline: 3 readings in a row in the band just under the goal 140/90 (130-139 systolic or 85-89 diastolic): 135/88, 131/87, 134/89 (2026-06-21 to 2026-07-09). No threshold crossed; recheck and ask for a weekly reading.
Rule default: recheck_7_days.
Medicine taken at the last three contacts: yes, partial, yes.
Days since last contact: 0.
Patient messages:
""Pressure yangu ni 135/88, nimekunywa nusu dozi kwa sababu dawa zinakaribia kuisha.""
""Mimi ni mzima. Presha ni 131/87, nakunywa dawa kila siku.""
""presha leo 134/89""",recheck_7_days,up,note,"missed_meds (generator note or message): Pressure yangu ni 135/88, nimekunywa nusu dozi kwa sababu dawa zinakaribia kuisha.","[{""code"": ""lives_alone"", ""quote"": ""Vit seule""}, {""code"": ""cannot_read"", ""quote"": ""ne sait pas lire""}]",visit_this_week,0,7.5,134,1.7,0.11,0,0,0,0,0,0,0,0
1008,47,2026-07-10,chw,"Flag borderline: Borderline: 4 readings in a row in the band just under the goal 140/90 (130-139 systolic or 85-89 diastolic): 135/88, 131/87, 134/89, 139/88 (2026-06-21 to 2026-07-10). No threshold crossed; recheck and ask for a weekly reading.
Rule default: recheck_7_days.
Medicine taken at the last three contacts: yes, yes, partial.
Days since last contact: 0.
CHW notes:
""Mgonjwa yuko sawa, anakunywa dawa.""
Patient messages:
""Mimi ni mzima. Presha ni 131/87, nakunywa dawa kila siku.""
""presha leo 134/89""
""Dawa hii inanifanya nikojoe sana, ni kawaida?""",recheck_7_days,none,,,[],recheck_7_days,0,7.5,139,6.7,1.2,0,0,0,0,0,0,0,0
1020,47,2026-07-22,sms,"Flag borderline: Borderline: 4 readings in a row in the band just under the goal 140/90 (130-139 systolic or 85-89 diastolic): 135/88, 131/87, 134/89, 139/88 (2026-06-21 to 2026-07-10). No threshold crossed; recheck and ask for a weekly reading.
Rule default: recheck_7_days.
Medicine taken at the last three contacts: yes, yes, yes.
Days since last contact: 0.
CHW notes:
""Mgonjwa yuko sawa, anakunywa dawa.""
Patient messages:
""presha leo 134/89""
""Dawa hii inanifanya nikojoe sana, ni kawaida?""
""Mimi ni mzima. Presha ni 133/91, nakunywa dawa kila siku.""",recheck_7_days,none,,,[],recheck_7_days,0,7.5,133,0.7,1.29,0,0,0,0,0,0,0,0
1009,47,2026-07-31,chw,"Flag borderline: Borderline: 4 readings in a row in the band just under the goal 140/90 (130-139 systolic or 85-89 diastolic): 135/88, 131/87, 134/89, 139/88 (2026-06-21 to 2026-07-10). No threshold crossed; recheck and ask for a weekly reading.
Rule default: recheck_7_days.
Medicine taken at the last three contacts: partial, yes, yes.
Days since last contact: 0.
CHW notes:
""Patient bien, prend ses médicaments.""
Patient messages:
""presha leo 134/89""
""Dawa hii inanifanya nikojoe sana, ni kawaida?""
""Mimi ni mzima. Presha ni 133/91, nakunywa dawa kila siku.""",recheck_7_days,none,,,[],recheck_7_days,0,9.5,135,2.7,0.31,0,0,0,2,0,0,0,0
1021,47,2026-08-09,sms,"Flag borderline: Borderline: 3 readings in a row in the band just under the goal 140/90 (130-139 systolic or 85-89 diastolic): 131/87, 134/89, 139/88 (2026-07-02 to 2026-07-10). No threshold crossed; recheck and ask for a weekly reading.
Rule default: recheck_7_days.
Medicine taken at the last three contacts: partial, yes, yes.
Days since last contact: 0.
CHW notes:
""Patient bien, prend ses médicaments.""
Patient messages:
""Dawa hii inanifanya nikojoe sana, ni kawaida?""
""Mimi ni mzima. Presha ni 133/91, nakunywa dawa kila siku.""
""135/84 leo. Asante""",recheck_7_days,none,,,[],recheck_7_days,0,7.5,135,2.7,0.49,0,0,0,0,0,0,0,0
1010,47,2026-08-26,chw,"Flag borderline: Borderline: 3 readings in a row in the band just under the goal 140/90 (130-139 systolic or 85-89 diastolic): 135/88, 135/84, 133/79 (2026-07-31 to 2026-08-26). No threshold crossed; recheck and ask for a weekly reading.
Rule default: recheck_7_days.
Medicine taken at the last three contacts: yes, partial, yes.
Days since last contact: 0.
CHW notes:
""Home visit, no complaints.""
Patient messages:
""Dawa hii inanifanya nikojoe sana, ni kawaida?""
""Mimi ni mzima. Presha ni 133/91, nakunywa dawa kila siku.""
""135/84 leo. Asante""",recheck_7_days,none,,,[],recheck_7_days,0,7.5,133,0.7,-0.43,0,0,0,0,0,0,0,0
1022,47,2026-08-27,sms,"Flag borderline: Borderline: 3 readings in a row in the band just under the goal 140/90 (130-139 systolic or 85-89 diastolic): 135/88, 135/84, 133/79 (2026-07-31 to 2026-08-26). No threshold crossed; recheck and ask for a weekly reading.
Rule default: recheck_7_days.
Medicine taken at the last three contacts: yes, partial, yes.
Days since last contact: 0.
CHW notes:
""Home visit, no complaints.""
Patient messages:
""Mimi ni mzima. Presha ni 133/91, nakunywa dawa kila siku.""
""135/84 leo. Asante""
""presha leo 138/90""",recheck_7_days,none,,,[],recheck_7_days,0,7.5,138,5.7,-0.14,0,0,0,0,0,0,0,0
1003,47,2026-09-02,clinic,"Flag borderline: Borderline: 3 readings in a row in the band just under the goal 140/90 (130-139 systolic or 85-89 diastolic): 135/88, 135/84, 133/79 (2026-07-31 to 2026-08-26). No threshold crossed; recheck and ask for a weekly reading.
Rule default: recheck_7_days.
Medicine taken at the last three contacts: partial, yes, partial.
Days since last contact: 0.
Patient messages:
""Mimi ni mzima. Presha ni 133/91, nakunywa dawa kila siku.""
""135/84 leo. Asante""
""presha leo 138/90""",recheck_7_days,none,,,[],recheck_7_days,0,9.5,136,3.7,0.63,0,0,0,2,0,0,0,0
1023,47,2026-09-11,sms,"Flag borderline: Borderline: 3 readings in a row in the band just under the goal 140/90 (130-139 systolic or 85-89 diastolic): 135/88, 135/84, 133/79 (2026-07-31 to 2026-08-26). No threshold crossed; recheck and ask for a weekly reading.
Rule default: recheck_7_days.
Medicine taken at the last three contacts: partial, partial, yes.
Days since last contact: 0.
Patient messages:
""135/84 leo. Asante""
""presha leo 138/90""
""Nimepima dispensari 137/87. Nimekunywa dawa moja tu kati ya mbili.""",recheck_7_days,up,note,missed_meds (generator note or message): Nimepima dispensari 137/87. Nimekunywa dawa moja tu kati ya mbili.,"[{""code"": ""lives_alone"", ""quote"": ""Vit seule""}, {""code"": ""cannot_read"", ""quote"": ""ne sait pas lire""}]",visit_this_week,0,9.5,137,4.7,0.51,0,0,0,2,0,0,0,0
1011,47,2026-09-12,chw,"Flag borderline: Borderline: the readings crossed the goal 140/90 3 times in the last 6 readings: 135/84, 133/79, 138/90, 136/80, 137/87, 136/90. No threshold crossed; recheck and ask for a weekly reading.
Rule default: recheck_7_days.
Medicine taken at the last three contacts: yes, partial, partial.
Days since last contact: 0.
CHW notes:
""Mgonjwa yuko sawa, anakunywa dawa.""
Patient messages:
""presha leo 138/90""
""Nimepima dispensari 137/87. Nimekunywa dawa moja tu kati ya mbili.""
""Je, niendelee kunywa dawa hata kama najisikia vizuri?""",recheck_7_days,up,note,missed_meds (generator note or message): Nimepima dispensari 137/87. Nimekunywa dawa moja tu kati ya mbili.,"[{""code"": ""lives_alone"", ""quote"": ""Vit seule""}, {""code"": ""cannot_read"", ""quote"": ""ne sait pas lire""}]",visit_this_week,0,7.5,136,3.7,0.43,0,0,0,0,0,0,0,0
1024,47,2026-09-18,sms,"Flag borderline: Borderline: the readings crossed the goal 140/90 3 times in the last 6 readings: 133/79, 138/90, 136/80, 137/87, 136/90, 135/90. No threshold crossed; recheck and ask for a weekly reading.
Rule default: recheck_7_days.
Medicine taken at the last three contacts: yes, yes, partial.
Days since last contact: 0.
CHW notes:
""Mgonjwa yuko sawa, anakunywa dawa.""
Patient messages:
""Nimepima dispensari 137/87. Nimekunywa dawa moja tu kati ya mbili.""
""Je, niendelee kunywa dawa hata kama najisikia vizuri?""
""Mimi ni mzima. Presha ni 135/90, nakunywa dawa kila siku.""",recheck_7_days,up,note,missed_meds (generator note or message): Nimepima dispensari 137/87. Nimekunywa dawa moja tu kati ya mbili.,"[{""code"": ""lives_alone"", ""quote"": ""Vit seule""}, {""code"": ""cannot_read"", ""quote"": ""ne sait pas lire""}]",visit_this_week,0,7.5,135,2.7,0.14,0,0,0,0,0,0,0,0
1025,47,2026-09-28,sms,"Flag borderline: Borderline: the readings crossed the goal 140/90 3 times in the last 6 readings: 138/90, 136/80, 137/87, 136/90, 135/90, 128/82. No threshold crossed; recheck and ask for a weekly reading.
Rule default: recheck_7_days.
Medicine taken at the last three contacts: yes, yes, yes.
Days since last contact: 0.
Patient messages:
""Je, niendelee kunywa dawa hata kama najisikia vizuri?""
""Mimi ni mzima. Presha ni 135/90, nakunywa dawa kila siku.""
""Habari daktari, presha yangu ni 128 kwa 82. Nimekunywa dawa zangu.""",recheck_7_days,none,,,[],recheck_7_days,0,7.5,128,-4.3,-1.54,0,0,0,0,0,0,0,0
1712,47,2026-10-01,chw,"Flag borderline: Borderline: the readings crossed the goal 140/90 2 times in the last 6 readings: 136/80, 137/87, 136/90, 135/90, 128/82, 132/82. No threshold crossed; recheck and ask for a weekly reading.
Flag symptom: Symptom 'headache' reported on 2026-10-01; latest BP 132/82 is under the goal 140/90 (bp_goal).
Rule default: recheck_7_days.
Medicine taken at the last three contacts: yes, yes, yes.
Days since last contact: 0.
CHW notes:
""Vit seule, ne sait pas lire, n'utilise pas les SMS.""
Patient messages:
""Je, niendelee kunywa dawa hata kama najisikia vizuri?""
""Mimi ni mzima. Presha ni 135/90, nakunywa dawa kila siku.""
""Habari daktari, presha yangu ni 128 kwa 82. Nimekunywa dawa zangu.""",recheck_7_days,up,case,"lives_alone: Vit seule, ne sait pas lire, n'utilise pas les SMS.","[{""code"": ""lives_alone"", ""quote"": ""Vit seule""}, {""code"": ""cannot_read"", ""quote"": ""ne sait pas lire""}]",visit_this_week,0,17.5,132,-0.3,-1.37,0,0,10,0,0,0,0,0
1012,47,2026-10-02,chw,"Flag borderline: Borderline: the readings crossed the goal 140/90 3 times in the last 6 readings: 137/87, 136/90, 135/90, 128/82, 132/82, 141/90. No threshold crossed; recheck and ask for a weekly reading.
Rule default: recheck_7_days.
Medicine taken at the last three contacts: partial, yes, yes.
Days since last contact: 0.
CHW notes:
""Vit seule, ne sait pas lire, n'utilise pas les SMS.""
""Amesahau dawa siku kadhaa.""
Patient messages:
""Je, niendelee kunywa dawa hata kama najisikia vizuri?""
""Mimi ni mzima. Presha ni 135/90, nakunywa dawa kila siku.""
""Habari daktari, presha yangu ni 128 kwa 82. Nimekunywa dawa zangu.""",recheck_7_days,up,note,missed_meds (generator note or message): Amesahau dawa siku kadhaa.,"[{""code"": ""lives_alone"", ""quote"": ""Vit seule""}, {""code"": ""cannot_read"", ""quote"": ""ne sait pas lire""}]",visit_this_week,0,11.0,141,8.7,0.03,0,0,0,2,0,0,0,0
1029,48,2026-04-11,chw,"Flags: none.
Rule default: routine.
Medicine taken at the last three contacts: yes.
Days since last contact: 0.
CHW notes:
""Mgonjwa yuko sawa, anakunywa dawa.""",routine,none,,,[],routine,0,5.5,145,0.0,0.0,0,0,0,0,0,0,0,0
1026,48,2026-04-15,clinic,"Flags: none.
Rule default: routine.
Medicine taken at the last three contacts: yes, yes.
Days since last contact: 0.
CHW notes:
""Mgonjwa yuko sawa, anakunywa dawa.""",routine,none,,,[],routine,0,5.5,142,-1.5,-3.0,0,0,0,0,0,0,0,0
1030,48,2026-06-03,chw,"Flags: none.
Rule default: routine.
Medicine taken at the last three contacts: yes, yes, yes.
Days since last contact: 0.
CHW notes:
""Patient well, taking medicine.""",routine,none,,,[],routine,0,4.0,136,-5.0,-4.5,0,0,0,0,0,0,0,0
1027,48,2026-06-18,clinic,"Flag borderline: Borderline: the readings crossed the goal 140/90 2 times in the last 4 readings: 145/90, 142/91, 136/86, 139/97. No threshold crossed; recheck and ask for a weekly reading.
Rule default: recheck_7_days.
Medicine taken at the last three contacts: yes, yes, yes.
Days since last contact: 0.
CHW notes:
""Patient well, taking medicine.""",recheck_7_days,none,,,[],recheck_7_days,0,6.0,139,-2.0,-2.4,0,0,0,0,0,0,0,0
1031,48,2026-07-15,chw,"Flag borderline: Borderline: the readings crossed the goal 140/90 2 times in the last 5 readings: 145/90, 142/91, 136/86, 139/97, 141/94. No threshold crossed; recheck and ask for a weekly reading.
Rule default: recheck_7_days.
Medicine taken at the last three contacts: yes, yes, yes.
Days since last contact: 0.
CHW notes:
""Mgonjwa yuko sawa, anakunywa dawa.""",recheck_7_days,none,,,[],recheck_7_days,0,7.5,141,0.0,-1.1,0,0,0,0,0,0,0,0
1028,48,2026-08-29,clinic,"Flag borderline: Borderline: the readings crossed the goal 140/90 2 times in the last 6 readings: 145/90, 142/91, 136/86, 139/97, 141/94, 154/96. No threshold crossed; recheck and ask for a weekly reading.
Rule default: recheck_7_days.
Medicine taken at the last three contacts: yes, yes, yes.
Days since last contact: 0.
CHW notes:
""Mgonjwa yuko sawa, anakunywa dawa.""",recheck_7_days,none,,,[],recheck_7_days,0,9.5,154,13.0,1.29,0,0,0,0,0,2,0,0
1044,49,2026-04-15,sms,"Flags: none.
Rule default: routine.
Medicine taken at the last three contacts: yes.
Days since last contact: 0.
Patient messages:
""Mimi ni mzima. Presha ni 133/81, nakunywa dawa kila siku.""",routine,none,,,[],routine,0,4.5,133,0.0,0.0,0,0,0,0,0,0,0,0
1032,49,2026-04-20,clinic,"Flags: none.
Rule default: routine.
Medicine taken at the last three contacts: yes, yes, yes.
Days since last contact: 0.
CHW notes:
""Mgonjwa yuko sawa, anakunywa dawa.""
Patient messages:
""Mimi ni mzima. Presha ni 133/81, nakunywa dawa kila siku.""",routine,none,,,[],routine,0,4.5,133,1.3,0.0,0,0,0,0,0,0,0,0
1035,49,2026-04-20,chw,"Flags: none.
Rule default: routine.
Medicine taken at the last three contacts: yes, yes, yes.
Days since last contact: 0.
CHW notes:
""Mgonjwa yuko sawa, anakunywa dawa.""
Patient messages:
""Mimi ni mzima. Presha ni 133/81, nakunywa dawa kila siku.""",routine,none,,,[],routine,0,4.5,133,1.3,0.0,0,0,0,0,0,0,0,0
1045,49,2026-05-06,sms,"Flags: none.
Rule default: routine.
Medicine taken at the last three contacts: yes, yes, yes.
Days since last contact: 0.
CHW notes:
""Mgonjwa yuko sawa, anakunywa dawa.""
Patient messages:
""Mimi ni mzima. Presha ni 133/81, nakunywa dawa kila siku.""
""Mimi ni mzima. Presha ni 127/74, nakunywa dawa kila siku.""",routine,none,,,[],routine,0,4.5,127,-4.7,-1.4,0,0,0,0,0,0,0,0
1036,49,2026-05-12,chw,"Flags: none.
Rule default: routine.
Medicine taken at the last three contacts: yes, yes, yes.
Days since last contact: 0.
CHW notes:
""Patient bien, prend ses médicaments.""
Patient messages:
""Mimi ni mzima. Presha ni 133/81, nakunywa dawa kila siku.""
""Mimi ni mzima. Presha ni 127/74, nakunywa dawa kila siku.""",routine,none,,,[],routine,0,4.5,133,1.3,-0.2,0,0,0,0,0,0,0,0
1046,49,2026-05-23,sms,"Flag borderline: Borderline: the readings crossed the goal 140/90 2 times in the last 6 readings: 133/81, 129/80, 133/84, 127/74, 133/92, 130/85. No threshold crossed; recheck and ask for a weekly reading.
Rule default: recheck_7_days.
Medicine taken at the last three contacts: yes, yes, yes.
Days since last contact: 0.
CHW notes:
""Patient bien, prend ses médicaments.""
Patient messages:
""Mimi ni mzima. Presha ni 133/81, nakunywa dawa kila siku.""
""Mimi ni mzima. Presha ni 127/74, nakunywa dawa kila siku.""
""Shikamoo. Nimepima leo 130/85, dawa nimekunywa asubuhi.""",recheck_7_days,none,,,[],recheck_7_days,0,6.5,130,-1.7,-0.26,0,0,0,0,0,0,0,0
1037,49,2026-06-06,chw,"Flag borderline: Borderline: the readings crossed the goal 140/90 3 times in the last 6 readings: 133/84, 127/74, 133/92, 130/85, 130/86, 139/93. No threshold crossed; recheck and ask for a weekly reading.
Rule default: recheck_7_days.
Medicine taken at the last three contacts: yes, yes, yes.
Days since last contact: 0.
CHW notes:
""Patient bien, prend ses médicaments.""
Patient messages:
""Mimi ni mzima. Presha ni 127/74, nakunywa dawa kila siku.""
""Shikamoo. Nimepima leo 130/85, dawa nimekunywa asubuhi.""
""Mimi ni mzima. Presha ni 139/93, nakunywa dawa kila siku.""",recheck_7_days,none,,,[],recheck_7_days,0,6.5,139,7.3,1.03,0,0,0,0,0,0,0,0
1047,49,2026-06-06,sms,"Flag borderline: Borderline: the readings crossed the goal 140/90 3 times in the last 6 readings: 133/84, 127/74, 133/92, 130/85, 130/86, 139/93. No threshold crossed; recheck and ask for a weekly reading.
Rule default: recheck_7_days.
Medicine taken at the last three contacts: yes, yes, yes.
Days since last contact: 0.
CHW notes:
""Patient bien, prend ses médicaments.""
Patient messages:
""Mimi ni mzima. Presha ni 127/74, nakunywa dawa kila siku.""
""Shikamoo. Nimepima leo 130/85, dawa nimekunywa asubuhi.""
""Mimi ni mzima. Presha ni 139/93, nakunywa dawa kila siku.""",recheck_7_days,none,,,[],recheck_7_days,0,6.5,139,7.3,1.03,0,0,0,0,0,0,0,0
1048,49,2026-06-19,sms,"Flag borderline: Borderline: the readings crossed the goal 140/90 4 times in the last 6 readings: 127/74, 133/92, 130/85, 130/86, 139/93, 134/88. No threshold crossed; recheck and ask for a weekly reading.
Rule default: recheck_7_days.
Medicine taken at the last three contacts: yes, yes, yes.
Days since last contact: 0.
Patient messages:
""Shikamoo. Nimepima leo 130/85, dawa nimekunywa asubuhi.""
""Mimi ni mzima. Presha ni 139/93, nakunywa dawa kila siku.""
""134/88 leo. Asante""",recheck_7_days,none,,,[],recheck_7_days,0,6.5,134,2.3,1.51,0,0,0,0,0,0,0,0
1033,49,2026-06-28,clinic,"Flag borderline: Borderline: the readings crossed the goal 140/90 3 times in the last 6 readings: 133/92, 130/85, 130/86, 139/93, 134/88, 135/87. No threshold crossed; recheck and ask for a weekly reading.
Rule default: recheck_7_days.
Medicine taken at the last three contacts: yes, yes, yes.
Days since last contact: 0.
Patient messages:
""Shikamoo. Nimepima leo 130/85, dawa nimekunywa asubuhi.""
""Mimi ni mzima. Presha ni 139/93, nakunywa dawa kila siku.""
""134/88 leo. Asante""",recheck_7_days,up,note,missed_meds (generator note or message): Dawa zimeisha,"[{""code"": ""measured_after_exertion"", ""quote"": ""BP taken right after she walked up the hill carrying water""}, {""code"": ""repeat_reading_normal"", ""quote"": ""Repeat after 10 minutes of rest: 138/86""}]",visit_this_week,0,6.5,135,3.3,0.89,0,0,0,0,0,0,0,0
1038,49,2026-07-02,chw,"Flag borderline: Borderline: the readings crossed the goal 140/90 3 times in the last 6 readings: 130/85, 130/86, 139/93, 134/88, 135/87, 141/93. No threshold crossed; recheck and ask for a weekly reading.
Rule default: recheck_7_days.
Medicine taken at the last three contacts: yes, yes, yes.
Days since last contact: 0.
CHW notes:
""Mgonjwa yuko sawa, anakunywa dawa.""
Patient messages:
""Shikamoo. Nimepima leo 130/85, dawa nimekunywa asubuhi.""
""Mimi ni mzima. Presha ni 139/93, nakunywa dawa kila siku.""
""134/88 leo. Asante""",recheck_7_days,up,note,missed_meds (generator note or message): Dawa zimeisha,"[{""code"": ""measured_after_exertion"", ""quote"": ""BP taken right after she walked up the hill carrying water""}, {""code"": ""repeat_reading_normal"", ""quote"": ""Repeat after 10 minutes of rest: 138/86""}]",visit_this_week,0,7.5,141,9.3,1.86,0,0,0,0,0,0,0,0
1049,49,2026-07-07,sms,"Flag borderline: Borderline: the readings crossed the goal 140/90 4 times in the last 6 readings: 130/86, 139/93, 134/88, 135/87, 141/93, 131/81. No threshold crossed; recheck and ask for a weekly reading.
Rule default: recheck_7_days.
Medicine taken at the last three contacts: yes, yes, yes.
Days since last contact: 0.
CHW notes:
""Mgonjwa yuko sawa, anakunywa dawa.""
Patient messages:
""Mimi ni mzima. Presha ni 139/93, nakunywa dawa kila siku.""
""134/88 leo. Asante""
""presha leo 131/81""",recheck_7_days,none,,,[],recheck_7_days,0,6.5,131,-0.7,0.34,0,0,0,0,0,0,0,0
1039,49,2026-07-18,chw,"Flag borderline: Borderline: the readings crossed the goal 140/90 3 times in the last 6 readings: 139/93, 134/88, 135/87, 141/93, 131/81, 132/85. No threshold crossed; recheck and ask for a weekly reading.
Rule default: recheck_7_days.
Medicine taken at the last three contacts: yes, yes, yes.
Days since last contact: 0.
CHW notes:
""Mgonjwa yuko sawa, anakunywa dawa.""
Patient messages:
""Mimi ni mzima. Presha ni 139/93, nakunywa dawa kila siku.""
""134/88 leo. Asante""
""presha leo 131/81""",recheck_7_days,none,,,[],recheck_7_days,0,6.5,132,0.3,-1.09,0,0,0,0,0,0,0,0
1050,49,2026-07-20,sms,"Flag borderline: Borderline: the readings crossed the goal 140/90 3 times in the last 6 readings: 134/88, 135/87, 141/93, 131/81, 132/85, 137/90. No threshold crossed; recheck and ask for a weekly reading.
Rule default: recheck_7_days.
Medicine taken at the last three contacts: yes, yes, yes.
Days since last contact: 0.
CHW notes:
""Mgonjwa yuko sawa, anakunywa dawa.""
Patient messages:
""134/88 leo. Asante""
""presha leo 131/81""
""137/90 leo. Asante""",recheck_7_days,none,,,[],recheck_7_days,0,6.5,137,5.3,-0.11,0,0,0,0,0,0,0,0
1721,49,2026-07-28,chw,"Flag threshold: Latest BP 166/102 on 2026-07-28 is at or above the 'grade2' cut-off (160/100).
Rule default: visit_this_week.
Medicine taken at the last three contacts: yes, yes, yes.
Days since last contact: 0.
CHW notes:
""BP taken right after she walked up the hill carrying water. Repeat after 10 minutes of rest: 138/86.""
Patient messages:
""134/88 leo. Asante""
""presha leo 131/81""
""137/90 leo. Asante""",visit_this_week,down,case,exertion: BP taken right after she walked up the hill carrying water. Repeat after 10 minutes of rest: 138/86.,"[{""code"": ""measured_after_exertion"", ""quote"": ""BP taken right after she walked up the hill carrying water""}, {""code"": ""repeat_reading_normal"", ""quote"": ""Repeat after 10 minutes of rest: 138/86""}]",recheck_7_days,0,11.5,166,34.3,4.11,4,0,0,0,0,0,0,0
1040,49,2026-08-05,chw,"Flag borderline: Borderline: the readings crossed the goal 140/90 3 times in the last 6 readings: 141/93, 131/81, 132/85, 137/90, 166/102, 136/84. No threshold crossed; recheck and ask for a weekly reading.
Rule default: recheck_7_days.
Medicine taken at the last three contacts: yes, yes, yes.
Days since last contact: 0.
CHW notes:
""BP taken right after she walked up the hill carrying water. Repeat after 10 minutes of rest: 138/86.""
""Patient bien, prend ses médicaments.""
Patient messages:
""134/88 leo. Asante""
""presha leo 131/81""
""137/90 leo. Asante""",recheck_7_days,none,,,[],recheck_7_days,0,6.5,136,4.3,2.43,0,0,0,0,0,0,0,0
1051,49,2026-08-10,sms,"Flag borderline: Borderline: the readings crossed the goal 140/90 3 times in the last 6 readings: 131/81, 132/85, 137/90, 166/102, 136/84, 141/90. No threshold crossed; recheck and ask for a weekly reading.
Rule default: recheck_7_days.
Medicine taken at the last three contacts: yes, yes, yes.
Days since last contact: 0.
CHW notes:
""Patient bien, prend ses médicaments.""
Patient messages:
""presha leo 131/81""
""137/90 leo. Asante""
""presha leo 141/90""",recheck_7_days,none,,,[],recheck_7_days,0,7.5,141,9.3,2.6,0,0,0,0,0,0,0,0
1052,49,2026-08-22,sms,"Flag borderline: Borderline: the readings crossed the goal 140/90 3 times in the last 6 readings: 132/85, 137/90, 166/102, 136/84, 141/90, 141/91. No threshold crossed; recheck and ask for a weekly reading.
Rule default: recheck_7_days.
Medicine taken at the last three contacts: yes, yes, yes.
Days since last contact: 0.
Patient messages:
""137/90 leo. Asante""
""presha leo 141/90""
""141/91 leo. Asante""",recheck_7_days,none,,,[],recheck_7_days,0,7.5,141,9.3,0.77,0,0,0,0,0,0,0,0
1041,49,2026-08-29,chw,"Flag borderline: Borderline: the readings crossed the goal 140/90 3 times in the last 6 readings: 137/90, 166/102, 136/84, 141/90, 141/91, 138/88. No threshold crossed; recheck and ask for a weekly reading.
Rule default: recheck_7_days.
Medicine taken at the last three contacts: yes, yes, yes.
Days since last contact: 0.
CHW notes:
""Home visit, no complaints.""
Patient messages:
""137/90 leo. Asante""
""presha leo 141/90""
""141/91 leo. Asante""",recheck_7_days,none,,,[],recheck_7_days,0,6.5,138,6.3,-1.86,0,0,0,0,0,0,0,0
1053,49,2026-09-10,sms,"Flag borderline: Borderline: the readings crossed the goal 140/90 3 times in the last 6 readings: 166/102, 136/84, 141/90, 141/91, 138/88, 137/84. No threshold crossed; recheck and ask for a weekly reading.
Rule default: recheck_7_days.
Medicine taken at the last three contacts: yes, yes, yes.
Days since last contact: 0.
CHW notes:
""Home visit, no complaints.""
Patient messages:
""presha leo 141/90""
""141/91 leo. Asante""
""presha leo 137/84""",recheck_7_days,none,,,[],recheck_7_days,0,6.5,137,5.3,-3.97,0,0,0,0,0,0,0,0
1042,49,2026-09-14,chw,"Flag borderline: Borderline: 3 readings in a row in the band just under the goal 140/90 (130-139 systolic or 85-89 diastolic): 138/88, 137/84, 139/81 (2026-08-29 to 2026-09-14). No threshold crossed; recheck and ask for a weekly reading.
Rule default: recheck_7_days.
Medicine taken at the last three contacts: yes, yes, yes.
Days since last contact: 0.
CHW notes:
""Patient well, taking medicine.""
Patient messages:
""presha leo 141/90""
""141/91 leo. Asante""
""presha leo 137/84""",recheck_7_days,none,,,[],recheck_7_days,0,6.5,139,7.3,0.0,0,0,0,0,0,0,0,0
1054,49,2026-09-19,sms,"Flag borderline: Borderline: 3 readings in a row in the band just under the goal 140/90 (130-139 systolic or 85-89 diastolic): 138/88, 137/84, 139/81 (2026-08-29 to 2026-09-14). No threshold crossed; recheck and ask for a weekly reading.
Rule default: recheck_7_days.
Medicine taken at the last three contacts: yes, yes, yes.
Days since last contact: 0.
CHW notes:
""Patient well, taking medicine.""
Patient messages:
""141/91 leo. Asante""
""presha leo 137/84""
""155/98 leo. Asante""",recheck_7_days,none,,,[],recheck_7_days,0,7.5,155,23.3,1.8,0,0,0,0,0,0,0,0
1034,49,2026-09-25,clinic,"Flag borderline: Borderline: 3 readings in a row in the band just under the goal 140/90 (130-139 systolic or 85-89 diastolic): 138/88, 137/84, 139/81 (2026-08-29 to 2026-09-14). No threshold crossed; recheck and ask for a weekly reading.
Rule default: recheck_7_days.
Medicine taken at the last three contacts: yes, yes, yes.
Days since last contact: 0.
Patient messages:
""141/91 leo. Asante""
""presha leo 137/84""
""155/98 leo. Asante""",recheck_7_days,none,,,[],recheck_7_days,0,7.5,146,14.3,2.23,0,0,0,0,0,0,0,0
1043,49,2026-09-29,chw,"Flag trend: Trend rule: each of the last 3 readings (146, 147, 151, 2026-09-25 to 2026-09-29) is at least 10 mmHg above the baseline of 132; and the last 4 readings (2026-09-19 to 2026-09-29) average 150, 18 mmHg above the baseline of 132 (rule: at least 15 mmHg over 4 readings) (baseline = first 3 readings).
Rule default: recheck_7_days.
Medicine taken at the last three contacts: yes, yes, yes.
Days since last contact: 0.
CHW notes:
""Patient well, taking medicine.""
Patient messages:
""presha leo 137/84""
""155/98 leo. Asante""
""presha leo 151/95""",recheck_7_days,none,,,[],recheck_7_days,0,8.5,151,19.3,2.43,0,3,0,0,0,0,0,0
1055,49,2026-09-29,sms,"Flag trend: Trend rule: each of the last 3 readings (146, 147, 151, 2026-09-25 to 2026-09-29) is at least 10 mmHg above the baseline of 132; and the last 4 readings (2026-09-19 to 2026-09-29) average 150, 18 mmHg above the baseline of 132 (rule: at least 15 mmHg over 4 readings) (baseline = first 3 readings).
Rule default: recheck_7_days.
Medicine taken at the last three contacts: yes, yes, yes.
Days since last contact: 0.
CHW notes:
""Patient well, taking medicine.""
Patient messages:
""presha leo 137/84""
""155/98 leo. Asante""
""presha leo 151/95""",recheck_7_days,none,,,[],recheck_7_days,0,8.5,151,19.3,2.43,0,3,0,0,0,0,0,0
1056,50,2026-04-15,clinic,"Flags: none.
Rule default: routine.
Medicine taken at the last three contacts: partial, yes.
Days since last contact: 0.
CHW notes:
""Patient well, taking medicine.""",routine,none,,,[],routine,0,6.0,130,5.0,10.0,0,0,0,2,0,0,0,0
1059,50,2026-04-15,chw,"Flags: none.
Rule default: routine.
Medicine taken at the last three contacts: partial, yes.
Days since last contact: 0.
CHW notes:
""Patient well, taking medicine.""",routine,none,,,[],routine,0,6.0,130,5.0,10.0,0,0,0,2,0,0,0,0
1060,50,2026-05-24,chw,"Flags: none.
Rule default: routine.
Medicine taken at the last three contacts: yes, partial, yes.
Days since last contact: 0.
CHW notes:
""Patient well, taking medicine.""
""Home visit, no complaints.""",routine,none,,,[],routine,0,4.0,123,-1.3,1.5,0,0,0,0,0,0,0,0
1057,50,2026-06-29,clinic,"Flags: none.
Rule default: routine.
Medicine taken at the last three contacts: yes, yes, partial.
Days since last contact: 0.
CHW notes:
""Home visit, no complaints.""",routine,up,note,missed_meds (generator note or message): Dawa zimeisha,[],recheck_7_days,0,4.0,121,-3.3,-0.4,0,0,0,0,0,0,0,0
1061,50,2026-07-16,chw,"Flags: none.
Rule default: routine.
Medicine taken at the last three contacts: yes, yes, yes.
Days since last contact: 0.
CHW notes:
""Patient bien, prend ses médicaments.""",routine,up,note,missed_meds (generator note or message): Dawa zimeisha,[],recheck_7_days,0,4.0,131,6.7,1.3,0,0,0,0,0,0,0,0
1058,50,2026-09-21,clinic,"Flags: none.
Rule default: routine.
Medicine taken at the last three contacts: yes, yes, yes.
Days since last contact: 0.
CHW notes:
""Patient bien, prend ses médicaments.""",routine,none,,,[],routine,0,6.0,124,-0.3,0.6,0,0,0,0,0,2,0,0
1062,51,2026-04-06,clinic,"Flags: none.
Rule default: routine.
Medicine taken at the last three contacts: partial.
Days since last contact: 0.",routine,none,,,[],routine,0,8.5,142,0.0,0.0,0,0,0,2,0,0,0,0
1075,51,2026-04-12,sms,"Flags: none.
Rule default: routine.
Medicine taken at the last three contacts: partial, partial.
Days since last contact: 0.
Patient messages:
""Tension 139/89. J'ai pris un seul médicament sur les deux.""",routine,up,note,missed_meds (generator note or message): Tension 139/89. J'ai pris un seul médicament sur les deux.,[],recheck_7_days,0,7.0,139,-1.5,-3.0,0,0,0,2,0,0,0,0
1065,51,2026-04-13,chw,"Flags: none.
Rule default: routine.
Medicine taken at the last three contacts: no, partial, partial.
Days since last contact: 0.
CHW notes:
""Takes medicine only when feeling unwell.""
Patient messages:
""Tension 139/89. J'ai pris un seul médicament sur les deux.""",routine,up,note,missed_meds (generator note or message): Takes medicine only when feeling unwell.,[],recheck_7_days,0,7.0,139,-1.0,-1.5,0,0,0,2,0,0,0,0
1066,51,2026-04-27,chw,"Flag borderline: Borderline: 3 readings in a row in the band just under the goal 140/90 (130-139 systolic or 85-89 diastolic): 139/89, 139/84, 132/78 (2026-04-12 to 2026-04-27). No threshold crossed; recheck and ask for a weekly reading.
Rule default: recheck_7_days.
Medicine taken at the last three contacts: partial, no, partial.
Days since last contact: 0.
CHW notes:
""Takes medicine only when feeling unwell.""
""Home visit, no complaints.""
Patient messages:
""Tension 139/89. J'ai pris un seul médicament sur les deux.""",recheck_7_days,up,note,missed_meds (generator note or message): Takes medicine only when feeling unwell.,[],visit_this_week,0,9.0,132,-8.0,-3.0,0,0,0,2,0,0,0,0
1076,51,2026-05-02,sms,"Flag borderline: Borderline: 4 readings in a row in the band just under the goal 140/90 (130-139 systolic or 85-89 diastolic): 139/89, 139/84, 132/78, 137/86 (2026-04-12 to 2026-05-02). No threshold crossed; recheck and ask for a weekly reading.
Rule default: recheck_7_days.
Medicine taken at the last three contacts: partial, no, partial.
Days since last contact: 0.
CHW notes:
""Home visit, no complaints.""
Patient messages:
""Tension 139/89. J'ai pris un seul médicament sur les deux.""
""tension 137/86""",recheck_7_days,up,note,missed_meds (generator note or message): Tension 139/89. J'ai pris un seul médicament sur les deux.,[],visit_this_week,0,7.0,137,-3.0,-1.7,0,0,0,0,0,0,0,0
1067,51,2026-05-16,chw,"Flag borderline: Borderline: 4 readings in a row in the band just under the goal 140/90 (130-139 systolic or 85-89 diastolic): 139/89, 139/84, 132/78, 137/86 (2026-04-12 to 2026-05-02). No threshold crossed; recheck and ask for a weekly reading.
Rule default: recheck_7_days.
Medicine taken at the last three contacts: yes, partial, no.
Days since last contact: 0.
CHW notes:
""Patient bien, prend ses médicaments.""
Patient messages:
""Tension 139/89. J'ai pris un seul médicament sur les deux.""
""tension 137/86""",recheck_7_days,none,,,[],recheck_7_days,0,8.5,154,14.0,1.34,0,0,0,0,0,0,0,0
1077,51,2026-05-18,sms,"Flag borderline: Borderline: 4 readings in a row in the band just under the goal 140/90 (130-139 systolic or 85-89 diastolic): 139/89, 139/84, 132/78, 137/86 (2026-04-12 to 2026-05-02). No threshold crossed; recheck and ask for a weekly reading.
Rule default: recheck_7_days.
Medicine taken at the last three contacts: partial, yes, partial.
Days since last contact: 0.
CHW notes:
""Patient bien, prend ses médicaments.""
Patient messages:
""Tension 139/89. J'ai pris un seul médicament sur les deux.""
""tension 137/86""
""Tension 141/91. J'ai pris un seul médicament sur les deux.""",recheck_7_days,up,note,missed_meds (generator note or message): Tension 141/91. J'ai pris un seul médicament sur les deux.,[],visit_this_week,1,10.5,141,1.0,1.71,0,0,0,2,0,0,0,0
1078,51,2026-05-30,sms,"Flag borderline: Borderline: 3 readings in a row in the band just under the goal 140/90 (130-139 systolic or 85-89 diastolic): 139/84, 132/78, 137/86 (2026-04-13 to 2026-05-02). No threshold crossed; recheck and ask for a weekly reading.
Rule default: recheck_7_days.
Medicine taken at the last three contacts: yes, partial, yes.
Days since last contact: 0.
Patient messages:
""tension 137/86""
""Tension 141/91. J'ai pris un seul médicament sur les deux.""
""Ma tension est 149 sur 92, je prends bien mes médicaments chaque jour.""",recheck_7_days,up,note,missed_meds (generator note or message): Tension 141/91. J'ai pris un seul médicament sur les deux.,[],visit_this_week,1,8.5,149,9.0,2.69,0,0,0,0,0,0,0,0
1068,51,2026-06-11,chw,"Flag threshold: Latest BP 168/103 on 2026-06-11 is at or above the 'grade2' cut-off (160/100).
Rule default: visit_this_week.
Medicine taken at the last three contacts: partial, yes, partial.
Days since last contact: 0.
CHW notes:
""Patient well, taking medicine.""
Patient messages:
""tension 137/86""
""Tension 141/91. J'ai pris un seul médicament sur les deux.""
""Ma tension est 149 sur 92, je prends bien mes médicaments chaque jour.""",visit_this_week,up,note,missed_meds (generator note or message): Tension 141/91. J'ai pris un seul médicament sur les deux.,[],refer_clinic,1,14.0,168,28.0,5.8,4,0,0,2,0,0,0,0
1087,51,2026-06-14,chw,"Flag threshold: Latest BP 170/100 on 2026-06-14 is at or above the 'grade2' cut-off (160/100).
Flag trend: Trend rule: the last 4 readings (2026-05-18 to 2026-06-14) average 157, 17 mmHg above the baseline of 140 (rule: at least 15 mmHg over 4 readings) (baseline = first 3 readings).
Flag symptom: Symptom 'headache' reported on 2026-06-14; latest BP 170/100 is not under the goal 140/90 (bp_goal).
Rule default: visit_this_week.
Medicine taken at the last three contacts: partial, partial, yes.
Days since last contact: 0.
CHW notes:
""Patient well, taking medicine.""
""Patient complains of headache.""
Patient messages:
""tension 137/86""
""Tension 141/91. J'ai pris un seul médicament sur les deux.""
""Ma tension est 149 sur 92, je prends bien mes médicaments chaque jour.""",visit_this_week,up,note,missed_meds (generator note or message): Tension 141/91. J'ai pris un seul médicament sur les deux.,[],refer_clinic,1,27.0,170,30.0,6.14,4,3,10,2,0,0,0,0
1079,51,2026-06-19,sms,"Flag trend: Trend rule: the last 4 readings (2026-05-30 to 2026-06-19) average 156, 16 mmHg above the baseline of 140 (rule: at least 15 mmHg over 4 readings) (baseline = first 3 readings).
Rule default: recheck_7_days.
Medicine taken at the last three contacts: yes, partial, partial.
Days since last contact: 0.
CHW notes:
""Patient complains of headache.""
Patient messages:
""Tension 141/91. J'ai pris un seul médicament sur les deux.""
""Ma tension est 149 sur 92, je prends bien mes médicaments chaque jour.""
""Bonjour, ma tension aujourd'hui est 135/85. J'ai pris mes médicaments.""",recheck_7_days,none,,,[],recheck_7_days,0,8.0,135,-5.0,0.31,0,3,0,0,0,0,0,0
1069,51,2026-06-28,chw,"Flags: none.
Rule default: routine.
Medicine taken at the last three contacts: no, yes, partial.
Days since last contact: 0.
CHW notes:
""N'a pas pris ses comprimés depuis 3 jours.""
Patient messages:
""Tension 141/91. J'ai pris un seul médicament sur les deux.""
""Ma tension est 149 sur 92, je prends bien mes médicaments chaque jour.""
""Bonjour, ma tension aujourd'hui est 135/85. J'ai pris mes médicaments.""",routine,up,note,missed_meds (generator note or message): N'a pas pris ses comprimés depuis 3 jours.,[],recheck_7_days,0,7.0,135,-5.0,-2.0,0,0,0,2,0,0,0,0
1063,51,2026-07-02,clinic,"Flag borderline: Borderline: 3 readings in a row in the band just under the goal 140/90 (130-139 systolic or 85-89 diastolic): 135/85, 135/82, 135/82 (2026-06-19 to 2026-07-02). No threshold crossed; recheck and ask for a weekly reading.
Rule default: recheck_7_days.
Medicine taken at the last three contacts: partial, no, yes.
Days since last contact: 0.
CHW notes:
""N'a pas pris ses comprimés depuis 3 jours.""
Patient messages:
""Tension 141/91. J'ai pris un seul médicament sur les deux.""
""Ma tension est 149 sur 92, je prends bien mes médicaments chaque jour.""
""Bonjour, ma tension aujourd'hui est 135/85. J'ai pris mes médicaments.""",recheck_7_days,up,note,missed_meds (generator note or message): N'a pas pris ses comprimés depuis 3 jours.,[],visit_this_week,0,9.0,135,-5.0,-5.83,0,0,0,2,0,0,0,0
1080,51,2026-07-09,sms,"Flag borderline: Borderline: 3 readings in a row in the band just under the goal 140/90 (130-139 systolic or 85-89 diastolic): 135/85, 135/82, 135/82 (2026-06-19 to 2026-07-02). No threshold crossed; recheck and ask for a weekly reading.
Rule default: recheck_7_days.
Medicine taken at the last three contacts: yes, partial, no.
Days since last contact: 0.
Patient messages:
""Ma tension est 149 sur 92, je prends bien mes médicaments chaque jour.""
""Bonjour, ma tension aujourd'hui est 135/85. J'ai pris mes médicaments.""
""Bonjour, ma tension aujourd'hui est 128/81. J'ai pris mes médicaments.""",recheck_7_days,none,,,[],recheck_7_days,0,7.0,128,-12.0,-8.71,0,0,0,0,0,0,0,0
1081,51,2026-07-16,sms,"Flag borderline: Borderline: 3 readings in a row in the band just under the goal 140/90 (130-139 systolic or 85-89 diastolic): 135/85, 135/82, 135/82 (2026-06-19 to 2026-07-02). No threshold crossed; recheck and ask for a weekly reading.
Rule default: recheck_7_days.
Medicine taken at the last three contacts: yes, partial, no.
Days since last contact: 0.
Patient messages:
""Bonjour, ma tension aujourd'hui est 135/85. J'ai pris mes médicaments.""
""Bonjour, ma tension aujourd'hui est 128/81. J'ai pris mes médicaments.""
""Bjr, tension 129 sur 76 ce matin""",recheck_7_days,none,,,[],recheck_7_days,0,7.0,129,-11.0,-6.46,0,0,0,0,0,0,0,0
1070,51,2026-07-17,chw,"Flag borderline: Borderline: 3 readings in a row in the band just under the goal 140/90 (130-139 systolic or 85-89 diastolic): 135/85, 135/82, 135/82 (2026-06-19 to 2026-07-02). No threshold crossed; recheck and ask for a weekly reading.
Rule default: recheck_7_days.
Medicine taken at the last three contacts: partial, yes, partial.
Days since last contact: 0.
CHW notes:
""Takes medicine only when feeling unwell.""
Patient messages:
""Bonjour, ma tension aujourd'hui est 128/81. J'ai pris mes médicaments.""
""Bjr, tension 129 sur 76 ce matin""
""Est-ce que je peux arrêter le traitement si je me sens bien ?""",recheck_7_days,up,note,missed_meds (generator note or message): Takes medicine only when feeling unwell.,[],visit_this_week,0,9.0,136,-4.0,-0.57,0,0,0,2,0,0,0,0
1082,51,2026-08-03,sms,"Flags: none.
Rule default: routine.
Medicine taken at the last three contacts: partial, partial, yes.
Days since last contact: 0.
CHW notes:
""Takes medicine only when feeling unwell.""
Patient messages:
""Bjr, tension 129 sur 76 ce matin""
""Est-ce que je peux arrêter le traitement si je me sens bien ?""
""Tension 132/80. J'ai pris un seul médicament sur les deux.""",routine,up,note,missed_meds (generator note or message): Takes medicine only when feeling unwell.,[],recheck_7_days,0,7.0,132,-8.0,-0.31,0,0,0,2,0,0,0,0
1071,51,2026-08-08,chw,"Flag borderline: Borderline: 3 readings in a row in the band just under the goal 140/90 (130-139 systolic or 85-89 diastolic): 136/85, 132/80, 136/82 (2026-07-17 to 2026-08-08). No threshold crossed; recheck and ask for a weekly reading.
Rule default: recheck_7_days.
Medicine taken at the last three contacts: partial, partial, partial.
Days since last contact: 0.
CHW notes:
""Patient bien, prend ses médicaments.""
Patient messages:
""Bjr, tension 129 sur 76 ce matin""
""Est-ce que je peux arrêter le traitement si je me sens bien ?""
""Tension 132/80. J'ai pris un seul médicament sur les deux.""",recheck_7_days,up,note,missed_meds (generator note or message): Tension 132/80. J'ai pris un seul médicament sur les deux.,[],visit_this_week,0,9.0,136,-4.0,0.69,0,0,0,2,0,0,0,0
1083,51,2026-08-22,sms,"Flag borderline: Borderline: 3 readings in a row in the band just under the goal 140/90 (130-139 systolic or 85-89 diastolic): 136/85, 132/80, 136/82 (2026-07-17 to 2026-08-08). No threshold crossed; recheck and ask for a weekly reading.
Rule default: recheck_7_days.
Medicine taken at the last three contacts: partial, partial, partial.
Days since last contact: 0.
CHW notes:
""Patient bien, prend ses médicaments.""
Patient messages:
""Est-ce que je peux arrêter le traitement si je me sens bien ?""
""Tension 132/80. J'ai pris un seul médicament sur les deux.""
""tension 142/90""",recheck_7_days,up,note,missed_meds (generator note or message): Tension 132/80. J'ai pris un seul médicament sur les deux.,[],visit_this_week,0,8.5,142,2.0,2.49,0,0,0,0,0,0,0,0
1072,51,2026-08-27,chw,"Flag borderline: Borderline: 3 readings in a row in the band just under the goal 140/90 (130-139 systolic or 85-89 diastolic): 136/85, 132/80, 136/82 (2026-07-17 to 2026-08-08). No threshold crossed; recheck and ask for a weekly reading.
Rule default: recheck_7_days.
Medicine taken at the last three contacts: yes, partial, partial.
Days since last contact: 0.
CHW notes:
""Home visit, no complaints.""
Patient messages:
""Est-ce que je peux arrêter le traitement si je me sens bien ?""
""Tension 132/80. J'ai pris un seul médicament sur les deux.""
""tension 142/90""",recheck_7_days,up,note,missed_meds (generator note or message): Tension 132/80. J'ai pris un seul médicament sur les deux.,[],visit_this_week,0,7.0,127,-13.0,0.34,0,0,0,0,0,0,0,0
1084,51,2026-08-29,sms,"Flag borderline: Borderline: 3 readings in a row in the band just under the goal 140/90 (130-139 systolic or 85-89 diastolic): 136/85, 132/80, 136/82 (2026-07-17 to 2026-08-08). No threshold crossed; recheck and ask for a weekly reading.
Rule default: recheck_7_days.
Medicine taken at the last three contacts: yes, partial, partial.
Days since last contact: 0.
CHW notes:
""Home visit, no complaints.""
Patient messages:
""Tension 132/80. J'ai pris un seul médicament sur les deux.""
""tension 142/90""
""tension 140/86""",recheck_7_days,up,note,missed_meds (generator note or message): Tension 132/80. J'ai pris un seul médicament sur les deux.,[],visit_this_week,0,8.5,140,0.0,0.31,0,0,0,0,0,0,0,0
1085,51,2026-09-08,sms,"Flag borderline: Borderline: the readings crossed the goal 140/90 4 times in the last 6 readings: 132/80, 136/82, 142/90, 127/88, 140/86, 137/85. No threshold crossed; recheck and ask for a weekly reading.
Rule default: recheck_7_days.
Medicine taken at the last three contacts: yes, partial, partial.
Days since last contact: 0.
Patient messages:
""tension 142/90""
""tension 140/86""
""Bjr, tension 137 sur 85 ce matin""",recheck_7_days,none,,,[],recheck_7_days,0,9.0,137,-3.0,0.63,0,0,0,0,0,0,0,2
1064,51,2026-09-12,clinic,"Flag borderline: Borderline: the readings crossed the goal 140/90 4 times in the last 6 readings: 136/82, 142/90, 127/88, 140/86, 137/85, 134/83. No threshold crossed; recheck and ask for a weekly reading.
Rule default: recheck_7_days.
Medicine taken at the last three contacts: partial, yes, partial.
Days since last contact: 0.
Patient messages:
""tension 140/86""
""Bjr, tension 137 sur 85 ce matin""
""Bonjour, je suis en voyage cette semaine.""",recheck_7_days,up,note,missed_meds (generator note or message): Renouvellement du traitement,[],visit_this_week,0,11.0,134,-6.0,-0.34,0,0,0,2,0,0,0,2
1073,51,2026-09-18,chw,"Flag borderline: Borderline: 4 readings in a row in the band just under the goal 140/90 (130-139 systolic or 85-89 diastolic): 137/85, 134/83, 135/77, 136/82 (2026-09-08 to 2026-09-18). No threshold crossed; recheck and ask for a weekly reading.
Rule default: recheck_7_days.
Medicine taken at the last three contacts: partial, partial, partial.
Days since last contact: 0.
CHW notes:
""Home visit, no complaints.""
Patient messages:
""Bjr, tension 137 sur 85 ce matin""
""Bonjour, je suis en voyage cette semaine.""
""Bonsoir. Tension 136/82, j'ai pris seulement la moitié du comprimé.""",recheck_7_days,up,note,"missed_meds (generator note or message): Bonsoir. Tension 136/82, j'ai pris seulement la moitié du comprimé.",[],visit_this_week,0,11.0,136,-4.0,0.77,0,0,0,2,0,0,0,2
1086,51,2026-09-18,sms,"Flag borderline: Borderline: 4 readings in a row in the band just under the goal 140/90 (130-139 systolic or 85-89 diastolic): 137/85, 134/83, 135/77, 136/82 (2026-09-08 to 2026-09-18). No threshold crossed; recheck and ask for a weekly reading.
Rule default: recheck_7_days.
Medicine taken at the last three contacts: partial, partial, partial.
Days since last contact: 0.
CHW notes:
""Home visit, no complaints.""
Patient messages:
""Bjr, tension 137 sur 85 ce matin""
""Bonjour, je suis en voyage cette semaine.""
""Bonsoir. Tension 136/82, j'ai pris seulement la moitié du comprimé.""",recheck_7_days,up,note,"missed_meds (generator note or message): Bonsoir. Tension 136/82, j'ai pris seulement la moitié du comprimé.",[],visit_this_week,0,11.0,136,-4.0,0.77,0,0,0,2,0,0,0,2
1074,51,2026-10-02,chw,"Flag borderline: Borderline: 5 readings in a row in the band just under the goal 140/90 (130-139 systolic or 85-89 diastolic): 137/85, 134/83, 135/77, 136/82, 136/84 (2026-09-08 to 2026-10-02). No threshold crossed; recheck and ask for a weekly reading.
Rule default: recheck_7_days.
Medicine taken at the last three contacts: partial, partial, partial.
Days since last contact: 0.
CHW notes:
""Takes medicine only when feeling unwell.""
Patient messages:
""Bjr, tension 137 sur 85 ce matin""
""Bonjour, je suis en voyage cette semaine.""
""Bonsoir. Tension 136/82, j'ai pris seulement la moitié du comprimé.""",recheck_7_days,up,note,missed_meds (generator note or message): Takes medicine only when feeling unwell.,[],visit_this_week,0,11.0,136,-4.0,-0.63,0,0,0,2,0,0,0,2
1088,52,2026-04-11,clinic,"Flags: none.
Rule default: routine.
Medicine taken at the last three contacts: yes.
Days since last contact: 0.",routine,none,,,[],routine,0,1.0,118,0.0,0.0,0,0,0,0,0,0,0,0
1091,52,2026-04-19,chw,"Flags: none.
Rule default: routine.
Medicine taken at the last three contacts: yes, yes.
Days since last contact: 0.
CHW notes:
""Mgonjwa yuko sawa, anakunywa dawa.""",routine,none,,,[],routine,0,1.5,130,6.0,12.0,0,0,0,0,0,0,0,0
1099,52,2026-04-20,sms,"Flags: none.
Rule default: routine.
Medicine taken at the last three contacts: yes, yes, yes.
Days since last contact: 0.
CHW notes:
""Mgonjwa yuko sawa, anakunywa dawa.""
Patient messages:
""Shikamoo. Nimepima leo 116/75, dawa nimekunywa asubuhi.""",routine,none,,,[],routine,0,1.0,116,-5.3,-1.0,0,0,0,0,0,0,0,0
1100,52,2026-04-28,sms,"Flags: none.
Rule default: routine.
Medicine taken at the last three contacts: yes, yes, yes.
Days since last contact: 0.
Patient messages:
""Shikamoo. Nimepima leo 116/75, dawa nimekunywa asubuhi.""
""Habari daktari, presha yangu ni 124 kwa 76. Nimekunywa dawa zangu.""",routine,none,,,[],routine,0,1.5,124,2.7,0.4,0,0,0,0,0,0,0,0
1092,52,2026-05-05,chw,"Flags: none.
Rule default: routine.
Medicine taken at the last three contacts: yes, yes, yes.
Days since last contact: 0.
CHW notes:
""Patient well, taking medicine.""
Patient messages:
""Shikamoo. Nimepima leo 116/75, dawa nimekunywa asubuhi.""
""Habari daktari, presha yangu ni 124 kwa 76. Nimekunywa dawa zangu.""",routine,none,,,[],routine,0,1.5,131,9.7,2.0,0,0,0,0,0,0,0,0
1101,52,2026-05-18,sms,"Flags: none.
Rule default: routine.
Medicine taken at the last three contacts: yes, yes, yes.
Days since last contact: 0.
CHW notes:
""Patient well, taking medicine.""
Patient messages:
""Shikamoo. Nimepima leo 116/75, dawa nimekunywa asubuhi.""
""Habari daktari, presha yangu ni 124 kwa 76. Nimekunywa dawa zangu.""
""presha leo 129/76""",routine,none,,,[],routine,0,1.5,129,7.7,1.89,0,0,0,0,0,0,0,0
1093,52,2026-05-26,chw,"Flags: none.
Rule default: routine.
Medicine taken at the last three contacts: yes, yes, yes.
Days since last contact: 0.
CHW notes:
""Patient well, taking medicine.""
Patient messages:
""Shikamoo. Nimepima leo 116/75, dawa nimekunywa asubuhi.""
""Habari daktari, presha yangu ni 124 kwa 76. Nimekunywa dawa zangu.""
""presha leo 129/76""",routine,none,,,[],routine,0,1.5,132,10.7,1.6,0,0,0,0,0,0,0,0
1102,52,2026-05-27,sms,"Flags: none.
Rule default: routine.
Medicine taken at the last three contacts: yes, yes, yes.
Days since last contact: 0.
CHW notes:
""Patient well, taking medicine.""
Patient messages:
""Habari daktari, presha yangu ni 124 kwa 76. Nimekunywa dawa zangu.""
""presha leo 129/76""
""Mimi ni mzima. Presha ni 123/80, nakunywa dawa kila siku.""",routine,none,,,[],routine,0,1.5,123,1.7,1.63,0,0,0,0,0,0,0,0
1103,52,2026-06-13,sms,"Flags: none.
Rule default: routine.
Medicine taken at the last three contacts: yes, yes, yes.
Days since last contact: 0.
Patient messages:
""presha leo 129/76""
""Mimi ni mzima. Presha ni 123/80, nakunywa dawa kila siku.""
""Mimi ni mzima. Presha ni 130/81, nakunywa dawa kila siku.""",routine,none,,,[],routine,0,1.5,130,8.7,0.26,0,0,0,0,0,0,0,0
1094,52,2026-06-22,chw,"Flags: none.
Rule default: routine.
Medicine taken at the last three contacts: yes, yes, yes.
Days since last contact: 0.
CHW notes:
""Mgonjwa yuko sawa, anakunywa dawa.""
Patient messages:
""presha leo 129/76""
""Mimi ni mzima. Presha ni 123/80, nakunywa dawa kila siku.""
""Mimi ni mzima. Presha ni 130/81, nakunywa dawa kila siku.""",routine,none,,,[],routine,0,1.5,128,6.7,-0.6,0,0,0,0,0,0,0,0
1089,52,2026-06-27,clinic,"Flags: none.
Rule default: routine.
Medicine taken at the last three contacts: partial, yes, yes.
Days since last contact: 0.
CHW notes:
""Mgonjwa yuko sawa, anakunywa dawa.""
Patient messages:
""presha leo 129/76""
""Mimi ni mzima. Presha ni 123/80, nakunywa dawa kila siku.""
""Mimi ni mzima. Presha ni 130/81, nakunywa dawa kila siku.""",routine,up,note,missed_meds (generator note or message): Dawa zimeisha,[],recheck_7_days,0,3.5,128,6.7,-0.29,0,0,0,2,0,0,0,0
1104,52,2026-07-02,sms,"Flags: none.
Rule default: routine.
Medicine taken at the last three contacts: yes, partial, yes.
Days since last contact: 0.
Patient messages:
""Mimi ni mzima. Presha ni 123/80, nakunywa dawa kila siku.""
""Mimi ni mzima. Presha ni 130/81, nakunywa dawa kila siku.""
""Shikamoo. Nimepima leo 119/78, dawa nimekunywa asubuhi.""",routine,up,note,missed_meds (generator note or message): Dawa zimeisha,[],recheck_7_days,0,1.0,119,-2.3,-1.49,0,0,0,0,0,0,0,0
1095,52,2026-07-19,chw,"Flags: none.
Rule default: routine.
Medicine taken at the last three contacts: yes, yes, partial.
Days since last contact: 0.
CHW notes:
""Mgonjwa yuko sawa, anakunywa dawa.""
Patient messages:
""Mimi ni mzima. Presha ni 123/80, nakunywa dawa kila siku.""
""Mimi ni mzima. Presha ni 130/81, nakunywa dawa kila siku.""
""Shikamoo. Nimepima leo 119/78, dawa nimekunywa asubuhi.""",routine,none,,,[],routine,0,1.5,122,0.7,-1.09,0,0,0,0,0,0,0,0
1105,52,2026-07-22,sms,"Flags: none.
Rule default: routine.
Medicine taken at the last three contacts: yes, yes, yes.
Days since last contact: 0.
CHW notes:
""Mgonjwa yuko sawa, anakunywa dawa.""
Patient messages:
""Mimi ni mzima. Presha ni 130/81, nakunywa dawa kila siku.""
""Shikamoo. Nimepima leo 119/78, dawa nimekunywa asubuhi.""
""Mimi ni mzima. Presha ni 121/72, nakunywa dawa kila siku.""",routine,none,,,[],routine,0,1.5,121,-0.3,-2.06,0,0,0,0,0,0,0,0
1096,52,2026-08-07,chw,"Flags: none.
Rule default: routine.
Medicine taken at the last three contacts: yes, yes, yes.
Days since last contact: 0.
CHW notes:
""Home visit, no complaints.""
Patient messages:
""Mimi ni mzima. Presha ni 130/81, nakunywa dawa kila siku.""
""Shikamoo. Nimepima leo 119/78, dawa nimekunywa asubuhi.""
""Mimi ni mzima. Presha ni 121/72, nakunywa dawa kila siku.""",routine,none,,,[],routine,0,1.5,125,3.7,-0.94,0,0,0,0,0,0,0,0
1106,52,2026-08-09,sms,"Flags: none.
Rule default: routine.
Medicine taken at the last three contacts: yes, yes, yes.
Days since last contact: 0.
CHW notes:
""Home visit, no complaints.""
Patient messages:
""Shikamoo. Nimepima leo 119/78, dawa nimekunywa asubuhi.""
""Mimi ni mzima. Presha ni 121/72, nakunywa dawa kila siku.""
""Mimi ni mzima. Presha ni 119/77, nakunywa dawa kila siku.""",routine,none,,,[],routine,0,1.0,119,-2.3,-0.8,0,0,0,0,0,0,0,0
1107,52,2026-08-16,sms,"Flags: none.
Rule default: routine.
Medicine taken at the last three contacts: yes, yes, yes.
Days since last contact: 0.
Patient messages:
""Mimi ni mzima. Presha ni 121/72, nakunywa dawa kila siku.""
""Mimi ni mzima. Presha ni 119/77, nakunywa dawa kila siku.""
""presha leo 130/80""",routine,none,,,[],routine,0,1.5,130,8.7,1.43,0,0,0,0,0,0,0,0
1108,52,2026-09-02,sms,"Flags: none.
Rule default: routine.
Medicine taken at the last three contacts: yes, yes, yes.
Days since last contact: 0.
Patient messages:
""Mimi ni mzima. Presha ni 119/77, nakunywa dawa kila siku.""
""presha leo 130/80""
""126/72 leo. Asante""",routine,none,,,[],routine,0,1.5,126,4.7,1.17,0,0,0,0,0,0,0,0
1097,52,2026-09-04,chw,"Flags: none.
Rule default: routine.
Medicine taken at the last three contacts: yes, yes, yes.
Days since last contact: 0.
CHW notes:
""Patient well, taking medicine.""
Patient messages:
""Mimi ni mzima. Presha ni 119/77, nakunywa dawa kila siku.""
""presha leo 130/80""
""126/72 leo. Asante""",routine,none,,,[],routine,1,1.5,128,6.7,1.4,0,0,0,0,0,0,0,0
1109,52,2026-09-18,sms,"Flags: none.
Rule default: routine.
Medicine taken at the last three contacts: yes, yes, yes.
Days since last contact: 0.
CHW notes:
""Patient well, taking medicine.""
Patient messages:
""presha leo 130/80""
""126/72 leo. Asante""
""143/84 leo. Asante""",routine,none,,,[],routine,1,2.0,143,21.7,3.23,0,0,0,0,0,0,0,0
1090,52,2026-09-20,clinic,"Flag borderline: Borderline: the readings crossed the goal 140/90 2 times in the last 6 readings: 119/77, 130/80, 126/72, 128/80, 143/84, 139/83. No threshold crossed; recheck and ask for a weekly reading.
Rule default: recheck_7_days.
Medicine taken at the last three contacts: yes, yes, yes.
Days since last contact: 0.
Patient messages:
""presha leo 130/80""
""126/72 leo. Asante""
""143/84 leo. Asante""",recheck_7_days,none,,,[],recheck_7_days,1,3.5,139,17.7,4.03,0,0,0,0,0,0,0,0
1110,52,2026-09-30,sms,"Flag trend: Trend rule: each of the last 3 readings (143, 139, 150, 2026-09-18 to 2026-09-30) is at least 10 mmHg above the baseline of 121; and the last 4 readings (2026-09-04 to 2026-09-30) average 140, 19 mmHg above the baseline of 121 (rule: at least 15 mmHg over 4 readings) (baseline = first 3 readings).
Flag borderline: Borderline: the readings crossed the goal 140/90 3 times in the last 6 readings: 130/80, 126/72, 128/80, 143/84, 139/83, 150/83. No threshold crossed; recheck and ask for a weekly reading.
Rule default: recheck_7_days.
Medicine taken at the last three contacts: yes, yes, yes.
Days since last contact: 0.
Patient messages:
""126/72 leo. Asante""
""143/84 leo. Asante""
""presha leo 150/83""",recheck_7_days,none,,,[],recheck_7_days,1,7.0,150,28.7,4.4,0,3,0,0,0,0,0,0
1098,52,2026-10-01,chw,"Flag trend: Trend rule: each of the last 3 readings (150, 151, 152, 2026-09-30 to 2026-10-01) is at least 10 mmHg above the baseline of 121; and the last 4 readings (2026-09-20 to 2026-10-01) average 148, 27 mmHg above the baseline of 121 (rule: at least 15 mmHg over 4 readings) (baseline = first 3 readings).
Flag borderline: Borderline: the readings crossed the goal 140/90 3 times in the last 6 readings: 128/80, 143/84, 139/83, 150/83, 151/85, 152/91. No threshold crossed; recheck and ask for a weekly reading.
Flag symptom: Symptom 'headache' reported on 2026-10-01; latest BP 152/91 is not under the goal 140/90 (bp_goal).
Rule default: visit_this_week.
Medicine taken at the last three contacts: yes, yes, yes.
Days since last contact: 0.
CHW notes:
""Home visit, no complaints.""
""Feeling unwell, headache.""
Patient messages:
""126/72 leo. Asante""
""143/84 leo. Asante""
""presha leo 150/83""",visit_this_week,none,,,[],visit_this_week,1,17.0,152,30.7,4.43,0,3,10,0,0,0,0,0
1111,52,2026-10-01,chw,"Flag trend: Trend rule: each of the last 3 readings (150, 151, 152, 2026-09-30 to 2026-10-01) is at least 10 mmHg above the baseline of 121; and the last 4 readings (2026-09-20 to 2026-10-01) average 148, 27 mmHg above the baseline of 121 (rule: at least 15 mmHg over 4 readings) (baseline = first 3 readings).
Flag borderline: Borderline: the readings crossed the goal 140/90 3 times in the last 6 readings: 128/80, 143/84, 139/83, 150/83, 151/85, 152/91. No threshold crossed; recheck and ask for a weekly reading.
Flag symptom: Symptom 'headache' reported on 2026-10-01; latest BP 152/91 is not under the goal 140/90 (bp_goal).
Rule default: visit_this_week.
Medicine taken at the last three contacts: yes, yes, yes.
Days since last contact: 0.
CHW notes:
""Home visit, no complaints.""
""Feeling unwell, headache.""
Patient messages:
""126/72 leo. Asante""
""143/84 leo. Asante""
""presha leo 150/83""",visit_this_week,none,,,[],visit_this_week,1,17.0,152,30.7,4.43,0,3,10,0,0,0,0,0
1115,53,2026-04-11,chw,"Flags: none.
Rule default: routine.
Medicine taken at the last three contacts: partial.
Days since last contact: 0.
CHW notes:
""Patient ran out of tablets last week.""",routine,up,note,missed_meds (generator note or message): Patient ran out of tablets last week.,[],recheck_7_days,0,9.5,133,0.0,0.0,0,0,0,2,0,0,0,0
1125,53,2026-04-19,sms,"Flags: none.
Rule default: routine.
Medicine taken at the last three contacts: partial.
Days since last contact: 0.
CHW notes:
""Patient ran out of tablets last week.""
Patient messages:
""tension 131/88""",routine,up,note,missed_meds (generator note or message): Patient ran out of tablets last week.,[],recheck_7_days,0,7.5,131,-1.0,-2.0,0,0,0,0,0,0,0,0
1112,53,2026-04-23,clinic,"Flags: none.
Rule default: routine.
Medicine taken at the last three contacts: yes, partial.
Days since last contact: 0.
Patient messages:
""tension 131/88""
""Le médicament me fait gonfler les pieds, c'est normal ?""",routine,none,,,[],routine,0,7.5,125,-4.7,-4.0,0,0,0,0,0,0,0,0
1126,53,2026-04-26,sms,"Flags: none.
Rule default: routine.
Medicine taken at the last three contacts: yes, yes, partial.
Days since last contact: 0.
Patient messages:
""tension 131/88""
""Le médicament me fait gonfler les pieds, c'est normal ?""
""Ma tension est 126 sur 83, je prends bien mes médicaments chaque jour.""",routine,none,,,[],routine,0,7.5,126,-3.7,-2.7,0,0,0,0,0,0,0,0
1116,53,2026-04-30,chw,"Flags: none.
Rule default: routine.
Medicine taken at the last three contacts: partial, yes, yes.
Days since last contact: 0.
CHW notes:
""Amesahau dawa siku kadhaa.""
Patient messages:
""tension 131/88""
""Le médicament me fait gonfler les pieds, c'est normal ?""
""Ma tension est 126 sur 83, je prends bien mes médicaments chaque jour.""",routine,up,note,missed_meds (generator note or message): Amesahau dawa siku kadhaa.,[],recheck_7_days,0,9.5,134,4.3,-0.3,0,0,0,2,0,0,0,0
1127,53,2026-05-08,sms,"Flags: none.
Rule default: routine.
Medicine taken at the last three contacts: partial, yes, yes.
Days since last contact: 0.
CHW notes:
""Amesahau dawa siku kadhaa.""
Patient messages:
""Le médicament me fait gonfler les pieds, c'est normal ?""
""Ma tension est 126 sur 83, je prends bien mes médicaments chaque jour.""
""tension 139/90""",routine,up,note,missed_meds (generator note or message): Amesahau dawa siku kadhaa.,[],recheck_7_days,0,7.5,139,9.3,1.14,0,0,0,0,0,0,0,0
1128,53,2026-05-17,sms,"Flag borderline: Borderline: the readings crossed the goal 140/90 2 times in the last 6 readings: 131/88, 125/79, 126/83, 134/88, 139/90, 136/87. No threshold crossed; recheck and ask for a weekly reading.
Rule default: recheck_7_days.
Medicine taken at the last three contacts: partial, yes, yes.
Days since last contact: 0.
Patient messages:
""Ma tension est 126 sur 83, je prends bien mes médicaments chaque jour.""
""tension 139/90""
""Bjr, tension 136 sur 87 ce matin""",recheck_7_days,none,,,[],recheck_7_days,0,9.5,136,6.3,2.14,0,0,0,0,0,0,0,0
1117,53,2026-05-20,chw,"Flag borderline: Borderline: the readings crossed the goal 140/90 2 times in the last 6 readings: 125/79, 126/83, 134/88, 139/90, 136/87, 129/82. No threshold crossed; recheck and ask for a weekly reading.
Rule default: recheck_7_days.
Medicine taken at the last three contacts: yes, partial, yes.
Days since last contact: 0.
CHW notes:
""Mgonjwa yuko sawa, anakunywa dawa.""
Patient messages:
""tension 139/90""
""Bjr, tension 136 sur 87 ce matin""
""Le médicament me fait gonfler les pieds, c'est normal ?""",recheck_7_days,none,,,[],recheck_7_days,0,9.5,129,-0.7,1.57,0,0,0,0,0,0,0,0
1129,53,2026-06-02,sms,"Flag borderline: Borderline: the readings crossed the goal 140/90 2 times in the last 6 readings: 126/83, 134/88, 139/90, 136/87, 129/82, 130/84. No threshold crossed; recheck and ask for a weekly reading.
Rule default: recheck_7_days.
Medicine taken at the last three contacts: yes, partial, yes.
Days since last contact: 0.
CHW notes:
""Mgonjwa yuko sawa, anakunywa dawa.""
Patient messages:
""Bjr, tension 136 sur 87 ce matin""
""Le médicament me fait gonfler les pieds, c'est normal ?""
""tension 130/84""",recheck_7_days,none,,,[],recheck_7_days,0,9.5,130,0.3,0.06,0,0,0,0,0,0,0,0
1118,53,2026-06-06,chw,"Flag borderline: Borderline: the readings crossed the goal 140/90 3 times in the last 6 readings: 134/88, 139/90, 136/87, 129/82, 130/84, 138/92. No threshold crossed; recheck and ask for a weekly reading.
Rule default: recheck_7_days.
Medicine taken at the last three contacts: yes, yes, partial.
Days since last contact: 0.
CHW notes:
""Patient bien, prend ses médicaments.""
Patient messages:
""Bjr, tension 136 sur 87 ce matin""
""Le médicament me fait gonfler les pieds, c'est normal ?""
""tension 130/84""",recheck_7_days,none,,,[],recheck_7_days,0,9.5,138,8.3,-0.4,0,0,0,0,0,0,0,0
1130,53,2026-06-13,sms,"Flag borderline: Borderline: the readings crossed the goal 140/90 3 times in the last 6 readings: 139/90, 136/87, 129/82, 130/84, 138/92, 126/81. No threshold crossed; recheck and ask for a weekly reading.
Rule default: recheck_7_days.
Medicine taken at the last three contacts: yes, yes, partial.
Days since last contact: 0.
CHW notes:
""Patient bien, prend ses médicaments.""
Patient messages:
""Le médicament me fait gonfler les pieds, c'est normal ?""
""tension 130/84""
""Bjr, tension 126 sur 81 ce matin""",recheck_7_days,none,,,[],recheck_7_days,0,9.5,126,-3.7,-1.66,0,0,0,0,0,0,0,0
1119,53,2026-06-30,chw,"Flag borderline: Borderline: the readings crossed the goal 140/90 2 times in the last 6 readings: 136/87, 129/82, 130/84, 138/92, 126/81, 127/81. No threshold crossed; recheck and ask for a weekly reading.
Rule default: recheck_7_days.
Medicine taken at the last three contacts: yes, yes, yes.
Days since last contact: 0.
CHW notes:
""Patient well, taking medicine.""
Patient messages:
""Le médicament me fait gonfler les pieds, c'est normal ?""
""tension 130/84""
""Bjr, tension 126 sur 81 ce matin""",recheck_7_days,none,,,[],recheck_7_days,0,9.5,127,-2.7,-1.31,0,0,0,0,0,0,0,0
1131,53,2026-07-02,sms,"Flag borderline: Borderline: the readings crossed the goal 140/90 2 times in the last 6 readings: 129/82, 130/84, 138/92, 126/81, 127/81, 129/83. No threshold crossed; recheck and ask for a weekly reading.
Rule default: recheck_7_days.
Medicine taken at the last three contacts: yes, yes, yes.
Days since last contact: 0.
CHW notes:
""Patient well, taking medicine.""
Patient messages:
""tension 130/84""
""Bjr, tension 126 sur 81 ce matin""
""Bjr, tension 129 sur 83 ce matin""",recheck_7_days,none,,,[],recheck_7_days,0,9.5,129,-0.7,-0.6,0,0,0,0,0,0,0,0
1132,53,2026-07-14,sms,"Flag borderline: Borderline: the readings crossed the goal 140/90 2 times in the last 6 readings: 130/84, 138/92, 126/81, 127/81, 129/83, 120/80. No threshold crossed; recheck and ask for a weekly reading.
Rule default: recheck_7_days.
Medicine taken at the last three contacts: yes, yes, yes.
Days since last contact: 0.
Patient messages:
""Bjr, tension 126 sur 81 ce matin""
""Bjr, tension 129 sur 83 ce matin""
""Ma tension est 120 sur 80, je prends bien mes médicaments chaque jour.""",recheck_7_days,none,,,[],recheck_7_days,0,9.5,120,-9.7,-2.17,0,0,0,0,0,0,0,0
1120,53,2026-07-18,chw,"Flags: none.
Rule default: routine.
Medicine taken at the last three contacts: yes, yes, yes.
Days since last contact: 0.
CHW notes:
""Mgonjwa yuko sawa, anakunywa dawa.""
Patient messages:
""Bjr, tension 126 sur 81 ce matin""
""Bjr, tension 129 sur 83 ce matin""
""Ma tension est 120 sur 80, je prends bien mes médicaments chaque jour.""",routine,none,,,[],routine,0,7.5,133,3.3,-1.17,0,0,0,0,0,0,0,0
1113,53,2026-07-21,clinic,"Flags: none.
Rule default: routine.
Medicine taken at the last three contacts: yes, yes, yes.
Days since last contact: 0.
CHW notes:
""Mgonjwa yuko sawa, anakunywa dawa.""
Patient messages:
""Bjr, tension 126 sur 81 ce matin""
""Bjr, tension 129 sur 83 ce matin""
""Ma tension est 120 sur 80, je prends bien mes médicaments chaque jour.""",routine,none,,,[],routine,0,7.5,131,1.3,0.97,0,0,0,0,0,0,0,0
1133,53,2026-07-24,sms,"Flags: none.
Rule default: routine.
Medicine taken at the last three contacts: partial, yes, yes.
Days since last contact: 0.
Patient messages:
""Bjr, tension 129 sur 83 ce matin""
""Ma tension est 120 sur 80, je prends bien mes médicaments chaque jour.""
""Bonsoir. Tension 137/90, j'ai pris seulement la moitié du comprimé.""",routine,up,note,"missed_meds (generator note or message): Bonsoir. Tension 137/90, j'ai pris seulement la moitié du comprimé.",[],recheck_7_days,0,9.5,137,7.3,1.97,0,0,0,2,0,0,0,0
1134,53,2026-08-02,sms,"Flag borderline: Borderline: the readings crossed the goal 140/90 2 times in the last 6 readings: 129/83, 120/80, 133/84, 131/84, 137/90, 133/79. No threshold crossed; recheck and ask for a weekly reading.
Rule default: recheck_7_days.
Medicine taken at the last three contacts: partial, yes, yes.
Days since last contact: 0.
Patient messages:
""Ma tension est 120 sur 80, je prends bien mes médicaments chaque jour.""
""Bonsoir. Tension 137/90, j'ai pris seulement la moitié du comprimé.""
""Bjr, tension 133 sur 79 ce matin""",recheck_7_days,up,note,"missed_meds (generator note or message): Bonsoir. Tension 137/90, j'ai pris seulement la moitié du comprimé.",[],visit_this_week,0,9.5,133,3.3,1.97,0,0,0,0,0,0,0,0
1121,53,2026-08-03,chw,"Flag borderline: Borderline: the readings crossed the goal 140/90 2 times in the last 6 readings: 120/80, 133/84, 131/84, 137/90, 133/79, 125/83. No threshold crossed; recheck and ask for a weekly reading.
Rule default: recheck_7_days.
Medicine taken at the last three contacts: yes, partial, yes.
Days since last contact: 0.
CHW notes:
""Patient bien, prend ses médicaments.""
Patient messages:
""Ma tension est 120 sur 80, je prends bien mes médicaments chaque jour.""
""Bonsoir. Tension 137/90, j'ai pris seulement la moitié du comprimé.""
""Bjr, tension 133 sur 79 ce matin""",recheck_7_days,up,note,"missed_meds (generator note or message): Bonsoir. Tension 137/90, j'ai pris seulement la moitié du comprimé.",[],visit_this_week,0,9.5,125,-4.7,0.89,0,0,0,0,0,0,0,0
1135,53,2026-08-17,sms,"Flag borderline: Borderline: the readings crossed the goal 140/90 2 times in the last 6 readings: 133/84, 131/84, 137/90, 133/79, 125/83, 131/84. No threshold crossed; recheck and ask for a weekly reading.
Rule default: recheck_7_days.
Medicine taken at the last three contacts: yes, yes, partial.
Days since last contact: 0.
CHW notes:
""Patient bien, prend ses médicaments.""
Patient messages:
""Bonsoir. Tension 137/90, j'ai pris seulement la moitié du comprimé.""
""Bjr, tension 133 sur 79 ce matin""
""J'ai mesuré au centre de santé : 131/84. Médicaments pris.""",recheck_7_days,up,note,"missed_meds (generator note or message): Bonsoir. Tension 137/90, j'ai pris seulement la moitié du comprimé.",[],visit_this_week,0,9.5,131,1.3,-0.91,0,0,0,0,0,0,0,0
1122,53,2026-08-23,chw,"Flag borderline: Borderline: the readings crossed the goal 140/90 2 times in the last 6 readings: 131/84, 137/90, 133/79, 125/83, 131/84, 129/85. No threshold crossed; recheck and ask for a weekly reading.
Rule default: recheck_7_days.
Medicine taken at the last three contacts: yes, yes, yes.
Days since last contact: 0.
CHW notes:
""Home visit, no complaints.""
Patient messages:
""Bonsoir. Tension 137/90, j'ai pris seulement la moitié du comprimé.""
""Bjr, tension 133 sur 79 ce matin""
""J'ai mesuré au centre de santé : 131/84. Médicaments pris.""",recheck_7_days,up,note,"missed_meds (generator note or message): Bonsoir. Tension 137/90, j'ai pris seulement la moitié du comprimé.",[],visit_this_week,0,9.5,129,-0.7,-1.03,0,0,0,0,0,0,0,0
1136,53,2026-08-29,sms,"Flag borderline: Borderline: 3 readings in a row in the band just under the goal 140/90 (130-139 systolic or 85-89 diastolic): 131/84, 129/85, 130/76 (2026-08-17 to 2026-08-29). No threshold crossed; recheck and ask for a weekly reading.
Rule default: recheck_7_days.
Medicine taken at the last three contacts: yes, yes, yes.
Days since last contact: 0.
CHW notes:
""Home visit, no complaints.""
Patient messages:
""Bjr, tension 133 sur 79 ce matin""
""J'ai mesuré au centre de santé : 131/84. Médicaments pris.""
""tension 130/76""",recheck_7_days,none,,,[],recheck_7_days,0,9.5,130,0.3,-1.17,0,0,0,0,0,0,0,0
1123,53,2026-09-07,chw,"Flag borderline: Borderline: 3 readings in a row in the band just under the goal 140/90 (130-139 systolic or 85-89 diastolic): 131/84, 129/85, 130/76 (2026-08-17 to 2026-08-29). No threshold crossed; recheck and ask for a weekly reading.
Rule default: recheck_7_days.
Medicine taken at the last three contacts: yes, yes, yes.
Days since last contact: 0.
CHW notes:
""Patient well, taking medicine.""
Patient messages:
""Bjr, tension 133 sur 79 ce matin""
""J'ai mesuré au centre de santé : 131/84. Médicaments pris.""
""tension 130/76""",recheck_7_days,none,,,[],recheck_7_days,1,11.0,145,15.3,2.09,0,0,0,0,0,0,0,0
1137,53,2026-09-08,sms,"Flag borderline: Borderline: 3 readings in a row in the band just under the goal 140/90 (130-139 systolic or 85-89 diastolic): 131/84, 129/85, 130/76 (2026-08-17 to 2026-08-29). No threshold crossed; recheck and ask for a weekly reading.
Rule default: recheck_7_days.
Medicine taken at the last three contacts: yes, yes, yes.
Days since last contact: 0.
CHW notes:
""Patient well, taking medicine.""
Patient messages:
""J'ai mesuré au centre de santé : 131/84. Médicaments pris.""
""tension 130/76""
""tension 146/91""",recheck_7_days,none,,,[],recheck_7_days,1,11.0,146,16.3,4.23,0,0,0,0,0,0,0,0
1138,53,2026-09-20,sms,"Flag threshold: Latest BP 158/104 on 2026-09-20 is at or above the 'grade2' cut-off (160/100).
Flag trend: Trend rule: each of the last 3 readings (145, 146, 158, 2026-09-07 to 2026-09-20) is at least 10 mmHg above the baseline of 130; and the last 4 readings (2026-08-29 to 2026-09-20) average 145, 15 mmHg above the baseline of 130 (rule: at least 15 mmHg over 4 readings) (baseline = first 3 readings).
Rule default: visit_this_week.
Medicine taken at the last three contacts: yes, yes, yes.
Days since last contact: 0.
Patient messages:
""tension 146/91""
""Est-ce que je peux arrêter le traitement si je me sens bien ?""
""Bonjour, ma tension aujourd'hui est 158/104. J'ai pris mes médicaments.""",visit_this_week,none,,,[],visit_this_week,1,18.0,158,28.3,5.74,4,3,0,0,0,0,0,2
1124,53,2026-09-23,chw,"Flag trend: Trend rule: each of the last 3 readings (146, 158, 153, 2026-09-08 to 2026-09-23) is at least 10 mmHg above the baseline of 130; and the last 4 readings (2026-09-07 to 2026-09-23) average 150, 21 mmHg above the baseline of 130 (rule: at least 15 mmHg over 4 readings) (baseline = first 3 readings).
Rule default: recheck_7_days.
Medicine taken at the last three contacts: yes, yes, yes.
Days since last contact: 0.
CHW notes:
""Home visit, no complaints.""
Patient messages:
""Est-ce que je peux arrêter le traitement si je me sens bien ?""
""Bonjour, ma tension aujourd'hui est 158/104. J'ai pris mes médicaments.""
""Est-ce que je peux arrêter le traitement si je me sens bien ?""",recheck_7_days,none,,,[],recheck_7_days,1,14.0,153,23.3,5.86,0,3,0,0,0,0,0,2
1114,53,2026-10-02,clinic,"Flag threshold: Latest BP 171/105 on 2026-10-02 is at or above the 'grade2' cut-off (160/100).
Flag who_risk: WHO 10-year CVD risk 22% (woman, smoker, age 70-74, SBP 160-179, BMI 20-24 (20.7)) on the reading of 2026-10-02: at or above the 'high' level (20%). Note: age 77 is above the chart: read as 70-74, so the risk is likely higher.
Flag trend: Trend rule: each of the last 3 readings (153, 175, 171, 2026-09-23 to 2026-10-02) is at least 10 mmHg above the baseline of 130; and the last 4 readings (2026-09-20 to 2026-10-02) average 164, 35 mmHg above the baseline of 130 (rule: at least 15 mmHg over 4 readings) (baseline = first 3 readings).
Flag symptom: Symptom 'headache' reported on 2026-10-02; latest BP 171/105 is not under the goal 140/90 (bp_goal).
Rule default: visit_this_week.
Medicine taken at the last three contacts: yes, yes, yes.
Days since last contact: 0.
CHW notes:
""Feeling unwell, headache.""
Patient messages:
""Est-ce que je peux arrêter le traitement si je me sens bien ?""
""Bonjour, ma tension aujourd'hui est 158/104. J'ai pris mes médicaments.""
""Est-ce que je peux arrêter le traitement si je me sens bien ?""",visit_this_week,none,,,[],visit_this_week,1,30.0,171,41.3,6.06,4,3,10,0,0,0,0,2
1139,53,2026-10-02,chw,"Flag threshold: Latest BP 171/105 on 2026-10-02 is at or above the 'grade2' cut-off (160/100).
Flag who_risk: WHO 10-year CVD risk 22% (woman, smoker, age 70-74, SBP 160-179, BMI 20-24 (20.7)) on the reading of 2026-10-02: at or above the 'high' level (20%). Note: age 77 is above the chart: read as 70-74, so the risk is likely higher.
Flag trend: Trend rule: each of the last 3 readings (153, 175, 171, 2026-09-23 to 2026-10-02) is at least 10 mmHg above the baseline of 130; and the last 4 readings (2026-09-20 to 2026-10-02) average 164, 35 mmHg above the baseline of 130 (rule: at least 15 mmHg over 4 readings) (baseline = first 3 readings).
Flag symptom: Symptom 'headache' reported on 2026-10-02; latest BP 171/105 is not under the goal 140/90 (bp_goal).
Rule default: visit_this_week.
Medicine taken at the last three contacts: yes, yes, yes.
Days since last contact: 0.
CHW notes:
""Feeling unwell, headache.""
Patient messages:
""Est-ce que je peux arrêter le traitement si je me sens bien ?""
""Bonjour, ma tension aujourd'hui est 158/104. J'ai pris mes médicaments.""
""Est-ce que je peux arrêter le traitement si je me sens bien ?""",visit_this_week,none,,,[],visit_this_week,1,30.0,171,41.3,6.06,4,3,10,0,0,0,0,2
1142,54,2026-04-13,chw,"Flags: none.
Rule default: routine.
Medicine taken at the last three contacts: yes.
Days since last contact: 0.
CHW notes:
""Mgonjwa yuko sawa, anakunywa dawa.""
Patient messages:
""Bjr, tension 130 sur 84 ce matin""",routine,none,,,[],routine,0,6.0,130,-3.0,-6.0,0,0,0,0,0,0,0,0
1151,54,2026-04-13,sms,"Flags: none.
Rule default: routine.
Medicine taken at the last three contacts: yes.
Days since last contact: 0.
CHW notes:
""Mgonjwa yuko sawa, anakunywa dawa.""
Patient messages:
""Bjr, tension 130 sur 84 ce matin""",routine,none,,,[],routine,0,6.0,130,-3.0,-6.0,0,0,0,0,0,0,0,0
1140,54,2026-04-17,clinic,"Flags: none.
Rule default: routine.
Medicine taken at the last three contacts: yes, yes.
Days since last contact: 0.
Patient messages:
""Bjr, tension 130 sur 84 ce matin""",routine,up,note,missed_meds (generator note or message): Renouvellement du traitement,[],recheck_7_days,0,8.0,141,5.3,2.5,0,0,0,0,0,0,0,0
1152,54,2026-04-20,sms,"Flags: none.
Rule default: routine.
Medicine taken at the last three contacts: yes, yes, yes.
Days since last contact: 0.
Patient messages:
""Bjr, tension 130 sur 84 ce matin""
""Ma tension est 139 sur 91, je prends bien mes médicaments chaque jour.""",routine,up,note,missed_meds (generator note or message): Renouvellement du traitement,[],recheck_7_days,0,6.0,139,3.3,2.0,0,0,0,0,0,0,0,0
1143,54,2026-04-27,chw,"Flag borderline: Borderline: the readings crossed the goal 140/90 2 times in the last 5 readings: 136/87, 130/84, 141/89, 139/91, 138/89. No threshold crossed; recheck and ask for a weekly reading.
Rule default: recheck_7_days.
Medicine taken at the last three contacts: yes, yes, yes.
Days since last contact: 0.
CHW notes:
""Patient bien, prend ses médicaments.""
Patient messages:
""Bjr, tension 130 sur 84 ce matin""
""Ma tension est 139 sur 91, je prends bien mes médicaments chaque jour.""
""Bonjour, je suis en voyage cette semaine.""",recheck_7_days,none,,,[],recheck_7_days,0,8.0,138,2.3,1.3,0,0,0,0,0,0,0,0
1153,54,2026-05-05,sms,"Flag borderline: Borderline: the readings crossed the goal 140/90 2 times in the last 6 readings: 136/87, 130/84, 141/89, 139/91, 138/89, 131/88. No threshold crossed; recheck and ask for a weekly reading.
Rule default: recheck_7_days.
Medicine taken at the last three contacts: yes, yes, yes.
Days since last contact: 0.
CHW notes:
""Patient bien, prend ses médicaments.""
Patient messages:
""Ma tension est 139 sur 91, je prends bien mes médicaments chaque jour.""
""Bonjour, je suis en voyage cette semaine.""
""J'ai mesuré au centre de santé : 131/88. Médicaments pris.""",recheck_7_days,none,,,[],recheck_7_days,0,8.0,131,-4.7,-0.09,0,0,0,0,0,0,0,0
1154,54,2026-05-13,sms,"Flag borderline: Borderline: the readings crossed the goal 140/90 3 times in the last 6 readings: 130/84, 141/89, 139/91, 138/89, 131/88, 140/85. No threshold crossed; recheck and ask for a weekly reading.
Rule default: recheck_7_days.
Medicine taken at the last three contacts: yes, yes, yes.
Days since last contact: 0.
Patient messages:
""Bonjour, je suis en voyage cette semaine.""
""J'ai mesuré au centre de santé : 131/88. Médicaments pris.""
""tension 140/85""",recheck_7_days,none,,,[],recheck_7_days,0,10.0,140,4.3,0.54,0,0,0,0,0,0,0,0
1144,54,2026-05-19,chw,"Flag borderline: Borderline: the readings crossed the goal 140/90 2 times in the last 6 readings: 141/89, 139/91, 138/89, 131/88, 140/85, 143/92. No threshold crossed; recheck and ask for a weekly reading.
Rule default: recheck_7_days.
Medicine taken at the last three contacts: yes, yes, yes.
Days since last contact: 0.
CHW notes:
""Patient well, taking medicine.""
Patient messages:
""Bonjour, je suis en voyage cette semaine.""
""J'ai mesuré au centre de santé : 131/88. Médicaments pris.""
""tension 140/85""",recheck_7_days,none,,,[],recheck_7_days,0,10.0,143,7.3,0.17,0,0,0,0,0,0,0,0
1155,54,2026-05-22,sms,"Flag borderline: Borderline: the readings crossed the goal 140/90 3 times in the last 6 readings: 139/91, 138/89, 131/88, 140/85, 143/92, 131/87. No threshold crossed; recheck and ask for a weekly reading.
Rule default: recheck_7_days.
Medicine taken at the last three contacts: yes, yes, yes.
Days since last contact: 0.
CHW notes:
""Patient well, taking medicine.""
Patient messages:
""J'ai mesuré au centre de santé : 131/88. Médicaments pris.""
""tension 140/85""
""Bonjour, ma tension aujourd'hui est 131/87. J'ai pris mes médicaments.""",recheck_7_days,none,,,[],recheck_7_days,0,8.0,131,-4.7,-0.46,0,0,0,0,0,0,0,0
1156,54,2026-06-06,sms,"Flag borderline: Borderline: the readings crossed the goal 140/90 3 times in the last 6 readings: 138/89, 131/88, 140/85, 143/92, 131/87, 140/89. No threshold crossed; recheck and ask for a weekly reading.
Rule default: recheck_7_days.
Medicine taken at the last three contacts: yes, yes, yes.
Days since last contact: 0.
Patient messages:
""tension 140/85""
""Bonjour, ma tension aujourd'hui est 131/87. J'ai pris mes médicaments.""
""Ma tension est 140 sur 89, je prends bien mes médicaments chaque jour.""",recheck_7_days,none,,,[],recheck_7_days,0,10.0,140,4.3,0.37,0,0,0,0,0,0,0,0
1145,54,2026-06-13,chw,"Flag borderline: Borderline: the readings crossed the goal 140/90 3 times in the last 6 readings: 140/85, 143/92, 131/87, 140/89, 144/88, 138/88. No threshold crossed; recheck and ask for a weekly reading.
Rule default: recheck_7_days.
Medicine taken at the last three contacts: yes, yes, yes.
Days since last contact: 0.
CHW notes:
""Patient bien, prend ses médicaments.""
Patient messages:
""Ma tension est 140 sur 89, je prends bien mes médicaments chaque jour.""
""Le médicament me fait gonfler les pieds, c'est normal ?""
""tension 138/88""",recheck_7_days,none,,,[],recheck_7_days,0,8.0,138,2.3,0.06,0,0,0,0,0,0,0,0
1157,54,2026-06-13,sms,"Flag borderline: Borderline: the readings crossed the goal 140/90 3 times in the last 6 readings: 140/85, 143/92, 131/87, 140/89, 144/88, 138/88. No threshold crossed; recheck and ask for a weekly reading.
Rule default: recheck_7_days.
Medicine taken at the last three contacts: yes, yes, yes.
Days since last contact: 0.
CHW notes:
""Patient bien, prend ses médicaments.""
Patient messages:
""Ma tension est 140 sur 89, je prends bien mes médicaments chaque jour.""
""Le médicament me fait gonfler les pieds, c'est normal ?""
""tension 138/88""",recheck_7_days,none,,,[],recheck_7_days,0,8.0,138,2.3,0.06,0,0,0,0,0,0,0,0
1158,54,2026-06-28,sms,"Flag borderline: Borderline: the readings crossed the goal 140/90 4 times in the last 6 readings: 143/92, 131/87, 140/89, 144/88, 138/88, 145/91. No threshold crossed; recheck and ask for a weekly reading.
Rule default: recheck_7_days.
Medicine taken at the last three contacts: yes, yes, yes.
Days since last contact: 0.
Patient messages:
""Le médicament me fait gonfler les pieds, c'est normal ?""
""tension 138/88""
""Bonjour, ma tension aujourd'hui est 145/91. J'ai pris mes médicaments.""",recheck_7_days,none,,,[],recheck_7_days,0,10.0,145,9.3,1.0,0,0,0,0,0,0,0,0
1146,54,2026-07-07,chw,"Flag borderline: Borderline: the readings crossed the goal 140/90 2 times in the last 6 readings: 140/89, 144/88, 138/88, 145/91, 142/90, 140/94. No threshold crossed; recheck and ask for a weekly reading.
Rule default: recheck_7_days.
Medicine taken at the last three contacts: yes, yes, yes.
Days since last contact: 0.
CHW notes:
""Patient well, taking medicine.""
Patient messages:
""tension 138/88""
""Bonjour, ma tension aujourd'hui est 145/91. J'ai pris mes médicaments.""
""Bjr, tension 140 sur 94 ce matin""",recheck_7_days,none,,,[],recheck_7_days,0,10.0,140,4.3,0.03,0,0,0,0,0,0,0,0
1159,54,2026-07-07,sms,"Flag borderline: Borderline: the readings crossed the goal 140/90 2 times in the last 6 readings: 140/89, 144/88, 138/88, 145/91, 142/90, 140/94. No threshold crossed; recheck and ask for a weekly reading.
Rule default: recheck_7_days.
Medicine taken at the last three contacts: yes, yes, yes.
Days since last contact: 0.
CHW notes:
""Patient well, taking medicine.""
Patient messages:
""tension 138/88""
""Bonjour, ma tension aujourd'hui est 145/91. J'ai pris mes médicaments.""
""Bjr, tension 140 sur 94 ce matin""",recheck_7_days,none,,,[],recheck_7_days,0,10.0,140,4.3,0.03,0,0,0,0,0,0,0,0
1141,54,2026-07-13,clinic,"Flag borderline: Borderline: the readings crossed the goal 140/90 2 times in the last 6 readings: 144/88, 138/88, 145/91, 142/90, 140/94, 144/97. No threshold crossed; recheck and ask for a weekly reading.
Rule default: recheck_7_days.
Medicine taken at the last three contacts: yes, yes, yes.
Days since last contact: 0.
Patient messages:
""tension 138/88""
""Bonjour, ma tension aujourd'hui est 145/91. J'ai pris mes médicaments.""
""Bjr, tension 140 sur 94 ce matin""",recheck_7_days,none,,,[],recheck_7_days,0,10.0,144,8.3,0.09,0,0,0,0,0,0,0,0
1160,54,2026-07-21,sms,"Flags: none.
Rule default: routine.
Medicine taken at the last three contacts: yes, yes, yes.
Days since last contact: 0.
Patient messages:
""Bonjour, ma tension aujourd'hui est 145/91. J'ai pris mes médicaments.""
""Bjr, tension 140 sur 94 ce matin""
""Ma tension est 142 sur 97, je prends bien mes médicaments chaque jour.""",routine,none,,,[],routine,0,8.0,142,6.3,0.43,0,0,0,0,0,0,0,0
1161,54,2026-07-28,sms,"Flags: none.
Rule default: routine.
Medicine taken at the last three contacts: yes, yes, yes.
Days since last contact: 0.
Patient messages:
""Bjr, tension 140 sur 94 ce matin""
""Ma tension est 142 sur 97, je prends bien mes médicaments chaque jour.""
""Bjr, tension 147 sur 92 ce matin""",routine,none,,,[],routine,0,8.0,147,11.3,0.4,0,0,0,0,0,0,0,0
1147,54,2026-07-29,chw,"Flags: none.
Rule default: routine.
Medicine taken at the last three contacts: yes, yes, yes.
Days since last contact: 0.
CHW notes:
""Mgonjwa yuko sawa, anakunywa dawa.""
Patient messages:
""Bjr, tension 140 sur 94 ce matin""
""Ma tension est 142 sur 97, je prends bien mes médicaments chaque jour.""
""Bjr, tension 147 sur 92 ce matin""",routine,none,,,[],routine,0,8.0,142,6.3,0.54,0,0,0,0,0,0,0,0
1162,54,2026-08-12,sms,"Flags: none.
Rule default: routine.
Medicine taken at the last three contacts: yes, yes, yes.
Days since last contact: 0.
CHW notes:
""Mgonjwa yuko sawa, anakunywa dawa.""
Patient messages:
""Ma tension est 142 sur 97, je prends bien mes médicaments chaque jour.""
""Bjr, tension 147 sur 92 ce matin""
""Ma tension est 150 sur 86, je prends bien mes médicaments chaque jour.""",routine,none,,,[],routine,0,8.0,150,14.3,1.4,0,0,0,0,0,0,0,0
1148,54,2026-08-24,chw,"Flags: none.
Rule default: routine.
Medicine taken at the last three contacts: yes, yes, yes.
Days since last contact: 0.
CHW notes:
""Home visit, no complaints.""
Patient messages:
""Bjr, tension 147 sur 92 ce matin""
""Ma tension est 150 sur 86, je prends bien mes médicaments chaque jour.""
""Je dois prendre le comprimé le matin ou le soir ?""",routine,none,,,[],routine,0,8.0,150,14.3,1.4,0,0,0,0,0,0,0,0
1163,54,2026-08-25,sms,"Flag trend: Trend rule: each of the last 3 readings (150, 150, 146, 2026-08-12 to 2026-08-25) is at least 10 mmHg above the baseline of 136 (baseline = first 3 readings).
Rule default: recheck_7_days.
Medicine taken at the last three contacts: yes, yes, yes.
Days since last contact: 0.
CHW notes:
""Home visit, no complaints.""
Patient messages:
""Ma tension est 150 sur 86, je prends bien mes médicaments chaque jour.""
""Je dois prendre le comprimé le matin ou le soir ?""
""Ma tension est 146 sur 91, je prends bien mes médicaments chaque jour.""",recheck_7_days,none,,,[],recheck_7_days,0,11.0,146,10.3,1.06,0,3,0,0,0,0,0,0
1164,54,2026-09-09,sms,"Flags: none.
Rule default: routine.
Medicine taken at the last three contacts: yes, yes, yes.
Days since last contact: 0.
Patient messages:
""Je dois prendre le comprimé le matin ou le soir ?""
""Ma tension est 146 sur 91, je prends bien mes médicaments chaque jour.""
""Bjr, tension 145 sur 96 ce matin""",routine,none,,,[],routine,0,8.0,145,9.3,0.06,0,0,0,0,0,0,0,0
1149,54,2026-09-13,chw,"Flags: none.
Rule default: routine.
Medicine taken at the last three contacts: yes, yes, yes.
Days since last contact: 0.
CHW notes:
""Patient well, taking medicine.""
Patient messages:
""Je dois prendre le comprimé le matin ou le soir ?""
""Ma tension est 146 sur 91, je prends bien mes médicaments chaque jour.""
""Bjr, tension 145 sur 96 ce matin""",routine,none,,,[],routine,0,8.0,152,16.3,0.89,0,0,0,0,0,0,0,0
1165,54,2026-09-18,sms,"Flags: none.
Rule default: routine.
Medicine taken at the last three contacts: partial, yes, yes.
Days since last contact: 0.
CHW notes:
""Patient well, taking medicine.""
Patient messages:
""Ma tension est 146 sur 91, je prends bien mes médicaments chaque jour.""
""Bjr, tension 145 sur 96 ce matin""
""Bonsoir. Tension 155/97, j'ai pris seulement la moitié du comprimé.""",routine,up,note,"missed_meds (generator note or message): Bonsoir. Tension 155/97, j'ai pris seulement la moitié du comprimé.",[],recheck_7_days,0,10.0,155,19.3,0.86,0,0,0,2,0,0,0,0
1150,54,2026-09-28,chw,"Flag trend: Trend rule: each of the last 3 readings (152, 155, 159, 2026-09-13 to 2026-09-28) is at least 10 mmHg above the baseline of 136; and the last 4 readings (2026-09-09 to 2026-09-28) average 153, 17 mmHg above the baseline of 136 (rule: at least 15 mmHg over 4 readings) (baseline = first 3 readings).
Rule default: recheck_7_days.
Medicine taken at the last three contacts: yes, partial, yes.
Days since last contact: 0.
CHW notes:
""Patient bien, prend ses médicaments.""
Patient messages:
""Ma tension est 146 sur 91, je prends bien mes médicaments chaque jour.""
""Bjr, tension 145 sur 96 ce matin""
""Bonsoir. Tension 155/97, j'ai pris seulement la moitié du comprimé.""",recheck_7_days,up,note,"missed_meds (generator note or message): Bonsoir. Tension 155/97, j'ai pris seulement la moitié du comprimé.",[],visit_this_week,0,11.0,159,23.3,2.26,0,3,0,0,0,0,0,0
1166,54,2026-10-01,sms,"Flag trend: Trend rule: each of the last 3 readings (155, 159, 152, 2026-09-18 to 2026-10-01) is at least 10 mmHg above the baseline of 136; and the last 4 readings (2026-09-13 to 2026-10-01) average 154, 19 mmHg above the baseline of 136 (rule: at least 15 mmHg over 4 readings) (baseline = first 3 readings).
Rule default: recheck_7_days.
Medicine taken at the last three contacts: yes, yes, partial.
Days since last contact: 0.
CHW notes:
""Patient bien, prend ses médicaments.""
Patient messages:
""Bjr, tension 145 sur 96 ce matin""
""Bonsoir. Tension 155/97, j'ai pris seulement la moitié du comprimé.""
""J'ai mesuré au centre de santé : 152/95. Médicaments pris.""",recheck_7_days,up,note,"missed_meds (generator note or message): Bonsoir. Tension 155/97, j'ai pris seulement la moitié du comprimé.",[],visit_this_week,0,11.0,152,16.3,2.14,0,3,0,0,0,0,0,0
1167,55,2026-04-09,clinic,"Flags: none.
Rule default: routine.
Medicine taken at the last three contacts: yes.
Days since last contact: 0.",routine,none,,,[],routine,0,2.5,131,0.0,0.0,0,0,0,0,0,0,0,0
1177,55,2026-04-11,sms,"Flags: none.
Rule default: routine.
Medicine taken at the last three contacts: yes.
Days since last contact: 0.
Patient messages:
""140/85 leo. Asante""",routine,none,,,[],routine,0,3.5,140,4.5,9.0,0,0,0,0,0,0,0,0
1169,55,2026-04-18,chw,"Flags: none.
Rule default: routine.
Medicine taken at the last three contacts: yes, yes.
Days since last contact: 0.
CHW notes:
""Mgonjwa yuko sawa, anakunywa dawa.""
Patient messages:
""140/85 leo. Asante""",routine,none,,,[],routine,0,2.5,123,-8.3,-4.0,0,0,0,0,0,0,0,0
1178,55,2026-04-19,sms,"Flag borderline: Borderline: the readings crossed the goal 140/90 2 times in the last 4 readings: 131/86, 140/85, 123/78, 122/76. No threshold crossed; recheck and ask for a weekly reading.
Rule default: recheck_7_days.
Medicine taken at the last three contacts: yes, yes, yes.
Days since last contact: 0.
CHW notes:
""Mgonjwa yuko sawa, anakunywa dawa.""
Patient messages:
""140/85 leo. Asante""
""Shikamoo. Nimepima leo 122/76, dawa nimekunywa asubuhi.""",recheck_7_days,none,,,[],recheck_7_days,0,4.5,122,-9.3,-4.4,0,0,0,0,0,0,0,0
1179,55,2026-05-08,sms,"Flag borderline: Borderline: the readings crossed the goal 140/90 2 times in the last 5 readings: 131/86, 140/85, 123/78, 122/76, 131/78. No threshold crossed; recheck and ask for a weekly reading.
Rule default: recheck_7_days.
Medicine taken at the last three contacts: yes, yes, yes.
Days since last contact: 0.
Patient messages:
""140/85 leo. Asante""
""Shikamoo. Nimepima leo 122/76, dawa nimekunywa asubuhi.""
""presha leo 131/78""",recheck_7_days,none,,,[],recheck_7_days,0,4.5,131,-0.3,-1.8,0,0,0,0,0,0,0,0
1170,55,2026-05-12,chw,"Flag borderline: Borderline: the readings crossed the goal 140/90 2 times in the last 6 readings: 131/86, 140/85, 123/78, 122/76, 131/78, 130/82. No threshold crossed; recheck and ask for a weekly reading.
Rule default: recheck_7_days.
Medicine taken at the last three contacts: partial, yes, yes.
Days since last contact: 0.
CHW notes:
""Takes medicine only when feeling unwell.""
Patient messages:
""Shikamoo. Nimepima leo 122/76, dawa nimekunywa asubuhi.""
""presha leo 131/78""
""Je, niendelee kunywa dawa hata kama najisikia vizuri?""",recheck_7_days,up,note,missed_meds (generator note or message): Takes medicine only when feeling unwell.,"[{""code"": ""measured_after_exertion"", ""quote"": ""BP taken right after she walked up the hill carrying water""}, {""code"": ""repeat_reading_normal"", ""quote"": ""Repeat after 10 minutes of rest: 138/86""}]",visit_this_week,0,6.5,130,-1.3,-0.94,0,0,0,2,0,0,0,0
1180,55,2026-05-20,sms,"Flags: none.
Rule default: routine.
Medicine taken at the last three contacts: yes, partial, yes.
Days since last contact: 0.
CHW notes:
""Takes medicine only when feeling unwell.""
Patient messages:
""presha leo 131/78""
""Je, niendelee kunywa dawa hata kama najisikia vizuri?""
""Mimi ni mzima. Presha ni 129/81, nakunywa dawa kila siku.""",routine,up,note,missed_meds (generator note or message): Takes medicine only when feeling unwell.,"[{""code"": ""measured_after_exertion"", ""quote"": ""BP taken right after she walked up the hill carrying water""}, {""code"": ""repeat_reading_normal"", ""quote"": ""Repeat after 10 minutes of rest: 138/86""}]",recheck_7_days,0,2.5,129,-2.3,-0.71,0,0,0,0,0,0,0,0
1171,55,2026-05-31,chw,"Flags: none.
Rule default: routine.
Medicine taken at the last three contacts: yes, yes, partial.
Days since last contact: 0.
CHW notes:
""Patient well, taking medicine.""
Patient messages:
""presha leo 131/78""
""Je, niendelee kunywa dawa hata kama najisikia vizuri?""
""Mimi ni mzima. Presha ni 129/81, nakunywa dawa kila siku.""",routine,none,,,[],routine,0,2.5,131,-0.3,1.71,0,0,0,0,0,0,0,0
1181,55,2026-06-03,sms,"Flags: none.
Rule default: routine.
Medicine taken at the last three contacts: yes, yes, yes.
Days since last contact: 0.
CHW notes:
""Patient well, taking medicine.""
Patient messages:
""Je, niendelee kunywa dawa hata kama najisikia vizuri?""
""Mimi ni mzima. Presha ni 129/81, nakunywa dawa kila siku.""
""Mimi ni mzima. Presha ni 133/83, nakunywa dawa kila siku.""",routine,none,,,[],routine,0,2.5,133,1.7,1.54,0,0,0,0,0,0,0,0
1168,55,2026-06-13,clinic,"Flags: none.
Rule default: routine.
Medicine taken at the last three contacts: yes, yes, yes.
Days since last contact: 0.
Patient messages:
""Mimi ni mzima. Presha ni 129/81, nakunywa dawa kila siku.""
""Mimi ni mzima. Presha ni 133/83, nakunywa dawa kila siku.""
""Sawa, nimeelewa.""",routine,none,,,[],routine,0,2.5,129,-2.3,0.03,0,0,0,0,0,0,0,0
1182,55,2026-06-14,sms,"Flags: none.
Rule default: routine.
Medicine taken at the last three contacts: yes, yes, yes.
Days since last contact: 0.
Patient messages:
""Mimi ni mzima. Presha ni 133/83, nakunywa dawa kila siku.""
""Sawa, nimeelewa.""
""Habari daktari, presha yangu ni 132 kwa 83. Nimekunywa dawa zangu.""",routine,none,,,[],routine,0,2.5,132,0.7,0.34,0,0,0,0,0,0,0,0
1183,55,2026-06-25,sms,"Flags: none.
Rule default: routine.
Medicine taken at the last three contacts: yes, yes, yes.
Days since last contact: 0.
Patient messages:
""Habari daktari, presha yangu ni 132 kwa 83. Nimekunywa dawa zangu.""
""Asante sana kwa ujumbe.""
""Shikamoo. Nimepima leo 124/75, dawa nimekunywa asubuhi.""",routine,none,,,[],routine,0,2.5,124,-7.3,-0.74,0,0,0,0,0,0,0,0
1172,55,2026-06-26,chw,"Flags: none.
Rule default: routine.
Medicine taken at the last three contacts: partial, yes, yes.
Days since last contact: 0.
CHW notes:
""Amesahau dawa siku kadhaa.""
Patient messages:
""Habari daktari, presha yangu ni 132 kwa 83. Nimekunywa dawa zangu.""
""Asante sana kwa ujumbe.""
""Shikamoo. Nimepima leo 124/75, dawa nimekunywa asubuhi.""",routine,up,note,missed_meds (generator note or message): Amesahau dawa siku kadhaa.,"[{""code"": ""measured_after_exertion"", ""quote"": ""BP taken right after she walked up the hill carrying water""}, {""code"": ""repeat_reading_normal"", ""quote"": ""Repeat after 10 minutes of rest: 138/86""}]",recheck_7_days,0,4.5,130,-1.3,-0.83,0,0,0,2,0,0,0,0
1184,55,2026-07-05,sms,"Flags: none.
Rule default: routine.
Medicine taken at the last three contacts: partial, partial, yes.
Days since last contact: 0.
CHW notes:
""Amesahau dawa siku kadhaa.""
Patient messages:
""Asante sana kwa ujumbe.""
""Shikamoo. Nimepima leo 124/75, dawa nimekunywa asubuhi.""
""Pressure yangu ni 138/87, nimekunywa nusu dozi kwa sababu dawa zinakaribia kuisha.""",routine,up,note,missed_meds (generator note or message): Amesahau dawa siku kadhaa.,"[{""code"": ""measured_after_exertion"", ""quote"": ""BP taken right after she walked up the hill carrying water""}, {""code"": ""repeat_reading_normal"", ""quote"": ""Repeat after 10 minutes of rest: 138/86""}]",recheck_7_days,0,4.5,138,6.7,0.57,0,0,0,2,0,0,0,0
1173,55,2026-07-13,chw,"Flags: none.
Rule default: routine.
Medicine taken at the last three contacts: yes, partial, partial.
Days since last contact: 0.
CHW notes:
""Patient well, taking medicine.""
Patient messages:
""Asante sana kwa ujumbe.""
""Shikamoo. Nimepima leo 124/75, dawa nimekunywa asubuhi.""
""Pressure yangu ni 138/87, nimekunywa nusu dozi kwa sababu dawa zinakaribia kuisha.""",routine,up,note,"missed_meds (generator note or message): Pressure yangu ni 138/87, nimekunywa nusu dozi kwa sababu dawa zinakaribia kuisha.","[{""code"": ""measured_after_exertion"", ""quote"": ""BP taken right after she walked up the hill carrying water""}, {""code"": ""repeat_reading_normal"", ""quote"": ""Repeat after 10 minutes of rest: 138/86""}]",recheck_7_days,0,2.5,127,-4.3,0.4,0,0,0,0,0,0,0,0
1185,55,2026-07-14,sms,"Flags: none.
Rule default: routine.
Medicine taken at the last three contacts: yes, yes, partial.
Days since last contact: 0.
CHW notes:
""Patient well, taking medicine.""
Patient messages:
""Shikamoo. Nimepima leo 124/75, dawa nimekunywa asubuhi.""
""Pressure yangu ni 138/87, nimekunywa nusu dozi kwa sababu dawa zinakaribia kuisha.""
""Habari daktari, presha yangu ni 135 kwa 87. Nimekunywa dawa zangu.""",routine,up,note,"missed_meds (generator note or message): Pressure yangu ni 138/87, nimekunywa nusu dozi kwa sababu dawa zinakaribia kuisha.","[{""code"": ""measured_after_exertion"", ""quote"": ""BP taken right after she walked up the hill carrying water""}, {""code"": ""repeat_reading_normal"", ""quote"": ""Repeat after 10 minutes of rest: 138/86""}]",recheck_7_days,0,2.5,135,3.7,0.91,0,0,0,0,0,0,0,0
1727,55,2026-07-22,chw,"Flag threshold: Latest BP 166/102 on 2026-07-22 is at or above the 'grade2' cut-off (160/100).
Rule default: visit_this_week.
Medicine taken at the last three contacts: yes, yes, yes.
Days since last contact: 0.
CHW notes:
""BP taken right after she walked up the hill carrying water. Repeat after 10 minutes of rest: 138/86.""
Patient messages:
""Shikamoo. Nimepima leo 124/75, dawa nimekunywa asubuhi.""
""Pressure yangu ni 138/87, nimekunywa nusu dozi kwa sababu dawa zinakaribia kuisha.""
""Habari daktari, presha yangu ni 135 kwa 87. Nimekunywa dawa zangu.""",visit_this_week,down,case,exertion: BP taken right after she walked up the hill carrying water. Repeat after 10 minutes of rest: 138/86.,"[{""code"": ""measured_after_exertion"", ""quote"": ""BP taken right after she walked up the hill carrying water""}, {""code"": ""repeat_reading_normal"", ""quote"": ""Repeat after 10 minutes of rest: 138/86""}]",recheck_7_days,0,8.5,166,34.7,6.11,4,0,0,0,0,0,0,0
1186,55,2026-08-04,sms,"Flag borderline: Borderline: the readings crossed the goal 140/90 2 times in the last 6 readings: 130/84, 138/87, 127/78, 135/87, 166/102, 124/74. No threshold crossed; recheck and ask for a weekly reading.
Rule default: recheck_7_days.
Medicine taken at the last three contacts: yes, yes, yes.
Days since last contact: 0.
CHW notes:
""BP taken right after she walked up the hill carrying water. Repeat after 10 minutes of rest: 138/86.""
Patient messages:
""Pressure yangu ni 138/87, nimekunywa nusu dozi kwa sababu dawa zinakaribia kuisha.""
""Habari daktari, presha yangu ni 135 kwa 87. Nimekunywa dawa zangu.""
""Habari daktari, presha yangu ni 124 kwa 74. Nimekunywa dawa zangu.""",recheck_7_days,up,note,"missed_meds (generator note or message): Pressure yangu ni 138/87, nimekunywa nusu dozi kwa sababu dawa zinakaribia kuisha.","[{""code"": ""measured_after_exertion"", ""quote"": ""BP taken right after she walked up the hill carrying water""}, {""code"": ""repeat_reading_normal"", ""quote"": ""Repeat after 10 minutes of rest: 138/86""}]",visit_this_week,0,4.5,124,-7.3,1.77,0,0,0,0,0,0,0,0
1174,55,2026-08-09,chw,"Flag borderline: Borderline: the readings crossed the goal 140/90 2 times in the last 6 readings: 138/87, 127/78, 135/87, 166/102, 124/74, 123/79. No threshold crossed; recheck and ask for a weekly reading.
Rule default: recheck_7_days.
Medicine taken at the last three contacts: yes, yes, yes.
Days since last contact: 0.
CHW notes:
""Patient well, taking medicine.""
Patient messages:
""Pressure yangu ni 138/87, nimekunywa nusu dozi kwa sababu dawa zinakaribia kuisha.""
""Habari daktari, presha yangu ni 135 kwa 87. Nimekunywa dawa zangu.""
""Habari daktari, presha yangu ni 124 kwa 74. Nimekunywa dawa zangu.""",recheck_7_days,none,,,[],recheck_7_days,0,4.5,123,-8.3,-1.51,0,0,0,0,0,0,0,0
1187,55,2026-08-22,sms,"Flag borderline: Borderline: the readings crossed the goal 140/90 2 times in the last 6 readings: 127/78, 135/87, 166/102, 124/74, 123/79, 132/84. No threshold crossed; recheck and ask for a weekly reading.
Rule default: recheck_7_days.
Medicine taken at the last three contacts: yes, yes, yes.
Days since last contact: 0.
CHW notes:
""Patient well, taking medicine.""
Patient messages:
""Habari daktari, presha yangu ni 135 kwa 87. Nimekunywa dawa zangu.""
""Habari daktari, presha yangu ni 124 kwa 74. Nimekunywa dawa zangu.""
""Habari daktari, presha yangu ni 132 kwa 84. Nimekunywa dawa zangu.""",recheck_7_days,none,,,[],recheck_7_days,0,4.5,132,0.7,-1.51,0,0,0,0,0,0,0,0
1188,55,2026-08-31,sms,"Flag borderline: Borderline: the readings crossed the goal 140/90 2 times in the last 6 readings: 135/87, 166/102, 124/74, 123/79, 132/84, 129/82. No threshold crossed; recheck and ask for a weekly reading.
Rule default: recheck_7_days.
Medicine taken at the last three contacts: yes, yes, yes.
Days since last contact: 0.
Patient messages:
""Habari daktari, presha yangu ni 124 kwa 74. Nimekunywa dawa zangu.""
""Habari daktari, presha yangu ni 132 kwa 84. Nimekunywa dawa zangu.""
""Shikamoo. Nimepima leo 129/82, dawa nimekunywa asubuhi.""",recheck_7_days,none,,,[],recheck_7_days,0,4.5,129,-2.3,-3.8,0,0,0,0,0,0,0,0
1175,55,2026-09-02,chw,"Flags: none.
Rule default: routine.
Medicine taken at the last three contacts: yes, yes, yes.
Days since last contact: 0.
CHW notes:
""Patient well, taking medicine.""
Patient messages:
""Habari daktari, presha yangu ni 124 kwa 74. Nimekunywa dawa zangu.""
""Habari daktari, presha yangu ni 132 kwa 84. Nimekunywa dawa zangu.""
""Shikamoo. Nimepima leo 129/82, dawa nimekunywa asubuhi.""",routine,none,,,[],routine,0,2.5,122,-9.3,-5.6,0,0,0,0,0,0,0,0
1189,55,2026-09-16,sms,"Flags: none.
Rule default: routine.
Medicine taken at the last three contacts: yes, yes, yes.
Days since last contact: 0.
CHW notes:
""Patient well, taking medicine.""
Patient messages:
""Habari daktari, presha yangu ni 132 kwa 84. Nimekunywa dawa zangu.""
""Shikamoo. Nimepima leo 129/82, dawa nimekunywa asubuhi.""
""presha leo 127/85""",routine,none,,,[],routine,0,4.5,127,-4.3,0.26,0,0,0,0,0,0,2,0
1176,55,2026-09-18,chw,"Flags: none.
Rule default: routine.
Medicine taken at the last three contacts: yes, yes, yes.
Days since last contact: 0.
CHW notes:
""Patient bien, prend ses médicaments.""
Patient messages:
""Habari daktari, presha yangu ni 132 kwa 84. Nimekunywa dawa zangu.""
""Shikamoo. Nimepima leo 129/82, dawa nimekunywa asubuhi.""
""presha leo 127/85""",routine,none,,,[],routine,0,4.5,131,-0.3,0.51,0,0,0,0,0,0,2,0
1190,55,2026-09-25,sms,"Flag borderline: Borderline: 3 readings in a row in the band just under the goal 140/90 (130-139 systolic or 85-89 diastolic): 127/85, 131/84, 133/83 (2026-09-16 to 2026-09-25). No threshold crossed; recheck and ask for a weekly reading.
Rule default: recheck_7_days.
Medicine taken at the last three contacts: yes, yes, yes.
Days since last contact: 0.
CHW notes:
""Patient bien, prend ses médicaments.""
Patient messages:
""Shikamoo. Nimepima leo 129/82, dawa nimekunywa asubuhi.""
""presha leo 127/85""
""Shikamoo. Nimepima leo 133/83, dawa nimekunywa asubuhi.""",recheck_7_days,none,,,[],recheck_7_days,0,6.5,133,1.7,0.46,0,0,0,0,0,0,2,0
1194,56,2026-04-15,chw,"Flags: none.
Rule default: routine.
Medicine taken at the last three contacts: partial.
Days since last contact: 0.
CHW notes:
""Patient ran out of tablets last week.""",routine,up,note,missed_meds (generator note or message): Patient ran out of tablets last week.,[],recheck_7_days,0,7.0,125,0.0,0.0,0,0,0,2,0,0,0,0
1191,56,2026-04-22,clinic,"Flags: none.
Rule default: routine.
Medicine taken at the last three contacts: no, partial.
Days since last contact: 0.
CHW notes:
""Patient ran out of tablets last week.""",routine,up,note,missed_meds (generator note or message): Dawa zimeisha,[],recheck_7_days,0,7.0,135,5.0,10.0,0,0,0,2,0,0,0,0
1195,56,2026-05-31,chw,"Flags: none.
Rule default: routine.
Medicine taken at the last three contacts: yes, no, partial.
Days since last contact: 0.
CHW notes:
""Patient well, taking medicine.""",routine,none,,,[],routine,0,5.0,123,-4.7,-1.0,0,0,0,0,0,0,0,0
1192,56,2026-06-24,clinic,"Flags: none.
Rule default: routine.
Medicine taken at the last three contacts: partial, yes, no.
Days since last contact: 0.
CHW notes:
""Patient well, taking medicine.""",routine,none,,,[],routine,0,7.0,126,-1.7,-0.9,0,0,0,2,0,0,0,0
1196,56,2026-07-22,chw,"Flags: none.
Rule default: routine.
Medicine taken at the last three contacts: yes, partial, yes.
Days since last contact: 0.
CHW notes:
""Home visit, no complaints.""",routine,none,,,[],routine,0,4.0,115,-12.7,-2.9,0,0,0,0,0,0,0,0
1193,56,2026-08-29,clinic,"Flags: none.
Rule default: routine.
Medicine taken at the last three contacts: partial, yes, partial.
Days since last contact: 0.
CHW notes:
""Home visit, no complaints.""",routine,none,,,[],routine,0,9.0,131,3.3,-0.77,0,0,0,2,0,2,0,0
1197,57,2026-04-16,clinic,"Flags: none.
Rule default: routine.
Medicine taken at the last three contacts: yes.
Days since last contact: 0.",routine,none,,,[],routine,0,7.0,118,0.0,0.0,0,0,0,0,0,0,0,0
1200,57,2026-04-19,chw,"Flags: none.
Rule default: routine.
Medicine taken at the last three contacts: yes, yes.
Days since last contact: 0.
CHW notes:
""Home visit, no complaints.""",routine,none,,,[],routine,0,7.0,119,0.5,1.0,0,0,0,0,0,0,0,0
1201,57,2026-06-14,chw,"Flags: none.
Rule default: routine.
Medicine taken at the last three contacts: partial, yes, yes.
Days since last contact: 0.
CHW notes:
""Home visit, no complaints.""
""N'a pas pris ses comprimés depuis 3 jours.""",routine,up,note,missed_meds (generator note or message): N'a pas pris ses comprimés depuis 3 jours.,[],recheck_7_days,0,10.5,131,8.3,6.5,0,0,0,2,0,0,0,0
1198,57,2026-06-25,clinic,"Flags: none.
Rule default: routine.
Medicine taken at the last three contacts: yes, partial, yes.
Days since last contact: 0.
CHW notes:
""N'a pas pris ses comprimés depuis 3 jours.""",routine,up,note,missed_meds (generator note or message): N'a pas pris ses comprimés depuis 3 jours.,[],recheck_7_days,0,7.0,119,-3.7,1.5,0,0,0,0,0,0,0,0
1202,57,2026-07-19,chw,"Flags: none.
Rule default: routine.
Medicine taken at the last three contacts: yes, yes, partial.
Days since last contact: 0.
CHW notes:
""Home visit, no complaints.""",routine,none,,,[],routine,0,7.0,104,-18.7,-2.8,0,0,0,0,0,0,0,0
1199,57,2026-09-20,clinic,"Flags: none.
Rule default: routine.
Medicine taken at the last three contacts: yes, yes, yes.
Days since last contact: 0.
CHW notes:
""Home visit, no complaints.""",routine,none,,,[],routine,0,9.0,117,-5.7,-1.77,0,0,0,0,0,2,0,0
1205,58,2026-04-11,chw,"Flags: none.
Rule default: routine.
Medicine taken at the last three contacts: yes.
Days since last contact: 0.
CHW notes:
""Mgonjwa yuko sawa, anakunywa dawa.""",routine,none,,,[],routine,0,3.5,141,0.0,0.0,0,0,0,0,0,0,0,0
1213,58,2026-04-12,sms,"Flags: none.
Rule default: routine.
Medicine taken at the last three contacts: yes.
Days since last contact: 0.
CHW notes:
""Mgonjwa yuko sawa, anakunywa dawa.""
Patient messages:
""presha leo 141/91""",routine,none,,,[],routine,0,3.5,141,0.0,0.0,0,0,0,0,0,0,0,0
1203,58,2026-04-26,clinic,"Flags: none.
Rule default: routine.
Medicine taken at the last three contacts: yes, yes.
Days since last contact: 0.
Patient messages:
""presha leo 141/91""",routine,none,,,[],routine,0,2.5,134,-4.7,-3.5,0,0,0,0,0,0,0,0
1214,58,2026-04-28,sms,"Flags: none.
Rule default: routine.
Medicine taken at the last three contacts: partial, yes, yes.
Days since last contact: 0.
Patient messages:
""presha leo 141/91""
""Nimepima dispensari 138/84. Nimekunywa dawa moja tu kati ya mbili.""",routine,up,note,missed_meds (generator note or message): Nimepima dispensari 138/84. Nimekunywa dawa moja tu kati ya mbili.,"[{""code"": ""measured_after_exertion"", ""quote"": ""Tension prise juste après une longue marche""}, {""code"": ""repeat_reading_normal"", ""quote"": ""Contrôle après 10 minutes de repos : 136/84""}]",recheck_7_days,0,4.5,138,-0.7,-1.6,0,0,0,2,0,0,0,0
1206,58,2026-05-05,chw,"Flags: none.
Rule default: routine.
Medicine taken at the last three contacts: yes, partial, yes.
Days since last contact: 0.
CHW notes:
""Patient bien, prend ses médicaments.""
Patient messages:
""presha leo 141/91""
""Nimepima dispensari 138/84. Nimekunywa dawa moja tu kati ya mbili.""",routine,up,note,missed_meds (generator note or message): Nimepima dispensari 138/84. Nimekunywa dawa moja tu kati ya mbili.,"[{""code"": ""measured_after_exertion"", ""quote"": ""Tension prise juste après une longue marche""}, {""code"": ""repeat_reading_normal"", ""quote"": ""Contrôle après 10 minutes de repos : 136/84""}]",recheck_7_days,0,2.5,129,-9.7,-2.7,0,0,0,0,0,0,0,0
1215,58,2026-05-16,sms,"Flags: none.
Rule default: routine.
Medicine taken at the last three contacts: yes, yes, partial.
Days since last contact: 0.
CHW notes:
""Patient bien, prend ses médicaments.""
Patient messages:
""presha leo 141/91""
""Nimepima dispensari 138/84. Nimekunywa dawa moja tu kati ya mbili.""
""Mimi ni mzima. Presha ni 133/83, nakunywa dawa kila siku.""",routine,up,note,missed_meds (generator note or message): Nimepima dispensari 138/84. Nimekunywa dawa moja tu kati ya mbili.,"[{""code"": ""measured_after_exertion"", ""quote"": ""Tension prise juste après une longue marche""}, {""code"": ""repeat_reading_normal"", ""quote"": ""Contrôle après 10 minutes de repos : 136/84""}]",recheck_7_days,0,2.5,133,-5.7,-2.06,0,0,0,0,0,0,0,0
1207,58,2026-05-22,chw,"Flag borderline: Borderline: the readings crossed the goal 140/90 2 times in the last 6 readings: 141/91, 134/79, 138/84, 129/75, 133/83, 142/87. No threshold crossed; recheck and ask for a weekly reading.
Rule default: recheck_7_days.
Medicine taken at the last three contacts: yes, yes, yes.
Days since last contact: 0.
CHW notes:
""Patient bien, prend ses médicaments.""
Patient messages:
""presha leo 141/91""
""Nimepima dispensari 138/84. Nimekunywa dawa moja tu kati ya mbili.""
""Mimi ni mzima. Presha ni 133/83, nakunywa dawa kila siku.""",recheck_7_days,up,note,missed_meds (generator note or message): Nimepima dispensari 138/84. Nimekunywa dawa moja tu kati ya mbili.,"[{""code"": ""measured_after_exertion"", ""quote"": ""Tension prise juste après une longue marche""}, {""code"": ""repeat_reading_normal"", ""quote"": ""Contrôle après 10 minutes de repos : 136/84""}]",visit_this_week,0,5.5,142,3.3,-0.2,0,0,0,0,0,0,0,0
1216,58,2026-06-04,sms,"Flag borderline: Borderline: the readings crossed the goal 140/90 2 times in the last 6 readings: 134/79, 138/84, 129/75, 133/83, 142/87, 137/87. No threshold crossed; recheck and ask for a weekly reading.
Rule default: recheck_7_days.
Medicine taken at the last three contacts: yes, yes, yes.
Days since last contact: 0.
CHW notes:
""Patient bien, prend ses médicaments.""
Patient messages:
""Nimepima dispensari 138/84. Nimekunywa dawa moja tu kati ya mbili.""
""Mimi ni mzima. Presha ni 133/83, nakunywa dawa kila siku.""
""Mimi ni mzima. Presha ni 137/87, nakunywa dawa kila siku.""",recheck_7_days,none,,,[],recheck_7_days,0,4.5,137,-1.7,0.89,0,0,0,0,0,0,0,0
1208,58,2026-06-07,chw,"Flag borderline: Borderline: the readings crossed the goal 140/90 2 times in the last 6 readings: 138/84, 129/75, 133/83, 142/87, 137/87, 129/81. No threshold crossed; recheck and ask for a weekly reading.
Rule default: recheck_7_days.
Medicine taken at the last three contacts: yes, yes, yes.
Days since last contact: 0.
CHW notes:
""Mgonjwa yuko sawa, anakunywa dawa.""
Patient messages:
""Nimepima dispensari 138/84. Nimekunywa dawa moja tu kati ya mbili.""
""Mimi ni mzima. Presha ni 133/83, nakunywa dawa kila siku.""
""Mimi ni mzima. Presha ni 137/87, nakunywa dawa kila siku.""",recheck_7_days,none,,,[],recheck_7_days,0,4.5,129,-9.7,-0.34,0,0,0,0,0,0,0,0
1217,58,2026-06-19,sms,"Flag borderline: Borderline: the readings crossed the goal 140/90 2 times in the last 6 readings: 129/75, 133/83, 142/87, 137/87, 129/81, 137/87. No threshold crossed; recheck and ask for a weekly reading.
Rule default: recheck_7_days.
Medicine taken at the last three contacts: yes, yes, yes.
Days since last contact: 0.
CHW notes:
""Mgonjwa yuko sawa, anakunywa dawa.""
Patient messages:
""Mimi ni mzima. Presha ni 133/83, nakunywa dawa kila siku.""
""Mimi ni mzima. Presha ni 137/87, nakunywa dawa kila siku.""
""presha leo 137/87""",recheck_7_days,none,,,[],recheck_7_days,0,4.5,137,-1.7,0.66,0,0,0,0,0,0,0,0
1218,58,2026-06-28,sms,"Flag borderline: Borderline: the readings crossed the goal 140/90 2 times in the last 6 readings: 133/83, 142/87, 137/87, 129/81, 137/87, 139/88. No threshold crossed; recheck and ask for a weekly reading.
Rule default: recheck_7_days.
Medicine taken at the last three contacts: yes, yes, yes.
Days since last contact: 0.
Patient messages:
""presha leo 137/87""
""Je, niendelee kunywa dawa hata kama najisikia vizuri?""
""Habari daktari, presha yangu ni 139 kwa 88. Nimekunywa dawa zangu.""",recheck_7_days,none,,,[],recheck_7_days,0,4.5,139,0.3,0.2,0,0,0,0,0,0,0,0
1209,58,2026-07-05,chw,"Flag borderline: Borderline: 3 readings in a row in the band just under the goal 140/90 (130-139 systolic or 85-89 diastolic): 137/87, 139/88, 132/79 (2026-06-19 to 2026-07-05). No threshold crossed; recheck and ask for a weekly reading.
Rule default: recheck_7_days.
Medicine taken at the last three contacts: yes, yes, yes.
Days since last contact: 0.
CHW notes:
""Patient well, taking medicine.""
Patient messages:
""presha leo 137/87""
""Je, niendelee kunywa dawa hata kama najisikia vizuri?""
""Habari daktari, presha yangu ni 139 kwa 88. Nimekunywa dawa zangu.""",recheck_7_days,none,,,[],recheck_7_days,0,4.5,132,-6.7,-1.03,0,0,0,0,0,0,0,0
1219,58,2026-07-09,sms,"Flag borderline: Borderline: 3 readings in a row in the band just under the goal 140/90 (130-139 systolic or 85-89 diastolic): 137/87, 139/88, 132/79 (2026-06-19 to 2026-07-05). No threshold crossed; recheck and ask for a weekly reading.
Rule default: recheck_7_days.
Medicine taken at the last three contacts: yes, yes, yes.
Days since last contact: 0.
CHW notes:
""Patient well, taking medicine.""
Patient messages:
""Je, niendelee kunywa dawa hata kama najisikia vizuri?""
""Habari daktari, presha yangu ni 139 kwa 88. Nimekunywa dawa zangu.""
""129/82 leo. Asante""",recheck_7_days,none,,,[],recheck_7_days,0,4.5,129,-9.7,-0.83,0,0,0,0,0,0,0,0
1204,58,2026-07-20,clinic,"Flag borderline: Borderline: 3 readings in a row in the band just under the goal 140/90 (130-139 systolic or 85-89 diastolic): 137/87, 139/88, 132/79 (2026-06-19 to 2026-07-05). No threshold crossed; recheck and ask for a weekly reading.
Rule default: recheck_7_days.
Medicine taken at the last three contacts: yes, yes, yes.
Days since last contact: 0.
Patient messages:
""Habari daktari, presha yangu ni 139 kwa 88. Nimekunywa dawa zangu.""
""129/82 leo. Asante""
""Sawa, nimeelewa.""",recheck_7_days,none,,,[],recheck_7_days,0,4.5,137,-1.7,0.26,0,0,0,0,0,0,0,0
1220,58,2026-07-27,sms,"Flag borderline: Borderline: 3 readings in a row in the band just under the goal 140/90 (130-139 systolic or 85-89 diastolic): 137/87, 139/88, 132/79 (2026-06-19 to 2026-07-05). No threshold crossed; recheck and ask for a weekly reading.
Rule default: recheck_7_days.
Medicine taken at the last three contacts: yes, yes, yes.
Days since last contact: 0.
Patient messages:
""129/82 leo. Asante""
""Sawa, nimeelewa.""
""Shikamoo. Nimepima leo 141/81, dawa nimekunywa asubuhi.""",recheck_7_days,none,,,[],recheck_7_days,0,5.5,141,2.3,0.31,0,0,0,0,0,0,0,0
1210,58,2026-08-02,chw,"Flag borderline: Borderline: the readings crossed the goal 140/90 2 times in the last 6 readings: 139/88, 132/79, 129/82, 137/85, 141/81, 130/80. No threshold crossed; recheck and ask for a weekly reading.
Rule default: recheck_7_days.
Medicine taken at the last three contacts: yes, yes, yes.
Days since last contact: 0.
CHW notes:
""Patient well, taking medicine.""
Patient messages:
""129/82 leo. Asante""
""Sawa, nimeelewa.""
""Shikamoo. Nimepima leo 141/81, dawa nimekunywa asubuhi.""",recheck_7_days,none,,,[],recheck_7_days,0,4.5,130,-8.7,-0.29,0,0,0,0,0,0,0,0
1221,58,2026-08-15,sms,"Flag borderline: Borderline: the readings crossed the goal 140/90 2 times in the last 6 readings: 132/79, 129/82, 137/85, 141/81, 130/80, 136/84. No threshold crossed; recheck and ask for a weekly reading.
Rule default: recheck_7_days.
Medicine taken at the last three contacts: yes, yes, yes.
Days since last contact: 0.
CHW notes:
""Patient well, taking medicine.""
Patient messages:
""Sawa, nimeelewa.""
""Shikamoo. Nimepima leo 141/81, dawa nimekunywa asubuhi.""
""Habari daktari, presha yangu ni 136 kwa 84. Nimekunywa dawa zangu.""",recheck_7_days,none,,,[],recheck_7_days,0,4.5,136,-2.7,0.77,0,0,0,0,0,0,0,0
1211,58,2026-08-26,chw,"Flag borderline: Borderline: 3 readings in a row in the band just under the goal 140/90 (130-139 systolic or 85-89 diastolic): 130/80, 136/84, 137/85 (2026-08-02 to 2026-08-26). No threshold crossed; recheck and ask for a weekly reading.
Rule default: recheck_7_days.
Medicine taken at the last three contacts: yes, yes, yes.
Days since last contact: 0.
CHW notes:
""Patient well, taking medicine.""
Patient messages:
""Shikamoo. Nimepima leo 141/81, dawa nimekunywa asubuhi.""
""Habari daktari, presha yangu ni 136 kwa 84. Nimekunywa dawa zangu.""
""Dawa zangu zimeisha, nitapata wapi zingine?""",recheck_7_days,none,,,[],recheck_7_days,0,4.5,137,-1.7,0.74,0,0,0,0,0,0,0,0
1222,58,2026-09-03,sms,"Flag borderline: Borderline: 3 readings in a row in the band just under the goal 140/90 (130-139 systolic or 85-89 diastolic): 130/80, 136/84, 137/85 (2026-08-02 to 2026-08-26). No threshold crossed; recheck and ask for a weekly reading.
Rule default: recheck_7_days.
Medicine taken at the last three contacts: partial, yes, yes.
Days since last contact: 0.
CHW notes:
""Patient well, taking medicine.""
Patient messages:
""Habari daktari, presha yangu ni 136 kwa 84. Nimekunywa dawa zangu.""
""Dawa zangu zimeisha, nitapata wapi zingine?""
""Pressure yangu ni 140/89, nimekunywa nusu dozi kwa sababu dawa zinakaribia kuisha.""",recheck_7_days,up,note,"missed_meds (generator note or message): Pressure yangu ni 140/89, nimekunywa nusu dozi kwa sababu dawa zinakaribia kuisha.","[{""code"": ""measured_after_exertion"", ""quote"": ""Tension prise juste après une longue marche""}, {""code"": ""repeat_reading_normal"", ""quote"": ""Contrôle après 10 minutes de repos : 136/84""}]",visit_this_week,0,7.5,140,1.3,0.26,0,0,0,2,0,0,0,0
1223,58,2026-09-11,sms,"Flag borderline: Borderline: 3 readings in a row in the band just under the goal 140/90 (130-139 systolic or 85-89 diastolic): 130/80, 136/84, 137/85 (2026-08-02 to 2026-08-26). No threshold crossed; recheck and ask for a weekly reading.
Rule default: recheck_7_days.
Medicine taken at the last three contacts: yes, partial, yes.
Days since last contact: 0.
Patient messages:
""Pressure yangu ni 140/89, nimekunywa nusu dozi kwa sababu dawa zinakaribia kuisha.""
""Nikisahau dawa asubuhi, nikunywe jioni?""
""Shikamoo. Nimepima leo 135/86, dawa nimekunywa asubuhi.""",recheck_7_days,up,note,"missed_meds (generator note or message): Pressure yangu ni 140/89, nimekunywa nusu dozi kwa sababu dawa zinakaribia kuisha.","[{""code"": ""measured_after_exertion"", ""quote"": ""Tension prise juste après une longue marche""}, {""code"": ""repeat_reading_normal"", ""quote"": ""Contrôle après 10 minutes de repos : 136/84""}]",visit_this_week,0,4.5,135,-3.7,0.03,0,0,0,0,0,0,0,0
1212,58,2026-09-22,chw,"Flag borderline: Borderline: 3 readings in a row in the band just under the goal 140/90 (130-139 systolic or 85-89 diastolic): 130/80, 136/84, 137/85 (2026-08-02 to 2026-08-26). No threshold crossed; recheck and ask for a weekly reading.
Rule default: recheck_7_days.
Medicine taken at the last three contacts: yes, yes, partial.
Days since last contact: 0.
CHW notes:
""Mgonjwa yuko sawa, anakunywa dawa.""
Patient messages:
""Pressure yangu ni 140/89, nimekunywa nusu dozi kwa sababu dawa zinakaribia kuisha.""
""Nikisahau dawa asubuhi, nikunywe jioni?""
""Shikamoo. Nimepima leo 135/86, dawa nimekunywa asubuhi.""",recheck_7_days,up,note,"missed_meds (generator note or message): Pressure yangu ni 140/89, nimekunywa nusu dozi kwa sababu dawa zinakaribia kuisha.","[{""code"": ""measured_after_exertion"", ""quote"": ""Tension prise juste après une longue marche""}, {""code"": ""repeat_reading_normal"", ""quote"": ""Contrôle après 10 minutes de repos : 136/84""}]",visit_this_week,0,4.5,131,-7.7,0.14,0,0,0,0,0,0,0,0
1224,58,2026-10-01,sms,"Flag threshold: Latest BP 166/102 on 2026-10-01 is at or above the 'grade2' cut-off (160/100).
Rule default: visit_this_week.
Medicine taken at the last three contacts: yes, yes, yes.
Days since last contact: 0.
CHW notes:
""Tension prise juste après une longue marche avec de l'eau. Contrôle après 10 minutes de repos : 136/84.""
Patient messages:
""Nikisahau dawa asubuhi, nikunywe jioni?""
""Shikamoo. Nimepima leo 135/86, dawa nimekunywa asubuhi.""
""Shikamoo. Nimepima leo 132/81, dawa nimekunywa asubuhi.""",visit_this_week,none,,,[],visit_this_week,0,8.5,166,27.3,3.34,4,0,0,0,0,0,0,0
1709,58,2026-10-01,chw,"Flag threshold: Latest BP 166/102 on 2026-10-01 is at or above the 'grade2' cut-off (160/100).
Rule default: visit_this_week.
Medicine taken at the last three contacts: yes, yes, yes.
Days since last contact: 0.
CHW notes:
""Tension prise juste après une longue marche avec de l'eau. Contrôle après 10 minutes de repos : 136/84.""
Patient messages:
""Nikisahau dawa asubuhi, nikunywe jioni?""
""Shikamoo. Nimepima leo 135/86, dawa nimekunywa asubuhi.""
""Shikamoo. Nimepima leo 132/81, dawa nimekunywa asubuhi.""",visit_this_week,down,case,exertion: Tension prise juste après une longue marche avec de l'eau. Contrôle après 10 minutes de repos : 136/84.,"[{""code"": ""measured_after_exertion"", ""quote"": ""Tension prise juste après une longue marche""}, {""code"": ""repeat_reading_normal"", ""quote"": ""Contrôle après 10 minutes de repos : 136/84""}]",recheck_7_days,0,8.5,166,27.3,3.34,4,0,0,0,0,0,0,0
1225,59,2026-04-06,clinic,"Flags: none.
Rule default: routine.
Medicine taken at the last three contacts: partial.
Days since last contact: 0.",routine,none,,,[],routine,0,11.0,140,0.0,0.0,0,0,0,2,0,0,0,0
1228,59,2026-04-15,chw,"Flags: none.
Rule default: routine.
Medicine taken at the last three contacts: partial, partial.
Days since last contact: 0.
CHW notes:
""Patient ran out of tablets last week.""",routine,up,note,missed_meds (generator note or message): Patient ran out of tablets last week.,"[{""code"": ""lives_alone"", ""quote"": ""Vit seule""}, {""code"": ""cannot_read"", ""quote"": ""ne sait pas lire""}]",recheck_7_days,0,11.0,140,0.0,0.0,0,0,0,2,0,0,0,0
1237,59,2026-04-20,sms,"Flags: none.
Rule default: routine.
Medicine taken at the last three contacts: partial, partial, partial.
Days since last contact: 0.
CHW notes:
""Patient ran out of tablets last week.""
Patient messages:
""Pressure yangu ni 147/94, nimekunywa nusu dozi kwa sababu dawa zinakaribia kuisha.""",routine,up,note,missed_meds (generator note or message): Patient ran out of tablets last week.,"[{""code"": ""lives_alone"", ""quote"": ""Vit seule""}, {""code"": ""cannot_read"", ""quote"": ""ne sait pas lire""}]",recheck_7_days,0,11.0,147,4.7,3.5,0,0,0,2,0,0,0,0
1238,59,2026-05-08,sms,"Flags: none.
Rule default: routine.
Medicine taken at the last three contacts: partial, partial, partial.
Days since last contact: 0.
Patient messages:
""Pressure yangu ni 147/94, nimekunywa nusu dozi kwa sababu dawa zinakaribia kuisha.""
""Pressure yangu ni 142/87, nimekunywa nusu dozi kwa sababu dawa zinakaribia kuisha.""",routine,up,note,"missed_meds (generator note or message): Pressure yangu ni 142/87, nimekunywa nusu dozi kwa sababu dawa zinakaribia kuisha.","[{""code"": ""lives_alone"", ""quote"": ""Vit seule""}, {""code"": ""cannot_read"", ""quote"": ""ne sait pas lire""}]",recheck_7_days,0,11.0,142,-0.3,1.3,0,0,0,2,0,0,0,0
1229,59,2026-05-11,chw,"Flags: none.
Rule default: routine.
Medicine taken at the last three contacts: yes, partial, partial.
Days since last contact: 0.
CHW notes:
""Mgonjwa yuko sawa, anakunywa dawa.""
Patient messages:
""Pressure yangu ni 147/94, nimekunywa nusu dozi kwa sababu dawa zinakaribia kuisha.""
""Pressure yangu ni 142/87, nimekunywa nusu dozi kwa sababu dawa zinakaribia kuisha.""",routine,up,note,"missed_meds (generator note or message): Pressure yangu ni 142/87, nimekunywa nusu dozi kwa sababu dawa zinakaribia kuisha.","[{""code"": ""lives_alone"", ""quote"": ""Vit seule""}, {""code"": ""cannot_read"", ""quote"": ""ne sait pas lire""}]",recheck_7_days,0,7.5,127,-15.3,-2.4,0,0,0,0,0,0,0,0
1230,59,2026-05-29,chw,"Flags: none.
Rule default: routine.
Medicine taken at the last three contacts: yes, partial, yes.
Days since last contact: 0.
CHW notes:
""Patient ran out of tablets last week.""
Patient messages:
""Pressure yangu ni 147/94, nimekunywa nusu dozi kwa sababu dawa zinakaribia kuisha.""
""Pressure yangu ni 142/87, nimekunywa nusu dozi kwa sababu dawa zinakaribia kuisha.""
""Habari daktari, presha yangu ni 133 kwa 81. Nimekunywa dawa zangu.""",routine,up,note,missed_meds (generator note or message): Patient ran out of tablets last week.,"[{""code"": ""lives_alone"", ""quote"": ""Vit seule""}, {""code"": ""cannot_read"", ""quote"": ""ne sait pas lire""}]",recheck_7_days,0,7.5,133,-9.3,-2.37,0,0,0,0,0,0,0,0
1239,59,2026-05-29,sms,"Flags: none.
Rule default: routine.
Medicine taken at the last three contacts: yes, partial, yes.
Days since last contact: 0.
CHW notes:
""Patient ran out of tablets last week.""
Patient messages:
""Pressure yangu ni 147/94, nimekunywa nusu dozi kwa sababu dawa zinakaribia kuisha.""
""Pressure yangu ni 142/87, nimekunywa nusu dozi kwa sababu dawa zinakaribia kuisha.""
""Habari daktari, presha yangu ni 133 kwa 81. Nimekunywa dawa zangu.""",routine,up,note,missed_meds (generator note or message): Patient ran out of tablets last week.,"[{""code"": ""lives_alone"", ""quote"": ""Vit seule""}, {""code"": ""cannot_read"", ""quote"": ""ne sait pas lire""}]",recheck_7_days,0,7.5,133,-9.3,-2.37,0,0,0,0,0,0,0,0
1226,59,2026-06-09,clinic,"Flag borderline: Borderline: the readings crossed the goal 140/90 2 times in the last 6 readings: 147/94, 142/87, 127/80, 136/84, 133/81, 144/88. No threshold crossed; recheck and ask for a weekly reading.
Rule default: recheck_7_days.
Medicine taken at the last three contacts: no, yes, partial.
Days since last contact: 0.
Patient messages:
""Pressure yangu ni 147/94, nimekunywa nusu dozi kwa sababu dawa zinakaribia kuisha.""
""Pressure yangu ni 142/87, nimekunywa nusu dozi kwa sababu dawa zinakaribia kuisha.""
""Habari daktari, presha yangu ni 133 kwa 81. Nimekunywa dawa zangu.""",recheck_7_days,up,note,missed_meds (generator note or message): Dawa zimeisha,"[{""code"": ""lives_alone"", ""quote"": ""Vit seule""}, {""code"": ""cannot_read"", ""quote"": ""ne sait pas lire""}]",visit_this_week,0,13.0,144,1.7,-0.94,0,0,0,2,0,0,0,0
1240,59,2026-06-10,sms,"Flag borderline: Borderline: the readings crossed the goal 140/90 2 times in the last 6 readings: 142/87, 127/80, 136/84, 133/81, 144/88, 140/89. No threshold crossed; recheck and ask for a weekly reading.
Rule default: recheck_7_days.
Medicine taken at the last three contacts: yes, no, yes.
Days since last contact: 0.
Patient messages:
""Pressure yangu ni 142/87, nimekunywa nusu dozi kwa sababu dawa zinakaribia kuisha.""
""Habari daktari, presha yangu ni 133 kwa 81. Nimekunywa dawa zangu.""
""Habari daktari, presha yangu ni 140 kwa 89. Nimekunywa dawa zangu.""",recheck_7_days,up,note,missed_meds (generator note or message): Dawa zimeisha,"[{""code"": ""lives_alone"", ""quote"": ""Vit seule""}, {""code"": ""cannot_read"", ""quote"": ""ne sait pas lire""}]",visit_this_week,0,11.0,140,-2.3,1.09,0,0,0,0,0,0,0,0
1231,59,2026-06-21,chw,"Flag borderline: Borderline: the readings crossed the goal 140/90 2 times in the last 6 readings: 127/80, 136/84, 133/81, 144/88, 140/89, 136/81. No threshold crossed; recheck and ask for a weekly reading.
Rule default: recheck_7_days.
Medicine taken at the last three contacts: partial, yes, no.
Days since last contact: 0.
CHW notes:
""Patient well, taking medicine.""
Patient messages:
""Pressure yangu ni 142/87, nimekunywa nusu dozi kwa sababu dawa zinakaribia kuisha.""
""Habari daktari, presha yangu ni 133 kwa 81. Nimekunywa dawa zangu.""
""Habari daktari, presha yangu ni 140 kwa 89. Nimekunywa dawa zangu.""",recheck_7_days,none,,,[],recheck_7_days,0,11.5,136,-6.3,1.94,0,0,0,2,0,0,0,0
1241,59,2026-06-26,sms,"Flag borderline: Borderline: the readings crossed the goal 140/90 3 times in the last 6 readings: 136/84, 133/81, 144/88, 140/89, 136/81, 144/88. No threshold crossed; recheck and ask for a weekly reading.
Rule default: recheck_7_days.
Medicine taken at the last three contacts: partial, yes, no.
Days since last contact: 0.
CHW notes:
""Patient well, taking medicine.""
Patient messages:
""Habari daktari, presha yangu ni 133 kwa 81. Nimekunywa dawa zangu.""
""Habari daktari, presha yangu ni 140 kwa 89. Nimekunywa dawa zangu.""
""presha leo 144/88""",recheck_7_days,none,,,[],recheck_7_days,0,11.0,144,1.7,1.29,0,0,0,0,0,0,0,0
1242,59,2026-07-07,sms,"Flag borderline: Borderline: the readings crossed the goal 140/90 4 times in the last 6 readings: 133/81, 144/88, 140/89, 136/81, 144/88, 134/88. No threshold crossed; recheck and ask for a weekly reading.
Rule default: recheck_7_days.
Medicine taken at the last three contacts: yes, partial, yes.
Days since last contact: 0.
Patient messages:
""Habari daktari, presha yangu ni 140 kwa 89. Nimekunywa dawa zangu.""
""presha leo 144/88""
""Habari daktari, presha yangu ni 134 kwa 88. Nimekunywa dawa zangu.""",recheck_7_days,none,,,[],recheck_7_days,0,9.5,134,-8.3,0.03,0,0,0,0,0,0,0,0
1232,59,2026-07-17,chw,"Flag borderline: Borderline: the readings crossed the goal 140/90 4 times in the last 6 readings: 144/88, 140/89, 136/81, 144/88, 134/88, 151/89. No threshold crossed; recheck and ask for a weekly reading.
Rule default: recheck_7_days.
Medicine taken at the last three contacts: partial, yes, partial.
Days since last contact: 0.
CHW notes:
""Patient bien, prend ses médicaments.""
Patient messages:
""Habari daktari, presha yangu ni 140 kwa 89. Nimekunywa dawa zangu.""
""presha leo 144/88""
""Habari daktari, presha yangu ni 134 kwa 88. Nimekunywa dawa zangu.""",recheck_7_days,none,,,[],recheck_7_days,0,13.0,151,8.7,0.71,0,0,0,2,0,0,0,0
1243,59,2026-07-26,sms,"Flag borderline: Borderline: the readings crossed the goal 140/90 5 times in the last 6 readings: 140/89, 136/81, 144/88, 134/88, 151/89, 137/85. No threshold crossed; recheck and ask for a weekly reading.
Rule default: recheck_7_days.
Medicine taken at the last three contacts: partial, yes, partial.
Days since last contact: 0.
CHW notes:
""Patient bien, prend ses médicaments.""
Patient messages:
""presha leo 144/88""
""Habari daktari, presha yangu ni 134 kwa 88. Nimekunywa dawa zangu.""
""presha leo 137/85""",recheck_7_days,none,,,[],recheck_7_days,0,9.5,137,-5.3,0.57,0,0,0,0,0,0,0,0
1244,59,2026-08-03,sms,"Flag borderline: Borderline: the readings crossed the goal 140/90 4 times in the last 6 readings: 136/81, 144/88, 134/88, 151/89, 137/85, 134/84. No threshold crossed; recheck and ask for a weekly reading.
Rule default: recheck_7_days.
Medicine taken at the last three contacts: partial, yes, partial.
Days since last contact: 0.
Patient messages:
""Habari daktari, presha yangu ni 134 kwa 88. Nimekunywa dawa zangu.""
""presha leo 137/85""
""134/84 leo. Asante""",recheck_7_days,none,,,[],recheck_7_days,0,9.5,134,-8.3,-0.4,0,0,0,0,0,0,0,0
1233,59,2026-08-05,chw,"Flag borderline: Borderline: the readings crossed the goal 140/90 4 times in the last 6 readings: 144/88, 134/88, 151/89, 137/85, 134/84, 140/90. No threshold crossed; recheck and ask for a weekly reading.
Rule default: recheck_7_days.
Medicine taken at the last three contacts: yes, partial, yes.
Days since last contact: 0.
CHW notes:
""Mgonjwa yuko sawa, anakunywa dawa.""
Patient messages:
""presha leo 137/85""
""134/84 leo. Asante""
""Asante sana kwa ujumbe.""",recheck_7_days,none,,,[],recheck_7_days,0,11.0,140,-2.3,-0.97,0,0,0,0,0,0,0,0
1245,59,2026-08-22,sms,"Flag borderline: Borderline: the readings crossed the goal 140/90 4 times in the last 6 readings: 134/88, 151/89, 137/85, 134/84, 140/90, 135/81. No threshold crossed; recheck and ask for a weekly reading.
Rule default: recheck_7_days.
Medicine taken at the last three contacts: yes, yes, partial.
Days since last contact: 0.
CHW notes:
""Mgonjwa yuko sawa, anakunywa dawa.""
Patient messages:
""134/84 leo. Asante""
""Asante sana kwa ujumbe.""
""Habari daktari, presha yangu ni 135 kwa 81. Nimekunywa dawa zangu.""",recheck_7_days,none,,,[],recheck_7_days,0,9.5,135,-7.3,-0.89,0,0,0,0,0,0,0,0
1234,59,2026-08-23,chw,"Flag borderline: Borderline: the readings crossed the goal 140/90 3 times in the last 6 readings: 151/89, 137/85, 134/84, 140/90, 135/81, 139/81. No threshold crossed; recheck and ask for a weekly reading.
Rule default: recheck_7_days.
Medicine taken at the last three contacts: yes, yes, yes.
Days since last contact: 0.
CHW notes:
""Patient well, taking medicine.""
Patient messages:
""Asante sana kwa ujumbe.""
""Habari daktari, presha yangu ni 135 kwa 81. Nimekunywa dawa zangu.""
""Habari za asubuhi, niko safarini wiki hii.""",recheck_7_days,none,,,[],recheck_7_days,0,9.5,139,-3.3,-1.71,0,0,0,0,0,0,0,0
1227,59,2026-08-31,clinic,"Flag borderline: Borderline: 3 readings in a row in the band just under the goal 140/90 (130-139 systolic or 85-89 diastolic): 135/81, 139/81, 138/88 (2026-08-22 to 2026-08-31). No threshold crossed; recheck and ask for a weekly reading.
Rule default: recheck_7_days.
Medicine taken at the last three contacts: partial, yes, yes.
Days since last contact: 0.
CHW notes:
""Patient well, taking medicine.""
Patient messages:
""Asante sana kwa ujumbe.""
""Habari daktari, presha yangu ni 135 kwa 81. Nimekunywa dawa zangu.""
""Habari za asubuhi, niko safarini wiki hii.""",recheck_7_days,none,,,[],recheck_7_days,0,11.5,138,-4.3,0.43,0,0,0,2,0,0,0,0
1246,59,2026-09-02,sms,"Flag borderline: Borderline: 4 readings in a row in the band just under the goal 140/90 (130-139 systolic or 85-89 diastolic): 135/81, 139/81, 138/88, 135/86 (2026-08-22 to 2026-09-02). No threshold crossed; recheck and ask for a weekly reading.
Rule default: recheck_7_days.
Medicine taken at the last three contacts: yes, partial, yes.
Days since last contact: 0.
Patient messages:
""Habari daktari, presha yangu ni 135 kwa 81. Nimekunywa dawa zangu.""
""Habari za asubuhi, niko safarini wiki hii.""
""Habari daktari, presha yangu ni 135 kwa 86. Nimekunywa dawa zangu.""",recheck_7_days,none,,,[],recheck_7_days,0,9.5,135,-7.3,0.09,0,0,0,0,0,0,0,0
1247,59,2026-09-16,sms,"Flag borderline: Borderline: 5 readings in a row in the band just under the goal 140/90 (130-139 systolic or 85-89 diastolic): 135/81, 139/81, 138/88, 135/86, 138/87 (2026-08-22 to 2026-09-16). No threshold crossed; recheck and ask for a weekly reading.
Rule default: recheck_7_days.
Medicine taken at the last three contacts: yes, partial, yes.
Days since last contact: 0.
Patient messages:
""Habari za asubuhi, niko safarini wiki hii.""
""Habari daktari, presha yangu ni 135 kwa 86. Nimekunywa dawa zangu.""
""138/87 leo. Asante""",recheck_7_days,none,,,[],recheck_7_days,0,9.5,138,-4.3,-0.31,0,0,0,0,0,0,0,0
1235,59,2026-09-17,chw,"Flag borderline: Borderline: 6 readings in a row in the band just under the goal 140/90 (130-139 systolic or 85-89 diastolic): 135/81, 139/81, 138/88, 135/86, 138/87, 138/83 (2026-08-22 to 2026-09-17). No threshold crossed; recheck and ask for a weekly reading.
Rule default: recheck_7_days.
Medicine taken at the last three contacts: partial, yes, partial.
Days since last contact: 0.
CHW notes:
""N'a pas pris ses comprimés depuis 3 jours.""
Patient messages:
""Habari za asubuhi, niko safarini wiki hii.""
""Habari daktari, presha yangu ni 135 kwa 86. Nimekunywa dawa zangu.""
""138/87 leo. Asante""",recheck_7_days,up,note,missed_meds (generator note or message): N'a pas pris ses comprimés depuis 3 jours.,"[{""code"": ""lives_alone"", ""quote"": ""Vit seule""}, {""code"": ""cannot_read"", ""quote"": ""ne sait pas lire""}]",visit_this_week,0,11.5,138,-4.3,0.26,0,0,0,2,0,0,0,0
1248,59,2026-09-29,sms,"Flag borderline: Borderline: 6 readings in a row in the band just under the goal 140/90 (130-139 systolic or 85-89 diastolic): 139/81, 138/88, 135/86, 138/87, 138/83, 132/80 (2026-08-23 to 2026-09-29). No threshold crossed; recheck and ask for a weekly reading.
Rule default: recheck_7_days.
Medicine taken at the last three contacts: yes, partial, yes.
Days since last contact: 0.
CHW notes:
""N'a pas pris ses comprimés depuis 3 jours.""
Patient messages:
""Habari daktari, presha yangu ni 135 kwa 86. Nimekunywa dawa zangu.""
""138/87 leo. Asante""
""Mimi ni mzima. Presha ni 132/80, nakunywa dawa kila siku.""",recheck_7_days,up,note,missed_meds (generator note or message): N'a pas pris ses comprimés depuis 3 jours.,"[{""code"": ""lives_alone"", ""quote"": ""Vit seule""}, {""code"": ""cannot_read"", ""quote"": ""ne sait pas lire""}]",visit_this_week,0,9.5,132,-10.3,-0.91,0,0,0,0,0,0,0,0
1706,59,2026-10-01,chw,"Flag borderline: Borderline: 6 readings in a row in the band just under the goal 140/90 (130-139 systolic or 85-89 diastolic): 138/88, 135/86, 138/87, 138/83, 132/80, 132/82 (2026-08-31 to 2026-10-01). No threshold crossed; recheck and ask for a weekly reading.
Flag symptom: Symptom 'headache' reported on 2026-10-01; latest BP 132/82 is under the goal 140/90 (bp_goal).
Rule default: recheck_7_days.
Medicine taken at the last three contacts: yes, yes, partial.
Days since last contact: 0.
CHW notes:
""Vit seule, ne sait pas lire, n'utilise pas les SMS.""
Patient messages:
""Habari daktari, presha yangu ni 135 kwa 86. Nimekunywa dawa zangu.""
""138/87 leo. Asante""
""Mimi ni mzima. Presha ni 132/80, nakunywa dawa kila siku.""",recheck_7_days,up,case,"lives_alone: Vit seule, ne sait pas lire, n'utilise pas les SMS.","[{""code"": ""lives_alone"", ""quote"": ""Vit seule""}, {""code"": ""cannot_read"", ""quote"": ""ne sait pas lire""}]",visit_this_week,0,19.5,132,-10.3,-1.11,0,0,10,0,0,0,0,0
1236,59,2026-10-02,chw,"Flag borderline: Borderline: 5 readings in a row in the band just under the goal 140/90 (130-139 systolic or 85-89 diastolic): 135/86, 138/87, 138/83, 132/80, 132/82 (2026-09-02 to 2026-10-01). No threshold crossed; recheck and ask for a weekly reading.
Rule default: recheck_7_days.
Medicine taken at the last three contacts: partial, yes, yes.
Days since last contact: 0.
CHW notes:
""Vit seule, ne sait pas lire, n'utilise pas les SMS.""
""Amesahau dawa siku kadhaa.""
Patient messages:
""Habari daktari, presha yangu ni 135 kwa 86. Nimekunywa dawa zangu.""
""138/87 leo. Asante""
""Mimi ni mzima. Presha ni 132/80, nakunywa dawa kila siku.""",recheck_7_days,up,note,missed_meds (generator note or message): Amesahau dawa siku kadhaa.,"[{""code"": ""lives_alone"", ""quote"": ""Vit seule""}, {""code"": ""cannot_read"", ""quote"": ""ne sait pas lire""}]",visit_this_week,0,13.0,145,2.7,0.74,0,0,0,2,0,0,0,0
1249,60,2026-04-06,clinic,"Flags: none.
Rule default: routine.
Medicine taken at the last three contacts: yes.
Days since last contact: 0.",routine,none,,,[],routine,0,2.0,129,0.0,0.0,0,0,0,0,0,0,0,0
1252,60,2026-04-10,chw,"Flags: none.
Rule default: routine.
Medicine taken at the last three contacts: partial, yes.
Days since last contact: 0.
CHW notes:
""Amesahau dawa siku kadhaa.""",routine,up,note,missed_meds (generator note or message): Amesahau dawa siku kadhaa.,"[{""code"": ""lives_alone"", ""quote"": ""Lives alone""}, {""code"": ""cannot_read"", ""quote"": ""cannot read""}]",recheck_7_days,0,4.0,126,-1.5,-3.0,0,0,0,2,0,0,0,0
1260,60,2026-04-14,sms,"Flags: none.
Rule default: routine.
Medicine taken at the last three contacts: partial, yes.
Days since last contact: 0.
CHW notes:
""Amesahau dawa siku kadhaa.""
Patient messages:
""presha leo 129/81""",routine,up,note,missed_meds (generator note or message): Amesahau dawa siku kadhaa.,"[{""code"": ""lives_alone"", ""quote"": ""Lives alone""}, {""code"": ""cannot_read"", ""quote"": ""cannot read""}]",recheck_7_days,0,2.0,129,1.0,0.0,0,0,0,0,0,0,0,0
1261,60,2026-05-03,sms,"Flags: none.
Rule default: routine.
Medicine taken at the last three contacts: partial, yes.
Days since last contact: 0.
Patient messages:
""presha leo 129/81""
""130/89 leo. Asante""",routine,none,,,[],routine,0,2.0,130,2.0,0.6,0,0,0,0,0,0,0,0
1253,60,2026-05-05,chw,"Flags: none.
Rule default: routine.
Medicine taken at the last three contacts: no, partial, yes.
Days since last contact: 0.
CHW notes:
""Patient ran out of tablets last week.""
Patient messages:
""presha leo 129/81""
""130/89 leo. Asante""
""Naweza kunywa dawa ya presha pamoja na chakula?""",routine,up,note,missed_meds (generator note or message): Patient ran out of tablets last week.,"[{""code"": ""lives_alone"", ""quote"": ""Lives alone""}, {""code"": ""cannot_read"", ""quote"": ""cannot read""}]",recheck_7_days,0,4.0,133,5.0,1.2,0,0,0,2,0,0,0,0
1262,60,2026-05-19,sms,"Flags: none.
Rule default: routine.
Medicine taken at the last three contacts: partial, no, partial.
Days since last contact: 0.
CHW notes:
""Patient ran out of tablets last week.""
Patient messages:
""130/89 leo. Asante""
""Naweza kunywa dawa ya presha pamoja na chakula?""
""Nimepima dispensari 129/83. Nimekunywa dawa moja tu kati ya mbili.""",routine,up,note,missed_meds (generator note or message): Patient ran out of tablets last week.,"[{""code"": ""lives_alone"", ""quote"": ""Lives alone""}, {""code"": ""cannot_read"", ""quote"": ""cannot read""}]",recheck_7_days,0,4.0,129,1.0,0.63,0,0,0,2,0,0,0,0
1718,60,2026-05-26,chw,"Flag symptom: Symptom 'headache' reported on 2026-05-26; latest BP 132/82 is under the goal 140/90 (bp_goal).
Rule default: recheck_7_days.
Medicine taken at the last three contacts: yes, partial, no.
Days since last contact: 0.
CHW notes:
""Lives alone, cannot read, does not use the phone for messages.""
Patient messages:
""130/89 leo. Asante""
""Naweza kunywa dawa ya presha pamoja na chakula?""
""Nimepima dispensari 129/83. Nimekunywa dawa moja tu kati ya mbili.""",recheck_7_days,up,case,"lives_alone: Lives alone, cannot read, does not use the phone for messages.","[{""code"": ""lives_alone"", ""quote"": ""Lives alone""}, {""code"": ""cannot_read"", ""quote"": ""cannot read""}]",visit_this_week,0,12.0,132,4.0,0.94,0,0,10,0,0,0,0,0
1254,60,2026-05-31,chw,"Flag borderline: Borderline: the readings crossed the goal 140/90 2 times in the last 6 readings: 130/89, 133/87, 129/83, 132/82, 138/92, 131/82. No threshold crossed; recheck and ask for a weekly reading.
Rule default: recheck_7_days.
Medicine taken at the last three contacts: no, yes, partial.
Days since last contact: 0.
CHW notes:
""N'a pas pris ses comprimés depuis 3 jours.""
Patient messages:
""Naweza kunywa dawa ya presha pamoja na chakula?""
""Nimepima dispensari 129/83. Nimekunywa dawa moja tu kati ya mbili.""
""131/82 leo. Asante""",recheck_7_days,up,note,missed_meds (generator note or message): N'a pas pris ses comprimés depuis 3 jours.,"[{""code"": ""lives_alone"", ""quote"": ""Lives alone""}, {""code"": ""cannot_read"", ""quote"": ""cannot read""}]",visit_this_week,0,4.0,131,3.0,0.66,0,0,0,0,0,0,0,0
1263,60,2026-05-31,sms,"Flag borderline: Borderline: the readings crossed the goal 140/90 2 times in the last 6 readings: 130/89, 133/87, 129/83, 132/82, 138/92, 131/82. No threshold crossed; recheck and ask for a weekly reading.
Rule default: recheck_7_days.
Medicine taken at the last three contacts: no, yes, partial.
Days since last contact: 0.
CHW notes:
""N'a pas pris ses comprimés depuis 3 jours.""
Patient messages:
""Naweza kunywa dawa ya presha pamoja na chakula?""
""Nimepima dispensari 129/83. Nimekunywa dawa moja tu kati ya mbili.""
""131/82 leo. Asante""",recheck_7_days,up,note,missed_meds (generator note or message): N'a pas pris ses comprimés depuis 3 jours.,"[{""code"": ""lives_alone"", ""quote"": ""Lives alone""}, {""code"": ""cannot_read"", ""quote"": ""cannot read""}]",visit_this_week,0,4.0,131,3.0,0.66,0,0,0,0,0,0,0,0
1255,60,2026-06-18,chw,"Flag borderline: Borderline: the readings crossed the goal 140/90 3 times in the last 6 readings: 133/87, 129/83, 132/82, 138/92, 131/82, 141/89. No threshold crossed; recheck and ask for a weekly reading.
Rule default: recheck_7_days.
Medicine taken at the last three contacts: partial, no, yes.
Days since last contact: 0.
CHW notes:
""Patient ran out of tablets last week.""
Patient messages:
""Nimepima dispensari 129/83. Nimekunywa dawa moja tu kati ya mbili.""
""131/82 leo. Asante""
""Naweza kunywa dawa ya presha pamoja na chakula?""",recheck_7_days,up,note,missed_meds (generator note or message): Patient ran out of tablets last week.,"[{""code"": ""lives_alone"", ""quote"": ""Lives alone""}, {""code"": ""cannot_read"", ""quote"": ""cannot read""}]",visit_this_week,0,6.5,141,13.0,1.49,0,0,0,2,0,0,0,0
1264,60,2026-06-20,sms,"Flag borderline: Borderline: the readings crossed the goal 140/90 4 times in the last 6 readings: 129/83, 132/82, 138/92, 131/82, 141/89, 137/87. No threshold crossed; recheck and ask for a weekly reading.
Rule default: recheck_7_days.
Medicine taken at the last three contacts: partial, no, yes.
Days since last contact: 0.
CHW notes:
""Patient ran out of tablets last week.""
Patient messages:
""131/82 leo. Asante""
""Naweza kunywa dawa ya presha pamoja na chakula?""
""presha leo 137/87""",recheck_7_days,up,note,missed_meds (generator note or message): Patient ran out of tablets last week.,"[{""code"": ""lives_alone"", ""quote"": ""Lives alone""}, {""code"": ""cannot_read"", ""quote"": ""cannot read""}]",visit_this_week,0,4.0,137,9.0,1.71,0,0,0,0,0,0,0,0
1250,60,2026-06-30,clinic,"Flag borderline: Borderline: the readings crossed the goal 140/90 4 times in the last 6 readings: 132/82, 138/92, 131/82, 141/89, 137/87, 133/79. No threshold crossed; recheck and ask for a weekly reading.
Rule default: recheck_7_days.
Medicine taken at the last three contacts: partial, partial, no.
Days since last contact: 0.
Patient messages:
""131/82 leo. Asante""
""Naweza kunywa dawa ya presha pamoja na chakula?""
""presha leo 137/87""",recheck_7_days,none,,,[],recheck_7_days,0,6.0,133,5.0,0.34,0,0,0,2,0,0,0,0
1265,60,2026-07-11,sms,"Flag borderline: Borderline: 3 readings in a row in the band just under the goal 140/90 (130-139 systolic or 85-89 diastolic): 137/87, 133/79, 132/86 (2026-06-20 to 2026-07-11). No threshold crossed; recheck and ask for a weekly reading.
Rule default: recheck_7_days.
Medicine taken at the last three contacts: partial, partial, partial.
Days since last contact: 0.
Patient messages:
""Naweza kunywa dawa ya presha pamoja na chakula?""
""presha leo 137/87""
""Nimepima dispensari 132/86. Nimekunywa dawa moja tu kati ya mbili.""",recheck_7_days,up,note,missed_meds (generator note or message): Nimepima dispensari 132/86. Nimekunywa dawa moja tu kati ya mbili.,"[{""code"": ""lives_alone"", ""quote"": ""Lives alone""}, {""code"": ""cannot_read"", ""quote"": ""cannot read""}]",visit_this_week,0,6.0,132,4.0,-0.8,0,0,0,2,0,0,0,0
1256,60,2026-07-12,chw,"Flag borderline: Borderline: 3 readings in a row in the band just under the goal 140/90 (130-139 systolic or 85-89 diastolic): 137/87, 133/79, 132/86 (2026-06-20 to 2026-07-11). No threshold crossed; recheck and ask for a weekly reading.
Rule default: recheck_7_days.
Medicine taken at the last three contacts: no, partial, partial.
Days since last contact: 0.
CHW notes:
""Home visit, no complaints.""
Patient messages:
""Naweza kunywa dawa ya presha pamoja na chakula?""
""presha leo 137/87""
""Nimepima dispensari 132/86. Nimekunywa dawa moja tu kati ya mbili.""",recheck_7_days,up,note,missed_meds (generator note or message): Nimepima dispensari 132/86. Nimekunywa dawa moja tu kati ya mbili.,"[{""code"": ""lives_alone"", ""quote"": ""Lives alone""}, {""code"": ""cannot_read"", ""quote"": ""cannot read""}]",visit_this_week,0,6.5,146,18.0,1.26,0,0,0,2,0,0,0,0
1266,60,2026-07-27,sms,"Flag borderline: Borderline: 3 readings in a row in the band just under the goal 140/90 (130-139 systolic or 85-89 diastolic): 137/87, 133/79, 132/86 (2026-06-20 to 2026-07-11). No threshold crossed; recheck and ask for a weekly reading.
Rule default: recheck_7_days.
Medicine taken at the last three contacts: yes, no, partial.
Days since last contact: 0.
CHW notes:
""Home visit, no complaints.""
Patient messages:
""presha leo 137/87""
""Nimepima dispensari 132/86. Nimekunywa dawa moja tu kati ya mbili.""
""Mimi ni mzima. Presha ni 133/83, nakunywa dawa kila siku.""",recheck_7_days,up,note,missed_meds (generator note or message): Nimepima dispensari 132/86. Nimekunywa dawa moja tu kati ya mbili.,"[{""code"": ""lives_alone"", ""quote"": ""Lives alone""}, {""code"": ""cannot_read"", ""quote"": ""cannot read""}]",visit_this_week,0,4.0,133,5.0,-0.4,0,0,0,0,0,0,0,0
1257,60,2026-08-04,chw,"Flag borderline: Borderline: 3 readings in a row in the band just under the goal 140/90 (130-139 systolic or 85-89 diastolic): 137/87, 133/79, 132/86 (2026-06-20 to 2026-07-11). No threshold crossed; recheck and ask for a weekly reading.
Rule default: recheck_7_days.
Medicine taken at the last three contacts: partial, yes, no.
Days since last contact: 0.
CHW notes:
""N'a pas pris ses comprimés depuis 3 jours.""
Patient messages:
""presha leo 137/87""
""Nimepima dispensari 132/86. Nimekunywa dawa moja tu kati ya mbili.""
""Mimi ni mzima. Presha ni 133/83, nakunywa dawa kila siku.""",recheck_7_days,up,note,missed_meds (generator note or message): N'a pas pris ses comprimés depuis 3 jours.,"[{""code"": ""lives_alone"", ""quote"": ""Lives alone""}, {""code"": ""cannot_read"", ""quote"": ""cannot read""}]",visit_this_week,0,6.5,140,12.0,0.83,0,0,0,2,0,0,0,0
1267,60,2026-08-16,sms,"Flag borderline: Borderline: the readings crossed the goal 140/90 4 times in the last 6 readings: 133/79, 132/86, 146/91, 133/83, 140/87, 132/86. No threshold crossed; recheck and ask for a weekly reading.
Rule default: recheck_7_days.
Medicine taken at the last three contacts: partial, yes, no.
Days since last contact: 0.
CHW notes:
""N'a pas pris ses comprimés depuis 3 jours.""
Patient messages:
""Nimepima dispensari 132/86. Nimekunywa dawa moja tu kati ya mbili.""
""Mimi ni mzima. Presha ni 133/83, nakunywa dawa kila siku.""
""132/86 leo. Asante""",recheck_7_days,up,note,missed_meds (generator note or message): N'a pas pris ses comprimés depuis 3 jours.,"[{""code"": ""lives_alone"", ""quote"": ""Lives alone""}, {""code"": ""cannot_read"", ""quote"": ""cannot read""}]",visit_this_week,0,4.0,132,4.0,0.17,0,0,0,0,0,0,0,0
1258,60,2026-08-20,chw,"Flag borderline: Borderline: the readings crossed the goal 140/90 4 times in the last 6 readings: 132/86, 146/91, 133/83, 140/87, 132/86, 134/85. No threshold crossed; recheck and ask for a weekly reading.
Rule default: recheck_7_days.
Medicine taken at the last three contacts: yes, partial, yes.
Days since last contact: 0.
CHW notes:
""Patient well, taking medicine.""
Patient messages:
""Nimepima dispensari 132/86. Nimekunywa dawa moja tu kati ya mbili.""
""Mimi ni mzima. Presha ni 133/83, nakunywa dawa kila siku.""
""132/86 leo. Asante""",recheck_7_days,none,,,[],recheck_7_days,0,4.0,134,6.0,-0.71,0,0,0,0,0,0,0,0
1268,60,2026-09-03,sms,"Flag borderline: Borderline: 3 readings in a row in the band just under the goal 140/90 (130-139 systolic or 85-89 diastolic): 132/86, 134/85, 138/83 (2026-08-16 to 2026-09-03). No threshold crossed; recheck and ask for a weekly reading.
Rule default: recheck_7_days.
Medicine taken at the last three contacts: yes, partial, yes.
Days since last contact: 0.
CHW notes:
""Patient well, taking medicine.""
Patient messages:
""Mimi ni mzima. Presha ni 133/83, nakunywa dawa kila siku.""
""132/86 leo. Asante""
""138/83 leo. Asante""",recheck_7_days,none,,,[],recheck_7_days,0,4.0,138,10.0,-1.29,0,0,0,0,0,0,0,0
1259,60,2026-09-14,chw,"Flag borderline: Borderline: 3 readings in a row in the band just under the goal 140/90 (130-139 systolic or 85-89 diastolic): 132/86, 134/85, 138/83 (2026-08-16 to 2026-09-03). No threshold crossed; recheck and ask for a weekly reading.
Rule default: recheck_7_days.
Medicine taken at the last three contacts: no, yes, partial.
Days since last contact: 0.
CHW notes:
""Amesahau dawa siku kadhaa.""
Patient messages:
""Mimi ni mzima. Presha ni 133/83, nakunywa dawa kila siku.""
""132/86 leo. Asante""
""138/83 leo. Asante""",recheck_7_days,up,note,missed_meds (generator note or message): Amesahau dawa siku kadhaa.,"[{""code"": ""lives_alone"", ""quote"": ""Lives alone""}, {""code"": ""cannot_read"", ""quote"": ""cannot read""}]",visit_this_week,0,6.5,142,14.0,1.17,0,0,0,2,0,0,0,0
1251,60,2026-09-15,clinic,"Flag trend: Trend rule: each of the last 3 readings (138, 142, 141, 2026-09-03 to 2026-09-15) is at least 10 mmHg above the baseline of 128 (baseline = first 3 readings).
Flag borderline: Borderline: 3 readings in a row in the band just under the goal 140/90 (130-139 systolic or 85-89 diastolic): 132/86, 134/85, 138/83 (2026-08-16 to 2026-09-03). No threshold crossed; recheck and ask for a weekly reading.
Rule default: recheck_7_days.
Medicine taken at the last three contacts: no, no, yes.
Days since last contact: 0.
CHW notes:
""Amesahau dawa siku kadhaa.""
Patient messages:
""Mimi ni mzima. Presha ni 133/83, nakunywa dawa kila siku.""
""132/86 leo. Asante""
""138/83 leo. Asante""",recheck_7_days,up,note,missed_meds (generator note or message): Dawa zimeisha,"[{""code"": ""lives_alone"", ""quote"": ""Lives alone""}, {""code"": ""cannot_read"", ""quote"": ""cannot read""}]",visit_this_week,0,9.5,141,13.0,1.11,0,3,0,2,0,0,0,0
1269,60,2026-09-20,sms,"Flag borderline: Borderline: 3 readings in a row in the band just under the goal 140/90 (130-139 systolic or 85-89 diastolic): 132/86, 134/85, 138/83 (2026-08-16 to 2026-09-03). No threshold crossed; recheck and ask for a weekly reading.
Rule default: recheck_7_days.
Medicine taken at the last three contacts: no, no, yes.
Days since last contact: 0.
Patient messages:
""132/86 leo. Asante""
""138/83 leo. Asante""
""130/80 leo. Asante""",recheck_7_days,up,note,missed_meds (generator note or message): Dawa zimeisha,"[{""code"": ""lives_alone"", ""quote"": ""Lives alone""}, {""code"": ""cannot_read"", ""quote"": ""cannot read""}]",visit_this_week,0,4.0,130,2.0,0.43,0,0,0,0,0,0,0,0
1274,61,2025-11-17,chw,"Flags: none.
Rule default: routine.
Medicine taken at the last three contacts: partial.
Days since last contact: 0.
CHW notes:
""Patient ran out of tablets last week.""",routine,up,note,missed_meds (generator note or message): Patient ran out of tablets last week.,[],recheck_7_days,0,11.0,138,0.0,0.0,0,0,0,2,0,0,0,0
1270,61,2025-11-26,clinic,"Flag who_risk: WHO 10-year CVD risk 22% (man, smoker, age 70-74, SBP 140-159, BMI 20-24 (24.2)) on the reading of 2025-11-26: at or above the 'high' level (20%).
Rule default: visit_this_week.
Medicine taken at the last three contacts: no, partial.
Days since last contact: 0.
CHW notes:
""Patient ran out of tablets last week.""",visit_this_week,up,note,missed_meds (generator note or message): Dawa zimeisha,[],refer_clinic,0,13.0,145,3.5,7.0,0,0,0,2,0,0,0,0
1275,61,2025-12-14,chw,"Flag who_risk: WHO 10-year CVD risk 22% (man, smoker, age 70-74, SBP 140-159, BMI 20-24 (24.2)) on the reading of 2025-12-14: at or above the 'high' level (20%).
Rule default: visit_this_week.
Medicine taken at the last three contacts: partial, no, partial.
Days since last contact: 0.
CHW notes:
""Takes medicine only when feeling unwell.""",visit_this_week,up,note,missed_meds (generator note or message): Takes medicine only when feeling unwell.,[],refer_clinic,0,13.0,143,1.0,2.5,0,0,0,2,0,0,0,0
1276,61,2026-01-01,chw,"Flag who_risk: WHO 10-year CVD risk 22% (man, smoker, age 70-74, SBP 140-159, BMI 20-24 (24.2)) on the reading of 2026-01-01: at or above the 'high' level (20%).
Rule default: visit_this_week.
Medicine taken at the last three contacts: yes, partial, no.
Days since last contact: 0.
CHW notes:
""Takes medicine only when feeling unwell.""
""Patient bien, prend ses médicaments.""",visit_this_week,up,note,missed_meds (generator note or message): Takes medicine only when feeling unwell.,[],refer_clinic,0,11.0,141,-1.0,0.7,0,0,0,0,0,0,0,0
1277,61,2026-01-23,chw,"Flag who_risk: WHO 10-year CVD risk 22% (man, smoker, age 70-74, SBP 140-159, BMI 20-24 (24.2)) on the reading of 2026-01-23: at or above the 'high' level (20%).
Rule default: visit_this_week.
Medicine taken at the last three contacts: partial, yes, partial.
Days since last contact: 0.
CHW notes:
""Patient bien, prend ses médicaments.""
""Home visit, no complaints.""",visit_this_week,none,,,[],visit_this_week,0,13.0,140,-2.0,0.0,0,0,0,2,0,0,0,0
1271,61,2026-02-06,clinic,"Flag who_risk: WHO 10-year CVD risk 22% (man, smoker, age 70-74, SBP 140-159, BMI 20-24 (24.2)) on the reading of 2026-02-06: at or above the 'high' level (20%).
Rule default: visit_this_week.
Medicine taken at the last three contacts: partial, partial, yes.
Days since last contact: 0.
CHW notes:
""Home visit, no complaints.""",visit_this_week,none,,,[],visit_this_week,0,13.0,152,10.0,1.51,0,0,0,2,0,0,0,0
1278,61,2026-02-14,chw,"Flag who_risk: WHO 10-year CVD risk 22% (man, smoker, age 70-74, SBP 140-159, BMI 20-24 (24.2)) on the reading of 2026-02-14: at or above the 'high' level (20%).
Rule default: visit_this_week.
Medicine taken at the last three contacts: no, partial, partial.
Days since last contact: 0.
CHW notes:
""Home visit, no complaints.""",visit_this_week,none,,,[],visit_this_week,0,13.0,145,3.0,0.74,0,0,0,2,0,0,0,0
1279,61,2026-02-28,chw,"Flag who_risk: WHO 10-year CVD risk 22% (man, smoker, age 70-74, SBP 140-159, BMI 20-24 (24.2)) on the reading of 2026-02-28: at or above the 'high' level (20%).
Rule default: visit_this_week.
Medicine taken at the last three contacts: no, no, partial.
Days since last contact: 0.
CHW notes:
""Home visit, no complaints.""
""Takes medicine only when feeling unwell.""",visit_this_week,up,note,missed_meds (generator note or message): Takes medicine only when feeling unwell.,[],refer_clinic,0,13.0,147,5.0,1.26,0,0,0,2,0,0,0,0
1280,61,2026-03-16,chw,"Flag who_risk: WHO 10-year CVD risk 22% (man, smoker, age 70-74, SBP 140-159, BMI 20-24 (24.2)) on the reading of 2026-03-16: at or above the 'high' level (20%).
Rule default: visit_this_week.
Medicine taken at the last three contacts: no, no, no.
Days since last contact: 0.
CHW notes:
""Takes medicine only when feeling unwell.""
""Amesahau dawa siku kadhaa.""",visit_this_week,up,note,missed_meds (generator note or message): Amesahau dawa siku kadhaa.,[],refer_clinic,0,13.0,147,5.0,1.26,0,0,0,2,0,0,0,0
1281,61,2026-04-13,chw,"Flags: none.
Rule default: routine.
Medicine taken at the last three contacts: partial, no, no.
Days since last contact: 0.
CHW notes:
""Amesahau dawa siku kadhaa.""
""Amesahau dawa siku kadhaa.""",routine,up,note,missed_meds (generator note or message): Amesahau dawa siku kadhaa.,[],recheck_7_days,0,11.0,138,-4.0,-0.66,0,0,0,2,0,0,0,0
1272,61,2026-04-28,clinic,"Flag who_risk: WHO 10-year CVD risk 22% (man, smoker, age 70-74, SBP 140-159, BMI 20-24 (24.2)) on the reading of 2026-04-28: at or above the 'high' level (20%).
Flag borderline: Borderline: the readings crossed the goal 140/90 2 times in the last 6 readings: 152/88, 145/90, 147/89, 147/87, 138/86, 147/84. No threshold crossed; recheck and ask for a weekly reading.
Rule default: visit_this_week.
Medicine taken at the last three contacts: partial, partial, no.
Days since last contact: 0.
CHW notes:
""Amesahau dawa siku kadhaa.""",visit_this_week,up,note,missed_meds (generator note or message): Amesahau dawa siku kadhaa.,[],refer_clinic,0,15.0,147,5.0,-1.31,0,0,0,2,0,0,0,0
1282,61,2026-05-07,chw,"Flag who_risk: WHO 10-year CVD risk 22% (man, smoker, age 70-74, SBP 140-159, BMI 20-24 (24.2)) on the reading of 2026-05-07: at or above the 'high' level (20%).
Flag borderline: Borderline: the readings crossed the goal 140/90 2 times in the last 6 readings: 145/90, 147/89, 147/87, 138/86, 147/84, 143/80. No threshold crossed; recheck and ask for a weekly reading.
Rule default: visit_this_week.
Medicine taken at the last three contacts: partial, partial, partial.
Days since last contact: 0.
CHW notes:
""Patient well, taking medicine.""",visit_this_week,none,,,[],visit_this_week,0,15.0,143,1.0,-0.54,0,0,0,2,0,0,0,0
1283,61,2026-06-01,chw,"Flag who_risk: WHO 10-year CVD risk 22% (man, smoker, age 70-74, SBP 140-159, BMI 20-24 (24.2)) on the reading of 2026-06-01: at or above the 'high' level (20%).
Flag borderline: Borderline: the readings crossed the goal 140/90 2 times in the last 6 readings: 147/89, 147/87, 138/86, 147/84, 143/80, 142/88. No threshold crossed; recheck and ask for a weekly reading.
Rule default: visit_this_week.
Medicine taken at the last three contacts: partial, partial, partial.
Days since last contact: 0.
CHW notes:
""Patient well, taking medicine.""
""Patient well, taking medicine.""",visit_this_week,none,,,[],visit_this_week,0,15.0,142,0.0,-0.8,0,0,0,2,0,0,0,0
1284,61,2026-06-25,chw,"Flag who_risk: WHO 10-year CVD risk 22% (man, smoker, age 70-74, SBP 140-159, BMI 20-24 (24.2)) on the reading of 2026-06-25: at or above the 'high' level (20%).
Flag borderline: Borderline: the readings crossed the goal 140/90 2 times in the last 6 readings: 147/87, 138/86, 147/84, 143/80, 142/88, 157/95. No threshold crossed; recheck and ask for a weekly reading.
Rule default: visit_this_week.
Medicine taken at the last three contacts: no, partial, partial.
Days since last contact: 0.
CHW notes:
""Patient well, taking medicine.""
""Mgonjwa yuko sawa, anakunywa dawa.""",visit_this_week,none,,,[],visit_this_week,1,15.0,157,15.0,1.66,0,0,0,2,0,0,0,0
1273,61,2026-07-08,clinic,"Flag threshold: Latest BP 162/100 on 2026-07-08 is at or above the 'grade2' cut-off (160/100).
Flag who_risk: WHO 10-year CVD risk 26% (man, smoker, age 70-74, SBP 160-179, BMI 20-24 (24.2)) on the reading of 2026-07-08: at or above the 'high' level (20%).
Rule default: visit_this_week.
Medicine taken at the last three contacts: no, no, partial.
Days since last contact: 0.
CHW notes:
""Mgonjwa yuko sawa, anakunywa dawa.""",visit_this_week,none,,,[],visit_this_week,1,19.0,162,20.0,4.26,4,0,0,2,0,0,0,0
1285,61,2026-07-09,chw,"Flag threshold: Latest BP 160/95 on 2026-07-09 is at or above the 'grade2' cut-off (160/100).
Flag who_risk: WHO 10-year CVD risk 26% (man, smoker, age 70-74, SBP 160-179, BMI 20-24 (24.2)) on the reading of 2026-07-09: at or above the 'high' level (20%).
Flag trend: Trend rule: each of the last 3 readings (157, 162, 160, 2026-06-25 to 2026-07-09) is at least 10 mmHg above the baseline of 142 (baseline = first 3 readings).
Rule default: visit_this_week.
Medicine taken at the last three contacts: partial, no, no.
Days since last contact: 0.
CHW notes:
""Patient complains of headache.""",visit_this_week,none,,,[],visit_this_week,1,22.0,160,18.0,3.91,4,3,0,2,0,0,0,0
1286,62,2025-11-12,clinic,"Flags: none.
Rule default: routine.
Medicine taken at the last three contacts: yes.
Days since last contact: 0.",routine,up,note,missed_meds (generator note or message): Dawa zimeisha,[],recheck_7_days,0,5.0,133,0.0,0.0,0,0,0,0,0,0,0,0
1289,62,2025-11-23,chw,"Flags: none.
Rule default: routine.
Medicine taken at the last three contacts: yes, yes.
Days since last contact: 0.
CHW notes:
""Home visit, no complaints.""",routine,up,note,missed_meds (generator note or message): Dawa zimeisha,[],recheck_7_days,0,5.0,126,-3.5,-7.0,0,0,0,0,0,0,0,0
1290,62,2025-12-20,chw,"Flags: none.
Rule default: routine.
Medicine taken at the last three contacts: yes, yes, yes.
Days since last contact: 0.
CHW notes:
""Home visit, no complaints.""
""Mgonjwa yuko sawa, anakunywa dawa.""",routine,none,,,[],routine,0,5.0,134,3.0,0.5,0,0,0,0,0,0,0,0
1291,62,2026-01-14,chw,"Flags: none.
Rule default: routine.
Medicine taken at the last three contacts: yes, yes, yes.
Days since last contact: 0.
CHW notes:
""Mgonjwa yuko sawa, anakunywa dawa.""
""Home visit, no complaints.""",routine,none,,,[],routine,0,5.0,130,-1.0,-0.1,0,0,0,0,0,0,0,0
1287,62,2026-02-02,clinic,"Flag borderline: Borderline: 3 readings in a row in the band just under the goal 140/90 (130-139 systolic or 85-89 diastolic): 134/88, 130/82, 130/87 (2025-12-20 to 2026-02-02). No threshold crossed; recheck and ask for a weekly reading.
Rule default: recheck_7_days.
Medicine taken at the last three contacts: partial, yes, yes.
Days since last contact: 0.
CHW notes:
""Home visit, no complaints.""",recheck_7_days,none,,,[],recheck_7_days,0,9.0,130,-1.0,-0.2,0,0,0,2,0,0,0,0
1292,62,2026-02-06,chw,"Flag borderline: Borderline: 4 readings in a row in the band just under the goal 140/90 (130-139 systolic or 85-89 diastolic): 134/88, 130/82, 130/87, 138/88 (2025-12-20 to 2026-02-06). No threshold crossed; recheck and ask for a weekly reading.
Rule default: recheck_7_days.
Medicine taken at the last three contacts: yes, partial, yes.
Days since last contact: 0.
CHW notes:
""Mgonjwa yuko sawa, anakunywa dawa.""",recheck_7_days,none,,,[],recheck_7_days,0,7.0,138,7.0,0.94,0,0,0,0,0,0,0,0
1293,62,2026-02-25,chw,"Flag borderline: Borderline: 5 readings in a row in the band just under the goal 140/90 (130-139 systolic or 85-89 diastolic): 134/88, 130/82, 130/87, 138/88, 130/81 (2025-12-20 to 2026-02-25). No threshold crossed; recheck and ask for a weekly reading.
Rule default: recheck_7_days.
Medicine taken at the last three contacts: yes, yes, partial.
Days since last contact: 0.
CHW notes:
""Mgonjwa yuko sawa, anakunywa dawa.""
""Patient well, taking medicine.""",recheck_7_days,none,,,[],recheck_7_days,0,7.0,130,-1.0,0.91,0,0,0,0,0,0,0,0
1294,62,2026-03-16,chw,"Flag borderline: Borderline: 6 readings in a row in the band just under the goal 140/90 (130-139 systolic or 85-89 diastolic): 134/88, 130/82, 130/87, 138/88, 130/81, 130/84 (2025-12-20 to 2026-03-16). No threshold crossed; recheck and ask for a weekly reading.
Rule default: recheck_7_days.
Medicine taken at the last three contacts: yes, yes, yes.
Days since last contact: 0.
CHW notes:
""Patient well, taking medicine.""
""Home visit, no complaints.""",recheck_7_days,none,,,[],recheck_7_days,0,7.0,130,-1.0,-0.34,0,0,0,0,0,0,0,0
1295,62,2026-04-07,chw,"Flag borderline: Borderline: 6 readings in a row in the band just under the goal 140/90 (130-139 systolic or 85-89 diastolic): 130/82, 130/87, 138/88, 130/81, 130/84, 131/83 (2026-01-14 to 2026-04-07). No threshold crossed; recheck and ask for a weekly reading.
Rule default: recheck_7_days.
Medicine taken at the last three contacts: yes, yes, yes.
Days since last contact: 0.
CHW notes:
""Home visit, no complaints.""
""Mgonjwa yuko sawa, anakunywa dawa.""",recheck_7_days,none,,,[],recheck_7_days,0,7.0,131,0.0,-0.09,0,0,0,0,0,0,0,0
1288,62,2026-04-15,clinic,"Flag borderline: Borderline: 5 readings in a row in the band just under the goal 140/90 (130-139 systolic or 85-89 diastolic): 130/87, 138/88, 130/81, 130/84, 131/83 (2026-02-02 to 2026-04-07). No threshold crossed; recheck and ask for a weekly reading.
Rule default: recheck_7_days.
Medicine taken at the last three contacts: yes, yes, yes.
Days since last contact: 0.
CHW notes:
""Mgonjwa yuko sawa, anakunywa dawa.""",recheck_7_days,none,,,[],recheck_7_days,0,7.0,123,-8.0,-1.6,0,0,0,0,0,0,0,0
1296,62,2026-04-30,chw,"Flag borderline: Borderline: 4 readings in a row in the band just under the goal 140/90 (130-139 systolic or 85-89 diastolic): 138/88, 130/81, 130/84, 131/83 (2026-02-06 to 2026-04-07). No threshold crossed; recheck and ask for a weekly reading.
Rule default: recheck_7_days.
Medicine taken at the last three contacts: yes, yes, yes.
Days since last contact: 0.
CHW notes:
""Home visit, no complaints.""",recheck_7_days,none,,,[],recheck_7_days,0,7.0,132,1.0,-1.43,0,0,0,0,0,0,0,0
1297,62,2026-05-19,chw,"Flag borderline: Borderline: 3 readings in a row in the band just under the goal 140/90 (130-139 systolic or 85-89 diastolic): 130/81, 130/84, 131/83 (2026-02-25 to 2026-04-07). No threshold crossed; recheck and ask for a weekly reading.
Rule default: recheck_7_days.
Medicine taken at the last three contacts: yes, yes, yes.
Days since last contact: 0.
CHW notes:
""Home visit, no complaints.""
""Home visit, no complaints.""",recheck_7_days,none,,,[],recheck_7_days,1,8.5,148,17.0,2.51,0,0,0,0,0,0,0,0
1298,62,2026-06-06,chw,"Flag threshold: Latest BP 165/102 on 2026-06-06 is at or above the 'grade2' cut-off (160/100).
Flag symptom: Symptom 'headache' reported on 2026-06-06; latest BP 165/102 is not under the goal 140/90 (bp_goal).
Rule default: visit_this_week.
Medicine taken at the last three contacts: yes, yes, yes.
Days since last contact: 0.
CHW notes:
""Home visit, no complaints.""
""Patient complains of headache.""",visit_this_week,none,,,[],visit_this_week,1,22.0,165,34.0,6.71,4,0,10,0,0,0,0,0
1299,63,2025-11-20,clinic,"Flags: none.
Rule default: routine.
Medicine taken at the last three contacts: no.
Days since last contact: 0.",routine,none,,,[],routine,0,3.5,140,0.0,0.0,0,0,0,2,0,0,0,0
1302,63,2025-11-26,chw,"Flags: none.
Rule default: routine.
Medicine taken at the last three contacts: partial, no.
Days since last contact: 0.
CHW notes:
""Takes medicine only when feeling unwell.""",routine,up,note,missed_meds (generator note or message): Takes medicine only when feeling unwell.,[],recheck_7_days,0,3.5,144,2.0,4.0,0,0,0,2,0,0,0,0
1303,63,2025-12-14,chw,"Flags: none.
Rule default: routine.
Medicine taken at the last three contacts: no, partial, no.
Days since last contact: 0.
CHW notes:
""Takes medicine only when feeling unwell.""
""Amesahau dawa siku kadhaa.""",routine,up,note,missed_meds (generator note or message): Amesahau dawa siku kadhaa.,[],recheck_7_days,0,3.0,135,-4.7,-2.5,0,0,0,2,0,0,0,0
1304,63,2026-01-01,chw,"Flags: none.
Rule default: routine.
Medicine taken at the last three contacts: no, no, partial.
Days since last contact: 0.
CHW notes:
""Amesahau dawa siku kadhaa.""
""N'a pas pris ses comprimés depuis 3 jours.""",routine,up,note,missed_meds (generator note or message): N'a pas pris ses comprimés depuis 3 jours.,[],recheck_7_days,0,3.0,136,-3.7,-2.1,0,0,0,2,0,0,0,0
1305,63,2026-01-17,chw,"Flag borderline: Borderline: 3 readings in a row in the band just under the goal 140/90 (130-139 systolic or 85-89 diastolic): 135/89, 136/87, 132/83 (2025-12-14 to 2026-01-17). No threshold crossed; recheck and ask for a weekly reading.
Rule default: recheck_7_days.
Medicine taken at the last three contacts: yes, no, no.
Days since last contact: 0.
CHW notes:
""N'a pas pris ses comprimés depuis 3 jours.""
""Patient bien, prend ses médicaments.""",recheck_7_days,up,note,missed_meds (generator note or message): N'a pas pris ses comprimés depuis 3 jours.,[],visit_this_week,0,3.0,132,-7.7,-2.4,0,0,0,0,0,0,0,0
1306,63,2026-02-04,chw,"Flag borderline: Borderline: 4 readings in a row in the band just under the goal 140/90 (130-139 systolic or 85-89 diastolic): 135/89, 136/87, 132/83, 129/88 (2025-12-14 to 2026-02-04). No threshold crossed; recheck and ask for a weekly reading.
Rule default: recheck_7_days.
Medicine taken at the last three contacts: yes, yes, no.
Days since last contact: 0.
CHW notes:
""Patient bien, prend ses médicaments.""
""Patient well, taking medicine.""",recheck_7_days,none,,,[],recheck_7_days,0,3.0,129,-10.7,-2.57,0,0,0,0,0,0,0,0
1300,63,2026-02-11,clinic,"Flag borderline: Borderline: 4 readings in a row in the band just under the goal 140/90 (130-139 systolic or 85-89 diastolic): 135/89, 136/87, 132/83, 129/88 (2025-12-14 to 2026-02-04). No threshold crossed; recheck and ask for a weekly reading.
Rule default: recheck_7_days.
Medicine taken at the last three contacts: partial, yes, yes.
Days since last contact: 0.
CHW notes:
""Patient well, taking medicine.""",recheck_7_days,none,,,[],recheck_7_days,0,5.0,128,-11.7,-2.91,0,0,0,2,0,0,0,0
1307,63,2026-02-25,chw,"Flag borderline: Borderline: 4 readings in a row in the band just under the goal 140/90 (130-139 systolic or 85-89 diastolic): 135/89, 136/87, 132/83, 129/88 (2025-12-14 to 2026-02-04). No threshold crossed; recheck and ask for a weekly reading.
Rule default: recheck_7_days.
Medicine taken at the last three contacts: partial, partial, yes.
Days since last contact: 0.
CHW notes:
""Takes medicine only when feeling unwell.""",recheck_7_days,up,note,missed_meds (generator note or message): Takes medicine only when feeling unwell.,[],visit_this_week,0,5.0,136,-3.7,-0.63,0,0,0,2,0,0,0,0
1308,63,2026-03-11,chw,"Flag borderline: Borderline: 3 readings in a row in the band just under the goal 140/90 (130-139 systolic or 85-89 diastolic): 136/87, 132/83, 129/88 (2026-01-01 to 2026-02-04). No threshold crossed; recheck and ask for a weekly reading.
Rule default: recheck_7_days.
Medicine taken at the last three contacts: partial, partial, partial.
Days since last contact: 0.
CHW notes:
""Takes medicine only when feeling unwell.""
""Takes medicine only when feeling unwell.""",recheck_7_days,up,note,missed_meds (generator note or message): Takes medicine only when feeling unwell.,[],visit_this_week,0,5.0,139,-0.7,0.74,0,0,0,2,0,0,0,0
1309,63,2026-04-02,chw,"Flags: none.
Rule default: routine.
Medicine taken at the last three contacts: partial, partial, partial.
Days since last contact: 0.
CHW notes:
""Takes medicine only when feeling unwell.""
""Patient well, taking medicine.""",routine,up,note,missed_meds (generator note or message): Takes medicine only when feeling unwell.,[],recheck_7_days,0,3.5,143,3.3,2.66,0,0,0,2,0,0,0,0
1301,63,2026-04-18,clinic,"Flag borderline: Borderline: the readings crossed the goal 140/90 2 times in the last 6 readings: 129/88, 128/84, 136/82, 139/86, 143/96, 138/86. No threshold crossed; recheck and ask for a weekly reading.
Rule default: recheck_7_days.
Medicine taken at the last three contacts: partial, partial, partial.
Days since last contact: 0.
CHW notes:
""Patient well, taking medicine.""",recheck_7_days,up,note,missed_meds (generator note or message): Dawa zimeisha,[],visit_this_week,0,5.0,138,-1.7,2.66,0,0,0,2,0,0,0,0
1310,63,2026-04-26,chw,"Flag threshold: Latest BP 146/100 on 2026-04-26 is at or above the 'grade2' cut-off (160/100).
Rule default: visit_this_week.
Medicine taken at the last three contacts: partial, partial, partial.
Days since last contact: 0.
CHW notes:
""N'a pas pris ses comprimés depuis 3 jours.""",visit_this_week,up,note,missed_meds (generator note or message): N'a pas pris ses comprimés depuis 3 jours.,[],refer_clinic,1,7.5,146,6.3,2.86,4,0,0,2,0,0,0,0
1311,63,2026-05-20,chw,"Flag borderline: Borderline: the readings crossed the goal 140/90 3 times in the last 6 readings: 136/82, 139/86, 143/96, 138/86, 146/100, 154/98. No threshold crossed; recheck and ask for a weekly reading.
Rule default: recheck_7_days.
Medicine taken at the last three contacts: no, partial, partial.
Days since last contact: 0.
CHW notes:
""N'a pas pris ses comprimés depuis 3 jours.""
""Mgonjwa yuko sawa, anakunywa dawa.""",recheck_7_days,up,note,missed_meds (generator note or message): N'a pas pris ses comprimés depuis 3 jours.,[],visit_this_week,1,5.5,154,14.3,3.03,0,0,0,2,0,0,0,0
1312,63,2026-05-21,chw,"Flag borderline: Borderline: the readings crossed the goal 140/90 3 times in the last 6 readings: 139/86, 143/96, 138/86, 146/100, 154/98, 155/92. No threshold crossed; recheck and ask for a weekly reading.
Rule default: recheck_7_days.
Medicine taken at the last three contacts: partial, no, partial.
Days since last contact: 0.
CHW notes:
""Mgonjwa yuko sawa, anakunywa dawa.""
""Patient complains of headache.""",recheck_7_days,none,,,[],recheck_7_days,1,5.5,155,15.3,3.46,0,0,0,2,0,0,0,0
1313,64,2025-11-08,clinic,"Flags: none.
Rule default: routine.
Medicine taken at the last three contacts: yes.
Days since last contact: 0.",routine,none,,,[],routine,0,3.0,136,0.0,0.0,0,0,0,0,0,0,0,0
1316,64,2025-11-18,chw,"Flags: none.
Rule default: routine.
Medicine taken at the last three contacts: yes, yes.
Days since last contact: 0.
CHW notes:
""Patient well, taking medicine.""",routine,none,,,[],routine,0,3.0,122,-7.0,-14.0,0,0,0,0,0,0,0,0
1317,64,2025-12-14,chw,"Flags: none.
Rule default: routine.
Medicine taken at the last three contacts: yes, yes, yes.
Days since last contact: 0.
CHW notes:
""Patient well, taking medicine.""
""Patient bien, prend ses médicaments.""",routine,none,,,[],routine,0,3.0,128,-0.7,-4.0,0,0,0,0,0,0,0,0
1318,64,2026-01-04,chw,"Flags: none.
Rule default: routine.
Medicine taken at the last three contacts: yes, yes, yes.
Days since last contact: 0.
CHW notes:
""Patient bien, prend ses médicaments.""
""Patient bien, prend ses médicaments.""",routine,none,,,[],routine,0,3.0,131,2.3,-0.9,0,0,0,0,0,0,0,0
1319,64,2026-01-26,chw,"Flags: none.
Rule default: routine.
Medicine taken at the last three contacts: yes, yes, yes.
Days since last contact: 0.
CHW notes:
""Patient bien, prend ses médicaments.""
""Patient well, taking medicine.""",routine,none,,,[],routine,0,3.0,131,2.3,-0.1,0,0,0,0,0,0,0,0
1314,64,2026-01-30,clinic,"Flag borderline: Borderline: 3 readings in a row in the band just under the goal 140/90 (130-139 systolic or 85-89 diastolic): 131/87, 131/83, 134/79 (2026-01-04 to 2026-01-30). No threshold crossed; recheck and ask for a weekly reading.
Rule default: recheck_7_days.
Medicine taken at the last three contacts: yes, yes, yes.
Days since last contact: 0.
CHW notes:
""Patient well, taking medicine.""",recheck_7_days,none,,,[],recheck_7_days,0,5.0,134,5.3,0.57,0,0,0,0,0,0,0,0
1320,64,2026-02-16,chw,"Flag borderline: Borderline: 4 readings in a row in the band just under the goal 140/90 (130-139 systolic or 85-89 diastolic): 131/87, 131/83, 134/79, 132/81 (2026-01-04 to 2026-02-16). No threshold crossed; recheck and ask for a weekly reading.
Rule default: recheck_7_days.
Medicine taken at the last three contacts: yes, yes, yes.
Days since last contact: 0.
CHW notes:
""Home visit, no complaints.""",recheck_7_days,none,,,[],recheck_7_days,0,5.0,132,3.3,1.94,0,0,0,0,0,0,0,0
1321,64,2026-03-05,chw,"Flag borderline: Borderline: 5 readings in a row in the band just under the goal 140/90 (130-139 systolic or 85-89 diastolic): 131/87, 131/83, 134/79, 132/81, 133/82 (2026-01-04 to 2026-03-05). No threshold crossed; recheck and ask for a weekly reading.
Rule default: recheck_7_days.
Medicine taken at the last three contacts: yes, yes, yes.
Days since last contact: 0.
CHW notes:
""Home visit, no complaints.""
""Patient bien, prend ses médicaments.""",recheck_7_days,none,,,[],recheck_7_days,0,5.0,133,4.3,0.89,0,0,0,0,0,0,0,0
1322,64,2026-04-01,chw,"Flag borderline: Borderline: 6 readings in a row in the band just under the goal 140/90 (130-139 systolic or 85-89 diastolic): 131/87, 131/83, 134/79, 132/81, 133/82, 138/83 (2026-01-04 to 2026-04-01). No threshold crossed; recheck and ask for a weekly reading.
Rule default: recheck_7_days.
Medicine taken at the last three contacts: yes, yes, yes.
Days since last contact: 0.
CHW notes:
""Patient bien, prend ses médicaments.""
""Patient well, taking medicine.""",recheck_7_days,none,,,[],recheck_7_days,0,5.0,138,9.3,1.11,0,0,0,0,0,0,0,0
1323,64,2026-04-26,chw,"Flag borderline: Borderline: 6 readings in a row in the band just under the goal 140/90 (130-139 systolic or 85-89 diastolic): 131/83, 134/79, 132/81, 133/82, 138/83, 135/82 (2026-01-26 to 2026-04-26). No threshold crossed; recheck and ask for a weekly reading.
Rule default: recheck_7_days.
Medicine taken at the last three contacts: yes, yes, yes.
Days since last contact: 0.
CHW notes:
""Patient well, taking medicine.""
""Mgonjwa yuko sawa, anakunywa dawa.""",recheck_7_days,none,,,[],recheck_7_days,0,5.0,135,6.3,0.94,0,0,0,0,0,0,0,0
1315,64,2026-04-30,clinic,"Flag borderline: Borderline: 6 readings in a row in the band just under the goal 140/90 (130-139 systolic or 85-89 diastolic): 134/79, 132/81, 133/82, 138/83, 135/82, 134/85 (2026-01-30 to 2026-04-30). No threshold crossed; recheck and ask for a weekly reading.
Rule default: recheck_7_days.
Medicine taken at the last three contacts: yes, yes, yes.
Days since last contact: 0.
CHW notes:
""Mgonjwa yuko sawa, anakunywa dawa.""",recheck_7_days,up,note,missed_meds (generator note or message): Renouvellement du traitement,[],visit_this_week,0,5.0,134,5.3,0.4,0,0,0,0,0,0,0,0
1324,64,2026-05-10,chw,"Flag borderline: Borderline: 5 readings in a row in the band just under the goal 140/90 (130-139 systolic or 85-89 diastolic): 132/81, 133/82, 138/83, 135/82, 134/85 (2026-02-16 to 2026-04-30). No threshold crossed; recheck and ask for a weekly reading.
Rule default: recheck_7_days.
Medicine taken at the last three contacts: yes, yes, yes.
Days since last contact: 0.
CHW notes:
""Patient well, taking medicine.""",recheck_7_days,up,note,missed_meds (generator note or message): Renouvellement du traitement,[],visit_this_week,1,6.0,141,12.3,1.29,0,0,0,0,0,0,0,0
1325,64,2026-05-28,chw,"Flag borderline: Borderline: 4 readings in a row in the band just under the goal 140/90 (130-139 systolic or 85-89 diastolic): 133/82, 138/83, 135/82, 134/85 (2026-03-05 to 2026-04-30). No threshold crossed; recheck and ask for a weekly reading.
Rule default: recheck_7_days.
Medicine taken at the last three contacts: partial, yes, yes.
Days since last contact: 0.
CHW notes:
""Patient well, taking medicine.""
""Patient well, taking medicine.""",recheck_7_days,none,,,[],recheck_7_days,1,8.0,155,26.3,3.37,0,0,0,2,0,0,0,0
1326,64,2026-06-07,chw,"Flag trend: Trend rule: each of the last 3 readings (141, 155, 149, 2026-05-10 to 2026-06-07) is at least 10 mmHg above the baseline of 129; and the last 4 readings (2026-04-30 to 2026-06-07) average 145, 16 mmHg above the baseline of 129 (rule: at least 15 mmHg over 4 readings) (baseline = first 3 readings).
Flag borderline: Borderline: 3 readings in a row in the band just under the goal 140/90 (130-139 systolic or 85-89 diastolic): 138/83, 135/82, 134/85 (2026-04-01 to 2026-04-30). No threshold crossed; recheck and ask for a weekly reading.
Flag symptom: Symptom 'headache' reported on 2026-06-07; latest BP 149/87 is not under the goal 140/90 (bp_goal).
Rule default: visit_this_week.
Medicine taken at the last three contacts: yes, partial, yes.
Days since last contact: 0.
CHW notes:
""Patient well, taking medicine.""
""Patient complains of headache.""",visit_this_week,none,,,[],visit_this_week,1,19.0,149,20.3,3.49,0,3,10,0,0,0,0,0
1331,65,2025-11-30,chw,"Flags: none.
Rule default: routine.
Medicine taken at the last three contacts: yes.
Days since last contact: 0.
CHW notes:
""Patient well, taking medicine.""",routine,none,,,[],routine,0,2.0,147,0.0,0.0,0,0,0,0,0,0,0,0
1327,65,2025-12-03,clinic,"Flags: none.
Rule default: routine.
Medicine taken at the last three contacts: yes, yes.
Days since last contact: 0.
CHW notes:
""Patient well, taking medicine.""",routine,up,note,missed_meds (generator note or message): Renouvellement du traitement,[],recheck_7_days,0,2.0,140,-3.5,-7.0,0,0,0,0,0,0,0,0
1332,65,2025-12-16,chw,"Flags: none.
Rule default: routine.
Medicine taken at the last three contacts: partial, yes, yes.
Days since last contact: 0.
CHW notes:
""Amesahau dawa siku kadhaa.""",routine,up,note,missed_meds (generator note or message): Amesahau dawa siku kadhaa.,[],recheck_7_days,0,4.0,141,-1.7,-3.0,0,0,0,2,0,0,0,0
1333,65,2026-01-09,chw,"Flags: none.
Rule default: routine.
Medicine taken at the last three contacts: yes, partial, yes.
Days since last contact: 0.
CHW notes:
""Amesahau dawa siku kadhaa.""
""Home visit, no complaints.""",routine,up,note,missed_meds (generator note or message): Amesahau dawa siku kadhaa.,[],recheck_7_days,0,1.5,138,-4.7,-2.6,0,0,0,0,0,0,0,0
1334,65,2026-02-01,chw,"Flags: none.
Rule default: routine.
Medicine taken at the last three contacts: yes, yes, partial.
Days since last contact: 0.
CHW notes:
""Home visit, no complaints.""
""Patient well, taking medicine.""",routine,none,,,[],routine,0,1.5,134,-8.7,-2.8,0,0,0,0,0,0,0,0
1328,65,2026-02-10,clinic,"Flag borderline: Borderline: the readings crossed the goal 140/90 2 times in the last 6 readings: 147/87, 140/87, 141/87, 138/89, 134/86, 141/85. No threshold crossed; recheck and ask for a weekly reading.
Rule default: recheck_7_days.
Medicine taken at the last three contacts: partial, yes, yes.
Days since last contact: 0.
CHW notes:
""Patient well, taking medicine.""",recheck_7_days,none,,,[],recheck_7_days,0,6.0,141,-1.7,-1.46,0,0,0,2,0,0,0,0
1335,65,2026-02-15,chw,"Flag borderline: Borderline: the readings crossed the goal 140/90 2 times in the last 6 readings: 140/87, 141/87, 138/89, 134/86, 141/85, 144/93. No threshold crossed; recheck and ask for a weekly reading.
Rule default: recheck_7_days.
Medicine taken at the last three contacts: partial, partial, yes.
Days since last contact: 0.
CHW notes:
""Patient well, taking medicine.""",recheck_7_days,none,,,[],recheck_7_days,0,6.0,144,1.3,0.46,0,0,0,2,0,0,0,0
1336,65,2026-03-08,chw,"Flag borderline: Borderline: the readings crossed the goal 140/90 2 times in the last 6 readings: 141/87, 138/89, 134/86, 141/85, 144/93, 143/88. No threshold crossed; recheck and ask for a weekly reading.
Rule default: recheck_7_days.
Medicine taken at the last three contacts: yes, partial, partial.
Days since last contact: 0.
CHW notes:
""Patient well, taking medicine.""
""Patient bien, prend ses médicaments.""",recheck_7_days,none,,,[],recheck_7_days,0,4.0,143,0.3,1.0,0,0,0,0,0,0,0,0
1337,65,2026-03-30,chw,"Flag borderline: Borderline: the readings crossed the goal 140/90 2 times in the last 6 readings: 138/89, 134/86, 141/85, 144/93, 143/88, 139/85. No threshold crossed; recheck and ask for a weekly reading.
Rule default: recheck_7_days.
Medicine taken at the last three contacts: partial, yes, partial.
Days since last contact: 0.
CHW notes:
""Patient bien, prend ses médicaments.""
""Mgonjwa yuko sawa, anakunywa dawa.""",recheck_7_days,none,,,[],recheck_7_days,0,5.5,139,-3.7,1.0,0,0,0,2,0,0,0,0
1338,65,2026-04-23,chw,"Flag borderline: Borderline: the readings crossed the goal 140/90 2 times in the last 6 readings: 134/86, 141/85, 144/93, 143/88, 139/85, 131/89. No threshold crossed; recheck and ask for a weekly reading.
Rule default: recheck_7_days.
Medicine taken at the last three contacts: yes, partial, yes.
Days since last contact: 0.
CHW notes:
""Mgonjwa yuko sawa, anakunywa dawa.""
""Patient well, taking medicine.""",recheck_7_days,none,,,[],recheck_7_days,0,3.5,131,-11.7,-0.63,0,0,0,0,0,0,0,0
1329,65,2026-05-02,clinic,"Flag borderline: Borderline: 3 readings in a row in the band just under the goal 140/90 (130-139 systolic or 85-89 diastolic): 139/85, 131/89, 136/83 (2026-03-30 to 2026-05-02). No threshold crossed; recheck and ask for a weekly reading.
Rule default: recheck_7_days.
Medicine taken at the last three contacts: yes, yes, partial.
Days since last contact: 0.
CHW notes:
""Patient well, taking medicine.""",recheck_7_days,up,note,missed_meds (generator note or message): Renouvellement du traitement,[],visit_this_week,0,3.5,136,-6.7,-1.94,0,0,0,0,0,0,0,0
1339,65,2026-05-07,chw,"Flag borderline: Borderline: 3 readings in a row in the band just under the goal 140/90 (130-139 systolic or 85-89 diastolic): 139/85, 131/89, 136/83 (2026-03-30 to 2026-05-02). No threshold crossed; recheck and ask for a weekly reading.
Rule default: recheck_7_days.
Medicine taken at the last three contacts: yes, yes, yes.
Days since last contact: 0.
CHW notes:
""Mgonjwa yuko sawa, anakunywa dawa.""",recheck_7_days,up,note,missed_meds (generator note or message): Renouvellement du traitement,[],visit_this_week,0,3.5,139,-3.7,-1.54,0,0,0,0,0,0,0,0
1340,65,2026-05-31,chw,"Flag borderline: Borderline: 3 readings in a row in the band just under the goal 140/90 (130-139 systolic or 85-89 diastolic): 139/85, 131/89, 136/83 (2026-03-30 to 2026-05-02). No threshold crossed; recheck and ask for a weekly reading.
Rule default: recheck_7_days.
Medicine taken at the last three contacts: yes, yes, yes.
Days since last contact: 0.
CHW notes:
""Mgonjwa yuko sawa, anakunywa dawa.""
""Patient well, taking medicine.""",recheck_7_days,none,,,[],recheck_7_days,0,3.5,137,-5.7,-0.71,0,0,0,0,0,0,0,0
1341,65,2026-06-14,chw,"Flag borderline: Borderline: 3 readings in a row in the band just under the goal 140/90 (130-139 systolic or 85-89 diastolic): 139/85, 131/89, 136/83 (2026-03-30 to 2026-05-02). No threshold crossed; recheck and ask for a weekly reading.
Rule default: recheck_7_days.
Medicine taken at the last three contacts: partial, yes, yes.
Days since last contact: 0.
CHW notes:
""Patient well, taking medicine.""
""Takes medicine only when feeling unwell.""",recheck_7_days,up,note,missed_meds (generator note or message): Takes medicine only when feeling unwell.,[],visit_this_week,0,6.0,146,3.3,1.6,0,0,0,2,0,0,0,0
1342,65,2026-07-01,chw,"Flag borderline: Borderline: the readings crossed the goal 140/90 3 times in the last 6 readings: 131/89, 136/83, 139/92, 137/85, 146/88, 156/96. No threshold crossed; recheck and ask for a weekly reading.
Rule default: recheck_7_days.
Medicine taken at the last three contacts: yes, partial, yes.
Days since last contact: 0.
CHW notes:
""Takes medicine only when feeling unwell.""
""Home visit, no complaints.""",recheck_7_days,up,note,missed_meds (generator note or message): Takes medicine only when feeling unwell.,[],visit_this_week,1,4.0,156,13.3,4.37,0,0,0,0,0,0,0,0
1330,65,2026-07-05,clinic,"Flag threshold: Latest BP 171/101 on 2026-07-05 is at or above the 'grade2' cut-off (160/100).
Rule default: visit_this_week.
Medicine taken at the last three contacts: yes, yes, partial.
Days since last contact: 0.
CHW notes:
""Home visit, no complaints.""",visit_this_week,none,,,[],visit_this_week,1,6.5,171,28.3,6.71,4,0,0,0,0,0,0,0
1343,65,2026-07-18,chw,"Flag threshold: Latest BP 174/105 on 2026-07-18 is at or above the 'grade2' cut-off (160/100).
Flag trend: Trend rule: each of the last 3 readings (156, 171, 174, 2026-07-01 to 2026-07-18) is at least 10 mmHg above the baseline of 143; and the last 4 readings (2026-06-14 to 2026-07-18) average 162, 19 mmHg above the baseline of 143 (rule: at least 15 mmHg over 4 readings) (baseline = first 3 readings).
Rule default: visit_this_week.
Medicine taken at the last three contacts: yes, yes, yes.
Days since last contact: 0.
CHW notes:
""Patient complains of headache.""",visit_this_week,none,,,[],visit_this_week,1,9.5,174,31.3,8.2,4,3,0,0,0,0,0,0
1346,66,2025-11-09,chw,"Flags: none.
Rule default: routine.
Medicine taken at the last three contacts: yes.
Days since last contact: 0.
CHW notes:
""Home visit, no complaints.""",routine,none,,,[],routine,0,3.5,147,0.0,0.0,0,0,0,0,0,0,0,0
1344,66,2025-11-15,clinic,"Flags: none.
Rule default: routine.
Medicine taken at the last three contacts: yes, yes.
Days since last contact: 0.
CHW notes:
""Home visit, no complaints.""",routine,none,,,[],routine,0,3.5,146,-0.5,-1.0,0,0,0,0,0,0,0,0
1347,66,2025-11-27,chw,"Flags: none.
Rule default: routine.
Medicine taken at the last three contacts: yes, yes, yes.
Days since last contact: 0.
CHW notes:
""Mgonjwa yuko sawa, anakunywa dawa.""",routine,none,,,[],routine,0,3.5,145,-1.0,-1.0,0,0,0,0,0,0,0,0
1348,66,2025-12-18,chw,"Flags: none.
Rule default: routine.
Medicine taken at the last three contacts: yes, yes, yes.
Days since last contact: 0.
CHW notes:
""Mgonjwa yuko sawa, anakunywa dawa.""
""Patient well, taking medicine.""",routine,none,,,[],routine,0,3.5,154,8.0,2.0,0,0,0,0,0,0,0,0
1349,66,2026-01-10,chw,"Flags: none.
Rule default: routine.
Medicine taken at the last three contacts: yes, yes, yes.
Days since last contact: 0.
CHW notes:
""Patient well, taking medicine.""
""Mgonjwa yuko sawa, anakunywa dawa.""",routine,none,,,[],routine,0,3.5,151,5.0,1.6,0,0,0,0,0,0,0,0
1350,66,2026-01-29,chw,"Flags: none.
Rule default: routine.
Medicine taken at the last three contacts: yes, yes, yes.
Days since last contact: 0.
CHW notes:
""Mgonjwa yuko sawa, anakunywa dawa.""
""Mgonjwa yuko sawa, anakunywa dawa.""",routine,none,,,[],routine,0,3.5,146,0.0,0.54,0,0,0,0,0,0,0,0
1345,66,2026-02-03,clinic,"Flags: none.
Rule default: routine.
Medicine taken at the last three contacts: yes, yes, yes.
Days since last contact: 0.
CHW notes:
""Mgonjwa yuko sawa, anakunywa dawa.""",routine,none,,,[],routine,0,3.5,146,0.0,0.0,0,0,0,0,0,0,0,0
1351,66,2026-02-20,chw,"Flags: none.
Rule default: routine.
Medicine taken at the last three contacts: yes, yes, yes.
Days since last contact: 0.
CHW notes:
""Mgonjwa yuko sawa, anakunywa dawa.""",routine,none,,,[],routine,0,3.5,145,-1.0,-0.83,0,0,0,0,0,0,0,0
1352,66,2026-03-13,chw,"Flag threshold: Latest BP 161/99 on 2026-03-13 is at or above the 'grade2' cut-off (160/100).
Rule default: visit_this_week.
Medicine taken at the last three contacts: partial, yes, yes.
Days since last contact: 0.
CHW notes:
""Mgonjwa yuko sawa, anakunywa dawa.""
""N'a pas pris ses comprimés depuis 3 jours.""",visit_this_week,up,note,missed_meds (generator note or message): N'a pas pris ses comprimés depuis 3 jours.,[],refer_clinic,1,10.5,161,15.0,0.49,4,0,0,2,0,0,0,0
1353,66,2026-04-07,chw,"Flag threshold: Latest BP 162/95 on 2026-04-07 is at or above the 'grade2' cut-off (160/100).
Rule default: visit_this_week.
Medicine taken at the last three contacts: yes, partial, yes.
Days since last contact: 0.
CHW notes:
""N'a pas pris ses comprimés depuis 3 jours.""
""Mgonjwa yuko sawa, anakunywa dawa.""",visit_this_week,up,note,missed_meds (generator note or message): N'a pas pris ses comprimés depuis 3 jours.,[],refer_clinic,1,8.5,162,16.0,2.83,4,0,0,0,0,0,0,0
1354,66,2026-04-08,chw,"Flag threshold: Latest BP 165/98 on 2026-04-08 is at or above the 'grade2' cut-off (160/100).
Flag trend: Trend rule: each of the last 3 readings (161, 162, 165, 2026-03-13 to 2026-04-08) is at least 10 mmHg above the baseline of 146 (baseline = first 3 readings).
Rule default: visit_this_week.
Medicine taken at the last three contacts: yes, yes, partial.
Days since last contact: 0.
CHW notes:
""Mgonjwa yuko sawa, anakunywa dawa.""
""Patient complains of headache.""",visit_this_week,none,,,[],visit_this_week,1,11.5,165,19.0,4.54,4,3,0,0,0,0,0,0
1358,67,2025-11-19,chw,"Flags: none.
Rule default: routine.
Medicine taken at the last three contacts: yes.
Days since last contact: 0.
CHW notes:
""Patient well, taking medicine.""",routine,none,,,[],routine,0,2.0,139,0.0,0.0,0,0,0,0,0,0,0,0
1355,67,2025-11-25,clinic,"Flags: none.
Rule default: routine.
Medicine taken at the last three contacts: yes, yes.
Days since last contact: 0.
CHW notes:
""Patient well, taking medicine.""",routine,none,,,[],routine,0,2.0,133,-3.0,-6.0,0,0,0,0,0,0,0,0
1359,67,2025-12-09,chw,"Flags: none.
Rule default: routine.
Medicine taken at the last three contacts: yes, yes, yes.
Days since last contact: 0.
CHW notes:
""Home visit, no complaints.""",routine,none,,,[],routine,0,2.0,136,0.0,-1.5,0,0,0,0,0,0,0,0
1360,67,2025-12-29,chw,"Flag borderline: Borderline: the readings crossed the goal 140/90 2 times in the last 4 readings: 139/91, 133/89, 136/88, 143/97. No threshold crossed; recheck and ask for a weekly reading.
Rule default: recheck_7_days.
Medicine taken at the last three contacts: yes, yes, yes.
Days since last contact: 0.
CHW notes:
""Home visit, no complaints.""
""Patient bien, prend ses médicaments.""",recheck_7_days,none,,,[],recheck_7_days,0,4.5,143,7.0,1.5,0,0,0,0,0,0,0,0
1361,67,2026-01-23,chw,"Flag borderline: Borderline: the readings crossed the goal 140/90 2 times in the last 5 readings: 139/91, 133/89, 136/88, 143/97, 140/90. No threshold crossed; recheck and ask for a weekly reading.
Rule default: recheck_7_days.
Medicine taken at the last three contacts: yes, yes, yes.
Days since last contact: 0.
CHW notes:
""Patient bien, prend ses médicaments.""
""Mgonjwa yuko sawa, anakunywa dawa.""",recheck_7_days,none,,,[],recheck_7_days,0,4.5,140,4.0,1.2,0,0,0,0,0,0,0,0
1356,67,2026-02-04,clinic,"Flag borderline: Borderline: the readings crossed the goal 140/90 2 times in the last 6 readings: 139/91, 133/89, 136/88, 143/97, 140/90, 140/97. No threshold crossed; recheck and ask for a weekly reading.
Rule default: recheck_7_days.
Medicine taken at the last three contacts: yes, yes, yes.
Days since last contact: 0.
CHW notes:
""Mgonjwa yuko sawa, anakunywa dawa.""",recheck_7_days,none,,,[],recheck_7_days,0,4.5,140,4.0,0.94,0,0,0,0,0,0,0,0
1362,67,2026-02-08,chw,"Flags: none.
Rule default: routine.
Medicine taken at the last three contacts: yes, yes, yes.
Days since last contact: 0.
CHW notes:
""Home visit, no complaints.""",routine,none,,,[],routine,0,2.0,138,2.0,0.97,0,0,0,0,0,0,0,0
1363,67,2026-03-07,chw,"Flag borderline: Borderline: the readings crossed the goal 140/90 2 times in the last 6 readings: 136/88, 143/97, 140/90, 140/97, 138/90, 136/80. No threshold crossed; recheck and ask for a weekly reading.
Rule default: recheck_7_days.
Medicine taken at the last three contacts: yes, yes, yes.
Days since last contact: 0.
CHW notes:
""Home visit, no complaints.""
""Patient bien, prend ses médicaments.""",recheck_7_days,none,,,[],recheck_7_days,0,4.0,136,0.0,-0.43,0,0,0,0,0,0,0,0
1364,67,2026-03-24,chw,"Flags: none.
Rule default: routine.
Medicine taken at the last three contacts: yes, yes, yes.
Days since last contact: 0.
CHW notes:
""Patient bien, prend ses médicaments.""
""Patient bien, prend ses médicaments.""",routine,none,,,[],routine,0,2.0,135,-1.0,-1.54,0,0,0,0,0,0,0,0
1365,67,2026-04-15,chw,"Flag borderline: Borderline: 3 readings in a row in the band just under the goal 140/90 (130-139 systolic or 85-89 diastolic): 136/80, 135/86, 135/87 (2026-03-07 to 2026-04-15). No threshold crossed; recheck and ask for a weekly reading.
Rule default: recheck_7_days.
Medicine taken at the last three contacts: yes, yes, yes.
Days since last contact: 0.
CHW notes:
""Patient bien, prend ses médicaments.""
""Home visit, no complaints.""",recheck_7_days,none,,,[],recheck_7_days,0,4.0,135,-1.0,-1.2,0,0,0,0,0,0,0,0
1357,67,2026-04-20,clinic,"Flag borderline: Borderline: 3 readings in a row in the band just under the goal 140/90 (130-139 systolic or 85-89 diastolic): 136/80, 135/86, 135/87 (2026-03-07 to 2026-04-15). No threshold crossed; recheck and ask for a weekly reading.
Rule default: recheck_7_days.
Medicine taken at the last three contacts: yes, yes, yes.
Days since last contact: 0.
CHW notes:
""Home visit, no complaints.""",recheck_7_days,none,,,[],recheck_7_days,0,4.5,141,5.0,-0.14,0,0,0,0,0,0,0,0
1366,67,2026-04-29,chw,"Flag borderline: Borderline: 3 readings in a row in the band just under the goal 140/90 (130-139 systolic or 85-89 diastolic): 136/80, 135/86, 135/87 (2026-03-07 to 2026-04-15). No threshold crossed; recheck and ask for a weekly reading.
Rule default: recheck_7_days.
Medicine taken at the last three contacts: yes, yes, yes.
Days since last contact: 0.
CHW notes:
""Home visit, no complaints.""",recheck_7_days,none,,,[],recheck_7_days,0,4.0,133,-3.0,-0.29,0,0,0,0,0,0,0,0
1367,67,2026-05-19,chw,"Flag borderline: Borderline: 3 readings in a row in the band just under the goal 140/90 (130-139 systolic or 85-89 diastolic): 136/80, 135/86, 135/87 (2026-03-07 to 2026-04-15). No threshold crossed; recheck and ask for a weekly reading.
Rule default: recheck_7_days.
Medicine taken at the last three contacts: yes, yes, yes.
Days since last contact: 0.
CHW notes:
""Home visit, no complaints.""
""Patient bien, prend ses médicaments.""",recheck_7_days,none,,,[],recheck_7_days,0,4.0,133,-3.0,-0.43,0,0,0,0,0,0,0,0
1368,67,2026-06-05,chw,"Flag borderline: Borderline: the readings crossed the goal 140/90 3 times in the last 6 readings: 135/86, 135/87, 141/90, 133/86, 133/87, 145/97. No threshold crossed; recheck and ask for a weekly reading.
Rule default: recheck_7_days.
Medicine taken at the last three contacts: yes, yes, yes.
Days since last contact: 0.
CHW notes:
""Patient bien, prend ses médicaments.""
""Patient bien, prend ses médicaments.""",recheck_7_days,none,,,[],recheck_7_days,1,4.5,145,9.0,1.03,0,0,0,0,0,0,0,0
1369,67,2026-06-23,chw,"Flag borderline: Borderline: the readings crossed the goal 140/90 3 times in the last 6 readings: 135/87, 141/90, 133/86, 133/87, 145/97, 156/96. No threshold crossed; recheck and ask for a weekly reading.
Rule default: recheck_7_days.
Medicine taken at the last three contacts: partial, yes, yes.
Days since last contact: 0.
CHW notes:
""Patient bien, prend ses médicaments.""
""Home visit, no complaints.""",recheck_7_days,none,,,[],recheck_7_days,1,6.5,156,20.0,3.34,0,0,0,2,0,0,0,0
1370,67,2026-07-03,chw,"Flag borderline: Borderline: the readings crossed the goal 140/90 2 times in the last 6 readings: 141/90, 133/86, 133/87, 145/97, 156/96, 157/98. No threshold crossed; recheck and ask for a weekly reading.
Rule default: recheck_7_days.
Medicine taken at the last three contacts: yes, partial, yes.
Days since last contact: 0.
CHW notes:
""Home visit, no complaints.""
""Patient complains of headache.""",recheck_7_days,none,,,[],recheck_7_days,1,4.5,157,21.0,4.6,0,0,0,0,0,0,0,0
1371,68,2025-10-19,clinic,"Flags: none.
Rule default: routine.
Medicine taken at the last three contacts: partial.
Days since last contact: 0.",routine,up,note,missed_meds (generator note or message): Dawa zimeisha,[],recheck_7_days,0,4.0,144,0.0,0.0,0,0,0,2,0,0,0,0
1374,68,2025-10-23,chw,"Flags: none.
Rule default: routine.
Medicine taken at the last three contacts: partial, partial.
Days since last contact: 0.
CHW notes:
""Mgonjwa yuko sawa, anakunywa dawa.""",routine,up,note,missed_meds (generator note or message): Dawa zimeisha,[],recheck_7_days,0,4.0,145,0.5,1.0,0,0,0,2,0,0,0,0
1375,68,2025-11-06,chw,"Flags: none.
Rule default: routine.
Medicine taken at the last three contacts: yes, partial, partial.
Days since last contact: 0.
CHW notes:
""Mgonjwa yuko sawa, anakunywa dawa.""
""Mgonjwa yuko sawa, anakunywa dawa.""",routine,none,,,[],routine,0,1.5,135,-6.3,-4.5,0,0,0,0,0,0,0,0
1376,68,2025-11-26,chw,"Flag borderline: Borderline: the readings crossed the goal 140/90 2 times in the last 4 readings: 144/97, 145/95, 135/89, 146/93. No threshold crossed; recheck and ask for a weekly reading.
Rule default: recheck_7_days.
Medicine taken at the last three contacts: no, yes, partial.
Days since last contact: 0.
CHW notes:
""Mgonjwa yuko sawa, anakunywa dawa.""
""Patient bien, prend ses médicaments.""",recheck_7_days,none,,,[],recheck_7_days,0,6.0,146,4.7,-0.4,0,0,0,2,0,0,0,0
1377,68,2025-12-22,chw,"Flag borderline: Borderline: the readings crossed the goal 140/90 2 times in the last 5 readings: 144/97, 145/95, 135/89, 146/93, 132/90. No threshold crossed; recheck and ask for a weekly reading.
Rule default: recheck_7_days.
Medicine taken at the last three contacts: yes, no, yes.
Days since last contact: 0.
CHW notes:
""Patient bien, prend ses médicaments.""
""Home visit, no complaints.""",recheck_7_days,none,,,[],recheck_7_days,0,3.5,132,-9.3,-2.3,0,0,0,0,0,0,0,0
1372,68,2026-01-11,clinic,"Flag borderline: Borderline: the readings crossed the goal 140/90 2 times in the last 6 readings: 145/95, 135/89, 146/93, 132/90, 143/88, 143/94. No threshold crossed; recheck and ask for a weekly reading.
Rule default: recheck_7_days.
Medicine taken at the last three contacts: partial, yes, yes.
Days since last contact: 0.
CHW notes:
""Home visit, no complaints.""",recheck_7_days,none,,,[],recheck_7_days,0,6.0,143,1.7,0.0,0,0,0,2,0,0,0,0
1378,68,2026-01-11,chw,"Flag borderline: Borderline: the readings crossed the goal 140/90 2 times in the last 6 readings: 145/95, 135/89, 146/93, 132/90, 143/88, 143/94. No threshold crossed; recheck and ask for a weekly reading.
Rule default: recheck_7_days.
Medicine taken at the last three contacts: partial, yes, yes.
Days since last contact: 0.
CHW notes:
""Home visit, no complaints.""",recheck_7_days,none,,,[],recheck_7_days,0,6.0,143,1.7,0.0,0,0,0,2,0,0,0,0
1379,68,2026-02-06,chw,"Flags: none.
Rule default: routine.
Medicine taken at the last three contacts: partial, partial, yes.
Days since last contact: 0.
CHW notes:
""Home visit, no complaints.""
""Amesahau dawa siku kadhaa.""",routine,up,note,missed_meds (generator note or message): Amesahau dawa siku kadhaa.,[],recheck_7_days,0,4.0,143,1.7,1.2,0,0,0,2,0,0,0,0
1380,68,2026-02-22,chw,"Flag threshold: Latest BP 155/101 on 2026-02-22 is at or above the 'grade2' cut-off (160/100).
Rule default: visit_this_week.
Medicine taken at the last three contacts: partial, partial, partial.
Days since last contact: 0.
CHW notes:
""Amesahau dawa siku kadhaa.""
""Patient well, taking medicine.""",visit_this_week,up,note,missed_meds (generator note or message): Amesahau dawa siku kadhaa.,[],refer_clinic,0,8.0,155,13.7,2.23,4,0,0,2,0,0,0,0
1373,68,2026-03-12,clinic,"Flags: none.
Rule default: routine.
Medicine taken at the last three contacts: yes, partial, partial.
Days since last contact: 0.
CHW notes:
""Patient well, taking medicine.""",routine,none,,,[],routine,0,2.0,146,4.7,3.03,0,0,0,0,0,0,0,0
1381,68,2026-03-13,chw,"Flags: none.
Rule default: routine.
Medicine taken at the last three contacts: partial, yes, partial.
Days since last contact: 0.
CHW notes:
""Patient bien, prend ses médicaments.""",routine,none,,,[],routine,0,4.0,150,8.7,1.6,0,0,0,2,0,0,0,0
1382,68,2026-03-31,chw,"Flags: none.
Rule default: routine.
Medicine taken at the last three contacts: no, partial, yes.
Days since last contact: 0.
CHW notes:
""Patient bien, prend ses médicaments.""
""Takes medicine only when feeling unwell.""",routine,up,note,missed_meds (generator note or message): Takes medicine only when feeling unwell.,[],recheck_7_days,1,4.0,151,9.7,1.49,0,0,0,2,0,0,0,0
1383,68,2026-04-16,chw,"Flag threshold: Latest BP 182/118 on 2026-04-16 is at or above the 'severe_no_symptoms' cut-off (180/110). No symptom in the same encounter or in an SMS in the previous 24 hours. Urgent: within 2 days.
Flag trend: Trend rule: the last 4 readings (2026-03-12 to 2026-04-16) average 157, 16 mmHg above the baseline of 141 (rule: at least 15 mmHg over 4 readings) (baseline = first 3 readings).
Rule default: refer_clinic.
Medicine taken at the last three contacts: partial, no, partial.
Days since last contact: 0.
CHW notes:
""Takes medicine only when feeling unwell.""
""Patient complains of headache.""",refer_clinic,none,,,[],refer_clinic,1,12.5,182,40.7,5.34,4,3,0,2,0,0,0,0
1388,69,2025-10-24,chw,"Flags: none.
Rule default: routine.
Medicine taken at the last three contacts: yes.
Days since last contact: 0.
CHW notes:
""Patient bien, prend ses médicaments.""",routine,none,,,[],routine,0,4.5,123,0.0,0.0,0,0,0,0,0,0,0,0
1384,69,2025-10-31,clinic,"Flags: none.
Rule default: routine.
Medicine taken at the last three contacts: yes, yes.
Days since last contact: 0.
CHW notes:
""Patient bien, prend ses médicaments.""",routine,none,,,[],routine,0,4.5,128,2.5,5.0,0,0,0,0,0,0,0,0
1389,69,2025-11-07,chw,"Flags: none.
Rule default: routine.
Medicine taken at the last three contacts: yes, yes, yes.
Days since last contact: 0.
CHW notes:
""Patient bien, prend ses médicaments.""",routine,none,,,[],routine,0,4.5,126,0.3,1.5,0,0,0,0,0,0,0,0
1390,69,2025-12-01,chw,"Flags: none.
Rule default: routine.
Medicine taken at the last three contacts: yes, yes, yes.
Days since last contact: 0.
CHW notes:
""Patient bien, prend ses médicaments.""
""Patient well, taking medicine.""",routine,none,,,[],routine,0,4.5,127,1.3,1.0,0,0,0,0,0,0,0,0
1391,69,2025-12-25,chw,"Flags: none.
Rule default: routine.
Medicine taken at the last three contacts: yes, yes, yes.
Days since last contact: 0.
CHW notes:
""Patient well, taking medicine.""
""Patient well, taking medicine.""",routine,none,,,[],routine,0,4.5,127,1.3,0.7,0,0,0,0,0,0,0,0
1385,69,2026-01-06,clinic,"Flags: none.
Rule default: routine.
Medicine taken at the last three contacts: yes, yes, yes.
Days since last contact: 0.
CHW notes:
""Patient well, taking medicine.""",routine,none,,,[],routine,0,4.5,131,5.3,1.09,0,0,0,0,0,0,0,0
1392,69,2026-01-16,chw,"Flags: none.
Rule default: routine.
Medicine taken at the last three contacts: yes, yes, yes.
Days since last contact: 0.
CHW notes:
""Mgonjwa yuko sawa, anakunywa dawa.""",routine,none,,,[],routine,0,4.5,135,9.3,1.43,0,0,0,0,0,0,0,0
1393,69,2026-01-31,chw,"Flag borderline: Borderline: 3 readings in a row in the band just under the goal 140/90 (130-139 systolic or 85-89 diastolic): 131/76, 135/79, 130/80 (2026-01-06 to 2026-01-31). No threshold crossed; recheck and ask for a weekly reading.
Rule default: recheck_7_days.
Medicine taken at the last three contacts: yes, yes, yes.
Days since last contact: 0.
CHW notes:
""Mgonjwa yuko sawa, anakunywa dawa.""
""Mgonjwa yuko sawa, anakunywa dawa.""",recheck_7_days,none,,,[],recheck_7_days,0,6.5,130,4.3,1.37,0,0,0,0,0,0,0,0
1394,69,2026-02-21,chw,"Flag borderline: Borderline: 3 readings in a row in the band just under the goal 140/90 (130-139 systolic or 85-89 diastolic): 131/76, 135/79, 130/80 (2026-01-06 to 2026-01-31). No threshold crossed; recheck and ask for a weekly reading.
Rule default: recheck_7_days.
Medicine taken at the last three contacts: yes, yes, yes.
Days since last contact: 0.
CHW notes:
""Mgonjwa yuko sawa, anakunywa dawa.""
""Mgonjwa yuko sawa, anakunywa dawa.""",recheck_7_days,none,,,[],recheck_7_days,0,6.5,127,1.3,0.37,0,0,0,0,0,0,0,0
1395,69,2026-03-08,chw,"Flag borderline: Borderline: 3 readings in a row in the band just under the goal 140/90 (130-139 systolic or 85-89 diastolic): 131/76, 135/79, 130/80 (2026-01-06 to 2026-01-31). No threshold crossed; recheck and ask for a weekly reading.
Rule default: recheck_7_days.
Medicine taken at the last three contacts: yes, yes, yes.
Days since last contact: 0.
CHW notes:
""Mgonjwa yuko sawa, anakunywa dawa.""
""Patient well, taking medicine.""",recheck_7_days,none,,,[],recheck_7_days,0,6.5,124,-1.7,-0.91,0,0,0,0,0,0,0,0
1386,69,2026-04-01,clinic,"Flag borderline: Borderline: 3 readings in a row in the band just under the goal 140/90 (130-139 systolic or 85-89 diastolic): 131/76, 135/79, 130/80 (2026-01-06 to 2026-01-31). No threshold crossed; recheck and ask for a weekly reading.
Rule default: recheck_7_days.
Medicine taken at the last three contacts: yes, yes, yes.
Days since last contact: 0.
CHW notes:
""Patient well, taking medicine.""",recheck_7_days,none,,,[],recheck_7_days,0,6.5,132,6.3,-0.89,0,0,0,0,0,0,0,0
1396,69,2026-04-05,chw,"Flags: none.
Rule default: routine.
Medicine taken at the last three contacts: yes, yes, yes.
Days since last contact: 0.
CHW notes:
""Patient well, taking medicine.""",routine,none,,,[],routine,0,4.5,129,3.3,-0.77,0,0,0,0,0,0,0,0
1397,69,2026-04-29,chw,"Flags: none.
Rule default: routine.
Medicine taken at the last three contacts: yes, yes, yes.
Days since last contact: 0.
CHW notes:
""Patient well, taking medicine.""
""Home visit, no complaints.""",routine,none,,,[],routine,0,4.5,134,8.3,0.97,0,0,0,0,0,0,0,0
1398,69,2026-05-17,chw,"Flags: none.
Rule default: routine.
Medicine taken at the last three contacts: yes, yes, yes.
Days since last contact: 0.
CHW notes:
""Home visit, no complaints.""
""Patient bien, prend ses médicaments.""",routine,none,,,[],routine,0,4.5,122,-3.7,0.06,0,0,0,0,0,0,0,0
1399,69,2026-06-11,chw,"Flags: none.
Rule default: routine.
Medicine taken at the last three contacts: yes, yes, yes.
Days since last contact: 0.
CHW notes:
""Patient bien, prend ses médicaments.""
""Patient well, taking medicine.""",routine,none,,,[],routine,1,4.5,137,11.3,1.14,0,0,0,0,0,0,0,0
1387,69,2026-06-29,clinic,"Flags: none.
Rule default: routine.
Medicine taken at the last three contacts: yes, yes, yes.
Days since last contact: 0.
CHW notes:
""Patient well, taking medicine.""",routine,none,,,[],routine,1,4.5,139,13.3,1.34,0,0,0,0,0,0,0,0
1400,69,2026-07-01,chw,"Flag trend: Trend rule: each of the last 3 readings (137, 139, 153, 2026-06-11 to 2026-07-01) is at least 10 mmHg above the baseline of 126 (baseline = first 3 readings).
Flag symptom: Symptom 'headache' reported on 2026-07-01; latest BP 153/94 is not under the goal 140/90 (bp_goal).
Rule default: visit_this_week.
Medicine taken at the last three contacts: yes, yes, yes.
Days since last contact: 0.
CHW notes:
""Patient complains of headache.""",visit_this_week,none,,,[],visit_this_week,1,18.5,153,27.3,4.29,0,3,10,0,0,0,0,0
1401,70,2025-10-15,clinic,"Flag threshold: Latest BP 149/102 on 2025-10-15 is at or above the 'grade2' cut-off (160/100).
Rule default: visit_this_week.
Medicine taken at the last three contacts: yes.
Days since last contact: 0.",visit_this_week,none,,,[],visit_this_week,0,7.0,149,0.0,0.0,4,0,0,0,0,0,0,0
1405,70,2025-10-26,chw,"Flag threshold: Latest BP 153/110 on 2025-10-26 is at or above the 'severe_no_symptoms' cut-off (180/110). No symptom in the same encounter or in an SMS in the previous 24 hours. Urgent: within 2 days.
Rule default: refer_clinic.
Medicine taken at the last three contacts: yes, yes.
Days since last contact: 0.
CHW notes:
""Patient well, taking medicine.""",refer_clinic,none,,,[],refer_clinic,0,7.0,153,2.0,4.0,4,0,0,0,0,0,0,0
1406,70,2025-11-19,chw,"Flag threshold: Latest BP 151/103 on 2025-11-19 is at or above the 'grade2' cut-off (160/100).
Rule default: visit_this_week.
Medicine taken at the last three contacts: yes, yes, yes.
Days since last contact: 0.
CHW notes:
""Patient well, taking medicine.""
""Mgonjwa yuko sawa, anakunywa dawa.""",visit_this_week,none,,,[],visit_this_week,0,7.0,151,0.0,1.0,4,0,0,0,0,0,0,0
1407,70,2025-12-09,chw,"Flag threshold: Latest BP 154/107 on 2025-12-09 is at or above the 'grade2' cut-off (160/100).
Rule default: visit_this_week.
Medicine taken at the last three contacts: yes, yes, yes.
Days since last contact: 0.
CHW notes:
""Mgonjwa yuko sawa, anakunywa dawa.""
""Patient well, taking medicine.""",visit_this_week,none,,,[],visit_this_week,0,7.0,154,3.0,1.3,4,0,0,0,0,0,0,0
1408,70,2025-12-28,chw,"Flag threshold: Latest BP 155/103 on 2025-12-28 is at or above the 'grade2' cut-off (160/100).
Rule default: visit_this_week.
Medicine taken at the last three contacts: partial, yes, yes.
Days since last contact: 0.
CHW notes:
""Patient well, taking medicine.""
""Mgonjwa yuko sawa, anakunywa dawa.""",visit_this_week,none,,,[],visit_this_week,0,9.0,155,4.0,1.3,4,0,0,2,0,0,0,0
1402,70,2026-01-10,clinic,"Flags: none.
Rule default: routine.
Medicine taken at the last three contacts: yes, partial, yes.
Days since last contact: 0.
CHW notes:
""Mgonjwa yuko sawa, anakunywa dawa.""",routine,none,,,[],routine,0,3.0,147,-4.0,-0.03,0,0,0,0,0,0,0,0
1409,70,2026-01-21,chw,"Flag threshold: Latest BP 159/103 on 2026-01-21 is at or above the 'grade2' cut-off (160/100).
Rule default: visit_this_week.
Medicine taken at the last three contacts: partial, yes, partial.
Days since last contact: 0.
CHW notes:
""Mgonjwa yuko sawa, anakunywa dawa.""",visit_this_week,none,,,[],visit_this_week,0,9.0,159,8.0,0.54,4,0,0,2,0,0,0,0
1410,70,2026-02-10,chw,"Flag threshold: Latest BP 143/101 on 2026-02-10 is at or above the 'grade2' cut-off (160/100).
Rule default: visit_this_week.
Medicine taken at the last three contacts: yes, partial, yes.
Days since last contact: 0.
CHW notes:
""Mgonjwa yuko sawa, anakunywa dawa.""
""Patient well, taking medicine.""",visit_this_week,none,,,[],visit_this_week,0,7.0,143,-8.0,-0.94,4,0,0,0,0,0,0,0
1411,70,2026-03-04,chw,"Flag threshold: Latest BP 150/102 on 2026-03-04 is at or above the 'grade2' cut-off (160/100).
Rule default: visit_this_week.
Medicine taken at the last three contacts: yes, yes, partial.
Days since last contact: 0.
CHW notes:
""Patient well, taking medicine.""
""Mgonjwa yuko sawa, anakunywa dawa.""",visit_this_week,none,,,[],visit_this_week,0,7.0,150,-1.0,-1.26,4,0,0,0,0,0,0,0
1412,70,2026-03-21,chw,"Flag threshold: Latest BP 150/102 on 2026-03-21 is at or above the 'grade2' cut-off (160/100).
Rule default: visit_this_week.
Medicine taken at the last three contacts: yes, yes, yes.
Days since last contact: 0.
CHW notes:
""Mgonjwa yuko sawa, anakunywa dawa.""
""Patient bien, prend ses médicaments.""",visit_this_week,none,,,[],visit_this_week,0,7.0,150,-1.0,-0.91,4,0,0,0,0,0,0,0
1403,70,2026-04-10,clinic,"Flag threshold: Latest BP 157/108 on 2026-04-10 is at or above the 'grade2' cut-off (160/100).
Rule default: visit_this_week.
Medicine taken at the last three contacts: partial, yes, yes.
Days since last contact: 0.
CHW notes:
""Patient bien, prend ses médicaments.""",visit_this_week,none,,,[],visit_this_week,0,9.0,157,6.0,0.86,4,0,0,2,0,0,0,0
1413,70,2026-04-11,chw,"Flag threshold: Latest BP 147/105 on 2026-04-11 is at or above the 'grade2' cut-off (160/100).
Rule default: visit_this_week.
Medicine taken at the last three contacts: yes, partial, yes.
Days since last contact: 0.
CHW notes:
""Home visit, no complaints.""",visit_this_week,none,,,[],visit_this_week,0,7.0,147,-4.0,-0.51,4,0,0,0,0,0,0,0
1414,70,2026-05-03,chw,"Flag threshold: Latest BP 166/113 on 2026-05-03 is at or above the 'severe_no_symptoms' cut-off (180/110). No symptom in the same encounter or in an SMS in the previous 24 hours. Urgent: within 2 days.
Rule default: refer_clinic.
Medicine taken at the last three contacts: partial, yes, partial.
Days since last contact: 0.
CHW notes:
""Home visit, no complaints.""
""Home visit, no complaints.""",refer_clinic,none,,,[],refer_clinic,0,10.5,166,15.0,3.23,4,0,0,2,0,0,0,0
1415,70,2026-05-18,chw,"Flags: none.
Rule default: routine.
Medicine taken at the last three contacts: yes, partial, yes.
Days since last contact: 0.
CHW notes:
""Home visit, no complaints.""
""Mgonjwa yuko sawa, anakunywa dawa.""",routine,none,,,[],routine,0,3.0,144,-7.0,0.23,0,0,0,0,0,0,0,0
1416,70,2026-06-08,chw,"Flag threshold: Latest BP 152/102 on 2026-06-08 is at or above the 'grade2' cut-off (160/100).
Rule default: visit_this_week.
Medicine taken at the last three contacts: yes, yes, partial.
Days since last contact: 0.
CHW notes:
""Mgonjwa yuko sawa, anakunywa dawa.""
""Mgonjwa yuko sawa, anakunywa dawa.""",visit_this_week,none,,,[],visit_this_week,0,7.0,152,1.0,-0.29,4,0,0,0,0,0,0,0
1417,70,2026-06-24,chw,"Flag threshold: Latest BP 160/107 on 2026-06-24 is at or above the 'grade2' cut-off (160/100).
Rule default: visit_this_week.
Medicine taken at the last three contacts: yes, yes, yes.
Days since last contact: 0.
CHW notes:
""Mgonjwa yuko sawa, anakunywa dawa.""
""Patient bien, prend ses médicaments.""",visit_this_week,none,,,[],visit_this_week,1,8.5,160,9.0,0.23,4,0,0,0,0,0,0,0
1404,70,2026-06-29,clinic,"Flag threshold: Latest BP 184/118 on 2026-06-29 is at or above the 'severe_no_symptoms' cut-off (180/110). No symptom in the same encounter or in an SMS in the previous 24 hours. Urgent: within 2 days.
Rule default: refer_clinic.
Medicine taken at the last three contacts: partial, yes, yes.
Days since last contact: 0.
CHW notes:
""Patient bien, prend ses médicaments.""",refer_clinic,none,,,[],refer_clinic,1,12.0,184,33.0,5.0,4,0,0,2,0,0,0,0
1418,70,2026-07-11,chw,"Flag threshold: Latest BP 173/114 on 2026-07-11 is at or above the 'severe_no_symptoms' cut-off (180/110). No symptom in the same encounter or in an SMS in the previous 24 hours. Urgent: within 2 days.
Flag trend: Trend rule: the last 4 readings (2026-06-08 to 2026-07-11) average 167, 16 mmHg above the baseline of 151 (rule: at least 15 mmHg over 4 readings) (baseline = first 3 readings).
Rule default: refer_clinic.
Medicine taken at the last three contacts: yes, partial, yes.
Days since last contact: 0.
CHW notes:
""Patient complains of headache.""",refer_clinic,none,,,[],refer_clinic,1,11.5,173,22.0,4.66,4,3,0,0,0,0,0,0
1422,71,2025-11-02,chw,"Flags: none.
Rule default: routine.
Medicine taken at the last three contacts: yes.
Days since last contact: 0.
CHW notes:
""Patient bien, prend ses médicaments.""",routine,none,,,[],routine,0,1.5,143,0.0,0.0,0,0,0,0,0,0,0,0
1419,71,2025-11-13,clinic,"Flags: none.
Rule default: routine.
Medicine taken at the last three contacts: yes, yes.
Days since last contact: 0.
CHW notes:
""Patient bien, prend ses médicaments.""",routine,none,,,[],routine,0,1.5,144,0.5,1.0,0,0,0,0,0,0,0,0
1423,71,2025-11-19,chw,"Flags: none.
Rule default: routine.
Medicine taken at the last three contacts: yes, yes, yes.
Days since last contact: 0.
CHW notes:
""Home visit, no complaints.""",routine,none,,,[],routine,0,1.5,153,6.3,5.0,0,0,0,0,0,0,0,0
1424,71,2025-12-17,chw,"Flags: none.
Rule default: routine.
Medicine taken at the last three contacts: yes, yes, yes.
Days since last contact: 0.
CHW notes:
""Home visit, no complaints.""
""Mgonjwa yuko sawa, anakunywa dawa.""",routine,none,,,[],routine,0,1.5,147,0.3,2.1,0,0,0,0,0,0,0,0
1425,71,2026-01-13,chw,"Flags: none.
Rule default: routine.
Medicine taken at the last three contacts: yes, yes, yes.
Days since last contact: 0.
CHW notes:
""Mgonjwa yuko sawa, anakunywa dawa.""
""Patient bien, prend ses médicaments.""",routine,none,,,[],routine,0,1.5,149,2.3,1.5,0,0,0,0,0,0,0,0
1420,71,2026-02-05,clinic,"Flags: none.
Rule default: routine.
Medicine taken at the last three contacts: yes, yes, yes.
Days since last contact: 0.
CHW notes:
""Patient bien, prend ses médicaments.""",routine,none,,,[],routine,0,1.5,144,-2.7,0.4,0,0,0,0,0,0,0,0
1426,71,2026-02-06,chw,"Flags: none.
Rule default: routine.
Medicine taken at the last three contacts: yes, yes, yes.
Days since last contact: 0.
CHW notes:
""Patient well, taking medicine.""",routine,none,,,[],routine,0,1.5,145,-1.7,-0.57,0,0,0,0,0,0,0,0
1427,71,2026-02-21,chw,"Flags: none.
Rule default: routine.
Medicine taken at the last three contacts: partial, yes, yes.
Days since last contact: 0.
CHW notes:
""Patient well, taking medicine.""
""Home visit, no complaints.""",routine,none,,,[],routine,0,3.5,152,5.3,-0.46,0,0,0,2,0,0,0,0
1428,71,2026-03-13,chw,"Flags: none.
Rule default: routine.
Medicine taken at the last three contacts: yes, partial, yes.
Days since last contact: 0.
CHW notes:
""Home visit, no complaints.""
""Patient well, taking medicine.""",routine,none,,,[],routine,0,1.5,151,4.3,0.86,0,0,0,0,0,0,0,0
1429,71,2026-04-05,chw,"Flags: none.
Rule default: routine.
Medicine taken at the last three contacts: yes, yes, partial.
Days since last contact: 0.
CHW notes:
""Patient well, taking medicine.""
""Patient well, taking medicine.""",routine,none,,,[],routine,0,1.5,156,9.3,1.8,0,0,0,0,0,0,0,0
1430,71,2026-04-27,chw,"Flag threshold: Latest BP 167/104 on 2026-04-27 is at or above the 'grade2' cut-off (160/100).
Rule default: visit_this_week.
Medicine taken at the last three contacts: yes, yes, yes.
Days since last contact: 0.
CHW notes:
""Patient well, taking medicine.""
""Mgonjwa yuko sawa, anakunywa dawa.""",visit_this_week,none,,,[],visit_this_week,1,6.0,167,20.3,4.2,4,0,0,0,0,0,0,0
1421,71,2026-05-04,clinic,"Flag threshold: Latest BP 171/109 on 2026-05-04 is at or above the 'grade2' cut-off (160/100).
Rule default: visit_this_week.
Medicine taken at the last three contacts: yes, yes, yes.
Days since last contact: 0.
CHW notes:
""Mgonjwa yuko sawa, anakunywa dawa.""",visit_this_week,none,,,[],visit_this_week,1,6.0,171,24.3,5.14,4,0,0,0,0,0,0,0
1431,71,2026-05-14,chw,"Flag threshold: Latest BP 182/108 on 2026-05-14 is at or above the 'severe_with_symptoms' cut-off (180/110). Symptom present: headache.
Flag trend: Trend rule: each of the last 3 readings (167, 171, 182, 2026-04-27 to 2026-05-14) is at least 10 mmHg above the baseline of 147; and the last 4 readings (2026-04-05 to 2026-05-14) average 169, 22 mmHg above the baseline of 147 (rule: at least 15 mmHg over 4 readings) (baseline = first 3 readings).
Flag symptom: Symptom 'headache' reported on 2026-05-14; latest BP 182/108 is not under the goal 140/90 (bp_goal).
Rule default: emergency_now.
Medicine taken at the last three contacts: yes, yes, yes.
Days since last contact: 0.
CHW notes:
""Patient complains of headache.""",emergency_now,none,,,[],emergency_now,1,20.0,182,35.3,6.31,4,3,10,0,0,0,0,0
1435,72,2025-11-29,chw,"Flags: none.
Rule default: routine.
Medicine taken at the last three contacts: yes.
Days since last contact: 0.
CHW notes:
""Mgonjwa yuko sawa, anakunywa dawa.""",routine,none,,,[],routine,0,3.5,135,0.0,0.0,0,0,0,0,0,0,0,0
1432,72,2025-12-06,clinic,"Flags: none.
Rule default: routine.
Medicine taken at the last three contacts: yes, yes.
Days since last contact: 0.
CHW notes:
""Mgonjwa yuko sawa, anakunywa dawa.""",routine,none,,,[],routine,0,3.5,131,-2.0,-4.0,0,0,0,0,0,0,0,0
1436,72,2025-12-23,chw,"Flags: none.
Rule default: routine.
Medicine taken at the last three contacts: partial, yes, yes.
Days since last contact: 0.
CHW notes:
""Mgonjwa yuko sawa, anakunywa dawa.""",routine,none,,,[],routine,0,5.5,135,1.3,0.0,0,0,0,2,0,0,0,0
1437,72,2026-01-08,chw,"Flag borderline: Borderline: 4 readings in a row in the band just under the goal 140/90 (130-139 systolic or 85-89 diastolic): 135/84, 131/86, 135/85, 133/80 (2025-11-29 to 2026-01-08). No threshold crossed; recheck and ask for a weekly reading.
Rule default: recheck_7_days.
Medicine taken at the last three contacts: partial, partial, yes.
Days since last contact: 0.
CHW notes:
""Mgonjwa yuko sawa, anakunywa dawa.""
""N'a pas pris ses comprimés depuis 3 jours.""",recheck_7_days,up,note,missed_meds (generator note or message): N'a pas pris ses comprimés depuis 3 jours.,[],visit_this_week,0,7.5,133,-0.7,-0.2,0,0,0,2,0,0,0,0
1438,72,2026-01-22,chw,"Flag borderline: Borderline: 4 readings in a row in the band just under the goal 140/90 (130-139 systolic or 85-89 diastolic): 135/84, 131/86, 135/85, 133/80 (2025-11-29 to 2026-01-08). No threshold crossed; recheck and ask for a weekly reading.
Rule default: recheck_7_days.
Medicine taken at the last three contacts: partial, partial, partial.
Days since last contact: 0.
CHW notes:
""N'a pas pris ses comprimés depuis 3 jours.""
""Amesahau dawa siku kadhaa.""",recheck_7_days,up,note,missed_meds (generator note or message): Amesahau dawa siku kadhaa.,[],visit_this_week,0,9.0,144,10.3,2.0,0,0,0,2,0,0,0,0
1439,72,2026-02-12,chw,"Flag borderline: Borderline: 4 readings in a row in the band just under the goal 140/90 (130-139 systolic or 85-89 diastolic): 135/84, 131/86, 135/85, 133/80 (2025-11-29 to 2026-01-08). No threshold crossed; recheck and ask for a weekly reading.
Rule default: recheck_7_days.
Medicine taken at the last three contacts: partial, partial, partial.
Days since last contact: 0.
CHW notes:
""Amesahau dawa siku kadhaa.""
""Patient well, taking medicine.""",recheck_7_days,up,note,missed_meds (generator note or message): Amesahau dawa siku kadhaa.,[],visit_this_week,0,7.5,135,1.3,1.06,0,0,0,2,0,0,0,0
1433,72,2026-02-15,clinic,"Flag borderline: Borderline: 3 readings in a row in the band just under the goal 140/90 (130-139 systolic or 85-89 diastolic): 131/86, 135/85, 133/80 (2025-12-06 to 2026-01-08). No threshold crossed; recheck and ask for a weekly reading.
Rule default: recheck_7_days.
Medicine taken at the last three contacts: no, partial, partial.
Days since last contact: 0.
CHW notes:
""Patient well, taking medicine.""",recheck_7_days,none,,,[],recheck_7_days,0,7.5,137,3.3,1.17,0,0,0,2,0,0,0,0
1440,72,2026-03-12,chw,"Flag borderline: Borderline: the readings crossed the goal 140/90 3 times in the last 6 readings: 135/85, 133/80, 144/88, 135/86, 137/88, 145/87. No threshold crossed; recheck and ask for a weekly reading.
Rule default: recheck_7_days.
Medicine taken at the last three contacts: no, no, partial.
Days since last contact: 0.
CHW notes:
""Takes medicine only when feeling unwell.""",recheck_7_days,up,note,missed_meds (generator note or message): Takes medicine only when feeling unwell.,[],visit_this_week,0,9.0,145,11.3,1.51,0,0,0,2,0,0,0,0
1441,72,2026-04-05,chw,"Flag borderline: Borderline: the readings crossed the goal 140/90 4 times in the last 6 readings: 133/80, 144/88, 135/86, 137/88, 145/87, 131/84. No threshold crossed; recheck and ask for a weekly reading.
Rule default: recheck_7_days.
Medicine taken at the last three contacts: partial, no, no.
Days since last contact: 0.
CHW notes:
""Takes medicine only when feeling unwell.""
""Amesahau dawa siku kadhaa.""",recheck_7_days,up,note,missed_meds (generator note or message): Amesahau dawa siku kadhaa.,[],visit_this_week,0,7.5,131,-2.7,-0.14,0,0,0,2,0,0,0,0
1442,72,2026-04-27,chw,"Flag borderline: Borderline: the readings crossed the goal 140/90 3 times in the last 6 readings: 144/88, 135/86, 137/88, 145/87, 131/84, 137/87. No threshold crossed; recheck and ask for a weekly reading.
Rule default: recheck_7_days.
Medicine taken at the last three contacts: no, partial, no.
Days since last contact: 0.
CHW notes:
""Amesahau dawa siku kadhaa.""
""N'a pas pris ses comprimés depuis 3 jours.""",recheck_7_days,up,note,missed_meds (generator note or message): N'a pas pris ses comprimés depuis 3 jours.,[],visit_this_week,0,7.5,137,3.3,-1.11,0,0,0,2,0,0,0,0
1434,72,2026-05-03,clinic,"Flag borderline: Borderline: the readings crossed the goal 140/90 3 times in the last 6 readings: 135/86, 137/88, 145/87, 131/84, 137/87, 145/87. No threshold crossed; recheck and ask for a weekly reading.
Rule default: recheck_7_days.
Medicine taken at the last three contacts: no, no, partial.
Days since last contact: 0.
CHW notes:
""N'a pas pris ses comprimés depuis 3 jours.""",recheck_7_days,up,note,missed_meds (generator note or message): N'a pas pris ses comprimés depuis 3 jours.,[],visit_this_week,0,9.0,145,11.3,1.03,0,0,0,2,0,0,0,0
1443,72,2026-05-19,chw,"Flag borderline: Borderline: the readings crossed the goal 140/90 4 times in the last 6 readings: 137/88, 145/87, 131/84, 137/87, 145/87, 134/84. No threshold crossed; recheck and ask for a weekly reading.
Rule default: recheck_7_days.
Medicine taken at the last three contacts: yes, no, no.
Days since last contact: 0.
CHW notes:
""Patient bien, prend ses médicaments.""",recheck_7_days,none,,,[],recheck_7_days,0,5.5,134,0.3,-0.26,0,0,0,0,0,0,0,0
1444,72,2026-06-07,chw,"Flag borderline: Borderline: the readings crossed the goal 140/90 4 times in the last 6 readings: 145/87, 131/84, 137/87, 145/87, 134/84, 146/88. No threshold crossed; recheck and ask for a weekly reading.
Rule default: recheck_7_days.
Medicine taken at the last three contacts: partial, yes, no.
Days since last contact: 0.
CHW notes:
""Patient bien, prend ses médicaments.""
""Patient ran out of tablets last week.""",recheck_7_days,up,note,missed_meds (generator note or message): Patient ran out of tablets last week.,[],visit_this_week,1,9.0,146,12.3,0.63,0,0,0,2,0,0,0,0
1445,72,2026-06-30,chw,"Flag threshold: Latest BP 165/95 on 2026-06-30 is at or above the 'grade2' cut-off (160/100).
Flag symptom: Symptom 'headache' reported on 2026-06-30; latest BP 165/95 is not under the goal 140/90 (bp_goal).
Rule default: visit_this_week.
Medicine taken at the last three contacts: partial, partial, yes.
Days since last contact: 0.
CHW notes:
""Patient ran out of tablets last week.""
""Patient complains of headache.""",visit_this_week,up,note,missed_meds (generator note or message): Patient ran out of tablets last week.,[],refer_clinic,1,22.0,165,31.3,5.31,4,0,10,2,0,0,0,0
1446,73,2025-10-21,clinic,"Flag threshold: Latest BP 149/100 on 2025-10-21 is at or above the 'grade2' cut-off (160/100).
Rule default: visit_this_week.
Medicine taken at the last three contacts: yes.
Days since last contact: 0.",visit_this_week,none,,,[],visit_this_week,0,8.0,149,0.0,0.0,4,0,0,0,0,0,0,0
1450,73,2025-10-25,chw,"Flags: none.
Rule default: routine.
Medicine taken at the last three contacts: yes, yes.
Days since last contact: 0.
CHW notes:
""Patient well, taking medicine.""",routine,none,,,[],routine,0,4.0,150,0.5,1.0,0,0,0,0,0,0,0,0
1451,73,2025-11-09,chw,"Flags: none.
Rule default: routine.
Medicine taken at the last three contacts: yes, yes, yes.
Days since last contact: 0.
CHW notes:
""Patient well, taking medicine.""
""Patient well, taking medicine.""",routine,none,,,[],routine,0,4.0,155,3.7,3.0,0,0,0,0,0,0,0,0
1452,73,2025-12-07,chw,"Flags: none.
Rule default: routine.
Medicine taken at the last three contacts: yes, yes, yes.
Days since last contact: 0.
CHW notes:
""Patient well, taking medicine.""
""Patient bien, prend ses médicaments.""",routine,none,,,[],routine,0,3.0,136,-15.3,-3.4,0,0,0,0,0,0,0,0
1447,73,2025-12-24,clinic,"Flag borderline: Borderline: the readings crossed the goal 140/90 2 times in the last 5 readings: 149/100, 150/94, 155/98, 136/82, 149/88. No threshold crossed; recheck and ask for a weekly reading.
Rule default: recheck_7_days.
Medicine taken at the last three contacts: partial, yes, yes.
Days since last contact: 0.
CHW notes:
""Patient bien, prend ses médicaments.""",recheck_7_days,none,,,[],recheck_7_days,0,8.0,149,-2.3,-1.4,0,0,0,2,0,0,0,0
1453,73,2025-12-25,chw,"Flag borderline: Borderline: the readings crossed the goal 140/90 2 times in the last 6 readings: 149/100, 150/94, 155/98, 136/82, 149/88, 150/94. No threshold crossed; recheck and ask for a weekly reading.
Rule default: recheck_7_days.
Medicine taken at the last three contacts: yes, partial, yes.
Days since last contact: 0.
CHW notes:
""Home visit, no complaints.""",recheck_7_days,none,,,[],recheck_7_days,0,6.0,150,-1.3,-0.49,0,0,0,0,0,0,0,0
1454,73,2026-01-22,chw,"Flag borderline: Borderline: the readings crossed the goal 140/90 2 times in the last 6 readings: 150/94, 155/98, 136/82, 149/88, 150/94, 148/93. No threshold crossed; recheck and ask for a weekly reading.
Rule default: recheck_7_days.
Medicine taken at the last three contacts: yes, yes, partial.
Days since last contact: 0.
CHW notes:
""Home visit, no complaints.""
""Mgonjwa yuko sawa, anakunywa dawa.""",recheck_7_days,none,,,[],recheck_7_days,0,6.0,148,-3.3,-0.34,0,0,0,0,0,0,0,0
1455,73,2026-02-14,chw,"Flag borderline: Borderline: the readings crossed the goal 140/90 3 times in the last 6 readings: 155/98, 136/82, 149/88, 150/94, 148/93, 138/77. No threshold crossed; recheck and ask for a weekly reading.
Rule default: recheck_7_days.
Medicine taken at the last three contacts: yes, yes, yes.
Days since last contact: 0.
CHW notes:
""Mgonjwa yuko sawa, anakunywa dawa.""
""Mgonjwa yuko sawa, anakunywa dawa.""",recheck_7_days,none,,,[],recheck_7_days,0,5.0,138,-13.3,-1.37,0,0,0,0,0,0,0,0
1448,73,2026-03-03,clinic,"Flag borderline: Borderline: the readings crossed the goal 140/90 3 times in the last 6 readings: 136/82, 149/88, 150/94, 148/93, 138/77, 152/95. No threshold crossed; recheck and ask for a weekly reading.
Rule default: recheck_7_days.
Medicine taken at the last three contacts: yes, yes, yes.
Days since last contact: 0.
CHW notes:
""Mgonjwa yuko sawa, anakunywa dawa.""",recheck_7_days,none,,,[],recheck_7_days,0,6.0,152,0.7,1.29,0,0,0,0,0,0,0,0
1456,73,2026-03-06,chw,"Flag borderline: Borderline: the readings crossed the goal 140/90 2 times in the last 6 readings: 149/88, 150/94, 148/93, 138/77, 152/95, 144/92. No threshold crossed; recheck and ask for a weekly reading.
Rule default: recheck_7_days.
Medicine taken at the last three contacts: yes, yes, yes.
Days since last contact: 0.
CHW notes:
""Patient bien, prend ses médicaments.""",recheck_7_days,none,,,[],recheck_7_days,0,6.0,144,-7.3,-0.83,0,0,0,0,0,0,0,0
1457,73,2026-03-28,chw,"Flag borderline: Borderline: the readings crossed the goal 140/90 2 times in the last 6 readings: 150/94, 148/93, 138/77, 152/95, 144/92, 157/94. No threshold crossed; recheck and ask for a weekly reading.
Rule default: recheck_7_days.
Medicine taken at the last three contacts: yes, yes, yes.
Days since last contact: 0.
CHW notes:
""Patient bien, prend ses médicaments.""
""Mgonjwa yuko sawa, anakunywa dawa.""",recheck_7_days,none,,,[],recheck_7_days,0,6.0,157,5.7,1.06,0,0,0,0,0,0,0,0
1458,73,2026-04-20,chw,"Flag borderline: Borderline: the readings crossed the goal 140/90 2 times in the last 6 readings: 148/93, 138/77, 152/95, 144/92, 157/94, 150/93. No threshold crossed; recheck and ask for a weekly reading.
Rule default: recheck_7_days.
Medicine taken at the last three contacts: yes, yes, yes.
Days since last contact: 0.
CHW notes:
""Mgonjwa yuko sawa, anakunywa dawa.""
""Home visit, no complaints.""",recheck_7_days,none,,,[],recheck_7_days,0,6.0,150,-1.3,1.69,0,0,0,0,0,0,0,0
1449,73,2026-05-10,clinic,"Flags: none.
Rule default: routine.
Medicine taken at the last three contacts: yes, yes, yes.
Days since last contact: 0.
CHW notes:
""Home visit, no complaints.""",routine,none,,,[],routine,0,4.0,145,-6.3,1.2,0,0,0,0,0,0,0,0
1459,73,2026-05-16,chw,"Flags: none.
Rule default: routine.
Medicine taken at the last three contacts: yes, yes, yes.
Days since last contact: 0.
CHW notes:
""Mgonjwa yuko sawa, anakunywa dawa.""",routine,none,,,[],routine,0,4.0,145,-6.3,-1.11,0,0,0,0,0,0,0,0
1460,73,2026-06-06,chw,"Flag threshold: Latest BP 161/100 on 2026-06-06 is at or above the 'grade2' cut-off (160/100).
Rule default: visit_this_week.
Medicine taken at the last three contacts: yes, yes, yes.
Days since last contact: 0.
CHW notes:
""Mgonjwa yuko sawa, anakunywa dawa.""
""Mgonjwa yuko sawa, anakunywa dawa.""",visit_this_week,none,,,[],visit_this_week,1,9.0,161,9.7,1.26,4,0,0,0,0,0,0,0
1461,73,2026-06-27,chw,"Flag threshold: Latest BP 163/96 on 2026-06-27 is at or above the 'grade2' cut-off (160/100).
Flag symptom: Symptom 'headache' reported on 2026-06-27; latest BP 163/96 is not under the goal 140/90 (bp_goal).
Rule default: visit_this_week.
Medicine taken at the last three contacts: yes, yes, yes.
Days since last contact: 0.
CHW notes:
""Mgonjwa yuko sawa, anakunywa dawa.""
""Patient complains of headache.""",visit_this_week,none,,,[],visit_this_week,1,19.0,163,11.7,1.8,4,0,10,0,0,0,0,0
1462,74,2025-10-23,clinic,"Flags: none.
Rule default: routine.
Medicine taken at the last three contacts: yes.
Days since last contact: 0.",routine,none,,,[],routine,0,7.5,130,0.0,0.0,0,0,0,0,0,0,0,0
1465,74,2025-10-28,chw,"Flags: none.
Rule default: routine.
Medicine taken at the last three contacts: yes, yes.
Days since last contact: 0.
CHW notes:
""Patient well, taking medicine.""",routine,none,,,[],routine,0,7.5,139,4.5,9.0,0,0,0,0,0,0,0,0
1466,74,2025-11-11,chw,"Flags: none.
Rule default: routine.
Medicine taken at the last three contacts: yes, yes, yes.
Days since last contact: 0.
CHW notes:
""Patient well, taking medicine.""
""Mgonjwa yuko sawa, anakunywa dawa.""",routine,none,,,[],routine,0,7.5,132,-1.7,1.0,0,0,0,0,0,0,0,0
1467,74,2025-12-06,chw,"Flags: none.
Rule default: routine.
Medicine taken at the last three contacts: yes, yes, yes.
Days since last contact: 0.
CHW notes:
""Mgonjwa yuko sawa, anakunywa dawa.""
""Patient well, taking medicine.""",routine,none,,,[],routine,0,7.5,121,-12.7,-3.4,0,0,0,0,0,0,0,0
1468,74,2025-12-30,chw,"Flag borderline: Borderline: the readings crossed the goal 140/90 2 times in the last 5 readings: 130/92, 139/90, 132/87, 121/84, 131/91. No threshold crossed; recheck and ask for a weekly reading.
Rule default: recheck_7_days.
Medicine taken at the last three contacts: yes, yes, yes.
Days since last contact: 0.
CHW notes:
""Patient well, taking medicine.""
""Patient bien, prend ses médicaments.""",recheck_7_days,none,,,[],recheck_7_days,0,9.5,131,-2.7,-1.6,0,0,0,0,0,0,0,0
1463,74,2026-01-07,clinic,"Flag borderline: Borderline: the readings crossed the goal 140/90 3 times in the last 6 readings: 130/92, 139/90, 132/87, 121/84, 131/91, 135/88. No threshold crossed; recheck and ask for a weekly reading.
Rule default: recheck_7_days.
Medicine taken at the last three contacts: partial, yes, yes.
Days since last contact: 0.
CHW notes:
""Patient bien, prend ses médicaments.""",recheck_7_days,up,note,missed_meds (generator note or message): Dawa zimeisha,[],visit_this_week,0,11.5,135,1.3,-0.29,0,0,0,2,0,0,0,0
1469,74,2026-01-21,chw,"Flag borderline: Borderline: the readings crossed the goal 140/90 3 times in the last 6 readings: 139/90, 132/87, 121/84, 131/91, 135/88, 128/85. No threshold crossed; recheck and ask for a weekly reading.
Rule default: recheck_7_days.
Medicine taken at the last three contacts: yes, partial, yes.
Days since last contact: 0.
CHW notes:
""Mgonjwa yuko sawa, anakunywa dawa.""",recheck_7_days,up,note,missed_meds (generator note or message): Dawa zimeisha,[],visit_this_week,0,9.5,128,-5.7,-1.03,0,0,0,0,0,0,0,0
1470,74,2026-02-18,chw,"Flag borderline: Borderline: the readings crossed the goal 140/90 3 times in the last 6 readings: 132/87, 121/84, 131/91, 135/88, 128/85, 136/94. No threshold crossed; recheck and ask for a weekly reading.
Rule default: recheck_7_days.
Medicine taken at the last three contacts: yes, yes, partial.
Days since last contact: 0.
CHW notes:
""Mgonjwa yuko sawa, anakunywa dawa.""
""Mgonjwa yuko sawa, anakunywa dawa.""",recheck_7_days,none,,,[],recheck_7_days,0,9.5,136,2.3,1.29,0,0,0,0,0,0,0,0
1471,74,2026-03-08,chw,"Flag borderline: Borderline: the readings crossed the goal 140/90 3 times in the last 6 readings: 121/84, 131/91, 135/88, 128/85, 136/94, 135/92. No threshold crossed; recheck and ask for a weekly reading.
Rule default: recheck_7_days.
Medicine taken at the last three contacts: yes, yes, yes.
Days since last contact: 0.
CHW notes:
""Mgonjwa yuko sawa, anakunywa dawa.""
""Mgonjwa yuko sawa, anakunywa dawa.""",recheck_7_days,none,,,[],recheck_7_days,0,9.5,135,1.3,2.23,0,0,0,0,0,0,0,0
1464,74,2026-03-30,clinic,"Flag borderline: Borderline: the readings crossed the goal 140/90 3 times in the last 6 readings: 131/91, 135/88, 128/85, 136/94, 135/92, 133/89. No threshold crossed; recheck and ask for a weekly reading.
Rule default: recheck_7_days.
Medicine taken at the last three contacts: yes, yes, yes.
Days since last contact: 0.
CHW notes:
""Mgonjwa yuko sawa, anakunywa dawa.""",recheck_7_days,up,note,missed_meds (generator note or message): Dawa zimeisha,[],visit_this_week,0,9.5,133,-0.7,0.51,0,0,0,0,0,0,0,0
1472,74,2026-04-01,chw,"Flag borderline: Borderline: the readings crossed the goal 140/90 3 times in the last 6 readings: 135/88, 128/85, 136/94, 135/92, 133/89, 142/94. No threshold crossed; recheck and ask for a weekly reading.
Rule default: recheck_7_days.
Medicine taken at the last three contacts: yes, yes, yes.
Days since last contact: 0.
CHW notes:
""Patient bien, prend ses médicaments.""",recheck_7_days,up,note,missed_meds (generator note or message): Dawa zimeisha,[],visit_this_week,0,11.0,142,8.3,1.4,0,0,0,0,0,0,0,0
1473,74,2026-04-26,chw,"Flag borderline: Borderline: the readings crossed the goal 140/90 3 times in the last 6 readings: 128/85, 136/94, 135/92, 133/89, 142/94, 139/95. No threshold crossed; recheck and ask for a weekly reading.
Rule default: recheck_7_days.
Medicine taken at the last three contacts: yes, yes, yes.
Days since last contact: 0.
CHW notes:
""Patient bien, prend ses médicaments.""
""Patient well, taking medicine.""",recheck_7_days,none,,,[],recheck_7_days,1,9.5,139,5.3,2.03,0,0,0,0,0,0,0,0
1474,74,2026-05-20,chw,"Flag threshold: Latest BP 159/104 on 2026-05-20 is at or above the 'grade2' cut-off (160/100).
Rule default: visit_this_week.
Medicine taken at the last three contacts: yes, yes, yes.
Days since last contact: 0.
CHW notes:
""Patient well, taking medicine.""
""Patient complains of headache.""",visit_this_week,none,,,[],visit_this_week,1,13.0,159,25.3,3.89,4,0,0,0,0,0,0,0
1479,75,2025-10-16,chw,"Flags: none.
Rule default: routine.
Medicine taken at the last three contacts: yes.
Days since last contact: 0.
CHW notes:
""Patient well, taking medicine.""",routine,none,,,[],routine,0,7.5,138,0.0,0.0,0,0,0,0,0,0,0,0
1475,75,2025-10-18,clinic,"Flags: none.
Rule default: routine.
Medicine taken at the last three contacts: yes, yes.
Days since last contact: 0.
CHW notes:
""Patient well, taking medicine.""",routine,up,note,missed_meds (generator note or message): Renouvellement du traitement,[],recheck_7_days,0,7.5,131,-3.5,-7.0,0,0,0,0,0,0,0,0
1480,75,2025-11-13,chw,"Flags: none.
Rule default: routine.
Medicine taken at the last three contacts: yes, yes, yes.
Days since last contact: 0.
CHW notes:
""Home visit, no complaints.""",routine,up,note,missed_meds (generator note or message): Renouvellement du traitement,[],recheck_7_days,0,9.0,140,3.7,1.0,0,0,0,0,0,0,0,0
1481,75,2025-12-03,chw,"Flag borderline: Borderline: the readings crossed the goal 140/90 2 times in the last 4 readings: 138/81, 131/74, 140/85, 138/87. No threshold crossed; recheck and ask for a weekly reading.
Rule default: recheck_7_days.
Medicine taken at the last three contacts: yes, yes, yes.
Days since last contact: 0.
CHW notes:
""Home visit, no complaints.""
""Mgonjwa yuko sawa, anakunywa dawa.""",recheck_7_days,none,,,[],recheck_7_days,0,9.5,138,1.7,0.9,0,0,0,0,0,0,0,0
1476,75,2025-12-24,clinic,"Flag borderline: Borderline: the readings crossed the goal 140/90 2 times in the last 5 readings: 138/81, 131/74, 140/85, 138/87, 129/74. No threshold crossed; recheck and ask for a weekly reading.
Rule default: recheck_7_days.
Medicine taken at the last three contacts: yes, yes, yes.
Days since last contact: 0.
CHW notes:
""Mgonjwa yuko sawa, anakunywa dawa.""",recheck_7_days,none,,,[],recheck_7_days,0,9.5,129,-7.3,-1.1,0,0,0,0,0,0,0,0
1482,75,2025-12-25,chw,"Flag borderline: Borderline: the readings crossed the goal 140/90 2 times in the last 6 readings: 138/81, 131/74, 140/85, 138/87, 129/74, 133/75. No threshold crossed; recheck and ask for a weekly reading.
Rule default: recheck_7_days.
Medicine taken at the last three contacts: yes, yes, yes.
Days since last contact: 0.
CHW notes:
""Patient bien, prend ses médicaments.""",recheck_7_days,none,,,[],recheck_7_days,0,9.5,133,-3.3,-0.94,0,0,0,0,0,0,0,0
1483,75,2026-01-21,chw,"Flag borderline: Borderline: the readings crossed the goal 140/90 2 times in the last 6 readings: 131/74, 140/85, 138/87, 129/74, 133/75, 126/73. No threshold crossed; recheck and ask for a weekly reading.
Rule default: recheck_7_days.
Medicine taken at the last three contacts: yes, yes, yes.
Days since last contact: 0.
CHW notes:
""Patient bien, prend ses médicaments.""
""Home visit, no complaints.""",recheck_7_days,none,,,[],recheck_7_days,0,9.5,126,-10.3,-1.57,0,0,0,0,0,0,0,0
1484,75,2026-02-16,chw,"Flags: none.
Rule default: routine.
Medicine taken at the last three contacts: partial, yes, yes.
Days since last contact: 0.
CHW notes:
""Home visit, no complaints.""
""Amesahau dawa siku kadhaa.""",routine,up,note,missed_meds (generator note or message): Amesahau dawa siku kadhaa.,[],recheck_7_days,0,9.5,135,-1.3,-1.63,0,0,0,2,0,0,0,0
1477,75,2026-03-03,clinic,"Flags: none.
Rule default: routine.
Medicine taken at the last three contacts: yes, partial, yes.
Days since last contact: 0.
CHW notes:
""Amesahau dawa siku kadhaa.""",routine,up,note,missed_meds (generator note or message): Amesahau dawa siku kadhaa.,[],recheck_7_days,0,7.5,139,2.7,0.46,0,0,0,0,0,0,0,0
1485,75,2026-03-14,chw,"Flag borderline: Borderline: 3 readings in a row in the band just under the goal 140/90 (130-139 systolic or 85-89 diastolic): 135/81, 139/83, 132/82 (2026-02-16 to 2026-03-14). No threshold crossed; recheck and ask for a weekly reading.
Rule default: recheck_7_days.
Medicine taken at the last three contacts: yes, yes, partial.
Days since last contact: 0.
CHW notes:
""Home visit, no complaints.""",recheck_7_days,none,,,[],recheck_7_days,0,9.5,132,-4.3,1.2,0,0,0,0,0,0,0,0
1486,75,2026-04-05,chw,"Flag borderline: Borderline: 4 readings in a row in the band just under the goal 140/90 (130-139 systolic or 85-89 diastolic): 135/81, 139/83, 132/82, 131/78 (2026-02-16 to 2026-04-05). No threshold crossed; recheck and ask for a weekly reading.
Rule default: recheck_7_days.
Medicine taken at the last three contacts: partial, yes, yes.
Days since last contact: 0.
CHW notes:
""Home visit, no complaints.""
""Mgonjwa yuko sawa, anakunywa dawa.""",recheck_7_days,none,,,[],recheck_7_days,0,11.5,131,-5.3,0.34,0,0,0,2,0,0,0,0
1487,75,2026-04-21,chw,"Flag borderline: Borderline: 5 readings in a row in the band just under the goal 140/90 (130-139 systolic or 85-89 diastolic): 135/81, 139/83, 132/82, 131/78, 134/80 (2026-02-16 to 2026-04-21). No threshold crossed; recheck and ask for a weekly reading.
Rule default: recheck_7_days.
Medicine taken at the last three contacts: yes, partial, yes.
Days since last contact: 0.
CHW notes:
""Mgonjwa yuko sawa, anakunywa dawa.""
""Patient well, taking medicine.""",recheck_7_days,none,,,[],recheck_7_days,0,9.5,134,-2.3,0.6,0,0,0,0,0,0,0,0
1478,75,2026-05-14,clinic,"Flag borderline: Borderline: 5 readings in a row in the band just under the goal 140/90 (130-139 systolic or 85-89 diastolic): 135/81, 139/83, 132/82, 131/78, 134/80 (2026-02-16 to 2026-04-21). No threshold crossed; recheck and ask for a weekly reading.
Rule default: recheck_7_days.
Medicine taken at the last three contacts: yes, yes, partial.
Days since last contact: 0.
CHW notes:
""Patient well, taking medicine.""",recheck_7_days,up,note,missed_meds (generator note or message): Renouvellement du traitement,[],visit_this_week,1,11.0,140,3.7,0.26,0,0,0,0,0,0,0,0
1488,75,2026-05-18,chw,"Flag borderline: Borderline: 4 readings in a row in the band just under the goal 140/90 (130-139 systolic or 85-89 diastolic): 139/83, 132/82, 131/78, 134/80 (2026-03-03 to 2026-04-21). No threshold crossed; recheck and ask for a weekly reading.
Rule default: recheck_7_days.
Medicine taken at the last three contacts: partial, yes, yes.
Days since last contact: 0.
CHW notes:
""Home visit, no complaints.""",recheck_7_days,up,note,missed_meds (generator note or message): Renouvellement du traitement,[],visit_this_week,1,13.0,147,10.7,1.91,0,0,0,2,0,0,0,0
1489,75,2026-05-25,chw,"Flag borderline: Borderline: 3 readings in a row in the band just under the goal 140/90 (130-139 systolic or 85-89 diastolic): 132/82, 131/78, 134/80 (2026-03-14 to 2026-04-21). No threshold crossed; recheck and ask for a weekly reading.
Rule default: recheck_7_days.
Medicine taken at the last three contacts: yes, partial, yes.
Days since last contact: 0.
CHW notes:
""Home visit, no complaints.""
""Patient complains of headache.""",recheck_7_days,none,,,[],recheck_7_days,1,11.0,148,11.7,3.83,0,0,0,0,0,0,0,0
1490,76,2025-10-30,clinic,"Flags: none.
Rule default: routine.
Medicine taken at the last three contacts: yes.
Days since last contact: 0.",routine,up,note,missed_meds (generator note or message): Renouvellement du traitement,[],recheck_7_days,0,3.0,133,0.0,0.0,0,0,0,0,0,0,0,0
1493,76,2025-11-06,chw,"Flags: none.
Rule default: routine.
Medicine taken at the last three contacts: yes, yes.
Days since last contact: 0.
CHW notes:
""Patient well, taking medicine.""",routine,up,note,missed_meds (generator note or message): Renouvellement du traitement,[],recheck_7_days,0,3.0,134,0.5,1.0,0,0,0,0,0,0,0,0
1494,76,2025-11-30,chw,"Flags: none.
Rule default: routine.
Medicine taken at the last three contacts: yes, yes, yes.
Days since last contact: 0.
CHW notes:
""Patient well, taking medicine.""
""Home visit, no complaints.""",routine,none,,,[],routine,0,3.0,138,3.0,2.5,0,0,0,0,0,0,0,0
1495,76,2025-12-22,chw,"Flag borderline: Borderline: 3 readings in a row in the band just under the goal 140/90 (130-139 systolic or 85-89 diastolic): 133/86, 134/86, 138/83 (2025-10-30 to 2025-11-30). No threshold crossed; recheck and ask for a weekly reading.
Rule default: recheck_7_days.
Medicine taken at the last three contacts: yes, yes, yes.
Days since last contact: 0.
CHW notes:
""Home visit, no complaints.""
""Patient bien, prend ses médicaments.""",recheck_7_days,none,,,[],recheck_7_days,0,5.0,139,4.0,2.2,0,0,0,0,0,0,0,0
1491,76,2025-12-30,clinic,"Flag borderline: Borderline: 3 readings in a row in the band just under the goal 140/90 (130-139 systolic or 85-89 diastolic): 133/86, 134/86, 138/83 (2025-10-30 to 2025-11-30). No threshold crossed; recheck and ask for a weekly reading.
Rule default: recheck_7_days.
Medicine taken at the last three contacts: yes, yes, yes.
Days since last contact: 0.
CHW notes:
""Patient bien, prend ses médicaments.""",recheck_7_days,up,note,missed_meds (generator note or message): Renouvellement du traitement,[],visit_this_week,0,5.0,129,-6.0,-0.3,0,0,0,0,0,0,0,0
1496,76,2026-01-11,chw,"Flag borderline: Borderline: 3 readings in a row in the band just under the goal 140/90 (130-139 systolic or 85-89 diastolic): 133/86, 134/86, 138/83 (2025-10-30 to 2025-11-30). No threshold crossed; recheck and ask for a weekly reading.
Rule default: recheck_7_days.
Medicine taken at the last three contacts: yes, yes, yes.
Days since last contact: 0.
CHW notes:
""Mgonjwa yuko sawa, anakunywa dawa.""",recheck_7_days,up,note,missed_meds (generator note or message): Renouvellement du traitement,[],visit_this_week,0,5.0,136,1.0,0.03,0,0,0,0,0,0,0,0
1497,76,2026-02-01,chw,"Flag borderline: Borderline: the readings crossed the goal 140/90 3 times in the last 6 readings: 134/86, 138/83, 139/91, 129/80, 136/86, 133/90. No threshold crossed; recheck and ask for a weekly reading.
Rule default: recheck_7_days.
Medicine taken at the last three contacts: partial, yes, yes.
Days since last contact: 0.
CHW notes:
""Mgonjwa yuko sawa, anakunywa dawa.""
""Patient bien, prend ses médicaments.""",recheck_7_days,none,,,[],recheck_7_days,0,7.0,133,-2.0,-0.6,0,0,0,2,0,0,0,0
1498,76,2026-02-26,chw,"Flag borderline: Borderline: the readings crossed the goal 140/90 4 times in the last 6 readings: 138/83, 139/91, 129/80, 136/86, 133/90, 131/89. No threshold crossed; recheck and ask for a weekly reading.
Rule default: recheck_7_days.
Medicine taken at the last three contacts: yes, partial, yes.
Days since last contact: 0.
CHW notes:
""Patient bien, prend ses médicaments.""
""Patient well, taking medicine.""",recheck_7_days,none,,,[],recheck_7_days,0,5.0,131,-4.0,-1.31,0,0,0,0,0,0,0,0
1492,76,2026-03-13,clinic,"Flag borderline: Borderline: the readings crossed the goal 140/90 3 times in the last 6 readings: 139/91, 129/80, 136/86, 133/90, 131/89, 138/89. No threshold crossed; recheck and ask for a weekly reading.
Rule default: recheck_7_days.
Medicine taken at the last three contacts: yes, yes, partial.
Days since last contact: 0.
CHW notes:
""Patient well, taking medicine.""",recheck_7_days,none,,,[],recheck_7_days,0,5.0,138,3.0,-0.06,0,0,0,0,0,0,0,0
1499,76,2026-03-22,chw,"Flag borderline: Borderline: the readings crossed the goal 140/90 3 times in the last 6 readings: 129/80, 136/86, 133/90, 131/89, 138/89, 138/94. No threshold crossed; recheck and ask for a weekly reading.
Rule default: recheck_7_days.
Medicine taken at the last three contacts: yes, yes, yes.
Days since last contact: 0.
CHW notes:
""Patient well, taking medicine.""",recheck_7_days,none,,,[],recheck_7_days,0,5.0,138,3.0,1.4,0,0,0,0,0,0,0,0
1500,76,2026-04-12,chw,"Flag borderline: Borderline: the readings crossed the goal 140/90 3 times in the last 6 readings: 136/86, 133/90, 131/89, 138/89, 138/94, 138/90. No threshold crossed; recheck and ask for a weekly reading.
Rule default: recheck_7_days.
Medicine taken at the last three contacts: yes, yes, yes.
Days since last contact: 0.
CHW notes:
""Patient well, taking medicine.""
""Patient well, taking medicine.""",recheck_7_days,none,,,[],recheck_7_days,0,5.0,138,3.0,0.91,0,0,0,0,0,0,0,0
1501,76,2026-05-10,chw,"Flag threshold: Latest BP 174/106 on 2026-05-10 is at or above the 'grade2' cut-off (160/100).
Rule default: visit_this_week.
Medicine taken at the last three contacts: yes, yes, yes.
Days since last contact: 0.
CHW notes:
""Patient well, taking medicine.""
""Patient well, taking medicine.""",visit_this_week,none,,,[],visit_this_week,1,9.0,174,39.0,6.46,4,0,0,0,0,0,0,0
1502,76,2026-05-15,chw,"Flag threshold: Latest BP 174/104 on 2026-05-15 is at or above the 'grade2' cut-off (160/100).
Flag trend: Trend rule: the last 4 readings (2026-03-22 to 2026-05-15) average 156, 21 mmHg above the baseline of 135 (rule: at least 15 mmHg over 4 readings) (baseline = first 3 readings).
Rule default: visit_this_week.
Medicine taken at the last three contacts: yes, yes, yes.
Days since last contact: 0.
CHW notes:
""Patient well, taking medicine.""
""Patient complains of headache.""",visit_this_week,none,,,[],visit_this_week,1,12.0,174,39.0,9.23,4,3,0,0,0,0,0,0
1507,77,2025-10-20,chw,"Flags: none.
Rule default: routine.
Medicine taken at the last three contacts: yes.
Days since last contact: 0.
CHW notes:
""Mgonjwa yuko sawa, anakunywa dawa.""",routine,none,,,[],routine,0,5.0,146,0.0,0.0,0,0,0,0,0,0,0,0
1503,77,2025-10-25,clinic,"Flags: none.
Rule default: routine.
Medicine taken at the last three contacts: yes, yes.
Days since last contact: 0.
CHW notes:
""Mgonjwa yuko sawa, anakunywa dawa.""",routine,none,,,[],routine,0,5.0,150,2.0,4.0,0,0,0,0,0,0,0,0
1508,77,2025-11-09,chw,"Flags: none.
Rule default: routine.
Medicine taken at the last three contacts: yes, yes, yes.
Days since last contact: 0.
CHW notes:
""Patient well, taking medicine.""",routine,none,,,[],routine,0,5.0,146,-1.3,0.0,0,0,0,0,0,0,0,0
1509,77,2025-12-07,chw,"Flags: none.
Rule default: routine.
Medicine taken at the last three contacts: yes, yes, yes.
Days since last contact: 0.
CHW notes:
""Patient well, taking medicine.""
""Patient bien, prend ses médicaments.""",routine,none,,,[],routine,0,3.5,139,-8.3,-2.5,0,0,0,0,0,0,0,0
1510,77,2025-12-25,chw,"Flags: none.
Rule default: routine.
Medicine taken at the last three contacts: yes, yes, yes.
Days since last contact: 0.
CHW notes:
""Patient bien, prend ses médicaments.""
""Mgonjwa yuko sawa, anakunywa dawa.""",routine,none,,,[],routine,0,5.0,143,-4.3,-1.7,0,0,0,0,0,0,0,0
1511,77,2026-01-12,chw,"Flags: none.
Rule default: routine.
Medicine taken at the last three contacts: yes, yes, yes.
Days since last contact: 0.
CHW notes:
""Mgonjwa yuko sawa, anakunywa dawa.""
""Patient well, taking medicine.""",routine,none,,,[],routine,0,3.5,137,-10.3,-2.09,0,0,0,0,0,0,0,0
1504,77,2026-01-19,clinic,"Flags: none.
Rule default: routine.
Medicine taken at the last three contacts: yes, yes, yes.
Days since last contact: 0.
CHW notes:
""Patient well, taking medicine.""",routine,none,,,[],routine,0,5.0,148,0.7,-0.94,0,0,0,0,0,0,0,0
1512,77,2026-01-31,chw,"Flag threshold: Latest BP 153/103 on 2026-01-31 is at or above the 'grade2' cut-off (160/100).
Rule default: visit_this_week.
Medicine taken at the last three contacts: yes, yes, yes.
Days since last contact: 0.
CHW notes:
""Patient bien, prend ses médicaments.""",visit_this_week,none,,,[],visit_this_week,0,9.0,153,5.7,1.6,4,0,0,0,0,0,0,0
1513,77,2026-02-23,chw,"Flags: none.
Rule default: routine.
Medicine taken at the last three contacts: yes, yes, yes.
Days since last contact: 0.
CHW notes:
""Patient bien, prend ses médicaments.""
""Mgonjwa yuko sawa, anakunywa dawa.""",routine,none,,,[],routine,0,5.0,148,0.7,2.46,0,0,0,0,0,0,0,0
1514,77,2026-03-11,chw,"Flags: none.
Rule default: routine.
Medicine taken at the last three contacts: yes, yes, yes.
Days since last contact: 0.
CHW notes:
""Mgonjwa yuko sawa, anakunywa dawa.""
""Patient bien, prend ses médicaments.""",routine,none,,,[],routine,0,5.0,140,-7.3,0.66,0,0,0,0,0,0,0,0
1515,77,2026-04-05,chw,"Flag threshold: Latest BP 155/100 on 2026-04-05 is at or above the 'grade2' cut-off (160/100).
Rule default: visit_this_week.
Medicine taken at the last three contacts: partial, yes, yes.
Days since last contact: 0.
CHW notes:
""Patient bien, prend ses médicaments.""
""Patient bien, prend ses médicaments.""",visit_this_week,none,,,[],visit_this_week,0,11.0,155,7.7,1.74,4,0,0,2,0,0,0,0
1505,77,2026-04-18,clinic,"Flags: none.
Rule default: routine.
Medicine taken at the last three contacts: partial, partial, yes.
Days since last contact: 0.
CHW notes:
""Patient bien, prend ses médicaments.""",routine,none,,,[],routine,0,7.0,146,-1.3,-0.34,0,0,0,2,0,0,0,0
1516,77,2026-05-01,chw,"Flag threshold: Latest BP 150/101 on 2026-05-01 is at or above the 'grade2' cut-off (160/100).
Rule default: visit_this_week.
Medicine taken at the last three contacts: yes, partial, partial.
Days since last contact: 0.
CHW notes:
""Home visit, no complaints.""",visit_this_week,none,,,[],visit_this_week,0,9.0,150,2.7,-0.17,4,0,0,0,0,0,0,0
1517,77,2026-05-29,chw,"Flags: none.
Rule default: routine.
Medicine taken at the last three contacts: yes, yes, partial.
Days since last contact: 0.
CHW notes:
""Home visit, no complaints.""
""Mgonjwa yuko sawa, anakunywa dawa.""",routine,none,,,[],routine,0,5.0,144,-3.3,0.03,0,0,0,0,0,0,0,0
1518,77,2026-06-21,chw,"Flag threshold: Latest BP 157/102 on 2026-06-21 is at or above the 'grade2' cut-off (160/100).
Rule default: visit_this_week.
Medicine taken at the last three contacts: yes, yes, yes.
Days since last contact: 0.
CHW notes:
""Mgonjwa yuko sawa, anakunywa dawa.""
""Mgonjwa yuko sawa, anakunywa dawa.""",visit_this_week,none,,,[],visit_this_week,0,9.0,157,9.7,1.6,4,0,0,0,0,0,0,0
1506,77,2026-07-09,clinic,"Flag threshold: Latest BP 165/103 on 2026-07-09 is at or above the 'grade2' cut-off (160/100).
Rule default: visit_this_week.
Medicine taken at the last three contacts: yes, yes, yes.
Days since last contact: 0.
CHW notes:
""Mgonjwa yuko sawa, anakunywa dawa.""",visit_this_week,up,note,missed_meds (generator note or message): Dawa zimeisha,[],refer_clinic,1,10.0,165,17.7,2.2,4,0,0,0,0,0,0,0
1519,77,2026-07-15,chw,"Flag threshold: Latest BP 170/109 on 2026-07-15 is at or above the 'grade2' cut-off (160/100).
Rule default: visit_this_week.
Medicine taken at the last three contacts: yes, yes, yes.
Days since last contact: 0.
CHW notes:
""Home visit, no complaints.""",visit_this_week,up,note,missed_meds (generator note or message): Dawa zimeisha,[],refer_clinic,1,10.0,170,22.7,5.09,4,0,0,0,0,0,0,0
1520,77,2026-07-23,chw,"Flag threshold: Latest BP 177/106 on 2026-07-23 is at or above the 'grade2' cut-off (160/100).
Flag trend: Trend rule: each of the last 3 readings (165, 170, 177, 2026-07-09 to 2026-07-23) is at least 10 mmHg above the baseline of 147; and the last 4 readings (2026-06-21 to 2026-07-23) average 167, 20 mmHg above the baseline of 147 (rule: at least 15 mmHg over 4 readings) (baseline = first 3 readings).
Rule default: visit_this_week.
Medicine taken at the last three contacts: yes, yes, yes.
Days since last contact: 0.
CHW notes:
""Home visit, no complaints.""
""Patient complains of headache.""",visit_this_week,none,,,[],visit_this_week,1,13.0,177,29.7,6.31,4,3,0,0,0,0,0,0
1521,78,2025-11-04,clinic,"Flags: none.
Rule default: routine.
Medicine taken at the last three contacts: partial.
Days since last contact: 0.",routine,none,,,[],routine,0,4.5,132,0.0,0.0,0,0,0,2,0,0,0,0
1525,78,2025-11-07,chw,"Flags: none.
Rule default: routine.
Medicine taken at the last three contacts: partial, partial.
Days since last contact: 0.
CHW notes:
""Home visit, no complaints.""",routine,none,,,[],routine,0,5.0,141,4.5,9.0,0,0,0,2,0,0,0,0
1526,78,2025-12-02,chw,"Flags: none.
Rule default: routine.
Medicine taken at the last three contacts: no, partial, partial.
Days since last contact: 0.
CHW notes:
""Home visit, no complaints.""
""Amesahau dawa siku kadhaa.""",routine,up,note,missed_meds (generator note or message): Amesahau dawa siku kadhaa.,[],recheck_7_days,0,5.0,147,7.0,7.5,0,0,0,2,0,0,0,0
1527,78,2025-12-22,chw,"Flags: none.
Rule default: routine.
Medicine taken at the last three contacts: no, no, partial.
Days since last contact: 0.
CHW notes:
""Amesahau dawa siku kadhaa.""
""Amesahau dawa siku kadhaa.""",routine,up,note,missed_meds (generator note or message): Amesahau dawa siku kadhaa.,[],recheck_7_days,0,4.5,137,-3.0,2.1,0,0,0,2,0,0,0,0
1528,78,2026-01-06,chw,"Flags: none.
Rule default: routine.
Medicine taken at the last three contacts: no, no, no.
Days since last contact: 0.
CHW notes:
""Amesahau dawa siku kadhaa.""
""Takes medicine only when feeling unwell.""",routine,up,note,missed_meds (generator note or message): Takes medicine only when feeling unwell.,[],recheck_7_days,0,5.0,141,1.0,1.4,0,0,0,2,0,0,0,0
1522,78,2026-01-10,clinic,"Flags: none.
Rule default: routine.
Medicine taken at the last three contacts: yes, no, no.
Days since last contact: 0.
CHW notes:
""Takes medicine only when feeling unwell.""",routine,up,note,missed_meds (generator note or message): Takes medicine only when feeling unwell.,[],recheck_7_days,0,2.5,132,-8.0,-0.29,0,0,0,0,0,0,0,0
1529,78,2026-01-27,chw,"Flags: none.
Rule default: routine.
Medicine taken at the last three contacts: no, yes, no.
Days since last contact: 0.
CHW notes:
""Takes medicine only when feeling unwell.""",routine,up,note,missed_meds (generator note or message): Takes medicine only when feeling unwell.,[],recheck_7_days,0,5.0,145,5.0,-0.6,0,0,0,2,0,0,0,0
1530,78,2026-02-24,chw,"Flags: none.
Rule default: routine.
Medicine taken at the last three contacts: partial, no, yes.
Days since last contact: 0.
CHW notes:
""Takes medicine only when feeling unwell.""
""Takes medicine only when feeling unwell.""",routine,up,note,missed_meds (generator note or message): Takes medicine only when feeling unwell.,[],recheck_7_days,0,5.0,142,2.0,-0.29,0,0,0,2,0,0,0,0
1531,78,2026-03-22,chw,"Flags: none.
Rule default: routine.
Medicine taken at the last three contacts: yes, partial, no.
Days since last contact: 0.
CHW notes:
""Takes medicine only when feeling unwell.""
""Patient bien, prend ses médicaments.""",routine,up,note,missed_meds (generator note or message): Takes medicine only when feeling unwell.,[],recheck_7_days,0,2.5,137,-3.0,0.46,0,0,0,0,0,0,0,0
1523,78,2026-03-23,clinic,"Flag borderline: Borderline: the readings crossed the goal 140/90 2 times in the last 6 readings: 141/88, 132/90, 145/88, 142/93, 137/88, 141/95. No threshold crossed; recheck and ask for a weekly reading.
Rule default: recheck_7_days.
Medicine taken at the last three contacts: no, yes, partial.
Days since last contact: 0.
CHW notes:
""Patient bien, prend ses médicaments.""",recheck_7_days,up,note,missed_meds (generator note or message): Dawa zimeisha,[],visit_this_week,0,7.0,141,1.0,0.34,0,0,0,2,0,0,0,0
1532,78,2026-04-14,chw,"Flag borderline: Borderline: the readings crossed the goal 140/90 2 times in the last 6 readings: 132/90, 145/88, 142/93, 137/88, 141/95, 146/89. No threshold crossed; recheck and ask for a weekly reading.
Rule default: recheck_7_days.
Medicine taken at the last three contacts: partial, no, yes.
Days since last contact: 0.
CHW notes:
""Patient well, taking medicine.""",recheck_7_days,up,note,missed_meds (generator note or message): Dawa zimeisha,[],visit_this_week,0,7.0,146,6.0,1.51,0,0,0,2,0,0,0,0
1533,78,2026-05-04,chw,"Flag borderline: Borderline: the readings crossed the goal 140/90 2 times in the last 6 readings: 145/88, 142/93, 137/88, 141/95, 146/89, 139/93. No threshold crossed; recheck and ask for a weekly reading.
Rule default: recheck_7_days.
Medicine taken at the last three contacts: yes, partial, no.
Days since last contact: 0.
CHW notes:
""Patient well, taking medicine.""
""Home visit, no complaints.""",recheck_7_days,none,,,[],recheck_7_days,0,4.5,139,-1.0,-0.4,0,0,0,0,0,0,0,0
1534,78,2026-05-27,chw,"Flag borderline: Borderline: the readings crossed the goal 140/90 3 times in the last 6 readings: 142/93, 137/88, 141/95, 146/89, 139/93, 130/83. No threshold crossed; recheck and ask for a weekly reading.
Rule default: recheck_7_days.
Medicine taken at the last three contacts: yes, yes, partial.
Days since last contact: 0.
CHW notes:
""Home visit, no complaints.""
""Patient well, taking medicine.""",recheck_7_days,none,,,[],recheck_7_days,0,4.5,130,-10.0,-1.4,0,0,0,0,0,0,0,0
1524,78,2026-06-13,clinic,"Flag borderline: Borderline: the readings crossed the goal 140/90 2 times in the last 6 readings: 137/88, 141/95, 146/89, 139/93, 130/83, 138/86. No threshold crossed; recheck and ask for a weekly reading.
Rule default: recheck_7_days.
Medicine taken at the last three contacts: partial, yes, yes.
Days since last contact: 0.
CHW notes:
""Patient well, taking medicine.""",recheck_7_days,none,,,[],recheck_7_days,0,6.5,138,-2.0,-1.0,0,0,0,2,0,0,0,0
1535,78,2026-06-18,chw,"Flag borderline: Borderline: the readings crossed the goal 140/90 2 times in the last 6 readings: 141/95, 146/89, 139/93, 130/83, 138/86, 144/94. No threshold crossed; recheck and ask for a weekly reading.
Rule default: recheck_7_days.
Medicine taken at the last three contacts: partial, partial, yes.
Days since last contact: 0.
CHW notes:
""Amesahau dawa siku kadhaa.""",recheck_7_days,up,note,missed_meds (generator note or message): Amesahau dawa siku kadhaa.,[],visit_this_week,0,7.0,144,4.0,-0.51,0,0,0,2,0,0,0,0
1536,78,2026-07-13,chw,"Flag threshold: Latest BP 159/100 on 2026-07-13 is at or above the 'grade2' cut-off (160/100).
Rule default: visit_this_week.
Medicine taken at the last three contacts: partial, partial, partial.
Days since last contact: 0.
CHW notes:
""Amesahau dawa siku kadhaa.""
""N'a pas pris ses comprimés depuis 3 jours.""",visit_this_week,up,note,missed_meds (generator note or message): N'a pas pris ses comprimés depuis 3 jours.,[],refer_clinic,1,9.0,159,19.0,2.51,4,0,0,2,0,0,0,0
1537,78,2026-08-01,chw,"Flag threshold: Latest BP 157/100 on 2026-08-01 is at or above the 'grade2' cut-off (160/100).
Rule default: visit_this_week.
Medicine taken at the last three contacts: no, partial, partial.
Days since last contact: 0.
CHW notes:
""N'a pas pris ses comprimés depuis 3 jours.""
""Patient ran out of tablets last week.""",visit_this_week,up,note,missed_meds (generator note or message): Patient ran out of tablets last week.,[],refer_clinic,1,9.0,157,17.0,5.23,4,0,0,2,0,0,0,0
1538,78,2026-08-02,chw,"Flag trend: Trend rule: each of the last 3 readings (159, 157, 155, 2026-07-13 to 2026-08-02) is at least 10 mmHg above the baseline of 140 (baseline = first 3 readings).
Flag symptom: Symptom 'headache' reported on 2026-08-02; latest BP 155/96 is not under the goal 140/90 (bp_goal).
Rule default: visit_this_week.
Medicine taken at the last three contacts: no, no, partial.
Days since last contact: 0.
CHW notes:
""Patient ran out of tablets last week.""
""Patient complains of headache.""",visit_this_week,up,note,missed_meds (generator note or message): Patient ran out of tablets last week.,[],refer_clinic,1,18.0,155,15.0,5.63,0,3,10,2,0,0,0,0
1539,79,2025-10-16,clinic,"Flags: none.
Rule default: routine.
Medicine taken at the last three contacts: yes.
Days since last contact: 0.",routine,none,,,[],routine,0,9.5,135,0.0,0.0,0,0,0,0,0,0,0,0
1542,79,2025-10-21,chw,"Flags: none.
Rule default: routine.
Medicine taken at the last three contacts: yes, yes.
Days since last contact: 0.
CHW notes:
""Home visit, no complaints.""",routine,none,,,[],routine,0,9.5,135,0.0,0.0,0,0,0,0,0,0,0,0
1543,79,2025-11-14,chw,"Flag who_risk: WHO 10-year CVD risk 23% (man, smoker, age 70-74, SBP 140-159, BMI 25-29 (28.8)) on the reading of 2025-11-14: at or above the 'high' level (20%). Note: age 77 is above the chart: read as 70-74, so the risk is likely higher.
Rule default: visit_this_week.
Medicine taken at the last three contacts: yes, yes, yes.
Days since last contact: 0.
CHW notes:
""Home visit, no complaints.""
""Home visit, no complaints.""",visit_this_week,none,,,[],visit_this_week,0,11.5,145,6.7,5.0,0,0,0,0,0,0,0,0
1544,79,2025-11-28,chw,"Flag who_risk: WHO 10-year CVD risk 23% (man, smoker, age 70-74, SBP 140-159, BMI 25-29 (28.8)) on the reading of 2025-11-28: at or above the 'high' level (20%). Note: age 77 is above the chart: read as 70-74, so the risk is likely higher.
Rule default: visit_this_week.
Medicine taken at the last three contacts: yes, yes, yes.
Days since last contact: 0.
CHW notes:
""Home visit, no complaints.""
""Patient well, taking medicine.""",visit_this_week,none,,,[],visit_this_week,0,11.5,147,8.7,4.6,0,0,0,0,0,0,0,0
1545,79,2025-12-26,chw,"Flag who_risk: WHO 10-year CVD risk 23% (man, smoker, age 70-74, SBP 140-159, BMI 25-29 (28.8)) on the reading of 2025-12-26: at or above the 'high' level (20%). Note: age 77 is above the chart: read as 70-74, so the risk is likely higher.
Rule default: visit_this_week.
Medicine taken at the last three contacts: yes, yes, yes.
Days since last contact: 0.
CHW notes:
""Patient well, taking medicine.""
""Patient well, taking medicine.""",visit_this_week,none,,,[],visit_this_week,0,11.5,154,15.7,5.0,0,0,0,0,0,0,0,0
1540,79,2026-01-10,clinic,"Flag who_risk: WHO 10-year CVD risk 23% (man, smoker, age 70-74, SBP 140-159, BMI 25-29 (28.8)) on the reading of 2026-01-10: at or above the 'high' level (20%). Note: age 77 is above the chart: read as 70-74, so the risk is likely higher.
Rule default: visit_this_week.
Medicine taken at the last three contacts: yes, yes, yes.
Days since last contact: 0.
CHW notes:
""Patient well, taking medicine.""",visit_this_week,none,,,[],visit_this_week,0,11.5,146,7.7,3.26,0,0,0,0,0,0,0,0
1546,79,2026-01-14,chw,"Flag who_risk: WHO 10-year CVD risk 23% (man, smoker, age 70-74, SBP 140-159, BMI 25-29 (28.8)) on the reading of 2026-01-14: at or above the 'high' level (20%). Note: age 77 is above the chart: read as 70-74, so the risk is likely higher.
Rule default: visit_this_week.
Medicine taken at the last three contacts: yes, yes, yes.
Days since last contact: 0.
CHW notes:
""Home visit, no complaints.""",visit_this_week,none,,,[],visit_this_week,0,11.5,146,7.7,1.86,0,0,0,0,0,0,0,0
1547,79,2026-01-28,chw,"Flag who_risk: WHO 10-year CVD risk 23% (man, smoker, age 70-74, SBP 140-159, BMI 25-29 (28.8)) on the reading of 2026-01-28: at or above the 'high' level (20%). Note: age 77 is above the chart: read as 70-74, so the risk is likely higher.
Rule default: visit_this_week.
Medicine taken at the last three contacts: yes, yes, yes.
Days since last contact: 0.
CHW notes:
""Home visit, no complaints.""
""Patient bien, prend ses médicaments.""",visit_this_week,none,,,[],visit_this_week,0,11.5,156,17.7,1.26,0,0,0,0,0,0,0,0
1548,79,2026-02-14,chw,"Flag who_risk: WHO 10-year CVD risk 23% (man, smoker, age 70-74, SBP 140-159, BMI 25-29 (28.8)) on the reading of 2026-02-14: at or above the 'high' level (20%). Note: age 77 is above the chart: read as 70-74, so the risk is likely higher.
Rule default: visit_this_week.
Medicine taken at the last three contacts: yes, yes, yes.
Days since last contact: 0.
CHW notes:
""Patient bien, prend ses médicaments.""
""Mgonjwa yuko sawa, anakunywa dawa.""",visit_this_week,none,,,[],visit_this_week,0,11.5,148,9.7,0.31,0,0,0,0,0,0,0,0
1549,79,2026-03-14,chw,"Flag who_risk: WHO 10-year CVD risk 23% (man, smoker, age 70-74, SBP 140-159, BMI 25-29 (28.8)) on the reading of 2026-03-14: at or above the 'high' level (20%). Note: age 77 is above the chart: read as 70-74, so the risk is likely higher.
Rule default: visit_this_week.
Medicine taken at the last three contacts: partial, yes, yes.
Days since last contact: 0.
CHW notes:
""Mgonjwa yuko sawa, anakunywa dawa.""
""N'a pas pris ses comprimés depuis 3 jours.""",visit_this_week,up,note,missed_meds (generator note or message): N'a pas pris ses comprimés depuis 3 jours.,[],refer_clinic,0,13.5,156,17.7,0.74,0,0,0,2,0,0,0,0
1541,79,2026-03-25,clinic,"Flag who_risk: WHO 10-year CVD risk 23% (man, smoker, age 70-74, SBP 140-159, BMI 25-29 (28.8)) on the reading of 2026-03-25: at or above the 'high' level (20%). Note: age 77 is above the chart: read as 70-74, so the risk is likely higher.
Rule default: visit_this_week.
Medicine taken at the last three contacts: yes, partial, yes.
Days since last contact: 0.
CHW notes:
""N'a pas pris ses comprimés depuis 3 jours.""",visit_this_week,up,note,missed_meds (generator note or message): Renouvellement du traitement,[],refer_clinic,0,11.5,152,13.7,1.49,0,0,0,0,0,0,0,0
1550,79,2026-04-01,chw,"Flag who_risk: WHO 10-year CVD risk 23% (man, smoker, age 70-74, SBP 140-159, BMI 25-29 (28.8)) on the reading of 2026-04-01: at or above the 'high' level (20%). Note: age 77 is above the chart: read as 70-74, so the risk is likely higher.
Flag trend: Trend rule: each of the last 3 readings (156, 152, 155, 2026-03-14 to 2026-04-01) is at least 10 mmHg above the baseline of 138 (baseline = first 3 readings).
Rule default: visit_this_week.
Medicine taken at the last three contacts: partial, yes, partial.
Days since last contact: 0.
CHW notes:
""Amesahau dawa siku kadhaa.""",visit_this_week,up,note,missed_meds (generator note or message): Amesahau dawa siku kadhaa.,[],refer_clinic,0,16.5,155,16.7,1.17,0,3,0,2,0,0,0,0
1551,79,2026-04-26,chw,"Flag who_risk: WHO 10-year CVD risk 23% (man, smoker, age 70-74, SBP 140-159, BMI 25-29 (28.8)) on the reading of 2026-04-26: at or above the 'high' level (20%). Note: age 77 is above the chart: read as 70-74, so the risk is likely higher.
Flag trend: Trend rule: each of the last 3 readings (152, 155, 157, 2026-03-25 to 2026-04-26) is at least 10 mmHg above the baseline of 138; and the last 4 readings (2026-03-14 to 2026-04-26) average 155, 17 mmHg above the baseline of 138 (rule: at least 15 mmHg over 4 readings) (baseline = first 3 readings).
Rule default: visit_this_week.
Medicine taken at the last three contacts: yes, partial, yes.
Days since last contact: 0.
CHW notes:
""Amesahau dawa siku kadhaa.""
""Mgonjwa yuko sawa, anakunywa dawa.""",visit_this_week,up,note,missed_meds (generator note or message): Amesahau dawa siku kadhaa.,[],refer_clinic,0,14.5,157,18.7,0.63,0,3,0,0,0,0,0,0
1552,79,2026-05-13,chw,"Flag threshold: Latest BP 162/94 on 2026-05-13 is at or above the 'grade2' cut-off (160/100).
Flag who_risk: WHO 10-year CVD risk 28% (man, smoker, age 70-74, SBP 160-179, BMI 25-29 (28.8)) on the reading of 2026-05-13: at or above the 'high' level (20%). Note: age 77 is above the chart: read as 70-74, so the risk is likely higher.
Flag trend: Trend rule: each of the last 3 readings (155, 157, 162, 2026-04-01 to 2026-05-13) is at least 10 mmHg above the baseline of 138; and the last 4 readings (2026-03-25 to 2026-05-13) average 156, 18 mmHg above the baseline of 138 (rule: at least 15 mmHg over 4 readings) (baseline = first 3 readings).
Rule default: visit_this_week.
Medicine taken at the last three contacts: yes, yes, partial.
Days since last contact: 0.
CHW notes:
""Mgonjwa yuko sawa, anakunywa dawa.""
""Patient bien, prend ses médicaments.""",visit_this_week,none,,,[],visit_this_week,0,21.0,162,23.7,2.17,4,3,0,0,0,0,0,0
1553,80,2025-11-11,clinic,"Flags: none.
Rule default: routine.
Medicine taken at the last three contacts: yes.
Days since last contact: 0.",routine,none,,,[],routine,0,3.0,144,0.0,0.0,0,0,0,0,0,0,0,0
1556,80,2025-11-17,chw,"Flags: none.
Rule default: routine.
Medicine taken at the last three contacts: yes, yes.
Days since last contact: 0.
CHW notes:
""Patient bien, prend ses médicaments.""",routine,none,,,[],routine,0,3.0,143,-0.5,-1.0,0,0,0,0,0,0,0,0
1557,80,2025-12-02,chw,"Flags: none.
Rule default: routine.
Medicine taken at the last three contacts: yes, yes, yes.
Days since last contact: 0.
CHW notes:
""Patient bien, prend ses médicaments.""
""Home visit, no complaints.""",routine,none,,,[],routine,0,3.0,143,-0.3,-0.5,0,0,0,0,0,0,0,0
1558,80,2025-12-27,chw,"Flags: none.
Rule default: routine.
Medicine taken at the last three contacts: yes, yes, yes.
Days since last contact: 0.
CHW notes:
""Home visit, no complaints.""
""Patient well, taking medicine.""",routine,none,,,[],routine,0,3.0,149,5.7,1.5,0,0,0,0,0,0,0,0
1559,80,2026-01-20,chw,"Flags: none.
Rule default: routine.
Medicine taken at the last three contacts: yes, yes, yes.
Days since last contact: 0.
CHW notes:
""Patient well, taking medicine.""
""Patient well, taking medicine.""",routine,none,,,[],routine,0,3.0,153,9.7,2.4,0,0,0,0,0,0,0,0
1554,80,2026-01-29,clinic,"Flags: none.
Rule default: routine.
Medicine taken at the last three contacts: yes, yes, yes.
Days since last contact: 0.
CHW notes:
""Patient well, taking medicine.""",routine,none,,,[],routine,0,3.0,150,6.7,1.89,0,0,0,0,0,0,0,0
1560,80,2026-02-12,chw,"Flags: none.
Rule default: routine.
Medicine taken at the last three contacts: yes, yes, yes.
Days since last contact: 0.
CHW notes:
""Patient bien, prend ses médicaments.""",routine,none,,,[],routine,0,3.0,149,5.7,1.57,0,0,0,0,0,0,0,0
1561,80,2026-02-27,chw,"Flags: none.
Rule default: routine.
Medicine taken at the last three contacts: partial, yes, yes.
Days since last contact: 0.
CHW notes:
""Patient bien, prend ses médicaments.""
""Amesahau dawa siku kadhaa.""",routine,up,note,missed_meds (generator note or message): Amesahau dawa siku kadhaa.,[],recheck_7_days,0,5.0,157,13.7,1.91,0,0,0,2,0,0,0,0
1562,80,2026-03-17,chw,"Flags: none.
Rule default: routine.
Medicine taken at the last three contacts: yes, partial, yes.
Days since last contact: 0.
CHW notes:
""Amesahau dawa siku kadhaa.""
""Home visit, no complaints.""",routine,up,note,missed_meds (generator note or message): Amesahau dawa siku kadhaa.,[],recheck_7_days,0,3.0,155,11.7,1.17,0,0,0,0,0,0,0,0
1563,80,2026-04-03,chw,"Flag trend: Trend rule: each of the last 3 readings (157, 155, 154, 2026-02-27 to 2026-04-03) is at least 10 mmHg above the baseline of 143 (baseline = first 3 readings).
Rule default: recheck_7_days.
Medicine taken at the last three contacts: partial, yes, partial.
Days since last contact: 0.
CHW notes:
""Home visit, no complaints.""
""Amesahau dawa siku kadhaa.""",recheck_7_days,up,note,missed_meds (generator note or message): Amesahau dawa siku kadhaa.,[],visit_this_week,0,8.0,154,10.7,0.8,0,3,0,2,0,0,0,0
1555,80,2026-04-14,clinic,"Flags: none.
Rule default: routine.
Medicine taken at the last three contacts: yes, partial, yes.
Days since last contact: 0.
CHW notes:
""Amesahau dawa siku kadhaa.""",routine,up,note,missed_meds (generator note or message): Amesahau dawa siku kadhaa.,[],recheck_7_days,0,3.0,152,8.7,0.66,0,0,0,0,0,0,0,0
1564,80,2026-04-27,chw,"Flags: none.
Rule default: routine.
Medicine taken at the last three contacts: yes, yes, partial.
Days since last contact: 0.
CHW notes:
""Mgonjwa yuko sawa, anakunywa dawa.""",routine,none,,,[],routine,0,3.0,156,12.7,0.54,0,0,0,0,0,0,0,0
1567,81,2025-10-24,chw,"Flags: none.
Rule default: routine.
Medicine taken at the last three contacts: yes.
Days since last contact: 0.
CHW notes:
""Patient well, taking medicine.""",routine,none,,,[],routine,0,2.5,133,0.0,0.0,0,0,0,0,0,0,0,0
1565,81,2025-11-06,clinic,"Flags: none.
Rule default: routine.
Medicine taken at the last three contacts: yes, yes.
Days since last contact: 0.
CHW notes:
""Patient well, taking medicine.""",routine,none,,,[],routine,0,2.5,126,-3.5,-7.0,0,0,0,0,0,0,0,0
1568,81,2025-11-07,chw,"Flags: none.
Rule default: routine.
Medicine taken at the last three contacts: yes, yes, yes.
Days since last contact: 0.
CHW notes:
""Patient bien, prend ses médicaments.""",routine,none,,,[],routine,0,2.5,130,0.3,-1.5,0,0,0,0,0,0,0,0
1569,81,2025-11-21,chw,"Flags: none.
Rule default: routine.
Medicine taken at the last three contacts: yes, yes, yes.
Days since last contact: 0.
CHW notes:
""Patient bien, prend ses médicaments.""
""Patient well, taking medicine.""",routine,none,,,[],routine,0,2.5,136,6.3,1.3,0,0,0,0,0,0,0,0
1570,81,2025-12-07,chw,"Flag borderline: Borderline: 3 readings in a row in the band just under the goal 140/90 (130-139 systolic or 85-89 diastolic): 130/80, 136/86, 133/80 (2025-11-07 to 2025-12-07). No threshold crossed; recheck and ask for a weekly reading.
Rule default: recheck_7_days.
Medicine taken at the last three contacts: yes, yes, yes.
Days since last contact: 0.
CHW notes:
""Patient well, taking medicine.""
""Home visit, no complaints.""",recheck_7_days,none,,,[],recheck_7_days,0,4.5,133,3.3,1.0,0,0,0,0,0,0,0,0
1571,81,2025-12-31,chw,"Flag borderline: Borderline: 4 readings in a row in the band just under the goal 140/90 (130-139 systolic or 85-89 diastolic): 130/80, 136/86, 133/80, 137/84 (2025-11-07 to 2025-12-31). No threshold crossed; recheck and ask for a weekly reading.
Rule default: recheck_7_days.
Medicine taken at the last three contacts: yes, yes, yes.
Days since last contact: 0.
CHW notes:
""Home visit, no complaints.""
""Mgonjwa yuko sawa, anakunywa dawa.""",recheck_7_days,none,,,[],recheck_7_days,0,4.5,137,7.3,1.34,0,0,0,0,0,0,0,0
1572,81,2026-01-22,chw,"Flag borderline: Borderline: 4 readings in a row in the band just under the goal 140/90 (130-139 systolic or 85-89 diastolic): 130/80, 136/86, 133/80, 137/84 (2025-11-07 to 2025-12-31). No threshold crossed; recheck and ask for a weekly reading.
Rule default: recheck_7_days.
Medicine taken at the last three contacts: yes, yes, yes.
Days since last contact: 0.
CHW notes:
""Mgonjwa yuko sawa, anakunywa dawa.""
""Home visit, no complaints.""",recheck_7_days,none,,,[],recheck_7_days,0,5.5,143,13.3,2.94,0,0,0,0,0,0,0,0
1566,81,2026-01-30,clinic,"Flag borderline: Borderline: 4 readings in a row in the band just under the goal 140/90 (130-139 systolic or 85-89 diastolic): 130/80, 136/86, 133/80, 137/84 (2025-11-07 to 2025-12-31). No threshold crossed; recheck and ask for a weekly reading.
Rule default: recheck_7_days.
Medicine taken at the last three contacts: yes, yes, yes.
Days since last contact: 0.
CHW notes:
""Home visit, no complaints.""",recheck_7_days,none,,,[],recheck_7_days,0,4.5,138,8.3,1.86,0,0,0,0,0,0,0,0
1573,81,2026-02-18,chw,"Flag borderline: Borderline: 3 readings in a row in the band just under the goal 140/90 (130-139 systolic or 85-89 diastolic): 136/86, 133/80, 137/84 (2025-11-21 to 2025-12-31). No threshold crossed; recheck and ask for a weekly reading.
Rule default: recheck_7_days.
Medicine taken at the last three contacts: yes, yes, yes.
Days since last contact: 0.
CHW notes:
""Mgonjwa yuko sawa, anakunywa dawa.""",recheck_7_days,none,,,[],recheck_7_days,0,4.5,136,6.3,0.6,0,0,0,0,0,0,0,0
1574,81,2026-03-18,chw,"Flag borderline: Borderline: the readings crossed the goal 140/90 3 times in the last 6 readings: 133/80, 137/84, 143/90, 138/86, 136/85, 148/88. No threshold crossed; recheck and ask for a weekly reading.
Rule default: recheck_7_days.
Medicine taken at the last three contacts: yes, yes, yes.
Days since last contact: 0.
CHW notes:
""Mgonjwa yuko sawa, anakunywa dawa.""
""Mgonjwa yuko sawa, anakunywa dawa.""",recheck_7_days,none,,,[],recheck_7_days,0,5.5,148,18.3,1.91,0,0,0,0,0,0,0,0
1579,82,2025-10-31,chw,"Flags: none.
Rule default: routine.
Medicine taken at the last three contacts: yes.
Days since last contact: 0.
CHW notes:
""Patient bien, prend ses médicaments.""",routine,none,,,[],routine,0,6.5,142,0.0,0.0,0,0,0,0,0,0,0,0
1575,82,2025-11-03,clinic,"Flags: none.
Rule default: routine.
Medicine taken at the last three contacts: yes, yes.
Days since last contact: 0.
CHW notes:
""Patient bien, prend ses médicaments.""",routine,none,,,[],routine,0,6.5,142,0.0,0.0,0,0,0,0,0,0,0,0
1580,82,2025-11-21,chw,"Flags: none.
Rule default: routine.
Medicine taken at the last three contacts: yes, yes, yes.
Days since last contact: 0.
CHW notes:
""Patient bien, prend ses médicaments.""",routine,none,,,[],routine,0,5.5,136,-4.0,-3.0,0,0,0,0,0,0,0,0
1581,82,2025-12-11,chw,"Flag borderline: Borderline: the readings crossed the goal 140/90 2 times in the last 4 readings: 142/88, 142/90, 136/85, 144/84. No threshold crossed; recheck and ask for a weekly reading.
Rule default: recheck_7_days.
Medicine taken at the last three contacts: partial, yes, yes.
Days since last contact: 0.
CHW notes:
""Patient bien, prend ses médicaments.""
""Patient ran out of tablets last week.""",recheck_7_days,up,note,missed_meds (generator note or message): Patient ran out of tablets last week.,[],visit_this_week,0,10.5,144,4.0,0.0,0,0,0,2,0,0,0,0
1582,82,2025-12-28,chw,"Flag borderline: Borderline: the readings crossed the goal 140/90 2 times in the last 5 readings: 142/88, 142/90, 136/85, 144/84, 141/89. No threshold crossed; recheck and ask for a weekly reading.
Rule default: recheck_7_days.
Medicine taken at the last three contacts: yes, partial, yes.
Days since last contact: 0.
CHW notes:
""Patient ran out of tablets last week.""
""Patient well, taking medicine.""",recheck_7_days,up,note,missed_meds (generator note or message): Patient ran out of tablets last week.,[],visit_this_week,0,8.5,141,1.0,0.0,0,0,0,0,0,0,0,0
1576,82,2026-01-03,clinic,"Flag borderline: Borderline: the readings crossed the goal 140/90 3 times in the last 6 readings: 142/88, 142/90, 136/85, 144/84, 141/89, 138/82. No threshold crossed; recheck and ask for a weekly reading.
Rule default: recheck_7_days.
Medicine taken at the last three contacts: yes, yes, partial.
Days since last contact: 0.
CHW notes:
""Patient well, taking medicine.""",recheck_7_days,up,note,missed_meds (generator note or message): Dawa zimeisha,[],visit_this_week,0,7.5,138,-2.0,-0.43,0,0,0,0,0,0,0,0
1583,82,2026-01-13,chw,"Flag borderline: Borderline: the readings crossed the goal 140/90 4 times in the last 6 readings: 142/90, 136/85, 144/84, 141/89, 138/82, 148/92. No threshold crossed; recheck and ask for a weekly reading.
Rule default: recheck_7_days.
Medicine taken at the last three contacts: yes, yes, yes.
Days since last contact: 0.
CHW notes:
""Patient well, taking medicine.""",recheck_7_days,up,note,missed_meds (generator note or message): Dawa zimeisha,[],visit_this_week,0,8.5,148,8.0,0.94,0,0,0,0,0,0,0,0
1584,82,2026-02-06,chw,"Flag borderline: Borderline: the readings crossed the goal 140/90 3 times in the last 6 readings: 136/85, 144/84, 141/89, 138/82, 148/92, 145/87. No threshold crossed; recheck and ask for a weekly reading.
Rule default: recheck_7_days.
Medicine taken at the last three contacts: yes, yes, yes.
Days since last contact: 0.
CHW notes:
""Patient well, taking medicine.""
""Mgonjwa yuko sawa, anakunywa dawa.""",recheck_7_days,none,,,[],recheck_7_days,0,8.5,145,5.0,1.54,0,0,0,0,0,0,0,0
1585,82,2026-02-27,chw,"Flag borderline: Borderline: the readings crossed the goal 140/90 3 times in the last 6 readings: 144/84, 141/89, 138/82, 148/92, 145/87, 134/84. No threshold crossed; recheck and ask for a weekly reading.
Rule default: recheck_7_days.
Medicine taken at the last three contacts: yes, yes, yes.
Days since last contact: 0.
CHW notes:
""Mgonjwa yuko sawa, anakunywa dawa.""
""Patient bien, prend ses médicaments.""",recheck_7_days,none,,,[],recheck_7_days,0,7.5,134,-6.0,-0.8,0,0,0,0,0,0,0,0
1586,82,2026-03-23,chw,"Flag borderline: Borderline: the readings crossed the goal 140/90 3 times in the last 6 readings: 141/89, 138/82, 148/92, 145/87, 134/84, 138/85. No threshold crossed; recheck and ask for a weekly reading.
Rule default: recheck_7_days.
Medicine taken at the last three contacts: yes, yes, yes.
Days since last contact: 0.
CHW notes:
""Patient bien, prend ses médicaments.""
""Patient well, taking medicine.""",recheck_7_days,none,,,[],recheck_7_days,0,7.5,138,-2.0,-0.86,0,0,0,0,0,0,0,0
1577,82,2026-03-24,clinic,"Flag borderline: Borderline: 3 readings in a row in the band just under the goal 140/90 (130-139 systolic or 85-89 diastolic): 134/84, 138/85, 138/81 (2026-02-27 to 2026-03-24). No threshold crossed; recheck and ask for a weekly reading.
Rule default: recheck_7_days.
Medicine taken at the last three contacts: yes, yes, yes.
Days since last contact: 0.
CHW notes:
""Patient well, taking medicine.""",recheck_7_days,none,,,[],recheck_7_days,0,7.5,138,-2.0,-1.17,0,0,0,0,0,0,0,0
1587,82,2026-04-17,chw,"Flag borderline: Borderline: 3 readings in a row in the band just under the goal 140/90 (130-139 systolic or 85-89 diastolic): 134/84, 138/85, 138/81 (2026-02-27 to 2026-03-24). No threshold crossed; recheck and ask for a weekly reading.
Rule default: recheck_7_days.
Medicine taken at the last three contacts: yes, yes, yes.
Days since last contact: 0.
CHW notes:
""Mgonjwa yuko sawa, anakunywa dawa.""",recheck_7_days,none,,,[],recheck_7_days,0,8.5,143,3.0,-1.2,0,0,0,0,0,0,0,0
1588,82,2026-05-01,chw,"Flag borderline: Borderline: 3 readings in a row in the band just under the goal 140/90 (130-139 systolic or 85-89 diastolic): 134/84, 138/85, 138/81 (2026-02-27 to 2026-03-24). No threshold crossed; recheck and ask for a weekly reading.
Rule default: recheck_7_days.
Medicine taken at the last three contacts: yes, yes, yes.
Days since last contact: 0.
CHW notes:
""Mgonjwa yuko sawa, anakunywa dawa.""
""Home visit, no complaints.""",recheck_7_days,none,,,[],recheck_7_days,0,8.5,140,0.0,0.06,0,0,0,0,0,0,0,0
1589,82,2026-05-20,chw,"Flag borderline: Borderline: 3 readings in a row in the band just under the goal 140/90 (130-139 systolic or 85-89 diastolic): 134/84, 138/85, 138/81 (2026-02-27 to 2026-03-24). No threshold crossed; recheck and ask for a weekly reading.
Rule default: recheck_7_days.
Medicine taken at the last three contacts: yes, yes, yes.
Days since last contact: 0.
CHW notes:
""Home visit, no complaints.""
""Patient bien, prend ses médicaments.""",recheck_7_days,none,,,[],recheck_7_days,0,8.5,146,6.0,2.03,0,0,0,0,0,0,0,0
1578,82,2026-05-30,clinic,"Flags: none.
Rule default: routine.
Medicine taken at the last three contacts: yes, yes, yes.
Days since last contact: 0.
CHW notes:
""Patient bien, prend ses médicaments.""",routine,none,,,[],routine,0,6.5,143,3.0,1.31,0,0,0,0,0,0,0,0
1590,82,2026-06-03,chw,"Flag borderline: Borderline: the readings crossed the goal 140/90 2 times in the last 6 readings: 138/81, 143/89, 140/85, 146/84, 143/90, 138/81. No threshold crossed; recheck and ask for a weekly reading.
Rule default: recheck_7_days.
Medicine taken at the last three contacts: yes, yes, yes.
Days since last contact: 0.
CHW notes:
""Patient bien, prend ses médicaments.""",recheck_7_days,none,,,[],recheck_7_days,0,7.5,138,-2.0,0.17,0,0,0,0,0,0,0,0
1591,82,2026-06-22,chw,"Flags: none.
Rule default: routine.
Medicine taken at the last three contacts: yes, yes, yes.
Days since last contact: 0.
CHW notes:
""Patient bien, prend ses médicaments.""
""Mgonjwa yuko sawa, anakunywa dawa.""",routine,none,,,[],routine,0,5.5,129,-11.0,-2.26,0,0,0,0,0,0,0,0
1592,82,2026-07-08,chw,"Flags: none.
Rule default: routine.
Medicine taken at the last three contacts: yes, yes, yes.
Days since last contact: 0.
CHW notes:
""Mgonjwa yuko sawa, anakunywa dawa.""
""Patient well, taking medicine.""",routine,none,,,[],routine,0,5.5,133,-7.0,-2.6,0,0,0,0,0,0,0,0
1593,83,2025-11-21,clinic,"Flags: none.
Rule default: routine.
Medicine taken at the last three contacts: yes, yes.
Days since last contact: 0.
CHW notes:
""Mgonjwa yuko sawa, anakunywa dawa.""",routine,up,note,missed_meds (generator note or message): Dawa zimeisha,[],recheck_7_days,0,6.5,144,3.0,6.0,0,0,0,0,0,0,0,0
1596,83,2025-11-21,chw,"Flags: none.
Rule default: routine.
Medicine taken at the last three contacts: yes, yes.
Days since last contact: 0.
CHW notes:
""Mgonjwa yuko sawa, anakunywa dawa.""",routine,up,note,missed_meds (generator note or message): Dawa zimeisha,[],recheck_7_days,0,6.5,144,3.0,6.0,0,0,0,0,0,0,0,0
1597,83,2025-12-19,chw,"Flags: none.
Rule default: routine.
Medicine taken at the last three contacts: yes, yes, yes.
Days since last contact: 0.
CHW notes:
""Mgonjwa yuko sawa, anakunywa dawa.""
""Home visit, no complaints.""",routine,none,,,[],routine,0,5.5,132,-6.0,-3.0,0,0,0,0,0,0,0,0
1598,83,2026-01-09,chw,"Flag borderline: Borderline: the readings crossed the goal 140/90 2 times in the last 4 readings: 138/85, 144/91, 132/87, 134/87. No threshold crossed; recheck and ask for a weekly reading.
Rule default: recheck_7_days.
Medicine taken at the last three contacts: yes, yes, yes.
Days since last contact: 0.
CHW notes:
""Home visit, no complaints.""
""Home visit, no complaints.""",recheck_7_days,none,,,[],recheck_7_days,0,7.5,134,-4.0,-2.4,0,0,0,0,0,0,0,0
1599,83,2026-01-27,chw,"Flag borderline: Borderline: the readings crossed the goal 140/90 3 times in the last 5 readings: 138/85, 144/91, 132/87, 134/87, 141/88. No threshold crossed; recheck and ask for a weekly reading.
Rule default: recheck_7_days.
Medicine taken at the last three contacts: yes, yes, yes.
Days since last contact: 0.
CHW notes:
""Home visit, no complaints.""
""Home visit, no complaints.""",recheck_7_days,none,,,[],recheck_7_days,0,8.5,141,3.0,-0.4,0,0,0,0,0,0,0,0
1594,83,2026-01-31,clinic,"Flag borderline: Borderline: the readings crossed the goal 140/90 3 times in the last 6 readings: 138/85, 144/91, 132/87, 134/87, 141/88, 143/95. No threshold crossed; recheck and ask for a weekly reading.
Rule default: recheck_7_days.
Medicine taken at the last three contacts: partial, yes, yes.
Days since last contact: 0.
CHW notes:
""Home visit, no complaints.""",recheck_7_days,up,note,missed_meds (generator note or message): Dawa zimeisha,[],visit_this_week,0,10.5,143,5.0,0.51,0,0,0,2,0,0,0,0
1600,83,2026-02-15,chw,"Flag borderline: Borderline: the readings crossed the goal 140/90 3 times in the last 6 readings: 144/91, 132/87, 134/87, 141/88, 143/95, 138/86. No threshold crossed; recheck and ask for a weekly reading.
Rule default: recheck_7_days.
Medicine taken at the last three contacts: yes, partial, yes.
Days since last contact: 0.
CHW notes:
""Home visit, no complaints.""",recheck_7_days,up,note,missed_meds (generator note or message): Dawa zimeisha,[],visit_this_week,0,7.5,138,0.0,0.29,0,0,0,0,0,0,0,0
1601,83,2026-03-14,chw,"Flag borderline: Borderline: the readings crossed the goal 140/90 2 times in the last 6 readings: 132/87, 134/87, 141/88, 143/95, 138/86, 132/85. No threshold crossed; recheck and ask for a weekly reading.
Rule default: recheck_7_days.
Medicine taken at the last three contacts: partial, yes, partial.
Days since last contact: 0.
CHW notes:
""Home visit, no complaints.""
""Patient well, taking medicine.""",recheck_7_days,none,,,[],recheck_7_days,0,9.5,132,-6.0,0.4,0,0,0,2,0,0,0,0
1602,83,2026-04-03,chw,"Flag borderline: Borderline: 3 readings in a row in the band just under the goal 140/90 (130-139 systolic or 85-89 diastolic): 138/86, 132/85, 135/88 (2026-02-15 to 2026-04-03). No threshold crossed; recheck and ask for a weekly reading.
Rule default: recheck_7_days.
Medicine taken at the last three contacts: yes, partial, yes.
Days since last contact: 0.
CHW notes:
""Patient well, taking medicine.""
""Mgonjwa yuko sawa, anakunywa dawa.""",recheck_7_days,none,,,[],recheck_7_days,0,7.5,135,-3.0,-0.77,0,0,0,0,0,0,0,0
1603,83,2026-04-22,chw,"Flag borderline: Borderline: 3 readings in a row in the band just under the goal 140/90 (130-139 systolic or 85-89 diastolic): 138/86, 132/85, 135/88 (2026-02-15 to 2026-04-03). No threshold crossed; recheck and ask for a weekly reading.
Rule default: recheck_7_days.
Medicine taken at the last three contacts: yes, yes, partial.
Days since last contact: 0.
CHW notes:
""Mgonjwa yuko sawa, anakunywa dawa.""
""Patient bien, prend ses médicaments.""",recheck_7_days,none,,,[],recheck_7_days,0,8.5,143,5.0,-0.57,0,0,0,0,0,0,0,0
1595,83,2026-04-26,clinic,"Flag borderline: Borderline: 3 readings in a row in the band just under the goal 140/90 (130-139 systolic or 85-89 diastolic): 138/86, 132/85, 135/88 (2026-02-15 to 2026-04-03). No threshold crossed; recheck and ask for a weekly reading.
Rule default: recheck_7_days.
Medicine taken at the last three contacts: yes, yes, yes.
Days since last contact: 0.
CHW notes:
""Patient bien, prend ses médicaments.""",recheck_7_days,none,,,[],recheck_7_days,0,7.5,136,-2.0,-0.49,0,0,0,0,0,0,0,0
1604,83,2026-05-09,chw,"Flag borderline: Borderline: 3 readings in a row in the band just under the goal 140/90 (130-139 systolic or 85-89 diastolic): 138/86, 132/85, 135/88 (2026-02-15 to 2026-04-03). No threshold crossed; recheck and ask for a weekly reading.
Rule default: recheck_7_days.
Medicine taken at the last three contacts: yes, yes, yes.
Days since last contact: 0.
CHW notes:
""Patient bien, prend ses médicaments.""",recheck_7_days,none,,,[],recheck_7_days,0,7.5,138,0.0,0.57,0,0,0,0,0,0,0,0
1605,83,2026-05-28,chw,"Flag borderline: Borderline: the readings crossed the goal 140/90 2 times in the last 6 readings: 132/85, 135/88, 143/90, 136/90, 138/83, 137/82. No threshold crossed; recheck and ask for a weekly reading.
Rule default: recheck_7_days.
Medicine taken at the last three contacts: yes, yes, yes.
Days since last contact: 0.
CHW notes:
""Patient bien, prend ses médicaments.""
""Mgonjwa yuko sawa, anakunywa dawa.""",recheck_7_days,none,,,[],recheck_7_days,0,7.5,137,-1.0,0.77,0,0,0,0,0,0,0,0
1606,83,2026-06-13,chw,"Flag borderline: Borderline: the readings crossed the goal 140/90 3 times in the last 6 readings: 135/88, 143/90, 136/90, 138/83, 137/82, 146/92. No threshold crossed; recheck and ask for a weekly reading.
Rule default: recheck_7_days.
Medicine taken at the last three contacts: yes, yes, yes.
Days since last contact: 0.
CHW notes:
""Mgonjwa yuko sawa, anakunywa dawa.""
""Patient bien, prend ses médicaments.""",recheck_7_days,none,,,[],recheck_7_days,0,8.5,146,8.0,1.11,0,0,0,0,0,0,0,0
1607,84,2025-10-31,clinic,"Flags: none.
Rule default: routine.
Medicine taken at the last three contacts: yes.
Days since last contact: 0.",routine,none,,,[],routine,0,8.0,135,0.0,0.0,0,0,0,0,0,0,0,0
1610,84,2025-11-07,chw,"Flags: none.
Rule default: routine.
Medicine taken at the last three contacts: yes, yes.
Days since last contact: 0.
CHW notes:
""Mgonjwa yuko sawa, anakunywa dawa.""",routine,none,,,[],routine,0,9.5,140,2.5,5.0,0,0,0,0,0,0,0,0
1611,84,2025-11-24,chw,"Flags: none.
Rule default: routine.
Medicine taken at the last three contacts: yes, yes, yes.
Days since last contact: 0.
CHW notes:
""Mgonjwa yuko sawa, anakunywa dawa.""
""Home visit, no complaints.""",routine,none,,,[],routine,0,8.0,135,-1.7,0.0,0,0,0,0,0,0,0,0
1612,84,2025-12-17,chw,"Flag borderline: Borderline: the readings crossed the goal 140/90 2 times in the last 4 readings: 135/83, 140/85, 135/80, 138/81. No threshold crossed; recheck and ask for a weekly reading.
Rule default: recheck_7_days.
Medicine taken at the last three contacts: yes, yes, yes.
Days since last contact: 0.
CHW notes:
""Home visit, no complaints.""
""Patient bien, prend ses médicaments.""",recheck_7_days,none,,,[],recheck_7_days,0,10.0,138,1.3,0.4,0,0,0,0,0,0,0,0
1613,84,2026-01-11,chw,"Flag borderline: Borderline: 3 readings in a row in the band just under the goal 140/90 (130-139 systolic or 85-89 diastolic): 135/80, 138/81, 134/81 (2025-11-24 to 2026-01-11). No threshold crossed; recheck and ask for a weekly reading.
Rule default: recheck_7_days.
Medicine taken at the last three contacts: yes, yes, yes.
Days since last contact: 0.
CHW notes:
""Patient bien, prend ses médicaments.""
""Home visit, no complaints.""",recheck_7_days,none,,,[],recheck_7_days,0,10.0,134,-2.7,-0.4,0,0,0,0,0,0,0,0
1608,84,2026-01-13,clinic,"Flag borderline: Borderline: 4 readings in a row in the band just under the goal 140/90 (130-139 systolic or 85-89 diastolic): 135/80, 138/81, 134/81, 137/84 (2025-11-24 to 2026-01-13). No threshold crossed; recheck and ask for a weekly reading.
Rule default: recheck_7_days.
Medicine taken at the last three contacts: yes, yes, yes.
Days since last contact: 0.
CHW notes:
""Home visit, no complaints.""",recheck_7_days,none,,,[],recheck_7_days,0,10.0,137,0.3,-0.14,0,0,0,0,0,0,0,0
1614,84,2026-01-31,chw,"Flag borderline: Borderline: 5 readings in a row in the band just under the goal 140/90 (130-139 systolic or 85-89 diastolic): 135/80, 138/81, 134/81, 137/84, 130/80 (2025-11-24 to 2026-01-31). No threshold crossed; recheck and ask for a weekly reading.
Rule default: recheck_7_days.
Medicine taken at the last three contacts: yes, yes, yes.
Days since last contact: 0.
CHW notes:
""Home visit, no complaints.""",recheck_7_days,none,,,[],recheck_7_days,0,10.0,130,-6.7,-1.37,0,0,0,0,0,0,0,0
1615,84,2026-02-25,chw,"Flag borderline: Borderline: 5 readings in a row in the band just under the goal 140/90 (130-139 systolic or 85-89 diastolic): 135/80, 138/81, 134/81, 137/84, 130/80 (2025-11-24 to 2026-01-31). No threshold crossed; recheck and ask for a weekly reading.
Rule default: recheck_7_days.
Medicine taken at the last three contacts: yes, yes, yes.
Days since last contact: 0.
CHW notes:
""Home visit, no complaints.""
""Patient well, taking medicine.""",recheck_7_days,none,,,[],recheck_7_days,0,11.5,144,7.3,0.69,0,0,0,0,0,0,0,0
1609,84,2026-03-16,clinic,"Flag borderline: Borderline: 4 readings in a row in the band just under the goal 140/90 (130-139 systolic or 85-89 diastolic): 138/81, 134/81, 137/84, 130/80 (2025-12-17 to 2026-01-31). No threshold crossed; recheck and ask for a weekly reading.
Rule default: recheck_7_days.
Medicine taken at the last three contacts: yes, yes, yes.
Days since last contact: 0.
CHW notes:
""Patient well, taking medicine.""",recheck_7_days,none,,,[],recheck_7_days,0,10.0,136,-0.7,0.37,0,0,0,0,0,0,0,0
1616,84,2026-03-17,chw,"Flag borderline: Borderline: 3 readings in a row in the band just under the goal 140/90 (130-139 systolic or 85-89 diastolic): 134/81, 137/84, 130/80 (2026-01-11 to 2026-01-31). No threshold crossed; recheck and ask for a weekly reading.
Rule default: recheck_7_days.
Medicine taken at the last three contacts: yes, yes, yes.
Days since last contact: 0.
CHW notes:
""Mgonjwa yuko sawa, anakunywa dawa.""",recheck_7_days,none,,,[],recheck_7_days,0,10.0,138,1.3,0.89,0,0,0,0,0,0,0,0
1617,84,2026-04-10,chw,"Flag borderline: Borderline: the readings crossed the goal 140/90 3 times in the last 6 readings: 137/84, 130/80, 144/87, 136/85, 138/90, 142/90. No threshold crossed; recheck and ask for a weekly reading.
Rule default: recheck_7_days.
Medicine taken at the last three contacts: partial, yes, yes.
Days since last contact: 0.
CHW notes:
""Mgonjwa yuko sawa, anakunywa dawa.""
""Patient ran out of tablets last week.""",recheck_7_days,up,note,missed_meds (generator note or message): Patient ran out of tablets last week.,[],visit_this_week,0,13.5,142,5.3,1.17,0,0,0,2,0,0,0,0
1618,84,2026-04-25,chw,"Flag borderline: Borderline: the readings crossed the goal 140/90 3 times in the last 6 readings: 130/80, 144/87, 136/85, 138/90, 142/90, 142/85. No threshold crossed; recheck and ask for a weekly reading.
Rule default: recheck_7_days.
Medicine taken at the last three contacts: yes, partial, yes.
Days since last contact: 0.
CHW notes:
""Patient ran out of tablets last week.""
""Patient bien, prend ses médicaments.""",recheck_7_days,up,note,missed_meds (generator note or message): Patient ran out of tablets last week.,[],visit_this_week,0,11.5,142,5.3,1.6,0,0,0,0,0,0,0,0
1622,85,2025-11-20,chw,"Flags: none.
Rule default: routine.
Medicine taken at the last three contacts: yes.
Days since last contact: 0.
CHW notes:
""Mgonjwa yuko sawa, anakunywa dawa.""",routine,none,,,[],routine,0,3.0,144,0.0,0.0,0,0,0,0,0,0,0,0
1619,85,2025-12-01,clinic,"Flags: none.
Rule default: routine.
Medicine taken at the last three contacts: yes, yes.
Days since last contact: 0.
CHW notes:
""Mgonjwa yuko sawa, anakunywa dawa.""",routine,none,,,[],routine,0,3.0,140,-2.0,-4.0,0,0,0,0,0,0,0,0
1623,85,2025-12-07,chw,"Flag threshold: Latest BP 143/100 on 2025-12-07 is at or above the 'grade2' cut-off (160/100).
Rule default: visit_this_week.
Medicine taken at the last three contacts: yes, yes, yes.
Days since last contact: 0.
CHW notes:
""Patient well, taking medicine.""",visit_this_week,none,,,[],visit_this_week,0,7.0,143,0.7,-0.5,4,0,0,0,0,0,0,0
1624,85,2025-12-29,chw,"Flag threshold: Latest BP 146/101 on 2025-12-29 is at or above the 'grade2' cut-off (160/100).
Rule default: visit_this_week.
Medicine taken at the last three contacts: yes, yes, yes.
Days since last contact: 0.
CHW notes:
""Patient well, taking medicine.""
""Mgonjwa yuko sawa, anakunywa dawa.""",visit_this_week,none,,,[],visit_this_week,0,7.0,146,3.7,0.9,4,0,0,0,0,0,0,0
1625,85,2026-01-19,chw,"Flags: none.
Rule default: routine.
Medicine taken at the last three contacts: yes, yes, yes.
Days since last contact: 0.
CHW notes:
""Mgonjwa yuko sawa, anakunywa dawa.""
""Patient well, taking medicine.""",routine,none,,,[],routine,0,2.0,138,-4.3,-0.6,0,0,0,0,0,0,0,0
1626,85,2026-02-03,chw,"Flag borderline: Borderline: the readings crossed the goal 140/90 2 times in the last 6 readings: 144/96, 140/90, 143/100, 146/101, 138/88, 150/98. No threshold crossed; recheck and ask for a weekly reading.
Rule default: recheck_7_days.
Medicine taken at the last three contacts: yes, yes, yes.
Days since last contact: 0.
CHW notes:
""Patient well, taking medicine.""
""Mgonjwa yuko sawa, anakunywa dawa.""",recheck_7_days,none,,,[],recheck_7_days,0,5.0,150,7.7,0.77,0,0,0,0,0,0,0,0
1620,85,2026-02-23,clinic,"Flag borderline: Borderline: the readings crossed the goal 140/90 2 times in the last 6 readings: 140/90, 143/100, 146/101, 138/88, 150/98, 149/97. No threshold crossed; recheck and ask for a weekly reading.
Rule default: recheck_7_days.
Medicine taken at the last three contacts: yes, yes, yes.
Days since last contact: 0.
CHW notes:
""Mgonjwa yuko sawa, anakunywa dawa.""",recheck_7_days,up,note,missed_meds (generator note or message): Renouvellement du traitement,[],visit_this_week,0,5.0,149,6.7,1.66,0,0,0,0,0,0,0,0
1627,85,2026-03-02,chw,"Flag borderline: Borderline: the readings crossed the goal 140/90 2 times in the last 6 readings: 143/100, 146/101, 138/88, 150/98, 149/97, 152/97. No threshold crossed; recheck and ask for a weekly reading.
Rule default: recheck_7_days.
Medicine taken at the last three contacts: yes, yes, yes.
Days since last contact: 0.
CHW notes:
""Patient bien, prend ses médicaments.""",recheck_7_days,up,note,missed_meds (generator note or message): Renouvellement du traitement,[],visit_this_week,0,5.0,152,9.7,1.89,0,0,0,0,0,0,0,0
1628,85,2026-03-28,chw,"Flag borderline: Borderline: the readings crossed the goal 140/90 2 times in the last 6 readings: 146/101, 138/88, 150/98, 149/97, 152/97, 151/91. No threshold crossed; recheck and ask for a weekly reading.
Rule default: recheck_7_days.
Medicine taken at the last three contacts: yes, yes, yes.
Days since last contact: 0.
CHW notes:
""Patient bien, prend ses médicaments.""
""Patient well, taking medicine.""",recheck_7_days,none,,,[],recheck_7_days,0,5.0,151,8.7,1.89,0,0,0,0,0,0,0,0
1629,85,2026-04-12,chw,"Flag borderline: Borderline: the readings crossed the goal 140/90 2 times in the last 6 readings: 138/88, 150/98, 149/97, 152/97, 151/91, 139/86. No threshold crossed; recheck and ask for a weekly reading.
Rule default: recheck_7_days.
Medicine taken at the last three contacts: yes, yes, yes.
Days since last contact: 0.
CHW notes:
""Patient well, taking medicine.""
""Home visit, no complaints.""",recheck_7_days,none,,,[],recheck_7_days,0,4.0,139,-3.3,0.31,0,0,0,0,0,0,0,0
1630,85,2026-05-10,chw,"Flag borderline: Borderline: the readings crossed the goal 140/90 2 times in the last 6 readings: 150/98, 149/97, 152/97, 151/91, 139/86, 141/86. No threshold crossed; recheck and ask for a weekly reading.
Rule default: recheck_7_days.
Medicine taken at the last three contacts: yes, yes, yes.
Days since last contact: 0.
CHW notes:
""Home visit, no complaints.""
""Home visit, no complaints.""",recheck_7_days,none,,,[],recheck_7_days,0,5.0,141,-1.3,-2.17,0,0,0,0,0,0,0,0
1621,85,2026-05-19,clinic,"Flag borderline: Borderline: the readings crossed the goal 140/90 2 times in the last 6 readings: 149/97, 152/97, 151/91, 139/86, 141/86, 142/92. No threshold crossed; recheck and ask for a weekly reading.
Rule default: recheck_7_days.
Medicine taken at the last three contacts: yes, yes, yes.
Days since last contact: 0.
CHW notes:
""Home visit, no complaints.""",recheck_7_days,none,,,[],recheck_7_days,0,5.0,142,-0.3,-2.29,0,0,0,0,0,0,0,0
1631,85,2026-05-28,chw,"Flag borderline: Borderline: the readings crossed the goal 140/90 2 times in the last 6 readings: 152/97, 151/91, 139/86, 141/86, 142/92, 148/93. No threshold crossed; recheck and ask for a weekly reading.
Rule default: recheck_7_days.
Medicine taken at the last three contacts: yes, yes, yes.
Days since last contact: 0.
CHW notes:
""Patient well, taking medicine.""",recheck_7_days,none,,,[],recheck_7_days,0,5.0,148,5.7,-1.29,0,0,0,0,0,0,0,0
1635,86,2025-11-02,chw,"Flags: none.
Rule default: routine.
Medicine taken at the last three contacts: yes.
Days since last contact: 0.
CHW notes:
""Home visit, no complaints.""",routine,none,,,[],routine,0,1.5,142,0.0,0.0,0,0,0,0,0,0,0,0
1632,86,2025-11-03,clinic,"Flags: none.
Rule default: routine.
Medicine taken at the last three contacts: yes, yes.
Days since last contact: 0.
CHW notes:
""Home visit, no complaints.""",routine,none,,,[],routine,0,1.5,142,0.0,0.0,0,0,0,0,0,0,0,0
1636,86,2025-11-27,chw,"Flags: none.
Rule default: routine.
Medicine taken at the last three contacts: yes, yes, yes.
Days since last contact: 0.
CHW notes:
""Patient bien, prend ses médicaments.""",routine,none,,,[],routine,0,1.5,149,4.7,3.5,0,0,0,0,0,0,0,0
1637,86,2025-12-16,chw,"Flags: none.
Rule default: routine.
Medicine taken at the last three contacts: yes, yes, yes.
Days since last contact: 0.
CHW notes:
""Patient bien, prend ses médicaments.""
""Patient well, taking medicine.""",routine,none,,,[],routine,0,1.5,153,8.7,4.0,0,0,0,0,0,0,0,0
1638,86,2026-01-10,chw,"Flags: none.
Rule default: routine.
Medicine taken at the last three contacts: yes, yes, yes.
Days since last contact: 0.
CHW notes:
""Patient well, taking medicine.""
""Patient bien, prend ses médicaments.""",routine,none,,,[],routine,0,1.5,153,8.7,3.3,0,0,0,0,0,0,0,0
1633,86,2026-01-19,clinic,"Flags: none.
Rule default: routine.
Medicine taken at the last three contacts: yes, yes, yes.
Days since last contact: 0.
CHW notes:
""Patient bien, prend ses médicaments.""",routine,none,,,[],routine,0,1.5,156,11.7,3.06,0,0,0,0,0,0,0,0
1639,86,2026-01-24,chw,"Flags: none.
Rule default: routine.
Medicine taken at the last three contacts: yes, yes, yes.
Days since last contact: 0.
CHW notes:
""Patient well, taking medicine.""",routine,none,,,[],routine,0,1.5,149,4.7,1.6,0,0,0,0,0,0,0,0
1640,86,2026-02-20,chw,"Flags: none.
Rule default: routine.
Medicine taken at the last three contacts: yes, yes, yes.
Days since last contact: 0.
CHW notes:
""Patient well, taking medicine.""
""Home visit, no complaints.""",routine,none,,,[],routine,0,1.5,150,5.7,-0.11,0,0,0,0,0,0,0,0
1641,86,2026-03-07,chw,"Flags: none.
Rule default: routine.
Medicine taken at the last three contacts: yes, yes, yes.
Days since last contact: 0.
CHW notes:
""Home visit, no complaints.""
""Mgonjwa yuko sawa, anakunywa dawa.""",routine,none,,,[],routine,0,1.5,143,-1.3,-1.89,0,0,0,0,0,0,0,0
1634,86,2026-03-26,clinic,"Flag threshold: Latest BP 160/90 on 2026-03-26 is at or above the 'grade2' cut-off (160/100).
Rule default: visit_this_week.
Medicine taken at the last three contacts: partial, yes, yes.
Days since last contact: 0.
CHW notes:
""Mgonjwa yuko sawa, anakunywa dawa.""",visit_this_week,none,,,[],visit_this_week,0,8.5,160,15.7,-0.09,4,0,0,2,0,0,0,0
1642,86,2026-04-03,chw,"Flags: none.
Rule default: routine.
Medicine taken at the last three contacts: yes, partial, yes.
Days since last contact: 0.
CHW notes:
""Patient well, taking medicine.""",routine,none,,,[],routine,0,1.5,153,8.7,0.31,0,0,0,0,0,0,0,0
1643,86,2026-04-22,chw,"Flags: none.
Rule default: routine.
Medicine taken at the last three contacts: yes, yes, partial.
Days since last contact: 0.
CHW notes:
""Patient well, taking medicine.""
""Home visit, no complaints.""",routine,none,,,[],routine,0,1.5,157,12.7,1.89,0,0,0,0,0,0,0,0
1647,87,2025-11-23,chw,"Flags: none.
Rule default: routine.
Medicine taken at the last three contacts: yes.
Days since last contact: 0.
CHW notes:
""Home visit, no complaints.""",routine,none,,,[],routine,0,2.5,137,0.0,0.0,0,0,0,0,0,0,0,0
1644,87,2025-11-29,clinic,"Flags: none.
Rule default: routine.
Medicine taken at the last three contacts: yes, yes.
Days since last contact: 0.
CHW notes:
""Home visit, no complaints.""",routine,none,,,[],routine,0,3.5,143,3.0,6.0,0,0,0,0,0,0,0,0
1648,87,2025-12-09,chw,"Flags: none.
Rule default: routine.
Medicine taken at the last three contacts: yes, yes, yes.
Days since last contact: 0.
CHW notes:
""Patient well, taking medicine.""",routine,none,,,[],routine,0,3.5,140,0.0,1.5,0,0,0,0,0,0,0,0
1649,87,2025-12-26,chw,"Flag borderline: Borderline: the readings crossed the goal 140/90 2 times in the last 4 readings: 137/87, 143/88, 140/90, 131/84. No threshold crossed; recheck and ask for a weekly reading.
Rule default: recheck_7_days.
Medicine taken at the last three contacts: yes, yes, yes.
Days since last contact: 0.
CHW notes:
""Patient well, taking medicine.""
""Patient bien, prend ses médicaments.""",recheck_7_days,none,,,[],recheck_7_days,0,4.5,131,-9.0,-2.1,0,0,0,0,0,0,0,0
1650,87,2026-01-17,chw,"Flag borderline: Borderline: the readings crossed the goal 140/90 3 times in the last 5 readings: 137/87, 143/88, 140/90, 131/84, 141/91. No threshold crossed; recheck and ask for a weekly reading.
Rule default: recheck_7_days.
Medicine taken at the last three contacts: yes, yes, yes.
Days since last contact: 0.
CHW notes:
""Patient bien, prend ses médicaments.""
""Home visit, no complaints.""",recheck_7_days,none,,,[],recheck_7_days,0,5.5,141,1.0,-0.4,0,0,0,0,0,0,0,0
1651,87,2026-01-31,chw,"Flag borderline: Borderline: the readings crossed the goal 140/90 4 times in the last 6 readings: 137/87, 143/88, 140/90, 131/84, 141/91, 137/82. No threshold crossed; recheck and ask for a weekly reading.
Rule default: recheck_7_days.
Medicine taken at the last three contacts: yes, yes, yes.
Days since last contact: 0.
CHW notes:
""Home visit, no complaints.""
""Mgonjwa yuko sawa, anakunywa dawa.""",recheck_7_days,none,,,[],recheck_7_days,0,4.5,137,-3.0,-0.43,0,0,0,0,0,0,0,0
1652,87,2026-02-18,chw,"Flag borderline: Borderline: the readings crossed the goal 140/90 3 times in the last 6 readings: 143/88, 140/90, 131/84, 141/91, 137/82, 136/86. No threshold crossed; recheck and ask for a weekly reading.
Rule default: recheck_7_days.
Medicine taken at the last three contacts: yes, yes, yes.
Days since last contact: 0.
CHW notes:
""Mgonjwa yuko sawa, anakunywa dawa.""
""Home visit, no complaints.""",recheck_7_days,none,,,[],recheck_7_days,0,4.5,136,-4.0,-0.97,0,0,0,0,0,0,0,0
1645,87,2026-02-20,clinic,"Flag borderline: Borderline: the readings crossed the goal 140/90 4 times in the last 6 readings: 140/90, 131/84, 141/91, 137/82, 136/86, 142/90. No threshold crossed; recheck and ask for a weekly reading.
Rule default: recheck_7_days.
Medicine taken at the last three contacts: yes, yes, yes.
Days since last contact: 0.
CHW notes:
""Home visit, no complaints.""",recheck_7_days,none,,,[],recheck_7_days,0,5.5,142,2.0,0.6,0,0,0,0,0,0,0,0
1653,87,2026-03-04,chw,"Flag borderline: Borderline: the readings crossed the goal 140/90 3 times in the last 6 readings: 131/84, 141/91, 137/82, 136/86, 142/90, 142/88. No threshold crossed; recheck and ask for a weekly reading.
Rule default: recheck_7_days.
Medicine taken at the last three contacts: yes, yes, yes.
Days since last contact: 0.
CHW notes:
""Patient well, taking medicine.""",recheck_7_days,none,,,[],recheck_7_days,0,5.5,142,2.0,1.63,0,0,0,0,0,0,0,0
1654,87,2026-03-22,chw,"Flag borderline: Borderline: the readings crossed the goal 140/90 2 times in the last 6 readings: 141/91, 137/82, 136/86, 142/90, 142/88, 145/96. No threshold crossed; recheck and ask for a weekly reading.
Rule default: recheck_7_days.
Medicine taken at the last three contacts: partial, yes, yes.
Days since last contact: 0.
CHW notes:
""Patient well, taking medicine.""
""Patient well, taking medicine.""",recheck_7_days,none,,,[],recheck_7_days,0,7.5,145,5.0,1.17,0,0,0,2,0,0,0,0
1655,87,2026-04-10,chw,"Flags: none.
Rule default: routine.
Medicine taken at the last three contacts: yes, partial, yes.
Days since last contact: 0.
CHW notes:
""Patient well, taking medicine.""
""Patient bien, prend ses médicaments.""",routine,none,,,[],routine,0,2.5,128,-12.0,-0.51,0,0,0,0,0,0,0,0
1656,87,2026-04-28,chw,"Flag borderline: Borderline: the readings crossed the goal 140/90 2 times in the last 6 readings: 136/86, 142/90, 142/88, 145/96, 128/90, 136/89. No threshold crossed; recheck and ask for a weekly reading.
Rule default: recheck_7_days.
Medicine taken at the last three contacts: yes, yes, partial.
Days since last contact: 0.
CHW notes:
""Patient bien, prend ses médicaments.""
""Mgonjwa yuko sawa, anakunywa dawa.""",recheck_7_days,none,,,[],recheck_7_days,0,4.5,136,-4.0,-1.11,0,0,0,0,0,0,0,0
1646,87,2026-05-01,clinic,"Flags: none.
Rule default: routine.
Medicine taken at the last three contacts: partial, yes, yes.
Days since last contact: 0.
CHW notes:
""Mgonjwa yuko sawa, anakunywa dawa.""",routine,none,,,[],routine,0,4.5,134,-6.0,-2.14,0,0,0,2,0,0,0,0
1661,88,2025-11-10,chw,"Flags: none.
Rule default: routine.
Medicine taken at the last three contacts: yes.
Days since last contact: 0.
CHW notes:
""Home visit, no complaints.""",routine,none,,,[],routine,0,1.5,139,0.0,0.0,0,0,0,0,0,0,0,0
1657,88,2025-11-22,clinic,"Flags: none.
Rule default: routine.
Medicine taken at the last three contacts: yes, yes.
Days since last contact: 0.
CHW notes:
""Home visit, no complaints.""",routine,none,,,[],routine,0,1.5,139,0.0,0.0,0,0,0,0,0,0,0,0
1662,88,2025-12-01,chw,"Flags: none.
Rule default: routine.
Medicine taken at the last three contacts: yes, yes, yes.
Days since last contact: 0.
CHW notes:
""Patient bien, prend ses médicaments.""",routine,none,,,[],routine,0,2.0,142,2.0,1.5,0,0,0,0,0,0,0,0
1663,88,2025-12-19,chw,"Flags: none.
Rule default: routine.
Medicine taken at the last three contacts: yes, yes, yes.
Days since last contact: 0.
CHW notes:
""Patient bien, prend ses médicaments.""
""Patient well, taking medicine.""",routine,none,,,[],routine,0,2.0,149,9.0,3.3,0,0,0,0,0,0,0,0
1664,88,2026-01-04,chw,"Flag borderline: Borderline: the readings crossed the goal 140/90 2 times in the last 5 readings: 139/89, 139/87, 142/92, 149/92, 137/88. No threshold crossed; recheck and ask for a weekly reading.
Rule default: recheck_7_days.
Medicine taken at the last three contacts: yes, yes, yes.
Days since last contact: 0.
CHW notes:
""Patient well, taking medicine.""
""Home visit, no complaints.""",recheck_7_days,none,,,[],recheck_7_days,0,3.5,137,-3.0,0.6,0,0,0,0,0,0,0,0
1665,88,2026-01-22,chw,"Flag borderline: Borderline: the readings crossed the goal 140/90 3 times in the last 6 readings: 139/89, 139/87, 142/92, 149/92, 137/88, 148/89. No threshold crossed; recheck and ask for a weekly reading.
Rule default: recheck_7_days.
Medicine taken at the last three contacts: yes, yes, yes.
Days since last contact: 0.
CHW notes:
""Home visit, no complaints.""
""Home visit, no complaints.""",recheck_7_days,none,,,[],recheck_7_days,0,4.0,148,8.0,1.31,0,0,0,0,0,0,0,0
1666,88,2026-02-08,chw,"Flag borderline: Borderline: the readings crossed the goal 140/90 3 times in the last 6 readings: 139/87, 142/92, 149/92, 137/88, 148/89, 139/90. No threshold crossed; recheck and ask for a weekly reading.
Rule default: recheck_7_days.
Medicine taken at the last three contacts: yes, yes, yes.
Days since last contact: 0.
CHW notes:
""Home visit, no complaints.""
""Home visit, no complaints.""",recheck_7_days,none,,,[],recheck_7_days,0,3.5,139,-1.0,0.17,0,0,0,0,0,0,0,0
1658,88,2026-02-11,clinic,"Flag borderline: Borderline: the readings crossed the goal 140/90 3 times in the last 6 readings: 142/92, 149/92, 137/88, 148/89, 139/90, 134/84. No threshold crossed; recheck and ask for a weekly reading.
Rule default: recheck_7_days.
Medicine taken at the last three contacts: yes, yes, yes.
Days since last contact: 0.
CHW notes:
""Home visit, no complaints.""",recheck_7_days,none,,,[],recheck_7_days,0,3.5,134,-6.0,-1.69,0,0,0,0,0,0,0,0
1667,88,2026-03-05,chw,"Flag borderline: Borderline: the readings crossed the goal 140/90 4 times in the last 6 readings: 149/92, 137/88, 148/89, 139/90, 134/84, 142/89. No threshold crossed; recheck and ask for a weekly reading.
Rule default: recheck_7_days.
Medicine taken at the last three contacts: yes, yes, yes.
Days since last contact: 0.
CHW notes:
""Patient well, taking medicine.""",recheck_7_days,none,,,[],recheck_7_days,0,4.0,142,2.0,-1.51,0,0,0,0,0,0,0,0
1668,88,2026-03-25,chw,"Flag borderline: Borderline: the readings crossed the goal 140/90 3 times in the last 6 readings: 137/88, 148/89, 139/90, 134/84, 142/89, 140/88. No threshold crossed; recheck and ask for a weekly reading.
Rule default: recheck_7_days.
Medicine taken at the last three contacts: yes, yes, yes.
Days since last contact: 0.
CHW notes:
""Patient well, taking medicine.""
""Home visit, no complaints.""",recheck_7_days,none,,,[],recheck_7_days,0,4.0,140,0.0,-0.23,0,0,0,0,0,0,0,0
1669,88,2026-04-11,chw,"Flag borderline: Borderline: the readings crossed the goal 140/90 2 times in the last 6 readings: 148/89, 139/90, 134/84, 142/89, 140/88, 151/94. No threshold crossed; recheck and ask for a weekly reading.
Rule default: recheck_7_days.
Medicine taken at the last three contacts: yes, yes, yes.
Days since last contact: 0.
CHW notes:
""Home visit, no complaints.""
""Home visit, no complaints.""",recheck_7_days,none,,,[],recheck_7_days,0,4.0,151,11.0,0.74,0,0,0,0,0,0,0,0
1659,88,2026-04-22,clinic,"Flag borderline: Borderline: the readings crossed the goal 140/90 2 times in the last 6 readings: 139/90, 134/84, 142/89, 140/88, 151/94, 144/87. No threshold crossed; recheck and ask for a weekly reading.
Rule default: recheck_7_days.
Medicine taken at the last three contacts: yes, yes, yes.
Days since last contact: 0.
CHW notes:
""Home visit, no complaints.""",recheck_7_days,none,,,[],recheck_7_days,0,4.0,144,4.0,2.11,0,0,0,0,0,0,0,0
1670,88,2026-05-02,chw,"Flags: none.
Rule default: routine.
Medicine taken at the last three contacts: yes, yes, yes.
Days since last contact: 0.
CHW notes:
""Patient bien, prend ses médicaments.""",routine,none,,,[],routine,0,2.0,141,1.0,1.49,0,0,0,0,0,0,0,0
1671,88,2026-05-16,chw,"Flags: none.
Rule default: routine.
Medicine taken at the last three contacts: yes, yes, yes.
Days since last contact: 0.
CHW notes:
""Patient bien, prend ses médicaments.""
""Patient bien, prend ses médicaments.""",routine,none,,,[],routine,0,1.5,137,-3.0,-0.83,0,0,0,0,0,0,0,0
1672,88,2026-06-03,chw,"Flags: none.
Rule default: routine.
Medicine taken at the last three contacts: yes, yes, yes.
Days since last contact: 0.
CHW notes:
""Patient bien, prend ses médicaments.""
""Mgonjwa yuko sawa, anakunywa dawa.""",routine,none,,,[],routine,0,1.5,138,-2.0,-1.57,0,0,0,0,0,0,0,0
1673,88,2026-06-24,chw,"Flag borderline: Borderline: the readings crossed the goal 140/90 2 times in the last 6 readings: 151/94, 144/87, 141/85, 137/90, 138/84, 152/95. No threshold crossed; recheck and ask for a weekly reading.
Rule default: recheck_7_days.
Medicine taken at the last three contacts: yes, yes, yes.
Days since last contact: 0.
CHW notes:
""Mgonjwa yuko sawa, anakunywa dawa.""
""Home visit, no complaints.""",recheck_7_days,none,,,[],recheck_7_days,0,4.0,152,12.0,-0.49,0,0,0,0,0,0,0,0
1660,88,2026-06-26,clinic,"Flag borderline: Borderline: the readings crossed the goal 140/90 3 times in the last 6 readings: 144/87, 141/85, 137/90, 138/84, 152/95, 135/87. No threshold crossed; recheck and ask for a weekly reading.
Rule default: recheck_7_days.
Medicine taken at the last three contacts: yes, yes, yes.
Days since last contact: 0.
CHW notes:
""Home visit, no complaints.""",recheck_7_days,none,,,[],recheck_7_days,0,3.5,135,-5.0,-0.31,0,0,0,0,0,0,0,0
1674,88,2026-07-10,chw,"Flag borderline: Borderline: the readings crossed the goal 140/90 3 times in the last 6 readings: 141/85, 137/90, 138/84, 152/95, 135/87, 139/87. No threshold crossed; recheck and ask for a weekly reading.
Rule default: recheck_7_days.
Medicine taken at the last three contacts: yes, yes, yes.
Days since last contact: 0.
CHW notes:
""Mgonjwa yuko sawa, anakunywa dawa.""",recheck_7_days,none,,,[],recheck_7_days,0,3.5,139,-1.0,-0.06,0,0,0,0,0,0,0,0
1675,89,2025-10-26,clinic,"Flags: none.
Rule default: routine.
Medicine taken at the last three contacts: yes.
Days since last contact: 0.",routine,none,,,[],routine,0,2.0,137,0.0,0.0,0,0,0,0,0,0,0,0
1678,89,2025-10-31,chw,"Flags: none.
Rule default: routine.
Medicine taken at the last three contacts: yes, yes.
Days since last contact: 0.
CHW notes:
""Patient bien, prend ses médicaments.""",routine,none,,,[],routine,0,2.0,138,0.5,1.0,0,0,0,0,0,0,0,0
1679,89,2025-11-24,chw,"Flags: none.
Rule default: routine.
Medicine taken at the last three contacts: yes, yes, yes.
Days since last contact: 0.
CHW notes:
""Patient bien, prend ses médicaments.""
""Mgonjwa yuko sawa, anakunywa dawa.""",routine,none,,,[],routine,0,3.0,141,2.3,2.0,0,0,0,0,0,0,0,0
1680,89,2025-12-15,chw,"Flags: none.
Rule default: routine.
Medicine taken at the last three contacts: yes, yes, yes.
Days since last contact: 0.
CHW notes:
""Mgonjwa yuko sawa, anakunywa dawa.""
""Mgonjwa yuko sawa, anakunywa dawa.""",routine,none,,,[],routine,0,3.0,142,3.3,1.8,0,0,0,0,0,0,0,0
1676,89,2025-12-28,clinic,"Flag borderline: Borderline: the readings crossed the goal 140/90 2 times in the last 5 readings: 137/83, 138/85, 141/87, 142/88, 137/83. No threshold crossed; recheck and ask for a weekly reading.
Rule default: recheck_7_days.
Medicine taken at the last three contacts: yes, yes, yes.
Days since last contact: 0.
CHW notes:
""Mgonjwa yuko sawa, anakunywa dawa.""",recheck_7_days,up,note,missed_meds (generator note or message): Dawa zimeisha,[],visit_this_week,0,4.0,137,-1.7,0.4,0,0,0,0,0,0,0,0
1681,89,2026-01-08,chw,"Flag borderline: Borderline: the readings crossed the goal 140/90 2 times in the last 6 readings: 137/83, 138/85, 141/87, 142/88, 137/83, 139/83. No threshold crossed; recheck and ask for a weekly reading.
Rule default: recheck_7_days.
Medicine taken at the last three contacts: yes, yes, yes.
Days since last contact: 0.
CHW notes:
""Home visit, no complaints.""",recheck_7_days,up,note,missed_meds (generator note or message): Dawa zimeisha,[],visit_this_week,0,4.0,139,0.3,0.23,0,0,0,0,0,0,0,0
1682,89,2026-01-25,chw,"Flag borderline: Borderline: the readings crossed the goal 140/90 3 times in the last 6 readings: 138/85, 141/87, 142/88, 137/83, 139/83, 142/91. No threshold crossed; recheck and ask for a weekly reading.
Rule default: recheck_7_days.
Medicine taken at the last three contacts: yes, yes, yes.
Days since last contact: 0.
CHW notes:
""Home visit, no complaints.""
""Home visit, no complaints.""",recheck_7_days,none,,,[],recheck_7_days,0,5.0,142,3.3,0.26,0,0,0,0,0,0,0,0
1683,89,2026-02-22,chw,"Flag borderline: Borderline: the readings crossed the goal 140/90 3 times in the last 6 readings: 141/87, 142/88, 137/83, 139/83, 142/91, 130/81. No threshold crossed; recheck and ask for a weekly reading.
Rule default: recheck_7_days.
Medicine taken at the last three contacts: yes, yes, yes.
Days since last contact: 0.
CHW notes:
""Home visit, no complaints.""
""Patient well, taking medicine.""",recheck_7_days,none,,,[],recheck_7_days,0,4.0,130,-8.7,-1.51,0,0,0,0,0,0,0,0
1684,89,2026-03-21,chw,"Flag borderline: Borderline: the readings crossed the goal 140/90 3 times in the last 6 readings: 142/88, 137/83, 139/83, 142/91, 130/81, 136/86. No threshold crossed; recheck and ask for a weekly reading.
Rule default: recheck_7_days.
Medicine taken at the last three contacts: yes, yes, yes.
Days since last contact: 0.
CHW notes:
""Patient well, taking medicine.""
""Home visit, no complaints.""",recheck_7_days,none,,,[],recheck_7_days,0,4.0,136,-2.7,-1.37,0,0,0,0,0,0,0,0
1677,89,2026-03-27,clinic,"Flag borderline: Borderline: 3 readings in a row in the band just under the goal 140/90 (130-139 systolic or 85-89 diastolic): 130/81, 136/86, 135/80 (2026-02-22 to 2026-03-27). No threshold crossed; recheck and ask for a weekly reading.
Rule default: recheck_7_days.
Medicine taken at the last three contacts: yes, yes, yes.
Days since last contact: 0.
CHW notes:
""Home visit, no complaints.""",recheck_7_days,none,,,[],recheck_7_days,0,4.0,135,-3.7,-0.89,0,0,0,0,0,0,0,0
1685,89,2026-04-06,chw,"Flag borderline: Borderline: 3 readings in a row in the band just under the goal 140/90 (130-139 systolic or 85-89 diastolic): 130/81, 136/86, 135/80 (2026-02-22 to 2026-03-27). No threshold crossed; recheck and ask for a weekly reading.
Rule default: recheck_7_days.
Medicine taken at the last three contacts: yes, yes, yes.
Days since last contact: 0.
CHW notes:
""Patient well, taking medicine.""",recheck_7_days,none,,,[],recheck_7_days,0,5.0,145,6.3,0.43,0,0,0,0,0,0,0,0
1686,89,2026-04-20,chw,"Flag borderline: Borderline: 3 readings in a row in the band just under the goal 140/90 (130-139 systolic or 85-89 diastolic): 130/81, 136/86, 135/80 (2026-02-22 to 2026-03-27). No threshold crossed; recheck and ask for a weekly reading.
Rule default: recheck_7_days.
Medicine taken at the last three contacts: yes, yes, yes.
Days since last contact: 0.
CHW notes:
""Patient well, taking medicine.""
""Patient bien, prend ses médicaments.""",recheck_7_days,none,,,[],recheck_7_days,0,4.0,138,-0.7,0.69,0,0,0,0,0,0,0,0
1687,89,2026-05-06,chw,"Flag borderline: Borderline: 3 readings in a row in the band just under the goal 140/90 (130-139 systolic or 85-89 diastolic): 130/81, 136/86, 135/80 (2026-02-22 to 2026-03-27). No threshold crossed; recheck and ask for a weekly reading.
Rule default: recheck_7_days.
Medicine taken at the last three contacts: partial, yes, yes.
Days since last contact: 0.
CHW notes:
""Patient bien, prend ses médicaments.""
""N'a pas pris ses comprimés depuis 3 jours.""",recheck_7_days,up,note,missed_meds (generator note or message): N'a pas pris ses comprimés depuis 3 jours.,[],visit_this_week,0,7.0,145,6.3,2.6,0,0,0,2,0,0,0,0
1688,90,2025-11-24,clinic,"Flags: none.
Rule default: routine.
Medicine taken at the last three contacts: yes.
Days since last contact: 0.",routine,up,note,missed_meds (generator note or message): Renouvellement du traitement,[],recheck_7_days,0,4.0,132,0.0,0.0,0,0,0,0,0,0,0,0
1692,90,2025-11-26,chw,"Flags: none.
Rule default: routine.
Medicine taken at the last three contacts: yes, yes.
Days since last contact: 0.
CHW notes:
""Patient well, taking medicine.""",routine,up,note,missed_meds (generator note or message): Renouvellement du traitement,[],recheck_7_days,0,4.0,138,3.0,6.0,0,0,0,0,0,0,0,0
1693,90,2025-12-13,chw,"Flags: none.
Rule default: routine.
Medicine taken at the last three contacts: yes, yes, yes.
Days since last contact: 0.
CHW notes:
""Patient well, taking medicine.""
""Mgonjwa yuko sawa, anakunywa dawa.""",routine,none,,,[],routine,0,4.0,135,0.0,1.5,0,0,0,0,0,0,0,0
1694,90,2026-01-05,chw,"Flag borderline: Borderline: the readings crossed the goal 140/90 2 times in the last 4 readings: 132/88, 138/90, 135/86, 133/86. No threshold crossed; recheck and ask for a weekly reading.
Rule default: recheck_7_days.
Medicine taken at the last three contacts: yes, yes, yes.
Days since last contact: 0.
CHW notes:
""Mgonjwa yuko sawa, anakunywa dawa.""
""Patient well, taking medicine.""",recheck_7_days,none,,,[],recheck_7_days,0,6.0,133,-2.0,0.0,0,0,0,0,0,0,0,0
1695,90,2026-02-01,chw,"Flag borderline: Borderline: 3 readings in a row in the band just under the goal 140/90 (130-139 systolic or 85-89 diastolic): 135/86, 133/86, 131/85 (2025-12-13 to 2026-02-01). No threshold crossed; recheck and ask for a weekly reading.
Rule default: recheck_7_days.
Medicine taken at the last three contacts: yes, yes, yes.
Days since last contact: 0.
CHW notes:
""Patient well, taking medicine.""
""Patient bien, prend ses médicaments.""",recheck_7_days,none,,,[],recheck_7_days,0,6.0,131,-4.0,-0.7,0,0,0,0,0,0,0,0
1689,90,2026-02-18,clinic,"Flag borderline: Borderline: 4 readings in a row in the band just under the goal 140/90 (130-139 systolic or 85-89 diastolic): 135/86, 133/86, 131/85, 136/89 (2025-12-13 to 2026-02-18). No threshold crossed; recheck and ask for a weekly reading.
Rule default: recheck_7_days.
Medicine taken at the last three contacts: yes, yes, yes.
Days since last contact: 0.
CHW notes:
""Patient bien, prend ses médicaments.""",recheck_7_days,none,,,[],recheck_7_days,0,6.0,136,1.0,-0.09,0,0,0,0,0,0,0,0
1696,90,2026-02-24,chw,"Flag borderline: Borderline: 5 readings in a row in the band just under the goal 140/90 (130-139 systolic or 85-89 diastolic): 135/86, 133/86, 131/85, 136/89, 129/89 (2025-12-13 to 2026-02-24). No threshold crossed; recheck and ask for a weekly reading.
Rule default: recheck_7_days.
Medicine taken at the last three contacts: yes, yes, yes.
Days since last contact: 0.
CHW notes:
""Patient bien, prend ses médicaments.""",recheck_7_days,none,,,[],recheck_7_days,0,6.0,129,-6.0,-1.26,0,0,0,0,0,0,0,0
1697,90,2026-03-22,chw,"Flag borderline: Borderline: 6 readings in a row in the band just under the goal 140/90 (130-139 systolic or 85-89 diastolic): 135/86, 133/86, 131/85, 136/89, 129/89, 133/84 (2025-12-13 to 2026-03-22). No threshold crossed; recheck and ask for a weekly reading.
Rule default: recheck_7_days.
Medicine taken at the last three contacts: yes, yes, yes.
Days since last contact: 0.
CHW notes:
""Patient bien, prend ses médicaments.""
""Patient well, taking medicine.""",recheck_7_days,none,,,[],recheck_7_days,0,6.0,133,-2.0,-0.49,0,0,0,0,0,0,0,0
1698,90,2026-04-10,chw,"Flag borderline: Borderline: 5 readings in a row in the band just under the goal 140/90 (130-139 systolic or 85-89 diastolic): 133/86, 131/85, 136/89, 129/89, 133/84 (2026-01-05 to 2026-03-22). No threshold crossed; recheck and ask for a weekly reading.
Rule default: recheck_7_days.
Medicine taken at the last three contacts: yes, yes, yes.
Days since last contact: 0.
CHW notes:
""Patient well, taking medicine.""
""Mgonjwa yuko sawa, anakunywa dawa.""",recheck_7_days,none,,,[],recheck_7_days,0,6.0,135,0.0,0.26,0,0,0,0,0,0,0,0
1690,90,2026-05-04,clinic,"Flag borderline: Borderline: 3 readings in a row in the band just under the goal 140/90 (130-139 systolic or 85-89 diastolic): 136/89, 129/89, 133/84 (2026-02-18 to 2026-03-22). No threshold crossed; recheck and ask for a weekly reading.
Rule default: recheck_7_days.
Medicine taken at the last three contacts: yes, yes, yes.
Days since last contact: 0.
CHW notes:
""Home visit, no complaints.""",recheck_7_days,up,note,missed_meds (generator note or message): Renouvellement du traitement,[],visit_this_week,0,6.0,132,-3.0,0.09,0,0,0,0,0,0,0,0
1699,90,2026-05-04,chw,"Flag borderline: Borderline: 3 readings in a row in the band just under the goal 140/90 (130-139 systolic or 85-89 diastolic): 136/89, 129/89, 133/84 (2026-02-18 to 2026-03-22). No threshold crossed; recheck and ask for a weekly reading.
Rule default: recheck_7_days.
Medicine taken at the last three contacts: yes, yes, yes.
Days since last contact: 0.
CHW notes:
""Home visit, no complaints.""",recheck_7_days,up,note,missed_meds (generator note or message): Renouvellement du traitement,[],visit_this_week,0,6.0,132,-3.0,0.09,0,0,0,0,0,0,0,0
1700,90,2026-05-25,chw,"Flag borderline: Borderline: the readings crossed the goal 140/90 2 times in the last 6 readings: 129/89, 133/84, 135/91, 136/93, 132/82, 131/89. No threshold crossed; recheck and ask for a weekly reading.
Rule default: recheck_7_days.
Medicine taken at the last three contacts: yes, yes, yes.
Days since last contact: 0.
CHW notes:
""Home visit, no complaints.""
""Home visit, no complaints.""",recheck_7_days,none,,,[],recheck_7_days,0,6.0,131,-4.0,0.23,0,0,0,0,0,0,0,0
1701,90,2026-06-16,chw,"Flag borderline: Borderline: the readings crossed the goal 140/90 3 times in the last 6 readings: 133/84, 135/91, 136/93, 132/82, 131/89, 135/91. No threshold crossed; recheck and ask for a weekly reading.
Rule default: recheck_7_days.
Medicine taken at the last three contacts: yes, yes, yes.
Days since last contact: 0.
CHW notes:
""Home visit, no complaints.""
""Mgonjwa yuko sawa, anakunywa dawa.""",recheck_7_days,none,,,[],recheck_7_days,0,6.0,135,0.0,-0.17,0,0,0,0,0,0,0,0
1702,90,2026-07-08,chw,"Flag borderline: Borderline: the readings crossed the goal 140/90 3 times in the last 6 readings: 135/91, 136/93, 132/82, 131/89, 135/91, 130/87. No threshold crossed; recheck and ask for a weekly reading.
Rule default: recheck_7_days.
Medicine taken at the last three contacts: yes, yes, yes.
Days since last contact: 0.
CHW notes:
""Mgonjwa yuko sawa, anakunywa dawa.""
""Mgonjwa yuko sawa, anakunywa dawa.""",recheck_7_days,none,,,[],recheck_7_days,0,6.0,130,-5.0,-0.83,0,0,0,0,0,0,0,0
1691,90,2026-07-13,clinic,"Flag borderline: Borderline: the readings crossed the goal 140/90 4 times in the last 6 readings: 136/93, 132/82, 131/89, 135/91, 130/87, 142/99. No threshold crossed; recheck and ask for a weekly reading.
Rule default: recheck_7_days.
Medicine taken at the last three contacts: yes, yes, yes.
Days since last contact: 0.
CHW notes:
""Mgonjwa yuko sawa, anakunywa dawa.""",recheck_7_days,up,note,missed_meds (generator note or message): Renouvellement du traitement,[],visit_this_week,0,7.0,142,7.0,0.8,0,0,0,0,0,0,0,0
